Numéro de produit,Numéro de fournisseur,Numéro de commande,Date de la réception,Quantité,Sous-total (sans les taxes),Montant de taxe fédérale,Montant de taxe provinciale,Prix coûtant régulier ou prix de détail sugg.,Escompte - Montant fixe,Escompte - Pourcentage,Prix coûtant,Numéro de client (facturé),Numéro de client (livré à),Numéro séquentiel de la commande client,Numéro de G/L - Achats,Code d'activité,Numéro de projet,Référence fichier Trans.dbf,Devise étrangère,Achat facturé (T/F),Code unique d identification,Niveau de taxe provinciale (1-21),ACPYBBIL
,PLOMB-MTCA,0000015,2020/02/12,0.000,368.0000,18.4000,36.7080,368.0000,0.000000,0.0000,368.0000,CIUSSS-ADM,,,33500,15401,0000020002,,,TRUE,C0LWNIQYU,1,046746
,ISOL-FLAMC,0000016,2020/02/18,0.000,182.4500,9.1225,18.1994,182.4500,0.000000,0.0000,182.4500,CIUSSS-ADM,,,33500,07000,0000020002,,,TRUE,JXTQ1CSV8,1,046745
,MULTIFORME,0000014,2020/02/24,0.000,15000.0000,750.0000,1496.2500,15000.0000,0.000000,0.0000,15000.0000,CIUSSS-ADM,,,33500,08000,0000020002,X000000017,,FALSE,ISEJ543NC,1,
,QUINC-PORT,0000013,2020/02/27,0.000,2192.0000,109.6000,218.6520,2192.0000,0.000000,0.0000,2192.0000,CIUSSS-ADM,,,33200,08000,0000020002,,,TRUE,89GP9BG0I,1,046767
,VITR-CLETE,0000082,2020/02/28,0.000,-798.0000,-39.9000,-79.6005,-798.0000,0.000000,0.0000,-798.0000,PARCS-CANA,,,33500,08500,0000019032,,,TRUE,32VAD50VU,1,046888
....................3,VITR-CLETE,0000082,2020/02/28,1.000,0.0000,0.0000,0.0000,0.0000,0.000000,0.0000,0.0000,PARCS-CANA,,,33200,,0000019032,,,TRUE,32VAD50VU,1,046888
....................4,VITR-CLETE,0000082,2020/02/28,1.000,0.0000,0.0000,0.0000,0.0000,0.000000,0.0000,0.0000,PARCS-CANA,,,33200,,0000019032,,,TRUE,32VAD50VU,1,046888
,PERI-TECH-,0000054,2020/03/02,0.000,225.0000,11.2500,22.4438,225.0000,0.000000,0.0000,225.0000,CIUSSS-ADM,,,33500,13930,0000019030,,,TRUE,D52LCQHH2,1,046834
,PERI-TECH-,0000008,2020/03/04,0.000,2284.0000,114.2000,227.8290,2284.0000,0.000000,0.0000,2284.0000,CIUSSS-ADM,,,33500,13910,0000020002,,,TRUE,GHLAFM5EO,1,046835
,F-DAIGLE--,0000068,2020/03/06,0.000,573.6500,28.6825,57.2216,573.6500,0.000000,0.0000,573.6500,SIX-PINTS-,,,33200,08110,0000020005,,,TRUE,6SH3LMRDC,1,046856
....................3,BEAVERBROU,0000065,2020/03/06,1.000,0.0000,0.0000,0.0000,0.0000,0.000000,0.0000,0.0000,PETITS-FRE,,,33200,,0000019049,,,TRUE,7UQCBUT43,1,******
....................4,BEAVERBROU,0000065,2020/03/06,1.000,0.0000,0.0000,0.0000,0.0000,0.000000,0.0000,0.0000,PETITS-FRE,,,33200,,0000019049,,,TRUE,7UQCBUT43,1,******
....................5,BEAVERBROU,0000065,2020/03/06,1.000,355.0000,17.7500,35.4113,355.0000,0.000000,0.0000,355.0000,PETITS-FRE,,,33500,,0000019049,,,TRUE,7UQCBUT43,1,******
,VAL-MAURIC,0000064,2020/03/09,0.000,967.5500,48.3775,96.5131,967.5500,0.000000,0.0000,967.5500,PETITS-FRE,,,33500,16000,0000019049,,,TRUE,R18V3RSZ0,1,046958
....................3,VAL-MAURIC,0000064,2020/03/09,1.000,0.0000,0.0000,0.0000,0.0000,0.000000,0.0000,0.0000,PETITS-FRE,,,33200,,0000019049,,,TRUE,R18V3RSZ0,1,046958
....................4,VAL-MAURIC,0000064,2020/03/09,1.000,0.0000,0.0000,0.0000,0.0000,0.000000,0.0000,0.0000,PETITS-FRE,,,33200,,0000019049,,,TRUE,R18V3RSZ0,1,046958
,INST-D-L--,0000067,2020/03/11,0.000,5120.0000,256.0000,510.7200,5120.0000,0.000000,0.0000,5120.0000,COOP-STE-T,,,33500,08000,0000019034,,,TRUE,RNY9FOU9O,1,046960
....................3,INST-D-L--,0000067,2020/03/11,1.000,0.0000,0.0000,0.0000,0.0000,0.000000,0.0000,0.0000,COOP-STE-T,,,33200,,0000019034,,,TRUE,RNY9FOU9O,1,046960
....................4,INST-D-L--,0000067,2020/03/11,1.000,0.0000,0.0000,0.0000,0.0000,0.000000,0.0000,0.0000,COOP-STE-T,,,33200,,0000019034,,,TRUE,RNY9FOU9O,1,046960
,VIS-MAURIC,0000106,2020/03/12,0.000,540.0000,27.0000,53.8650,540.0000,0.000000,0.0000,540.0000,SIX-PINTS-,,,33200,06100,0000020005,,,TRUE,J8Q1OLZOF,1,046962
,F-DAIGLE--,0000075,2020/03/16,0.000,175.0000,8.7500,17.4563,175.0000,0.000000,0.0000,175.0000,9374-4415-,,,33200,08000,0000020007,,,TRUE,DWJ5SOFLC,1,******
,PORTOMATIC,0000023,2020/03/16,0.000,2645.0000,132.2500,263.8388,2645.0000,0.000000,0.0000,2645.0000,,,,33500,08710,0000020007,,,TRUE,LHTUKPW5L,1,046957
,PORTES-RO-,0000062,2020/03/16,0.000,3398.3000,169.9150,338.9804,3398.3000,0.000000,0.0000,3398.3000,SIX-PINTS-,,,33200,08100,0000020005,,,TRUE,A8JUT716K,1,046963
....................3,PORTES-RO-,0000062,2020/03/16,1.000,0.0000,0.0000,0.0000,0.0000,0.000000,0.0000,0.0000,SIX-PINTS-,,,33200,,0000020005,,,TRUE,A8JUT716K,1,046963
....................4,PORTES-RO-,0000062,2020/03/16,1.000,0.0000,0.0000,0.0000,0.0000,0.000000,0.0000,0.0000,SIX-PINTS-,,,33200,,0000020005,,,TRUE,A8JUT716K,1,046963
,F-DAIGLE--,0000075,2020/03/17,0.000,500.7000,25.0350,49.9448,500.7000,0.000000,0.0000,500.7000,9374-4415-,,,33200,08000,0000020007,,,TRUE,XH3XBKEAX,1,******
....................3,F-DAIGLE--,0000068,2020/03/17,1.000,0.0000,0.0000,0.0000,0.0000,0.000000,0.0000,0.0000,SIX-PINTS-,,,33200,,0000020005,,,FALSE,OAHYQ76IM,1,046856
....................3,F-DAIGLE--,0000075,2020/03/17,1.000,0.0000,0.0000,0.0000,0.0000,0.000000,0.0000,0.0000,9374-4415-,,,33200,,0000020007,,,TRUE,XH3XBKEAX,1,******
....................4,F-DAIGLE--,0000068,2020/03/17,1.000,0.0000,0.0000,0.0000,0.0000,0.000000,0.0000,0.0000,SIX-PINTS-,,,33200,,0000020005,,,FALSE,PBC0Z5OSK,1,046856
....................4,F-DAIGLE--,0000075,2020/03/17,1.000,0.0000,0.0000,0.0000,0.0000,0.000000,0.0000,0.0000,9374-4415-,,,33200,,0000020007,,,TRUE,XH3XBKEAX,1,******
,PEINT-DUPO,0000077,2020/03/18,0.000,2269.0000,113.4500,226.3328,2269.0000,0.000000,0.0000,2269.0000,9374-4415-,,,33500,09910,0000020007,,,TRUE,2BKGEKPRD,1,046951
,MAXI-FORET,0000111,2020/03/18,0.000,527.2200,26.3610,52.5902,527.2200,0.000000,0.0000,527.2200,PARCS-CANA,,,33200,07460,0000019032,,,TRUE,Y6O9885E2,1,046961
....................3,PEINT-DUPO,0000077,2020/03/18,1.000,0.0000,0.0000,0.0000,0.0000,0.000000,0.0000,0.0000,9374-4415-,,,33200,,0000020007,,,TRUE,2BKGEKPRD,1,046951
....................3,MAXI-FORET,0000111,2020/03/18,1.000,0.0000,0.0000,0.0000,0.0000,0.000000,0.0000,0.0000,PARCS-CANA,,,33200,,0000019032,,,TRUE,Y6O9885E2,1,046961
....................4,PEINT-DUPO,0000077,2020/03/18,1.000,0.0000,0.0000,0.0000,0.0000,0.000000,0.0000,0.0000,9374-4415-,,,33200,,0000020007,,,TRUE,2BKGEKPRD,1,046951
....................4,MAXI-FORET,0000111,2020/03/18,1.000,0.0000,0.0000,0.0000,0.0000,0.000000,0.0000,0.0000,PARCS-CANA,,,33200,,0000019032,,,TRUE,Y6O9885E2,1,046961
,F-DAIGLE--,0000075,2020/03/19,0.000,374.3000,18.7150,37.3364,374.3000,0.000000,0.0000,374.3000,9374-4415-,,,33200,08000,0000020007,,,TRUE,4AE9XWJ9M,1,******
,PLOMB-MTCA,0000031,2020/03/19,0.000,8950.0000,447.5000,892.7625,8950.0000,0.000000,0.0000,8950.0000,,,,33500,15401,0000020007,,,TRUE,9ZGFJT3Q4,1,046952
,PEINT-DUPO,0000009,2020/03/19,0.000,2564.0000,128.2000,255.7590,2564.0000,0.000000,0.0000,2564.0000,CIUSSS-ADM,,,33500,09910,0000020002,,,TRUE,CIH747VN6,1,047008
,PEINT-DUPO,0000009,2020/03/19,0.000,-295.0000,-14.7500,-29.4263,-295.0000,0.000000,0.0000,-295.0000,CIUSSS-ADM,,,33500,09910,0000020002,,,TRUE,CIH747VN6,1,047008
,PEINT-DUPO,0000009,2020/03/19,0.000,365.0000,18.2500,36.4088,365.0000,0.000000,0.0000,365.0000,CIUSSS-ADM,,,33500,09910,0000020002,,,TRUE,CIH747VN6,1,047008
,ENS-PROF--,0000025,2020/03/23,0.000,318.4000,15.9200,31.7604,318.4000,0.000000,0.0000,318.4000,,,,33200,09651,0000020007,,,TRUE,NDQM4R7BE,1,046954
,EBEN-C-TOU,0000022,2020/03/23,0.000,1823.0000,91.1500,181.8443,1823.0000,0.000000,0.0000,1823.0000,,,,33500,06400,0000020007,,,TRUE,8SSHU26OX,1,046955
,COUVRE-PLA,0000066,2020/03/23,0.000,4230.0000,211.5000,421.9425,4230.0000,0.000000,0.0000,4230.0000,PETITS-FRE,,,33500,09300,0000019049,,,TRUE,2XC1VZH63,1,047079
....................3,COUVRE-PLA,0000066,2020/03/23,1.000,0.0000,0.0000,0.0000,0.0000,0.000000,0.0000,0.0000,PETITS-FRE,,,33200,,0000019049,,,TRUE,2XC1VZH63,1,047079
....................4,COUVRE-PLA,0000066,2020/03/23,1.000,0.0000,0.0000,0.0000,0.0000,0.000000,0.0000,0.0000,PETITS-FRE,,,33200,,0000019049,,,TRUE,2XC1VZH63,1,047079
,PERI-TECH-,0000030,2020/03/24,0.000,2690.0000,134.5000,268.3275,2690.0000,0.000000,0.0000,2690.0000,,,,33500,13910,0000020007,,,TRUE,O69C9G407,1,046956
,REGULVAR--,0000057,2020/03/24,0.000,867.0600,43.3530,86.4892,867.0600,0.000000,0.0000,867.0600,CIUSSS-ADM,,,33500,13400,0000019030,X000000060,,FALSE,26NIFVLL3,1,
,VAL-MAURIC,0000029,2020/03/24,0.000,6800.0000,340.0000,678.3000,6800.0000,0.000000,0.0000,6800.0000,,,,33500,16000,0000020007,,,TRUE,EMI2WV3BV,1,047004
....................3,REGULVAR--,0000057,2020/03/24,1.000,0.0000,0.0000,0.0000,0.0000,0.000000,0.0000,0.0000,CIUSSS-ADM,,,33200,,0000019030,,,FALSE,26NIFVLL3,1,
,BEAVERBROU,0000065,2020/03/25,0.000,4054.0200,202.7010,404.3885,4054.0200,0.000000,0.0000,4054.0200,PETITS-FRE,,,33500,15401,0000019049,,,TRUE,S8C5FIMOB,1,******
,VAL-MAURIC,0000011,2020/03/25,0.000,7500.0000,375.0000,748.1250,7500.0000,0.000000,0.0000,7500.0000,CIUSSS-ADM,,,33500,16000,0000020002,,,TRUE,84SAI1IPB,1,047005
,REINE-COUV,0000024,2020/03/25,0.000,2497.8300,124.8915,249.1585,2497.8300,0.000000,0.0000,2497.8300,,,,33500,09310,0000020007,,,TRUE,OQD49JUTF,1,047006
,MULTI-ENER,0000021,2020/03/25,0.000,2695.0000,134.7500,268.8263,2695.0000,0.000000,0.0000,2695.0000,,,,33500,15001,0000020007,,,TRUE,BODIVOE72,1,047009
,MULTI-ENER,0000021,2020/03/25,0.000,629.0500,31.4525,62.7477,629.0500,0.000000,0.0000,629.0500,,,,33500,15001,0000020007,,,TRUE,BODIVOE72,1,047009
....................3,PLOMB-MTCA,0000109,2020/03/25,1.000,0.0000,0.0000,0.0000,0.0000,0.000000,0.0000,0.0000,SIX-PINTS-,,,33200,,0000020005,,,FALSE,XQ4CB76BX,1,
....................4,PLOMB-MTCA,0000109,2020/03/25,1.000,0.0000,0.0000,0.0000,0.0000,0.000000,0.0000,0.0000,SIX-PINTS-,,,33200,,0000020005,,,FALSE,XQ4CB76BX,1,
,PLOMB-MTCA,0000007,2020/04/17,0.000,3415.0000,170.7500,340.6463,3415.0000,0.000000,0.0000,3415.0000,CIUSSS-ADM,,,33500,15401,0000020002,,,TRUE,65V8UVO93,1,047095
,MAXI-FORET,0000113,2020/04/28,0.000,171.5200,8.5760,17.1091,171.5200,0.000000,0.0000,171.5200,PARCS-CANA,,,33200,07460,0000019032,,,TRUE,JWKBW8FNM,1,047134
....................3,MAXI-FORET,0000113,2020/04/28,1.000,0.0000,0.0000,0.0000,0.0000,0.000000,0.0000,0.0000,PARCS-CANA,,,33200,,0000019032,,,TRUE,JWKBW8FNM,1,047134
....................4,MAXI-FORET,0000113,2020/04/28,1.000,0.0000,0.0000,0.0000,0.0000,0.000000,0.0000,0.0000,PARCS-CANA,,,33200,,0000019032,,,TRUE,JWKBW8FNM,1,047134
,IC2-------,0000115,2020/05/01,0.000,42988.8000,2149.4400,4288.1328,42988.8000,0.000000,0.0000,42988.8000,CONSEIL-MA,,,33200,08900,0000020006,,,TRUE,XG7RWCF1Q,1,******
....................3,IC2-------,0000115,2020/05/01,1.000,0.0000,0.0000,0.0000,0.0000,0.000000,0.0000,0.0000,CONSEIL-MA,,,33200,,0000020006,,,TRUE,XG7RWCF1Q,1,******
....................4,IC2-------,0000115,2020/05/01,1.000,0.0000,0.0000,0.0000,0.0000,0.000000,0.0000,0.0000,CONSEIL-MA,,,33200,,0000020006,,,TRUE,XG7RWCF1Q,1,******
,MAXI-FORET,0000117,2020/05/07,0.000,272.7500,13.6375,27.2068,272.7500,0.000000,0.0000,272.7500,PARCS-CANA,,,33200,07460,0000019032,X000000123,,FALSE,84POU94Z4,1,
....................3,MAXI-FORET,0000117,2020/05/07,1.000,0.0000,0.0000,0.0000,0.0000,0.000000,0.0000,0.0000,PARCS-CANA,,,33200,,0000019032,,,FALSE,84POU94Z4,1,
....................4,MAXI-FORET,0000117,2020/05/07,1.000,0.0000,0.0000,0.0000,0.0000,0.000000,0.0000,0.0000,PARCS-CANA,,,33200,,0000019032,,,FALSE,84POU94Z4,1,
,G-DESCHENE,0000155,2020/05/15,0.000,4320.0000,216.0000,430.9200,4320.0000,0.000000,0.0000,4320.0000,COOP-STE-T,,,33500,06400,0000019034,,,TRUE,PMY3XZY5X,1,047276
....................3,G-DESCHENE,0000155,2020/05/15,1.000,0.0000,0.0000,0.0000,0.0000,0.000000,0.0000,0.0000,COOP-STE-T,,,33200,,0000019034,,,TRUE,PMY3XZY5X,1,047276
....................4,G-DESCHENE,0000155,2020/05/15,1.000,0.0000,0.0000,0.0000,0.0000,0.000000,0.0000,0.0000,COOP-STE-T,,,33200,,0000019034,,,TRUE,PMY3XZY5X,1,047276
,BEAVERBROU,0000065,2020/05/18,0.000,1476.9800,73.8490,147.3288,1476.9800,0.000000,0.0000,1476.9800,PETITS-FRE,,,33500,15401,0000019049,,,TRUE,0SHTDU3QE,1,******
,BEAVERBROU,0000065,2020/05/18,0.000,528.0200,26.4010,52.6700,528.0200,0.000000,0.0000,528.0200,PETITS-FRE,,,33500,15401,0000019049,,,TRUE,0SHTDU3QE,1,******
,BEAVERBROU,0000065,2020/05/18,0.000,300.0000,15.0000,29.9250,300.0000,0.000000,0.0000,300.0000,PETITS-FRE,,,33500,15401,0000019049,,,TRUE,0SHTDU3QE,1,******
,INTO------,0000069,2020/05/20,0.000,3000.0000,150.0000,299.2500,3000.0000,0.000000,0.0000,3000.0000,CIUSSS-ADM,,,33500,07330,0000020003,,,TRUE,MVYNN9D24,1,047437
....................3,INTO------,0000069,2020/05/20,1.000,0.0000,0.0000,0.0000,0.0000,0.000000,0.0000,0.0000,CIUSSS-ADM,,,33200,,0000020003,,,TRUE,MVYNN9D24,1,047437
....................4,INTO------,0000069,2020/05/20,1.000,0.0000,0.0000,0.0000,0.0000,0.000000,0.0000,0.0000,CIUSSS-ADM,,,33200,,0000020003,,,TRUE,MVYNN9D24,1,047437
,DISTRIBUTI,0000163,2020/05/21,0.000,656.7000,32.8350,65.5058,656.7000,0.000000,0.0000,656.7000,COOP-STE-T,,,33200,06400,0000019034,X000000170,,FALSE,0CX0PZ3SF,1,
....................3,DISTRIBUTI,0000163,2020/05/21,1.000,0.0000,0.0000,0.0000,0.0000,0.000000,0.0000,0.0000,COOP-STE-T,,,33200,,0000019034,,,FALSE,0CX0PZ3SF,1,
....................4,DISTRIBUTI,0000163,2020/05/21,1.000,0.0000,0.0000,0.0000,0.0000,0.000000,0.0000,0.0000,COOP-STE-T,,,33200,,0000019034,,,FALSE,0CX0PZ3SF,1,
,L-N-BEAUDO,0000128,2020/05/26,0.000,4475.0000,223.7500,446.3813,4475.0000,0.000000,0.0000,4475.0000,CIUSSS-MCQ,,,33500,04000,0000020010,,,TRUE,7JFHJJJZ7,1,047277
....................3,L-N-BEAUDO,0000128,2020/05/26,1.000,0.0000,0.0000,0.0000,0.0000,0.000000,0.0000,0.0000,CIUSSS-MCQ,,,33200,,0000020010,,,TRUE,7JFHJJJZ7,1,047277
....................4,L-N-BEAUDO,0000128,2020/05/26,1.000,0.0000,0.0000,0.0000,0.0000,0.000000,0.0000,0.0000,CIUSSS-MCQ,,,33200,,0000020010,,,TRUE,7JFHJJJZ7,1,047277
,GROUPE-SAN,0000027,2020/05/29,0.000,575.1000,28.7550,57.3662,575.1000,0.000000,0.0000,575.1000,,,,33200,10810,0000020007,,,TRUE,I38H2UIL3,1,******
,GROUPE-SAN,0000028,2020/05/29,0.000,560.0000,28.0000,55.8600,560.0000,0.000000,0.0000,560.0000,,,,33200,10810,0000020007,,,TRUE,R6TD6SKFW,1,047355
,GROUPE-SAN,0000028,2020/05/29,0.000,178.0000,8.9000,17.7555,178.0000,0.000000,0.0000,178.0000,,,,33200,10810,0000020007,,,TRUE,R6TD6SKFW,1,047355
,GROUPE-SAN,0000027,2020/06/01,0.000,74.9000,3.7450,7.4713,74.9000,0.000000,0.0000,74.9000,,,,33200,10810,0000020007,,,TRUE,IY7617III,1,******
,VAL-MAURIC,0000165,2020/06/02,0.000,4850.0000,242.5000,483.7875,4850.0000,0.000000,0.0000,4850.0000,PLACEMENT-,,,33500,16000,0000020012,,,TRUE,IO2BQ8SU9,1,******
....................3,VAL-MAURIC,0000165,2020/06/02,1.000,0.0000,0.0000,0.0000,0.0000,0.000000,0.0000,0.0000,PLACEMENT-,,,33200,,0000020012,,,TRUE,IO2BQ8SU9,1,******
....................4,VAL-MAURIC,0000165,2020/06/02,1.000,0.0000,0.0000,0.0000,0.0000,0.000000,0.0000,0.0000,PLACEMENT-,,,33200,,0000020012,,,TRUE,IO2BQ8SU9,1,******
,LOC-ST-TIT,0000166,2020/06/04,0.000,315.2500,15.7625,31.4462,315.2500,0.000000,0.0000,315.2500,CIUSSS-ADM,,,33200,00400,0000019051,,,TRUE,ZJRW74PCS,1,047352
,COF-SANSCH,0000130,2020/06/05,0.000,9350.0000,467.5000,932.6625,9350.0000,0.000000,0.0000,9350.0000,CIUSSS-MCQ,,,33200,03300,0000020010,,,TRUE,BJJK6A3H6,1,047568
....................3,COF-SANSCH,0000130,2020/06/05,1.000,0.0000,0.0000,0.0000,0.0000,0.000000,0.0000,0.0000,CIUSSS-MCQ,,,33200,,0000020010,,,TRUE,BJJK6A3H6,1,047568
....................4,COF-SANSCH,0000130,2020/06/05,1.000,0.0000,0.0000,0.0000,0.0000,0.000000,0.0000,0.0000,CIUSSS-MCQ,,,33200,,0000020010,,,TRUE,BJJK6A3H6,1,047568
,F-DAIGLE--,0000184,2020/06/10,0.000,1787.5000,89.3750,178.3031,1787.5000,0.000000,0.0000,1787.5000,COOP-STE-T,,,33200,06100,0000019034,,,TRUE,GWPANC7T6,1,047512
,IC2-------,0000115,2020/06/12,0.000,3560.0000,178.0000,355.1100,3560.0000,0.000000,0.0000,3560.0000,CONSEIL-MA,,,33200,08900,0000020006,,,TRUE,2M7WA30T7,1,******
,ARBOIT----,0000169,2020/06/12,0.000,8513.7000,425.6850,849.2416,8513.7000,0.000000,0.0000,8513.7000,CONSEIL-MA,,,33500,03100,0000020006,X000000176,,FALSE,CZ7YF824I,1,******
....................3,ARBOIT----,0000169,2020/06/12,1.000,0.0000,0.0000,0.0000,0.0000,0.000000,0.0000,0.0000,CONSEIL-MA,,,33200,,0000020006,,,FALSE,CZ7YF824I,1,******
....................4,ARBOIT----,0000169,2020/06/12,1.000,0.0000,0.0000,0.0000,0.0000,0.000000,0.0000,0.0000,CONSEIL-MA,,,33200,,0000020006,,,FALSE,CZ7YF824I,1,******
,L-N-BEAUDO,0000189,2020/06/15,0.000,6000.0000,300.0000,598.5000,6000.0000,0.000000,0.0000,6000.0000,PLACEMENT-,,,33500,08000,0000020012,,,TRUE,81WR5XEH3,1,047513
....................3,L-N-BEAUDO,0000189,2020/06/15,1.000,0.0000,0.0000,0.0000,0.0000,0.000000,0.0000,0.0000,PLACEMENT-,,,33200,,0000020012,,,TRUE,81WR5XEH3,1,047513
....................4,L-N-BEAUDO,0000189,2020/06/15,1.000,0.0000,0.0000,0.0000,0.0000,0.000000,0.0000,0.0000,PLACEMENT-,,,33200,,0000020012,,,TRUE,81WR5XEH3,1,047513
,F-DAIGLE--,0000185,2020/06/22,0.000,1877.0000,93.8500,187.2308,1877.0000,0.000000,0.0000,1877.0000,PLACEMENT-,,,33200,08000,0000020012,,,TRUE,XYUT0PRMB,1,047536
,ARBOIT----,0000169,2020/06/22,0.000,12671.1000,633.5550,1263.9422,12671.1000,0.000000,0.0000,12671.1000,CONSEIL-MA,,,33500,03100,0000020006,,,TRUE,LMRLIBCIF,1,******
,MORAND-EXC,0000127,2020/06/22,0.000,10250.0000,512.5000,1022.4375,10250.0000,0.000000,0.0000,10250.0000,CIUSSS-MCQ,,,33500,02800,0000020010,,,TRUE,9R8Q4KCQZ,1,******
....................3,F-DAIGLE--,0000185,2020/06/22,1.000,0.0000,0.0000,0.0000,0.0000,0.000000,0.0000,0.0000,PLACEMENT-,,,33200,,0000020012,,,TRUE,XYUT0PRMB,1,047536
....................3,MORAND-EXC,0000127,2020/06/22,1.000,0.0000,0.0000,0.0000,0.0000,0.000000,0.0000,0.0000,CIUSSS-MCQ,,,33200,,0000020010,,,TRUE,9R8Q4KCQZ,1,******
....................4,F-DAIGLE--,0000185,2020/06/22,1.000,0.0000,0.0000,0.0000,0.0000,0.000000,0.0000,0.0000,PLACEMENT-,,,33200,,0000020012,,,TRUE,XYUT0PRMB,1,047536
....................4,MORAND-EXC,0000127,2020/06/22,1.000,0.0000,0.0000,0.0000,0.0000,0.000000,0.0000,0.0000,CIUSSS-MCQ,,,33200,,0000020010,,,TRUE,9R8Q4KCQZ,1,******
,JEAN-CARON,0000134,2020/06/25,0.000,4503.6000,225.1800,449.2341,4503.6000,0.000000,0.0000,4503.6000,CIUSSS-MCQ,,,33500,16000,0000020010,,,TRUE,KNRQPTXTG,1,******
,SYS-MAURIC,0000164,2020/06/25,0.000,26235.0000,1311.7500,2616.9413,26235.0000,0.000000,0.0000,26235.0000,PLACEMENT-,,,33500,09200,0000020012,,,TRUE,S2TXSYJFY,1,******
....................3,JEAN-CARON,0000134,2020/06/25,1.000,0.0000,0.0000,0.0000,0.0000,0.000000,0.0000,0.0000,CIUSSS-MCQ,,,33200,,0000020010,,,TRUE,KNRQPTXTG,1,******
....................3,SYS-MAURIC,0000164,2020/06/25,1.000,0.0000,0.0000,0.0000,0.0000,0.000000,0.0000,0.0000,PLACEMENT-,,,33200,,0000020012,,,TRUE,S2TXSYJFY,1,******
....................4,JEAN-CARON,0000134,2020/06/25,1.000,0.0000,0.0000,0.0000,0.0000,0.000000,0.0000,0.0000,CIUSSS-MCQ,,,33200,,0000020010,,,TRUE,KNRQPTXTG,1,******
....................4,SYS-MAURIC,0000164,2020/06/25,1.000,0.0000,0.0000,0.0000,0.0000,0.000000,0.0000,0.0000,PLACEMENT-,,,33200,,0000020012,,,TRUE,S2TXSYJFY,1,******
,CAMBREK---,0000192,2020/06/26,0.000,5469.0000,273.4500,545.5328,5469.0000,0.000000,0.0000,5469.0000,UNIVER-T-R,,,33500,02800,0000019047,,,TRUE,VR8PQ7JG2,1,047620
,CHARTRAY-R,0000160,2020/06/26,0.000,13819.3500,690.9675,1378.4802,13819.3500,0.000000,0.0000,13819.3500,FIQ-------,,,33500,15000,0000020012,,,TRUE,T22W22A3H,1,******
....................3,CAMBREK---,0000192,2020/06/26,1.000,0.0000,0.0000,0.0000,0.0000,0.000000,0.0000,0.0000,UNIVER-T-R,,,33200,,0000019047,,,TRUE,VR8PQ7JG2,1,047620
....................3,CHARTRAY-R,0000160,2020/06/26,1.000,0.0000,0.0000,0.0000,0.0000,0.000000,0.0000,0.0000,FIQ-------,,,33200,,0000020012,,,TRUE,T22W22A3H,1,******
....................4,CAMBREK---,0000192,2020/06/26,1.000,0.0000,0.0000,0.0000,0.0000,0.000000,0.0000,0.0000,UNIVER-T-R,,,33200,,0000019047,,,TRUE,VR8PQ7JG2,1,047620
....................4,CHARTRAY-R,0000160,2020/06/26,1.000,0.0000,0.0000,0.0000,0.0000,0.000000,0.0000,0.0000,FIQ-------,,,33200,,0000020012,,,TRUE,T22W22A3H,1,******
,ARBOIT----,0000169,2020/06/29,0.000,9096.7500,454.8375,907.4008,9096.7500,0.000000,0.0000,9096.7500,CONSEIL-MA,,,33500,03100,0000020006,,,TRUE,66XP3RO46,1,******
....................3,F-DAIGLE--,0000218,2020/06/29,1.000,0.0000,0.0000,0.0000,0.0000,0.000000,0.0000,0.0000,PLACEMENT-,,,33200,,0000020012,,,TRUE,F3U010S77,1,047623
....................4,F-DAIGLE--,0000218,2020/06/29,1.000,30.0000,1.5000,2.9925,30.0000,0.000000,0.0000,30.0000,PLACEMENT-,,,33200,,0000020012,,,TRUE,F3U010S77,1,047623
................00400,F-DAIGLE--,0000218,2020/06/29,34.000,510.0000,25.5000,50.8725,15.0000,0.000000,0.0000,15.0000,PLACEMENT-,,,33200,,0000020012,,,TRUE,F3U010S77,1,047623
,ACIER-ATR-,0000131,2020/06/30,0.000,11700.0000,585.0000,1167.0750,11700.0000,0.000000,0.0000,11700.0000,CIUSSS-MCQ,,,33200,03300,0000020010,,,TRUE,ETTY70EJT,1,047613
,JEAN-SIMAR,0000124,2020/06/30,0.000,49005.0000,2450.2500,4888.2488,49005.0000,0.000000,0.0000,49005.0000,CIUSSS-MCQ,,,33500,05120,0000020010,,,TRUE,FBKN2ZTPU,1,******
,ACIER-ATR-,0000101,2020/06/30,0.000,36000.0000,1800.0000,3591.0000,36000.0000,0.000000,0.0000,36000.0000,CONSEIL-MA,,,33500,03100,0000020006,,,TRUE,8HB53XAIR,1,******
,ENT-MAXIME,0000151,2020/06/30,0.000,96303.4400,4815.1720,9606.2681,96303.4400,0.000000,0.0000,96303.4400,CONSEIL-MA,,,33200,02315,0000020006,,,TRUE,19U3HFZAE,1,******
,METAL-LAMI,0000208,2020/06/30,0.000,278.2900,13.9145,27.7594,278.2900,0.000000,0.0000,278.2900,C-S-CH-ROY,,,33200,07460,0000020013,,,TRUE,B1II44LC2,1,047625
,METAL-LAMI,0000208,2020/06/30,0.000,48.0000,2.4000,4.7880,48.0000,0.000000,0.0000,48.0000,C-S-CH-ROY,,,33200,07460,0000020013,,,TRUE,B1II44LC2,1,047625
....................3,ACIER-ATR-,0000131,2020/06/30,1.000,0.0000,0.0000,0.0000,0.0000,0.000000,0.0000,0.0000,CIUSSS-MCQ,,,33200,,0000020010,,,TRUE,ETTY70EJT,1,047613
....................3,JEAN-SIMAR,0000124,2020/06/30,1.000,0.0000,0.0000,0.0000,0.0000,0.000000,0.0000,0.0000,CIUSSS-MCQ,,,33200,,0000020010,,,TRUE,FBKN2ZTPU,1,******
....................3,ACIER-ATR-,0000101,2020/06/30,1.000,0.0000,0.0000,0.0000,0.0000,0.000000,0.0000,0.0000,CONSEIL-MA,,,33200,,0000020006,,,TRUE,8HB53XAIR,1,******
....................3,ENT-MAXIME,0000151,2020/06/30,1.000,0.0000,0.0000,0.0000,0.0000,0.000000,0.0000,0.0000,CONSEIL-MA,,,33200,,0000020006,,,TRUE,19U3HFZAE,1,******
....................3,METAL-LAMI,0000208,2020/06/30,1.000,35.0000,1.7500,3.4913,35.0000,0.000000,0.0000,35.0000,C-S-CH-ROY,,,33200,,0000020013,,,TRUE,B1II44LC2,1,047625
....................4,ACIER-ATR-,0000131,2020/06/30,1.000,0.0000,0.0000,0.0000,0.0000,0.000000,0.0000,0.0000,CIUSSS-MCQ,,,33200,,0000020010,,,TRUE,ETTY70EJT,1,047613
....................4,JEAN-SIMAR,0000124,2020/06/30,1.000,0.0000,0.0000,0.0000,0.0000,0.000000,0.0000,0.0000,CIUSSS-MCQ,,,33200,,0000020010,,,TRUE,FBKN2ZTPU,1,******
....................4,ACIER-ATR-,0000101,2020/06/30,1.000,0.0000,0.0000,0.0000,0.0000,0.000000,0.0000,0.0000,CONSEIL-MA,,,33200,,0000020006,,,TRUE,8HB53XAIR,1,******
....................4,ENT-MAXIME,0000151,2020/06/30,1.000,0.0000,0.0000,0.0000,0.0000,0.000000,0.0000,0.0000,CONSEIL-MA,,,33200,,0000020006,,,TRUE,19U3HFZAE,1,******
....................4,METAL-LAMI,0000208,2020/06/30,1.000,0.0000,0.0000,0.0000,0.0000,0.000000,0.0000,0.0000,C-S-CH-ROY,,,33200,,0000020013,,,TRUE,B1II44LC2,1,047625
....................3,ECHAF-PLUS,0000239,2020/07/01,1.000,0.0000,0.0000,0.0000,0.0000,0.000000,0.0000,0.0000,CIUSSS-MCQ,,,33200,,0000020010,,,FALSE,HRQM08APN,1,
....................4,ECHAF-PLUS,0000239,2020/07/01,1.000,0.0000,0.0000,0.0000,0.0000,0.000000,0.0000,0.0000,CIUSSS-MCQ,,,33200,,0000020010,,,FALSE,HRQM08APN,1,
,ARBOIT----,0000169,2020/07/02,0.000,6093.7500,304.6875,607.8516,6093.7500,0.000000,0.0000,6093.7500,CONSEIL-MA,,,33500,03100,0000020006,,,TRUE,825PXXZX6,1,******
....................3,TERMIC----,0000237,2020/07/02,1.000,0.0000,0.0000,0.0000,0.0000,0.000000,0.0000,0.0000,COOP-STE-T,,,33200,,0000019034,,,FALSE,NBZA93SUO,1,
....................4,TERMIC----,0000237,2020/07/02,1.000,0.0000,0.0000,0.0000,0.0000,0.000000,0.0000,0.0000,COOP-STE-T,,,33200,,0000019034,,,FALSE,NBZA93SUO,1,
,MEI-SCIAGE,0000214,2020/07/03,0.000,2125.0000,106.2500,211.9688,2125.0000,0.000000,0.0000,2125.0000,SIX-PINTS-,,,33500,03000,0000020020,,,TRUE,KUC5Z6M5P,1,047978
,MEI-SCIAGE,0000214,2020/07/03,0.000,1130.0000,56.5000,112.7175,1130.0000,0.000000,0.0000,1130.0000,SIX-PINTS-,,,33500,03000,0000020020,,,TRUE,KUC5Z6M5P,1,047978
,MEI-SCIAGE,0000214,2020/07/03,0.000,1837.5000,91.8750,183.2906,1837.5000,0.000000,0.0000,1837.5000,SIX-PINTS-,,,33500,03000,0000020020,,,TRUE,KUC5Z6M5P,1,047978
,ROGER-BELL,0000236,2020/07/06,0.000,1000.0000,50.0000,99.7500,1000.0000,0.000000,0.0000,1000.0000,PLACEMENT-,,,33500,07330,0000020012,,,TRUE,8M0PR0HUU,1,047624
....................3,ROGER-BELL,0000236,2020/07/06,1.000,0.0000,0.0000,0.0000,0.0000,0.000000,0.0000,0.0000,PLACEMENT-,,,33200,,0000020012,,,TRUE,8M0PR0HUU,1,047624
....................4,ROGER-BELL,0000236,2020/07/06,1.000,0.0000,0.0000,0.0000,0.0000,0.000000,0.0000,0.0000,PLACEMENT-,,,33200,,0000020012,,,TRUE,8M0PR0HUU,1,047624
....................3,POMPAGE-BC,0000241,2020/07/07,1.000,0.0000,0.0000,0.0000,0.0000,0.000000,0.0000,0.0000,CIUSSS-MCQ,,,33200,,0000020010,,,FALSE,AHD7FIM8H,1,
....................4,POMPAGE-BC,0000241,2020/07/07,1.000,0.0000,0.0000,0.0000,0.0000,0.000000,0.0000,0.0000,CIUSSS-MCQ,,,33200,,0000020010,,,FALSE,AHD7FIM8H,1,
,ELECT-LAUR,0000243,2020/07/08,0.000,990.9900,49.5495,98.8513,990.9900,0.000000,0.0000,990.9900,CONSEIL-MA,,,33500,16000,0000020006,,,TRUE,3A90FVKJ9,1,
....................3,ELECT-LAUR,0000243,2020/07/08,1.000,0.0000,0.0000,0.0000,0.0000,0.000000,0.0000,0.0000,CONSEIL-MA,,,33200,,0000020006,,,TRUE,3A90FVKJ9,1,
....................4,ELECT-LAUR,0000243,2020/07/08,1.000,0.0000,0.0000,0.0000,0.0000,0.000000,0.0000,0.0000,CONSEIL-MA,,,33200,,0000020006,,,TRUE,3A90FVKJ9,1,
,ARBOIT----,0000169,2020/07/09,0.000,2837.2500,141.8625,283.0157,2837.2500,0.000000,0.0000,2837.2500,CONSEIL-MA,,,33500,03100,0000020006,,,TRUE,B1U87K1D6,1,******
,CHARTRAY-R,0000160,2020/07/13,0.000,9774.8900,488.7445,975.0453,9774.8900,0.000000,0.0000,9774.8900,FIQ-------,,,33500,15000,0000020012,,,TRUE,F9K62A9A6,1,******
,PEINT-DUPO,0000186,2020/07/13,0.000,3400.0000,170.0000,339.1500,3400.0000,0.000000,0.0000,3400.0000,PLACEMENT-,,,33500,09900,0000020012,,,TRUE,8USKKHP0V,1,048011
....................3,PEINT-DUPO,0000186,2020/07/13,1.000,0.0000,0.0000,0.0000,0.0000,0.000000,0.0000,0.0000,PLACEMENT-,,,33200,,0000020012,,,TRUE,8USKKHP0V,1,048011
....................4,PEINT-DUPO,0000186,2020/07/13,1.000,0.0000,0.0000,0.0000,0.0000,0.000000,0.0000,0.0000,PLACEMENT-,,,33200,,0000020012,,,TRUE,8USKKHP0V,1,048011
,ACIER-RAY-,0000210,2020/07/14,0.000,1435.0000,71.7500,143.1413,1435.0000,0.000000,0.0000,1435.0000,CONSEIL-MA,,,33200,03100,0000020006,X000000217,,FALSE,V2JNAK5JF,1,
,PROT-PAQUI,0000084,2020/07/15,0.000,937.0400,46.8520,93.4697,937.0400,0.000000,0.0000,937.0400,CIUSSS-ADM,,,33500,13930,0000020003,,,TRUE,RZNBR4ZBU,1,******
,SYS-MAURIC,0000164,2020/07/15,0.000,6940.0000,347.0000,692.2650,6940.0000,0.000000,0.0000,6940.0000,PLACEMENT-,,,33500,09200,0000020012,,,TRUE,SXCTQ8PH6,1,******
,VAL-MAURIC,0000165,2020/07/15,0.000,6500.0000,325.0000,648.3750,6500.0000,0.000000,0.0000,6500.0000,PLACEMENT-,,,33500,16000,0000020012,,,TRUE,RFJQW1UGU,1,******
,CONST-RIVA,0000126,2020/07/15,0.000,6872.3000,343.6150,685.5119,6872.3000,0.000000,0.0000,6872.3000,CIUSSS-MCQ,,,33500,09000,0000020010,,,TRUE,U7GUS75Q0,1,******
,CONST-RIVA,0000126,2020/07/15,0.000,6872.3000,343.6150,685.5119,6872.3000,0.000000,0.0000,6872.3000,CIUSSS-MCQ,,,33500,09000,0000020010,,,TRUE,VM76D66CP,1,******
,PROT-PAQUI,0000084,2020/07/16,0.000,937.0400,46.8520,93.4697,937.0400,0.000000,0.0000,937.0400,CIUSSS-ADM,,,33500,13930,0000020003,X000000087,,FALSE,LWHK05ELX,1,******
,STONEHARD-,0000173,2020/07/16,0.000,15600.0000,780.0000,1556.1000,15600.0000,0.000000,0.0000,15600.0000,SIX-PINTS-,,,33500,09300,0000020020,,,TRUE,I74D2JUIS,1,******
,SYST-INTER,0000177,2020/07/16,0.000,15400.0000,770.0000,1536.1500,15400.0000,0.000000,0.0000,15400.0000,COMM-SCOL.,,,33500,09510,0000020018,,,TRUE,8XHM6XTCY,1,047905
,SYST-INTER,0000177,2020/07/16,0.000,-925.0000,-46.2500,-92.2688,-925.0000,0.000000,0.0000,-925.0000,COMM-SCOL.,,,33500,09510,0000020018,,,TRUE,8XHM6XTCY,1,047905
,FRANCO----,0000176,2020/07/16,0.000,11000.0000,550.0000,1097.2500,11000.0000,0.000000,0.0000,11000.0000,COMM-SCOL.,,,33500,07200,0000020018,,,TRUE,OD8JOOHZ1,1,047907
,FRANCO----,0000176,2020/07/16,0.000,6580.0000,329.0000,656.3550,6580.0000,0.000000,0.0000,6580.0000,COMM-SCOL.,,,33500,07200,0000020018,,,TRUE,OD8JOOHZ1,1,047907
....................3,SYST-INTER,0000177,2020/07/16,1.000,0.0000,0.0000,0.0000,0.0000,0.000000,0.0000,0.0000,COMM-SCOL.,,,33200,,0000020018,,,TRUE,8XHM6XTCY,1,047905
....................3,FRANCO----,0000176,2020/07/16,1.000,0.0000,0.0000,0.0000,0.0000,0.000000,0.0000,0.0000,COMM-SCOL.,,,33200,,0000020018,,,TRUE,OD8JOOHZ1,1,047907
....................4,SYST-INTER,0000177,2020/07/16,1.000,0.0000,0.0000,0.0000,0.0000,0.000000,0.0000,0.0000,COMM-SCOL.,,,33200,,0000020018,,,TRUE,8XHM6XTCY,1,047905
....................4,FRANCO----,0000176,2020/07/16,1.000,0.0000,0.0000,0.0000,0.0000,0.000000,0.0000,0.0000,COMM-SCOL.,,,33200,,0000020018,,,TRUE,OD8JOOHZ1,1,047907
,ROGER-BELL,0000145,2020/07/17,0.000,8880.0000,444.0000,885.7800,8880.0000,0.000000,0.0000,8880.0000,CIUSSS-MCQ,,,33500,07330,0000020010,,,TRUE,0R15Z0JH1,1,******
,YOUNG-ELEC,0000175,2020/07/17,0.000,12985.0000,649.2500,1295.2538,12985.0000,0.000000,0.0000,12985.0000,COMM-SCOL.,,,33500,16000,0000020018,,,TRUE,220DNZWVH,1,047904
....................3,YOUNG-ELEC,0000175,2020/07/17,1.000,0.0000,0.0000,0.0000,0.0000,0.000000,0.0000,0.0000,COMM-SCOL.,,,33200,,0000020018,,,TRUE,220DNZWVH,1,047904
....................4,YOUNG-ELEC,0000175,2020/07/17,1.000,0.0000,0.0000,0.0000,0.0000,0.000000,0.0000,0.0000,COMM-SCOL.,,,33200,,0000020018,,,TRUE,220DNZWVH,1,047904
,ACIER-ATR-,0000101,2020/07/31,0.000,1759.5000,87.9750,175.5101,1759.5000,0.000000,0.0000,1759.5000,CONSEIL-MA,,,33500,03100,0000020006,,,TRUE,YA7B5Z698,1,******
,ELECT-LAUR,0000149,2020/07/31,0.000,17325.0000,866.2500,1728.1688,17325.0000,0.000000,0.0000,17325.0000,CONSEIL-MA,,,33500,16000,0000020006,,,TRUE,WF6OHP3XS,1,******
,ENT-MAXIME,0000187,2020/07/31,0.000,4945.9200,247.2960,493.3555,4945.9200,0.000000,0.0000,4945.9200,CONSEIL-MA,,,33500,03100,0000020006,,,TRUE,VGDUJHNGP,1,047853
,GICLEURS-M,0000098,2020/07/31,0.000,3000.0000,150.0000,299.2500,3000.0000,0.000000,0.0000,3000.0000,CONSEIL-MA,,,33500,15400,0000020006,,,TRUE,GWL7BOMHD,1,******
,ENT-MAXIME,0000231,2020/07/31,0.000,19200.0000,960.0000,1915.2000,19200.0000,0.000000,0.0000,19200.0000,CSS-CH-ROY,,,33200,02315,0000020026,,,TRUE,28RBHL8ED,1,******
,ENT-MAXIME,0000170,2020/07/31,0.000,10350.0000,517.5000,1032.4125,10350.0000,0.000000,0.0000,10350.0000,SIX-PINTS-,,,33500,02220,0000020020,,,TRUE,K8SIDS01C,1,******
....................3,ENT-MAXIME,0000187,2020/07/31,1.000,0.0000,0.0000,0.0000,0.0000,0.000000,0.0000,0.0000,CONSEIL-MA,,,33200,,0000020006,,,TRUE,VGDUJHNGP,1,047853
....................3,ENT-MAXIME,0000231,2020/07/31,1.000,0.0000,0.0000,0.0000,0.0000,0.000000,0.0000,0.0000,CSS-CH-ROY,,,33200,,0000020026,,,TRUE,28RBHL8ED,1,******
....................4,ENT-MAXIME,0000187,2020/07/31,1.000,0.0000,0.0000,0.0000,0.0000,0.000000,0.0000,0.0000,CONSEIL-MA,,,33200,,0000020006,,,TRUE,VGDUJHNGP,1,047853
....................4,ENT-MAXIME,0000231,2020/07/31,1.000,0.0000,0.0000,0.0000,0.0000,0.000000,0.0000,0.0000,CSS-CH-ROY,,,33200,,0000020026,,,TRUE,28RBHL8ED,1,******
,ENT-MAXIME,0000151,2020/08/01,0.000,57782.0600,2889.1030,5763.7605,57782.0600,0.000000,0.0000,57782.0600,CONSEIL-MA,,,33200,02315,0000020006,,,TRUE,J2Z06XE84,1,******
,ENT-MAXIME,0000170,2020/08/01,0.000,6900.0000,345.0000,688.2750,6900.0000,0.000000,0.0000,6900.0000,SIX-PINTS-,,,33500,03000,0000020020,,,TRUE,LA6XN805L,1,******
,ENT-MAXIME,0000313,2020/08/01,0.000,7187.5000,359.3750,716.9531,7187.5000,0.000000,0.0000,7187.5000,CONSEIL-MA,,,33500,25001,0000020006,,,TRUE,ESHP296D2,1,048324
,ENT-MAXIME,0000313,2020/08/01,0.000,1495.0000,74.7500,149.1263,1495.0000,0.000000,0.0000,1495.0000,CONSEIL-MA,,,33500,25001,0000020006,,,TRUE,ESHP296D2,1,048324
....................3,ENT-MAXIME,0000170,2020/08/01,1.000,0.0000,0.0000,0.0000,0.0000,0.000000,0.0000,0.0000,SIX-PINTS-,,,33200,,0000020020,,,TRUE,LA6XN805L,1,******
....................3,ENT-MAXIME,0000313,2020/08/01,1.000,0.0000,0.0000,0.0000,0.0000,0.000000,0.0000,0.0000,CONSEIL-MA,,,33200,,0000020006,,,TRUE,ESHP296D2,1,048324
....................4,ENT-MAXIME,0000170,2020/08/01,1.000,0.0000,0.0000,0.0000,0.0000,0.000000,0.0000,0.0000,SIX-PINTS-,,,33200,,0000020020,,,TRUE,LA6XN805L,1,******
....................4,ENT-MAXIME,0000313,2020/08/01,1.000,0.0000,0.0000,0.0000,0.0000,0.000000,0.0000,0.0000,CONSEIL-MA,,,33200,,0000020006,,,TRUE,ESHP296D2,1,048324
,MEI-------,0000171,2020/08/03,0.000,7975.0000,398.7500,795.5063,7975.0000,0.000000,0.0000,7975.0000,SIX-PINTS-,,,33500,03000,0000020020,,,TRUE,SB0ATCSHS,1,047976
....................3,ACG-ISOLAT,0000219,2020/08/07,1.000,0.0000,0.0000,0.0000,0.0000,0.000000,0.0000,0.0000,CSS-CH-ROY,,,33200,,0000020026,,,FALSE,YWNNOWZ1L,1,
....................4,ACG-ISOLAT,0000219,2020/08/07,1.000,0.0000,0.0000,0.0000,0.0000,0.000000,0.0000,0.0000,CSS-CH-ROY,,,33200,,0000020026,,,FALSE,YWNNOWZ1L,1,
,D-DIONNE--,0000266,2020/08/09,0.000,3435.0000,171.7500,342.6413,3435.0000,0.000000,0.0000,3435.0000,UNIVER-T-R,,,33500,09310,0000020030,,,TRUE,QJ9HFILUQ,1,048321
,D-DIONNE--,0000266,2020/08/09,0.000,7885.0000,394.2500,786.5288,7885.0000,0.000000,0.0000,7885.0000,UNIVER-T-R,,,33500,09600,0000020030,,,TRUE,QJ9HFILUQ,1,048321
....................3,D-DIONNE--,0000266,2020/08/09,1.000,0.0000,0.0000,0.0000,0.0000,0.000000,0.0000,0.0000,UNIVER-T-R,,,33200,,0000020030,,,TRUE,QJ9HFILUQ,1,048321
....................4,D-DIONNE--,0000266,2020/08/09,1.000,0.0000,0.0000,0.0000,0.0000,0.000000,0.0000,0.0000,UNIVER-T-R,,,33200,,0000020030,,,TRUE,QJ9HFILUQ,1,048321
,ARMECO----,0000260,2020/08/10,0.000,301.0000,15.0500,30.0248,301.0000,0.000000,0.0000,301.0000,UNIVER-T-R,,,33200,10800,0000020030,,,TRUE,344TX15J2,1,047981
,CLEMENT-FR,0000285,2020/08/11,0.000,275.0000,13.7500,27.4313,275.0000,0.000000,0.0000,275.0000,CIUSSS-ADM,,,33200,00400,0000020003,,,TRUE,XF970O4AE,1,048088
................00006,CLEMENT-FR,0000285,2020/08/11,1.000,360.0000,18.0000,35.9100,360.0000,0.000000,0.0000,360.0000,CIUSSS-ADM,,,33200,,0000020003,,,TRUE,XF970O4AE,1,048088
,PLOMB-SOLU,0000096,2020/08/13,0.000,11839.5000,591.9750,1180.9901,11839.5000,0.000000,0.0000,11839.5000,CONSEIL-MA,,,33500,15400,0000020006,,,TRUE,S87HUDH6H,1,******
,ARBOIT----,0000169,2020/08/13,0.000,37377.6000,1868.8800,3728.4156,37377.6000,0.000000,0.0000,37377.6000,CONSEIL-MA,,,33500,03100,0000020006,,,TRUE,HM65IFBR5,1,******
,ARMECO----,0000277,2020/08/13,0.000,75.0000,3.7500,7.4813,75.0000,0.000000,0.0000,75.0000,FIQ-------,,,33200,10810,0000020012,,,TRUE,BAOPTOCBP,1,048094
,PLOMB-SOLU,0000096,2020/08/13,0.000,11839.5000,591.9750,1180.9901,11839.5000,0.000000,0.0000,11839.5000,CONSEIL-MA,,,33500,15400,0000020006,,,TRUE,YYZX1BFOZ,1,******
....................3,ARMECO----,0000277,2020/08/13,1.000,0.0000,0.0000,0.0000,0.0000,0.000000,0.0000,0.0000,FIQ-------,,,33200,,0000020012,,,TRUE,BAOPTOCBP,1,048094
....................4,ARMECO----,0000277,2020/08/13,1.000,0.0000,0.0000,0.0000,0.0000,0.000000,0.0000,0.0000,FIQ-------,,,33200,,0000020012,,,TRUE,BAOPTOCBP,1,048094
,RAYMOND-DE,0000288,2020/08/14,0.000,395.0000,19.7500,39.4013,395.0000,0.000000,0.0000,395.0000,FIQ-------,,,33500,00400,0000020012,,,TRUE,B9D9OZBGD,1,048338
,RAYMOND-DE,0000288,2020/08/14,0.000,2324.2000,116.2100,231.8390,2324.2000,0.000000,0.0000,2324.2000,FIQ-------,,,33500,00400,0000020012,,,TRUE,B9D9OZBGD,1,048338
....................3,RAYMOND-DE,0000288,2020/08/14,1.000,0.0000,0.0000,0.0000,0.0000,0.000000,0.0000,0.0000,FIQ-------,,,33200,,0000020012,,,TRUE,B9D9OZBGD,1,048338
....................4,RAYMOND-DE,0000288,2020/08/14,1.000,0.0000,0.0000,0.0000,0.0000,0.000000,0.0000,0.0000,FIQ-------,,,33200,,0000020012,,,TRUE,B9D9OZBGD,1,048338
,CHARTRAY-R,0000160,2020/08/17,0.000,2905.7600,145.2880,289.8496,2905.7600,0.000000,0.0000,2905.7600,FIQ-------,,,33500,15000,0000020012,,,TRUE,MS80OHHG2,1,******
,CHARTRAY-R,0000160,2020/08/17,0.000,2838.0900,141.9045,283.0995,2838.0900,0.000000,0.0000,2838.0900,FIQ-------,,,33500,15000,0000020012,,,TRUE,MS80OHHG2,1,******
,CHARTRAY-R,0000144,2020/08/18,0.000,72609.8000,3630.4900,7242.8276,72609.8000,0.000000,0.0000,72609.8000,CIUSSS-MCQ,,,33500,15700,0000020010,,,TRUE,10RW6M2O4,1,******
,CHARTRAY-R,0000036,2020/08/18,0.000,4197.9100,209.8955,418.7415,4197.9100,0.000000,0.0000,4197.9100,CIUSSS-ADM,,,33500,15700,0000020003,,,TRUE,RZS2I3UM8,1,******
,CHARTRAY-R,0000036,2020/08/18,0.000,4197.9100,209.8955,418.7415,4197.9100,0.000000,0.0000,4197.9100,CIUSSS-ADM,,,33500,15700,0000020003,,,TRUE,5B0VEMRTS,1,******
,IC2-------,0000115,2020/08/19,0.000,825.0000,41.2500,82.2938,825.0000,0.000000,0.0000,825.0000,CONSEIL-MA,,,33200,08900,0000020006,X000000121,,FALSE,IE1GB9MXY,1,******
,IC2-------,0000115,2020/08/19,0.000,825.0000,41.2500,82.2938,825.0000,0.000000,0.0000,825.0000,CONSEIL-MA,,,33200,08900,0000020006,,,TRUE,4HM1WTMIX,1,******
,PEINT-DUPO,0000186,2020/08/20,0.000,3394.0000,169.7000,338.5515,3394.0000,0.000000,0.0000,3394.0000,PLACEMENT-,,,33500,09900,0000020012,,,TRUE,97XMG88OR,1,048011
,F-DAIGLE--,0000143,2020/08/20,0.000,2100.0000,105.0000,209.4750,2100.0000,0.000000,0.0000,2100.0000,CIUSSS-MCQ,,,33200,08000,0000020010,,,TRUE,NXDO4Q1HP,1,******
,ROGER-BELL,0000230,2020/08/21,0.000,850.0000,42.5000,84.7875,850.0000,0.000000,0.0000,850.0000,CSS-CH-ROY,,,33500,07500,0000020026,,,TRUE,W5I1UBBVJ,1,048023
,EDC-CONSTR,0000083,2020/08/21,0.000,11000.0000,550.0000,1097.2500,11000.0000,0.000000,0.0000,11000.0000,CIUSSS-ADM,,,33200,02220,0000020003,,,TRUE,8FA3L9APL,1,048089
....................3,ROGER-BELL,0000230,2020/08/21,1.000,0.0000,0.0000,0.0000,0.0000,0.000000,0.0000,0.0000,CSS-CH-ROY,,,33200,,0000020026,,,TRUE,W5I1UBBVJ,1,048023
....................4,ROGER-BELL,0000230,2020/08/21,1.000,0.0000,0.0000,0.0000,0.0000,0.000000,0.0000,0.0000,CSS-CH-ROY,,,33200,,0000020026,,,TRUE,W5I1UBBVJ,1,048023
,F-DAIGLE--,0000222,2020/08/24,0.000,6976.0000,348.8000,695.8560,6976.0000,0.000000,0.0000,6976.0000,CSS-CH-ROY,,,33200,08110,0000020026,,,TRUE,OTWY65H6Y,1,******
,REGULVAR--,0000136,2020/08/24,0.000,5212.8000,260.6400,519.9768,5212.8000,0.000000,0.0000,5212.8000,CIUSSS-MCQ,,,33500,13400,0000020010,,,TRUE,EBBC7WCKL,1,******
,MULTI-ENER,0000041,2020/08/24,0.000,6500.0000,325.0000,648.3750,6500.0000,0.000000,0.0000,6500.0000,CIUSSS-ADM,,,33500,15401,0000020003,,,TRUE,EEFH0FYQ2,1,******
,PROT-PAQUI,0000084,2020/08/24,0.000,21359.0000,1067.9500,2130.5603,21359.0000,0.000000,0.0000,21359.0000,CIUSSS-ADM,,,33500,13930,0000020003,,,TRUE,IAHLORMUQ,1,******
,PLOMB-SOLU,0000096,2020/08/24,0.000,12806.1000,640.3050,1277.4085,12806.1000,0.000000,0.0000,12806.1000,CONSEIL-MA,,,33500,15400,0000020006,,,TRUE,1DZVEG6A8,1,******
,MULTI-ENER,0000264,2020/08/24,0.000,500.0000,25.0000,49.8750,500.0000,0.000000,0.0000,500.0000,UNIVER-T-R,,,33500,15400,0000020030,,,TRUE,AJA2J14Y1,1,******
....................3,MULTI-ENER,0000264,2020/08/24,1.000,0.0000,0.0000,0.0000,0.0000,0.000000,0.0000,0.0000,UNIVER-T-R,,,33200,,0000020030,,,TRUE,AJA2J14Y1,1,******
....................4,MULTI-ENER,0000264,2020/08/24,1.000,0.0000,0.0000,0.0000,0.0000,0.000000,0.0000,0.0000,UNIVER-T-R,,,33200,,0000020030,,,TRUE,AJA2J14Y1,1,******
,JEAN-CARON,0000191,2020/08/25,0.000,9421.4200,471.0710,939.7866,9421.4200,0.000000,0.0000,9421.4200,UNIVER-T-R,,,33500,16000,0000019047,,,TRUE,KSNYBCR97,1,048063
,ENT-ARSENE,0000137,2020/08/25,0.000,9450.0000,472.5000,942.6375,9450.0000,0.000000,0.0000,9450.0000,CIUSSS-MCQ,,,33500,15401,0000020010,,,TRUE,1JQ58T895,1,******
,JEAN-CARON,0000134,2020/08/25,0.000,24045.3000,1202.2650,2398.5187,24045.3000,0.000000,0.0000,24045.3000,CIUSSS-MCQ,,,33500,16000,0000020010,,,TRUE,ENP3WVSNP,1,******
,YOUNG-ELEC,0000257,2020/08/25,0.000,1683.0000,84.1500,167.8793,1683.0000,0.000000,0.0000,1683.0000,UNIVER-T-R,,,33500,16000,0000020030,,,TRUE,EWTX5KV8G,1,******
,STONEHARD-,0000173,2020/08/25,0.000,11900.0000,595.0000,1187.0250,11900.0000,0.000000,0.0000,11900.0000,SIX-PINTS-,,,33500,09300,0000020020,,,TRUE,9ZS1S0DU9,1,******
,STONEHARD-,0000173,2020/08/25,0.000,3700.0000,185.0000,369.0750,3700.0000,0.000000,0.0000,3700.0000,SIX-PINTS-,,,33500,09300,0000020020,,,TRUE,9ZS1S0DU9,1,******
,CONST-RIVA,0000126,2020/08/25,0.000,33216.1200,1660.8060,3313.3080,33216.1200,0.000000,0.0000,33216.1200,CIUSSS-MCQ,,,33500,09000,0000020010,,,TRUE,N1MKRCK87,1,******
,CHARTRAY-R,0000212,2020/08/25,0.000,4370.0000,218.5000,435.9075,4370.0000,0.000000,0.0000,4370.0000,CIUSSS-MCQ,,,33500,15000,0000020010,,,TRUE,L6AD2T57L,1,048070
,L-N-BEAUDO,0000289,2020/08/25,0.000,4247.2500,212.3625,423.6632,4247.2500,0.000000,0.0000,4247.2500,CIUSSS-MCQ,,,33500,04000,0000020010,,,TRUE,QNHHMY1MJ,1,048071
,DES-GRES--,0000234,2020/08/25,0.000,28280.0000,1414.0000,2820.9300,28280.0000,0.000000,0.0000,28280.0000,CONSEIL-MA,,,33500,03000,0000020006,,,TRUE,W34AN4E8G,1,048072
,JEAN-CARON,0000278,2020/08/25,0.000,2507.8900,125.3945,250.1620,2507.8900,0.000000,0.0000,2507.8900,UNIVER-T-R,,,33500,16000,0000019047,,,TRUE,BJVWV6II3,1,048079
,VAL-MAURIC,0000165,2020/08/25,0.000,18500.0000,925.0000,1845.3750,18500.0000,0.000000,0.0000,18500.0000,PLACEMENT-,,,33500,16000,0000020012,,,TRUE,5TQT2I5GX,1,******
,SYS-MAURIC,0000190,2020/08/25,0.000,1635.0000,81.7500,163.0913,1635.0000,0.000000,0.0000,1635.0000,PLACEMENT-,,,33500,09200,0000020012,,,TRUE,5369S19Y8,1,048100
,SYS-MAURIC,0000164,2020/08/25,0.000,11415.0000,570.7500,1138.6463,11415.0000,0.000000,0.0000,11415.0000,PLACEMENT-,,,33500,09200,0000020012,,,TRUE,TFY0K10PD,1,******
,SYS-MAURIC,0000205,2020/08/25,0.000,3390.0000,169.5000,338.1525,3390.0000,0.000000,0.0000,3390.0000,PLACEMENT-,,,33500,09200,0000020012,,,TRUE,MGCMZ0MVT,1,048102
,VAL-MAURIC,0000224,2020/08/25,0.000,14900.0000,745.0000,1486.2750,14900.0000,0.000000,0.0000,14900.0000,CSS-CH-ROY,,,33500,16000,0000020026,,,TRUE,DKNVVYDIT,1,******
,D-DIONNE--,0000227,2020/08/25,0.000,6100.0000,305.0000,608.4750,6100.0000,0.000000,0.0000,6100.0000,CSS-CH-ROY,,,33500,09600,0000020026,,,TRUE,8C2AYRHEK,1,048144
,ELECT-LAUR,0000253,2020/08/25,0.000,4375.5700,218.7785,436.4631,4375.5700,0.000000,0.0000,4375.5700,CONSEIL-MA,,,33500,16000,0000020006,,,TRUE,5R2ICQC5E,1,048149
,F-DAIGLE--,0000298,2020/08/25,0.000,75.0000,3.7500,7.4813,75.0000,0.000000,0.0000,75.0000,CSS-CH-ROY,,,33200,08000,0000020026,,,TRUE,1WQAD1NKN,1,048150
,QUINOX----,0000132,2020/08/25,0.000,10085.4000,504.2700,1006.0187,10085.4000,0.000000,0.0000,10085.4000,CIUSSS-MCQ,,,33500,09651,0000020010,,,TRUE,YV9I0S2RB,1,******
,D-DIONNE--,0000188,2020/08/25,0.000,17000.0000,850.0000,1695.7500,17000.0000,0.000000,0.0000,17000.0000,PLACEMENT-,,,33500,09300,0000020012,,,TRUE,KCYV8SJXV,1,048209
....................3,CHARTRAY-R,0000212,2020/08/25,1.000,0.0000,0.0000,0.0000,0.0000,0.000000,0.0000,0.0000,CIUSSS-MCQ,,,33200,,0000020010,,,TRUE,L6AD2T57L,1,048070
....................3,L-N-BEAUDO,0000289,2020/08/25,1.000,0.0000,0.0000,0.0000,0.0000,0.000000,0.0000,0.0000,CIUSSS-MCQ,,,33200,,0000020010,,,TRUE,QNHHMY1MJ,1,048071
....................3,DES-GRES--,0000234,2020/08/25,1.000,0.0000,0.0000,0.0000,0.0000,0.000000,0.0000,0.0000,CONSEIL-MA,,,33200,,0000020006,,,TRUE,W34AN4E8G,1,048072
....................3,JEAN-CARON,0000278,2020/08/25,1.000,0.0000,0.0000,0.0000,0.0000,0.000000,0.0000,0.0000,UNIVER-T-R,,,33200,,0000019047,,,TRUE,BJVWV6II3,1,048079
....................3,SYS-MAURIC,0000190,2020/08/25,1.000,0.0000,0.0000,0.0000,0.0000,0.000000,0.0000,0.0000,PLACEMENT-,,,33200,,0000020012,,,TRUE,5369S19Y8,1,048100
....................3,SYS-MAURIC,0000205,2020/08/25,1.000,0.0000,0.0000,0.0000,0.0000,0.000000,0.0000,0.0000,PLACEMENT-,,,33200,,0000020012,,,TRUE,MGCMZ0MVT,1,048102
....................3,VAL-MAURIC,0000224,2020/08/25,1.000,0.0000,0.0000,0.0000,0.0000,0.000000,0.0000,0.0000,CSS-CH-ROY,,,33200,,0000020026,,,TRUE,DKNVVYDIT,1,******
....................3,D-DIONNE--,0000227,2020/08/25,1.000,0.0000,0.0000,0.0000,0.0000,0.000000,0.0000,0.0000,CSS-CH-ROY,,,33200,,0000020026,,,TRUE,8C2AYRHEK,1,048144
....................3,ELECT-LAUR,0000253,2020/08/25,1.000,0.0000,0.0000,0.0000,0.0000,0.000000,0.0000,0.0000,CONSEIL-MA,,,33200,,0000020006,,,TRUE,5R2ICQC5E,1,048149
....................3,F-DAIGLE--,0000298,2020/08/25,1.000,0.0000,0.0000,0.0000,0.0000,0.000000,0.0000,0.0000,CSS-CH-ROY,,,33200,,0000020026,,,TRUE,1WQAD1NKN,1,048150
....................3,D-DIONNE--,0000188,2020/08/25,1.000,0.0000,0.0000,0.0000,0.0000,0.000000,0.0000,0.0000,PLACEMENT-,,,33200,,0000020012,,,TRUE,KCYV8SJXV,1,048209
....................4,CHARTRAY-R,0000212,2020/08/25,1.000,0.0000,0.0000,0.0000,0.0000,0.000000,0.0000,0.0000,CIUSSS-MCQ,,,33200,,0000020010,,,TRUE,L6AD2T57L,1,048070
....................4,L-N-BEAUDO,0000289,2020/08/25,1.000,0.0000,0.0000,0.0000,0.0000,0.000000,0.0000,0.0000,CIUSSS-MCQ,,,33200,,0000020010,,,TRUE,QNHHMY1MJ,1,048071
....................4,DES-GRES--,0000234,2020/08/25,1.000,0.0000,0.0000,0.0000,0.0000,0.000000,0.0000,0.0000,CONSEIL-MA,,,33200,,0000020006,,,TRUE,W34AN4E8G,1,048072
....................4,JEAN-CARON,0000278,2020/08/25,1.000,0.0000,0.0000,0.0000,0.0000,0.000000,0.0000,0.0000,UNIVER-T-R,,,33200,,0000019047,,,TRUE,BJVWV6II3,1,048079
....................4,SYS-MAURIC,0000190,2020/08/25,1.000,0.0000,0.0000,0.0000,0.0000,0.000000,0.0000,0.0000,PLACEMENT-,,,33200,,0000020012,,,TRUE,5369S19Y8,1,048100
....................4,SYS-MAURIC,0000205,2020/08/25,1.000,0.0000,0.0000,0.0000,0.0000,0.000000,0.0000,0.0000,PLACEMENT-,,,33200,,0000020012,,,TRUE,MGCMZ0MVT,1,048102
....................4,VAL-MAURIC,0000224,2020/08/25,1.000,0.0000,0.0000,0.0000,0.0000,0.000000,0.0000,0.0000,CSS-CH-ROY,,,33200,,0000020026,,,TRUE,DKNVVYDIT,1,******
....................4,D-DIONNE--,0000227,2020/08/25,1.000,0.0000,0.0000,0.0000,0.0000,0.000000,0.0000,0.0000,CSS-CH-ROY,,,33200,,0000020026,,,TRUE,8C2AYRHEK,1,048144
....................4,ELECT-LAUR,0000253,2020/08/25,1.000,0.0000,0.0000,0.0000,0.0000,0.000000,0.0000,0.0000,CONSEIL-MA,,,33200,,0000020006,,,TRUE,5R2ICQC5E,1,048149
....................4,F-DAIGLE--,0000298,2020/08/25,1.000,0.0000,0.0000,0.0000,0.0000,0.000000,0.0000,0.0000,CSS-CH-ROY,,,33200,,0000020026,,,TRUE,1WQAD1NKN,1,048150
....................4,D-DIONNE--,0000188,2020/08/25,1.000,0.0000,0.0000,0.0000,0.0000,0.000000,0.0000,0.0000,PLACEMENT-,,,33200,,0000020012,,,TRUE,KCYV8SJXV,1,048209
,CONST-RIVA,0000226,2020/08/28,0.000,1787.5000,89.3750,178.3031,1787.5000,0.000000,0.0000,1787.5000,CSS-CH-ROY,,,33500,09200,0000020026,,,TRUE,YLSYMR08R,1,048022
,CONST-RIVA,0000226,2020/08/28,0.000,13000.0000,650.0000,1296.7500,13000.0000,0.000000,0.0000,13000.0000,CSS-CH-ROY,,,33500,09510,0000020026,,,TRUE,YLSYMR08R,1,048022
,F-DAIGLE--,0000143,2020/08/28,0.000,137.0000,6.8500,13.6658,137.0000,0.000000,0.0000,137.0000,CIUSSS-MCQ,,,33200,08000,0000020010,,,TRUE,QM0P0GQM7,1,******
,MORAND-EXC,0000127,2020/08/28,0.000,3200.0000,160.0000,319.2000,3200.0000,0.000000,0.0000,3200.0000,CIUSSS-MCQ,,,33200,02065,0000020010,,,TRUE,3AULPBSCU,1,******
,MORAND-EXC,0000127,2020/08/28,0.000,4365.0000,218.2500,435.4088,4365.0000,0.000000,0.0000,4365.0000,CIUSSS-MCQ,,,33500,02800,0000020010,,,TRUE,3AULPBSCU,1,******
,AVIVIA-MOB,0000161,2020/08/28,0.000,4643.5800,232.1790,463.1971,4643.5800,0.000000,0.0000,4643.5800,FIQ-------,,,33500,06400,0000020012,,,TRUE,J82S45J8X,1,048211
....................3,CONST-RIVA,0000226,2020/08/28,1.000,0.0000,0.0000,0.0000,0.0000,0.000000,0.0000,0.0000,CSS-CH-ROY,,,33200,,0000020026,,,TRUE,YLSYMR08R,1,048022
....................3,AVIVIA-MOB,0000161,2020/08/28,1.000,0.0000,0.0000,0.0000,0.0000,0.000000,0.0000,0.0000,FIQ-------,,,33200,,0000020012,,,TRUE,J82S45J8X,1,048211
....................4,CONST-RIVA,0000226,2020/08/28,1.000,0.0000,0.0000,0.0000,0.0000,0.000000,0.0000,0.0000,CSS-CH-ROY,,,33200,,0000020026,,,TRUE,YLSYMR08R,1,048022
....................4,AVIVIA-MOB,0000161,2020/08/28,1.000,0.0000,0.0000,0.0000,0.0000,0.000000,0.0000,0.0000,FIQ-------,,,33200,,0000020012,,,TRUE,J82S45J8X,1,048211
,BARETTE-ST,0000116,2020/08/29,0.000,73395.0000,3669.7500,7321.1513,73395.0000,0.000000,0.0000,73395.0000,CONSEIL-MA,,,33200,07460,0000020006,,,TRUE,4F6L76J7T,1,******
,J-GARCEAU-,0000290,2020/08/30,0.000,2500.0000,125.0000,249.3750,2500.0000,0.000000,0.0000,2500.0000,CSS-CH-ROY,,,33500,03000,0000020026,,,TRUE,EOW6ER1JH,1,048231
....................3,J-GARCEAU-,0000290,2020/08/30,1.000,0.0000,0.0000,0.0000,0.0000,0.000000,0.0000,0.0000,CSS-CH-ROY,,,33200,,0000020026,,,TRUE,EOW6ER1JH,1,048231
....................4,J-GARCEAU-,0000290,2020/08/30,1.000,0.0000,0.0000,0.0000,0.0000,0.000000,0.0000,0.0000,CSS-CH-ROY,,,33200,,0000020026,,,TRUE,EOW6ER1JH,1,048231
,F-DAIGLE--,0000251,2020/08/31,0.000,535.0000,26.7500,53.3663,535.0000,0.000000,0.0000,535.0000,MUN-STE-AN,,,33200,08110,0000020028,,,TRUE,6UZXQF2TD,1,048145
,BARETTE-ST,0000116,2020/08/31,0.000,31500.0000,1575.0000,3142.1250,31500.0000,0.000000,0.0000,31500.0000,CONSEIL-MA,,,33200,07460,0000020006,,,TRUE,GV81T4EHY,1,******
,ENT-MAXIME,0000231,2020/08/31,0.000,12800.0000,640.0000,1276.8000,12800.0000,0.000000,0.0000,12800.0000,CSS-CH-ROY,,,33200,02315,0000020026,,,TRUE,7A0VXS1GI,1,******
,ENT-MAXIME,0000284,2020/08/31,0.000,10000.0000,500.0000,997.5000,10000.0000,0.000000,0.0000,10000.0000,MUN-STE-AN,,,33200,02315,0000020028,,,TRUE,SDA7KXKR3,1,048232
,ENT-MAXIME,0000151,2020/08/31,0.000,85874.5000,4293.7250,8565.9814,85874.5000,0.000000,0.0000,85874.5000,CONSEIL-MA,,,33200,02315,0000020006,,,TRUE,AEB3WYY3G,1,******
,ENT-MAXIME,0000151,2020/08/31,0.000,13611.7500,680.5875,1357.7721,13611.7500,0.000000,0.0000,13611.7500,CONSEIL-MA,,,33500,03100,0000020006,,,TRUE,AEB3WYY3G,1,******
,ENT-MAXIME,0000170,2020/08/31,0.000,24150.0000,1207.5000,2408.9625,24150.0000,0.000000,0.0000,24150.0000,SIX-PINTS-,,,33500,02220,0000020020,,,TRUE,9IOLF4DTB,1,******
,ENT-MAXIME,0000170,2020/08/31,0.000,20400.0000,1020.0000,2034.9000,20400.0000,0.000000,0.0000,20400.0000,SIX-PINTS-,,,33500,03000,0000020020,,,TRUE,9IOLF4DTB,1,******
,ENT-MAXIME,0000170,2020/08/31,0.000,-7250.0000,-362.5000,-723.1875,-7250.0000,0.000000,0.0000,-7250.0000,SIX-PINTS-,,,33500,03000,0000020020,,,TRUE,9IOLF4DTB,1,******
,ISOL-TRIFL,0000135,2020/08/31,0.000,2800.0000,140.0000,279.3000,2800.0000,0.000000,0.0000,2800.0000,CIUSSS-MCQ,,,33500,15080,0000020010,,,TRUE,EWOTK0O6A,1,******
,ENT-MAXIME,0000085,2020/08/31,0.000,4752.5000,237.6250,474.0619,4752.5000,0.000000,0.0000,4752.5000,CIUSSS-ADM,,,33200,02300,0000020003,,,TRUE,UE9GQ147U,1,******
,PLOMB-MTCA,0000172,2020/08/31,0.000,33131.2500,1656.5625,3304.8422,33131.2500,0.000000,0.0000,33131.2500,SIX-PINTS-,,,33500,15401,0000020020,,,TRUE,MFS1KXR8Y,1,******
,PLOMB-MTCA,0000172,2020/08/31,0.000,-2760.0000,-138.0000,-275.3100,-2760.0000,0.000000,0.0000,-2760.0000,SIX-PINTS-,,,33500,15401,0000020020,,,TRUE,MFS1KXR8Y,1,******
....................3,F-DAIGLE--,0000251,2020/08/31,1.000,0.0000,0.0000,0.0000,0.0000,0.000000,0.0000,0.0000,MUN-STE-AN,,,33200,,0000020028,,,TRUE,6UZXQF2TD,1,048145
....................3,ENT-MAXIME,0000284,2020/08/31,1.000,0.0000,0.0000,0.0000,0.0000,0.000000,0.0000,0.0000,MUN-STE-AN,,,33200,,0000020028,,,TRUE,SDA7KXKR3,1,048232
....................3,ISOL-TRIFL,0000135,2020/08/31,1.000,0.0000,0.0000,0.0000,0.0000,0.000000,0.0000,0.0000,CIUSSS-MCQ,,,33200,,0000020010,,,TRUE,EWOTK0O6A,1,******
....................4,F-DAIGLE--,0000251,2020/08/31,1.000,0.0000,0.0000,0.0000,0.0000,0.000000,0.0000,0.0000,MUN-STE-AN,,,33200,,0000020028,,,TRUE,6UZXQF2TD,1,048145
....................4,ENT-MAXIME,0000284,2020/08/31,1.000,0.0000,0.0000,0.0000,0.0000,0.000000,0.0000,0.0000,MUN-STE-AN,,,33200,,0000020028,,,TRUE,SDA7KXKR3,1,048232
....................4,ISOL-TRIFL,0000135,2020/08/31,1.000,0.0000,0.0000,0.0000,0.0000,0.000000,0.0000,0.0000,CIUSSS-MCQ,,,33200,,0000020010,,,TRUE,EWOTK0O6A,1,******
....................6,ENT-MAXIME,0000085,2020/08/31,1.000,0.0000,0.0000,0.0000,0.0000,0.000000,0.0000,0.0000,CIUSSS-ADM,,,33200,,0000020003,,,TRUE,UE9GQ147U,1,******
,L-N-BEAUDO,0000261,2020/09/01,0.000,2700.0000,135.0000,269.3250,2700.0000,0.000000,0.0000,2700.0000,UNIVER-T-R,,,33500,04000,0000020030,,,TRUE,TJ034DGEW,1,048257
,PLOMB-MTCA,0000172,2020/09/01,0.000,2024.7500,101.2375,201.9688,2024.7500,0.000000,0.0000,2024.7500,SIX-PINTS-,,,33500,15401,0000020020,,,TRUE,UT6MTVYQM,1,******
,ASP-CONTRO,0000039,2020/09/01,0.000,136336.4000,6816.8200,13599.5559,136336.4000,0.000000,0.0000,136336.4000,CIUSSS-ADM,,,33500,16000,0000020003,,,TRUE,5POKDZCP6,1,******
....................3,COLICO----,0000203,2020/09/01,1.000,0.0000,0.0000,0.0000,0.0000,0.000000,0.0000,0.0000,CONSEIL-MA,,,33200,,0000020006,,,FALSE,EFJ6HRJT3,1,
....................3,L-N-BEAUDO,0000261,2020/09/01,1.000,0.0000,0.0000,0.0000,0.0000,0.000000,0.0000,0.0000,UNIVER-T-R,,,33200,,0000020030,,,TRUE,TJ034DGEW,1,048257
....................4,COLICO----,0000203,2020/09/01,1.000,0.0000,0.0000,0.0000,0.0000,0.000000,0.0000,0.0000,CONSEIL-MA,,,33200,,0000020006,,,FALSE,EFJ6HRJT3,1,
....................4,L-N-BEAUDO,0000261,2020/09/01,1.000,0.0000,0.0000,0.0000,0.0000,0.000000,0.0000,0.0000,UNIVER-T-R,,,33200,,0000020030,,,TRUE,TJ034DGEW,1,048257
,F-DAIGLE--,0000292,2020/09/02,0.000,355.0000,17.7500,35.4113,355.0000,0.000000,0.0000,355.0000,FIQ-------,,,33200,08000,0000020012,,,TRUE,44EMCZLZD,1,048210
,BARETTE-ST,0000116,2020/09/02,0.000,36640.0100,1832.0005,3654.8410,36640.0100,0.000000,0.0000,36640.0100,CONSEIL-MA,,,33200,07460,0000020006,,,TRUE,MOZ9YF6VI,1,******
....................3,F-DAIGLE--,0000292,2020/09/02,1.000,0.0000,0.0000,0.0000,0.0000,0.000000,0.0000,0.0000,FIQ-------,,,33200,,0000020012,,,TRUE,44EMCZLZD,1,048210
....................3,BARETTE-ST,0000116,2020/09/02,1.000,0.0000,0.0000,0.0000,0.0000,0.000000,0.0000,0.0000,CONSEIL-MA,,,33200,,0000020006,,,TRUE,MOZ9YF6VI,1,******
....................4,F-DAIGLE--,0000292,2020/09/02,1.000,0.0000,0.0000,0.0000,0.0000,0.000000,0.0000,0.0000,FIQ-------,,,33200,,0000020012,,,TRUE,44EMCZLZD,1,048210
....................4,BARETTE-ST,0000116,2020/09/02,1.000,0.0000,0.0000,0.0000,0.0000,0.000000,0.0000,0.0000,CONSEIL-MA,,,33200,,0000020006,,,TRUE,MOZ9YF6VI,1,******
,F-DAIGLE--,0000222,2020/09/08,0.000,1207.0000,60.3500,120.3983,1207.0000,0.000000,0.0000,1207.0000,CSS-CH-ROY,,,33200,08110,0000020026,,,TRUE,87OI707R2,1,******
,F-DAIGLE--,0000222,2020/09/08,0.000,1314.0000,65.7000,131.0715,1314.0000,0.000000,0.0000,1314.0000,CSS-CH-ROY,,,33200,08110,0000020026,,,TRUE,87OI707R2,1,******
,REINE-COUV,0000141,2020/09/08,0.000,1200.0000,60.0000,119.7000,1200.0000,0.000000,0.0000,1200.0000,CIUSSS-MCQ,,,33500,09300,0000020010,,,TRUE,EYBJ4W7A9,1,******
,F-DAIGLE--,0000281,2020/09/08,0.000,447.2500,22.3625,44.6132,447.2500,0.000000,0.0000,447.2500,FIQ-------,,,33200,08000,0000020012,,,TRUE,L6N6B9GEQ,1,048336
....................3,F-DAIGLE--,0000222,2020/09/08,1.000,0.0000,0.0000,0.0000,0.0000,0.000000,0.0000,0.0000,CSS-CH-ROY,,,33200,,0000020026,,,TRUE,87OI707R2,1,******
....................3,F-DAIGLE--,0000281,2020/09/08,1.000,0.0000,0.0000,0.0000,0.0000,0.000000,0.0000,0.0000,FIQ-------,,,33200,,0000020012,,,TRUE,L6N6B9GEQ,1,048336
....................4,F-DAIGLE--,0000281,2020/09/08,1.000,0.0000,0.0000,0.0000,0.0000,0.000000,0.0000,0.0000,FIQ-------,,,33200,,0000020012,,,TRUE,L6N6B9GEQ,1,048336
,AVIVIA-MOB,0000307,2020/09/09,0.000,852.3800,42.6190,85.0249,852.3800,0.000000,0.0000,852.3800,FIQ-------,,,33500,06400,0000020012,,,TRUE,I5XSXEZGV,1,048337
....................3,AVIVIA-MOB,0000307,2020/09/09,1.000,0.0000,0.0000,0.0000,0.0000,0.000000,0.0000,0.0000,FIQ-------,,,33200,,0000020012,,,TRUE,I5XSXEZGV,1,048337
....................4,AVIVIA-MOB,0000307,2020/09/09,1.000,0.0000,0.0000,0.0000,0.0000,0.000000,0.0000,0.0000,FIQ-------,,,33200,,0000020012,,,TRUE,I5XSXEZGV,1,048337
,ACIER-RAY-,0000221,2020/09/10,0.000,1665.0000,83.2500,166.0838,1665.0000,0.000000,0.0000,1665.0000,CSS-CH-ROY,,,33200,05500,0000020026,,,TRUE,1NVXBP3SB,1,048709
....................3,ACIER-RAY-,0000221,2020/09/10,1.000,0.0000,0.0000,0.0000,0.0000,0.000000,0.0000,0.0000,CSS-CH-ROY,,,33200,,0000020026,,,TRUE,1NVXBP3SB,1,048709
....................4,ACIER-RAY-,0000221,2020/09/10,1.000,0.0000,0.0000,0.0000,0.0000,0.000000,0.0000,0.0000,CSS-CH-ROY,,,33200,,0000020026,,,TRUE,1NVXBP3SB,1,048709
,CONST-RIVA,0000126,2020/09/11,0.000,966.7200,48.3360,96.4303,966.7200,0.000000,0.0000,966.7200,CIUSSS-MCQ,,,33500,09000,0000020010,,,TRUE,59KZI6UOR,1,******
,BARETTE-ST,0000116,2020/09/11,0.000,10024.9900,501.2495,999.9928,10024.9900,0.000000,0.0000,10024.9900,CONSEIL-MA,,,33200,07460,0000020006,,,TRUE,PVA1R0S0W,1,******
,BARETTE-ST,0000116,2020/09/11,0.000,13550.0000,677.5000,1351.6125,13550.0000,0.000000,0.0000,13550.0000,CONSEIL-MA,,,33200,07460,0000020006,,,TRUE,PVA1R0S0W,1,******
,D-DIONNE--,0000250,2020/09/14,0.000,985.0000,49.2500,98.2538,985.0000,0.000000,0.0000,985.0000,MUN-STE-AN,,,33500,09600,0000020028,,,TRUE,I34I6E2EJ,1,048298
....................3,D-DIONNE--,0000250,2020/09/14,1.000,0.0000,0.0000,0.0000,0.0000,0.000000,0.0000,0.0000,MUN-STE-AN,,,33200,,0000020028,,,TRUE,I34I6E2EJ,1,048298
....................3,F-DAIGLE--,0000308,2020/09/14,1.000,0.0000,0.0000,0.0000,0.0000,0.000000,0.0000,0.0000,FIQ-------,,,33200,,0000020012,,,FALSE,7TVEWV0PB,1,
....................4,D-DIONNE--,0000250,2020/09/14,1.000,0.0000,0.0000,0.0000,0.0000,0.000000,0.0000,0.0000,MUN-STE-AN,,,33200,,0000020028,,,TRUE,I34I6E2EJ,1,048298
....................4,F-DAIGLE--,0000308,2020/09/14,1.000,0.0000,0.0000,0.0000,0.0000,0.000000,0.0000,0.0000,FIQ-------,,,33200,,0000020012,,,FALSE,7TVEWV0PB,1,
,AMEUBL-STY,0000262,2020/09/15,0.000,16500.0000,825.0000,1645.8750,16500.0000,0.000000,0.0000,16500.0000,UNIVER-T-R,,,33500,06400,0000020030,,,TRUE,UO3JLRVU1,1,048319
,ART-MASSIF,0000147,2020/09/15,0.000,10753.0500,537.6525,1072.6167,10753.0500,0.000000,0.0000,10753.0500,CONSEIL-MA,,,33200,06100,0000020006,,,TRUE,OBF3QCDTG,1,******
....................3,AMEUBL-STY,0000262,2020/09/15,1.000,0.0000,0.0000,0.0000,0.0000,0.000000,0.0000,0.0000,UNIVER-T-R,,,33200,,0000020030,,,TRUE,UO3JLRVU1,1,048319
....................3,ART-MASSIF,0000147,2020/09/15,1.000,0.0000,0.0000,0.0000,0.0000,0.000000,0.0000,0.0000,CONSEIL-MA,,,33200,,0000020006,,,TRUE,OBF3QCDTG,1,******
....................4,AMEUBL-STY,0000262,2020/09/15,1.000,0.0000,0.0000,0.0000,0.0000,0.000000,0.0000,0.0000,UNIVER-T-R,,,33200,,0000020030,,,TRUE,UO3JLRVU1,1,048319
....................4,ART-MASSIF,0000147,2020/09/15,1.000,0.0000,0.0000,0.0000,0.0000,0.000000,0.0000,0.0000,CONSEIL-MA,,,33200,,0000020006,,,TRUE,OBF3QCDTG,1,******
,PEINT-DUPO,0000249,2020/09/16,0.000,999.0000,49.9500,99.6503,999.0000,0.000000,0.0000,999.0000,MUN-STE-AN,,,33500,09910,0000020028,,,TRUE,ZMYGJG4JW,1,048300
,CHARTRAY-R,0000144,2020/09/16,0.000,55938.6400,2796.9320,5579.8793,55938.6400,0.000000,0.0000,55938.6400,CIUSSS-MCQ,,,33500,15700,0000020010,,,TRUE,BMTU7E684,1,******
....................3,PEINT-DUPO,0000249,2020/09/16,1.000,0.0000,0.0000,0.0000,0.0000,0.000000,0.0000,0.0000,MUN-STE-AN,,,33200,,0000020028,,,TRUE,ZMYGJG4JW,1,048300
....................3,CHARTRAY-R,0000144,2020/09/16,1.000,0.0000,0.0000,0.0000,0.0000,0.000000,0.0000,0.0000,CIUSSS-MCQ,,,33200,,0000020010,,,TRUE,BMTU7E684,1,******
....................4,PEINT-DUPO,0000249,2020/09/16,1.000,0.0000,0.0000,0.0000,0.0000,0.000000,0.0000,0.0000,MUN-STE-AN,,,33200,,0000020028,,,TRUE,ZMYGJG4JW,1,048300
....................4,CHARTRAY-R,0000144,2020/09/16,1.000,0.0000,0.0000,0.0000,0.0000,0.000000,0.0000,0.0000,CIUSSS-MCQ,,,33200,,0000020010,,,TRUE,BMTU7E684,1,******
,F-DAIGLE--,0000182,2020/09/17,0.000,11015.0000,550.7500,1098.7463,11015.0000,0.000000,0.0000,11015.0000,CONSEIL-MA,,,33500,08100,0000020006,,,TRUE,QH5UAWKEX,1,******
,ASP-CONTRO,0000039,2020/09/17,0.000,21759.3000,1087.9650,2170.4902,21759.3000,0.000000,0.0000,21759.3000,CIUSSS-ADM,,,33500,16000,0000020003,,,TRUE,P8SRZT67L,1,******
,JEAN-CARON,0000134,2020/09/22,0.000,3054.1600,152.7080,304.6525,3054.1600,0.000000,0.0000,3054.1600,CIUSSS-MCQ,,,33500,16000,0000020010,,,TRUE,P01P2DXAX,1,******
,SOUDURE-CL,0000220,2020/09/23,0.000,2700.0000,135.0000,269.3250,2700.0000,0.000000,0.0000,2700.0000,CSS-CH-ROY,,,33200,05500,0000020026,,,TRUE,ON8IOOAOG,1,048381
,SOUDURE-CL,0000220,2020/09/23,0.000,700.0000,35.0000,69.8250,700.0000,0.000000,0.0000,700.0000,CSS-CH-ROY,,,33200,05500,0000020026,,,TRUE,ON8IOOAOG,1,048381
,SOUDURE-CL,0000220,2020/09/23,0.000,600.0000,30.0000,59.8500,600.0000,0.000000,0.0000,600.0000,CSS-CH-ROY,,,33200,05500,0000020026,,,TRUE,ON8IOOAOG,1,048381
,GOUT-PT-QC,0000232,2020/09/23,0.000,2541.4000,127.0700,253.5047,2541.4000,0.000000,0.0000,2541.4000,CSS-CH-ROY,,,33200,05500,0000020026,,,TRUE,33S8244RX,1,048382
,SYST-VILLE,0000302,2020/09/23,0.000,379.5000,18.9750,37.8551,379.5000,0.000000,0.0000,379.5000,CSS-CH-ROY,,,33500,09910,0000020026,,,TRUE,W0TRWLLDX,1,048383
,SYST-VILLE,0000225,2020/09/23,0.000,11437.6900,571.8845,1140.9096,11437.6900,0.000000,0.0000,11437.6900,CSS-CH-ROY,,,33500,09910,0000020026,,,TRUE,VNGXYV2E0,1,048384
....................3,SOUDURE-CL,0000220,2020/09/23,1.000,0.0000,0.0000,0.0000,0.0000,0.000000,0.0000,0.0000,CSS-CH-ROY,,,33200,,0000020026,,,TRUE,ON8IOOAOG,1,048381
....................3,GOUT-PT-QC,0000232,2020/09/23,1.000,0.0000,0.0000,0.0000,0.0000,0.000000,0.0000,0.0000,CSS-CH-ROY,,,33200,,0000020026,,,TRUE,33S8244RX,1,048382
....................3,SYST-VILLE,0000302,2020/09/23,1.000,0.0000,0.0000,0.0000,0.0000,0.000000,0.0000,0.0000,CSS-CH-ROY,,,33200,,0000020026,,,TRUE,W0TRWLLDX,1,048383
....................3,SYST-VILLE,0000225,2020/09/23,1.000,0.0000,0.0000,0.0000,0.0000,0.000000,0.0000,0.0000,CSS-CH-ROY,,,33200,,0000020026,,,TRUE,VNGXYV2E0,1,048384
....................4,SOUDURE-CL,0000220,2020/09/23,1.000,0.0000,0.0000,0.0000,0.0000,0.000000,0.0000,0.0000,CSS-CH-ROY,,,33200,,0000020026,,,TRUE,ON8IOOAOG,1,048381
....................4,GOUT-PT-QC,0000232,2020/09/23,1.000,0.0000,0.0000,0.0000,0.0000,0.000000,0.0000,0.0000,CSS-CH-ROY,,,33200,,0000020026,,,TRUE,33S8244RX,1,048382
....................4,SYST-VILLE,0000302,2020/09/23,1.000,0.0000,0.0000,0.0000,0.0000,0.000000,0.0000,0.0000,CSS-CH-ROY,,,33200,,0000020026,,,TRUE,W0TRWLLDX,1,048383
....................4,SYST-VILLE,0000225,2020/09/23,1.000,0.0000,0.0000,0.0000,0.0000,0.000000,0.0000,0.0000,CSS-CH-ROY,,,33200,,0000020026,,,TRUE,VNGXYV2E0,1,048384
,JEAN-CARON,0000134,2020/09/25,0.000,38802.1500,1940.1075,3870.5145,38802.1500,0.000000,0.0000,38802.1500,CIUSSS-MCQ,,,33500,16000,0000020010,,,TRUE,FRT7ZL3XE,1,******
,VAL-MAURIC,0000224,2020/09/25,0.000,1800.0000,90.0000,179.5500,1800.0000,0.000000,0.0000,1800.0000,CSS-CH-ROY,,,33500,16000,0000020026,,,TRUE,GVUTKD7MF,1,******
,ELECT-LAUR,0000149,2020/09/25,0.000,3250.0000,162.5000,324.1875,3250.0000,0.000000,0.0000,3250.0000,CONSEIL-MA,,,33500,16000,0000020006,,,TRUE,3MVJ94G8L,1,******
,MULTI-ENER,0000041,2020/09/29,0.000,4804.0000,240.2000,479.1990,4804.0000,0.000000,0.0000,4804.0000,CIUSSS-ADM,,,33500,15401,0000020003,,,TRUE,B6T9DGUPH,1,******
,F-DAIGLE--,0000315,2020/09/29,0.000,1104.3900,55.2195,110.1629,1104.3900,0.000000,0.0000,1104.3900,FIQ-------,,,33200,08000,0000020012,,,TRUE,3A9HED1CC,1,048415
,MAC-ELC---,0000035,2020/09/29,0.000,7438.6500,371.9325,742.0053,7438.6500,0.000000,0.0000,7438.6500,CIUSSS-ADM,,,33500,04000,0000020003,,,TRUE,APP745NVD,1,******
,ROGER-BELL,0000270,2020/09/29,0.000,3066.5900,153.3295,305.8924,3066.5900,0.000000,0.0000,3066.5900,CIUSSS-ADM,,,33200,02070,0000020003,,,TRUE,XQ2XDUPNP,1,******
,CONST-RIVA,0000126,2020/09/29,0.000,34361.4900,1718.0745,3427.5586,34361.4900,0.000000,0.0000,34361.4900,CIUSSS-MCQ,,,33500,09000,0000020010,,,TRUE,U1OB2Y2LV,1,******
,CONST-RIVA,0000268,2020/09/29,0.000,378.7500,18.9375,37.7803,378.7500,0.000000,0.0000,378.7500,UNIVER-T-R,,,33500,07200,0000020030,,,TRUE,7JQS47JOA,1,048430
,CONST-RIVA,0000268,2020/09/29,0.000,695.0000,34.7500,69.3263,695.0000,0.000000,0.0000,695.0000,UNIVER-T-R,,,33500,09110,0000020030,,,TRUE,7JQS47JOA,1,048430
,CONST-RIVA,0000268,2020/09/29,0.000,1561.2500,78.0625,155.7347,1561.2500,0.000000,0.0000,1561.2500,UNIVER-T-R,,,33500,09200,0000020030,,,TRUE,7JQS47JOA,1,048430
,CONST-RIVA,0000268,2020/09/29,0.000,2680.0000,134.0000,267.3300,2680.0000,0.000000,0.0000,2680.0000,UNIVER-T-R,,,33500,09510,0000020030,,,TRUE,7JQS47JOA,1,048430
,REGULVAR--,0000136,2020/09/29,0.000,7819.2000,390.9600,779.9652,7819.2000,0.000000,0.0000,7819.2000,CIUSSS-MCQ,,,33500,13400,0000020010,,,TRUE,6H7FVMZC7,1,******
,ELECT-LAUR,0000149,2020/09/29,0.000,3250.0000,162.5000,324.1875,3250.0000,0.000000,0.0000,3250.0000,CONSEIL-MA,,,33500,16000,0000020006,,,TRUE,XACERMZV4,1,******
,MULTI-ENER,0000265,2020/09/29,0.000,8000.0000,400.0000,798.0000,8000.0000,0.000000,0.0000,8000.0000,UNIVER-T-R,,,33500,15700,0000020030,,,TRUE,SMCEK3L73,1,******
,ENT-ARSENE,0000137,2020/09/29,0.000,8550.0000,427.5000,852.8625,8550.0000,0.000000,0.0000,8550.0000,CIUSSS-MCQ,,,33500,15401,0000020010,,,TRUE,J6YW3XXSF,1,******
,PLOMB-SOLU,0000096,2020/09/29,0.000,59760.5500,2988.0275,5961.1149,59760.5500,0.000000,0.0000,59760.5500,CONSEIL-MA,,,33500,15400,0000020006,,,TRUE,TRS41T9AW,1,******
,F-DAIGLE--,0000143,2020/09/29,0.000,13423.0000,671.1500,1338.9443,13423.0000,0.000000,0.0000,13423.0000,CIUSSS-MCQ,,,33200,08000,0000020010,,,TRUE,WPTQOC1BE,1,******
,PERI-TECH-,0000138,2020/09/29,0.000,11452.8000,572.6400,1142.4168,11452.8000,0.000000,0.0000,11452.8000,CIUSSS-MCQ,,,33500,13930,0000020010,,,TRUE,TMPS87WWR,1,******
,AMEUBL-STY,0000129,2020/09/29,0.000,6000.0000,300.0000,598.5000,6000.0000,0.000000,0.0000,6000.0000,CIUSSS-MCQ,,,33500,06400,0000020010,,,TRUE,8F0PJ95SR,1,******
,IC2-------,0000280,2020/09/29,0.000,2750.0000,137.5000,274.3125,2750.0000,0.000000,0.0000,2750.0000,CONSEIL-MA,,,33200,08900,0000020006,,,TRUE,WCEDSW6MN,1,048440
,IC2-------,0000115,2020/09/29,0.000,62833.2000,3141.6600,6267.6117,62833.2000,0.000000,0.0000,62833.2000,CONSEIL-MA,,,33200,08900,0000020006,,,TRUE,JYTJFAE46,1,******
,IC2-------,0000115,2020/09/29,0.000,5340.0000,267.0000,532.6650,5340.0000,0.000000,0.0000,5340.0000,CONSEIL-MA,,,33200,08900,0000020006,,,TRUE,JYTJFAE46,1,******
....................3,F-DAIGLE--,0000315,2020/09/29,1.000,0.0000,0.0000,0.0000,0.0000,0.000000,0.0000,0.0000,FIQ-------,,,33200,,0000020012,,,TRUE,3A9HED1CC,1,048415
....................3,ACIER-RAY-,0000322,2020/09/29,1.000,0.0000,0.0000,0.0000,0.0000,0.000000,0.0000,0.0000,CONSEIL-MA,,,33200,,0000020006,,,TRUE,52BBA24UM,1,048428
....................3,CONST-RIVA,0000126,2020/09/29,1.000,0.0000,0.0000,0.0000,0.0000,0.000000,0.0000,0.0000,CIUSSS-MCQ,,,33200,,0000020010,,,TRUE,U1OB2Y2LV,1,******
....................3,CONST-RIVA,0000268,2020/09/29,1.000,0.0000,0.0000,0.0000,0.0000,0.000000,0.0000,0.0000,UNIVER-T-R,,,33200,,0000020030,,,TRUE,7JQS47JOA,1,048430
....................3,TROPHEE---,0000294,2020/09/29,1.000,0.0000,0.0000,0.0000,0.0000,0.000000,0.0000,0.0000,CONSEIL-MA,,,33200,,0000020006,,,TRUE,T9QMWJ3UC,1,048432
....................3,F-DAIGLE--,0000143,2020/09/29,1.000,0.0000,0.0000,0.0000,0.0000,0.000000,0.0000,0.0000,CIUSSS-MCQ,,,33200,,0000020010,,,TRUE,WPTQOC1BE,1,******
....................3,IC2-------,0000280,2020/09/29,1.000,0.0000,0.0000,0.0000,0.0000,0.000000,0.0000,0.0000,CONSEIL-MA,,,33200,,0000020006,,,TRUE,WCEDSW6MN,1,048440
....................4,F-DAIGLE--,0000315,2020/09/29,1.000,0.0000,0.0000,0.0000,0.0000,0.000000,0.0000,0.0000,FIQ-------,,,33200,,0000020012,,,TRUE,3A9HED1CC,1,048415
....................4,ACIER-RAY-,0000322,2020/09/29,1.000,0.0000,0.0000,0.0000,0.0000,0.000000,0.0000,0.0000,CONSEIL-MA,,,33200,,0000020006,,,TRUE,52BBA24UM,1,048428
....................4,CONST-RIVA,0000126,2020/09/29,1.000,0.0000,0.0000,0.0000,0.0000,0.000000,0.0000,0.0000,CIUSSS-MCQ,,,33200,,0000020010,,,TRUE,U1OB2Y2LV,1,******
....................4,CONST-RIVA,0000268,2020/09/29,1.000,0.0000,0.0000,0.0000,0.0000,0.000000,0.0000,0.0000,UNIVER-T-R,,,33200,,0000020030,,,TRUE,7JQS47JOA,1,048430
....................4,TROPHEE---,0000294,2020/09/29,1.000,0.0000,0.0000,0.0000,0.0000,0.000000,0.0000,0.0000,CONSEIL-MA,,,33200,,0000020006,,,TRUE,T9QMWJ3UC,1,048432
....................4,F-DAIGLE--,0000143,2020/09/29,1.000,0.0000,0.0000,0.0000,0.0000,0.000000,0.0000,0.0000,CIUSSS-MCQ,,,33200,,0000020010,,,TRUE,WPTQOC1BE,1,******
....................4,IC2-------,0000280,2020/09/29,1.000,0.0000,0.0000,0.0000,0.0000,0.000000,0.0000,0.0000,CONSEIL-MA,,,33200,,0000020006,,,TRUE,WCEDSW6MN,1,048440
....................5,TROPHEE---,0000294,2020/09/29,30.000,585.0000,29.2500,58.3538,19.5000,0.000000,0.0000,19.5000,CONSEIL-MA,,,33200,,0000020006,,,TRUE,T9QMWJ3UC,1,048432
....................8,ACIER-RAY-,0000322,2020/09/29,1.000,265.0000,13.2500,26.4338,265.0000,0.000000,0.0000,265.0000,CONSEIL-MA,,,33200,,0000020006,,,TRUE,52BBA24UM,1,048428
,VITR-ASBES,0000142,2020/09/30,0.000,14594.4000,729.7200,1455.7914,14594.4000,0.000000,0.0000,14594.4000,CIUSSS-MCQ,,,33500,08000,0000020010,,,TRUE,DFLU9CUYV,1,******
,ISOL-TRIFL,0000135,2020/09/30,0.000,2000.0000,100.0000,199.5000,2000.0000,0.000000,0.0000,2000.0000,CIUSSS-MCQ,,,33500,15080,0000020010,,,TRUE,FW8F3K8YY,1,******
,ELECT-LAUR,0000149,2020/09/30,0.000,2925.0000,146.2500,291.7688,2925.0000,0.000000,0.0000,2925.0000,CONSEIL-MA,,,33500,16000,0000020006,X000000155,,FALSE,83EG0RRXL,1,******
,ENT-MAXIME,0000085,2020/09/30,0.000,23762.5000,1188.1250,2370.3094,23762.5000,0.000000,0.0000,23762.5000,CIUSSS-ADM,,,33200,02300,0000020003,,,TRUE,F20PB9XE3,1,******
,ENT-MAXIME,0000319,2020/09/30,0.000,2355.0000,117.7500,234.9113,2355.0000,0.000000,0.0000,2355.0000,CIUSSS-ADM,,,33500,07000,0000020003,,,TRUE,T54P16X77,1,048643
,COFF-BERGE,0000148,2020/09/30,0.000,5750.0000,287.5000,573.5625,5750.0000,0.000000,0.0000,5750.0000,CIUSSS-ADM,,,33200,03000,0000020003,,,TRUE,4O4XCCBLY,1,048644
,ARMATECH-I,0000337,2020/09/30,0.000,559.0000,27.9500,55.7603,559.0000,0.000000,0.0000,559.0000,CIUSSS-ADM,,,33200,05500,0000020003,,,TRUE,APB2LXPLA,1,******
....................3,VITR-ASBES,0000142,2020/09/30,1.000,0.0000,0.0000,0.0000,0.0000,0.000000,0.0000,0.0000,CIUSSS-MCQ,,,33200,,0000020010,,,TRUE,DFLU9CUYV,1,******
....................3,ENT-MAXIME,0000319,2020/09/30,1.000,0.0000,0.0000,0.0000,0.0000,0.000000,0.0000,0.0000,CIUSSS-ADM,,,33200,,0000020003,,,TRUE,T54P16X77,1,048643
....................3,COFF-BERGE,0000148,2020/09/30,1.000,0.0000,0.0000,0.0000,0.0000,0.000000,0.0000,0.0000,CIUSSS-ADM,,,33200,,0000020003,,,TRUE,4O4XCCBLY,1,048644
....................3,ARMATECH-I,0000337,2020/09/30,1.000,0.0000,0.0000,0.0000,0.0000,0.000000,0.0000,0.0000,CIUSSS-ADM,,,33200,,0000020003,,,TRUE,APB2LXPLA,1,******
....................4,VITR-ASBES,0000142,2020/09/30,1.000,0.0000,0.0000,0.0000,0.0000,0.000000,0.0000,0.0000,CIUSSS-MCQ,,,33200,,0000020010,,,TRUE,DFLU9CUYV,1,******
....................4,ENT-MAXIME,0000319,2020/09/30,1.000,0.0000,0.0000,0.0000,0.0000,0.000000,0.0000,0.0000,CIUSSS-ADM,,,33200,,0000020003,,,TRUE,T54P16X77,1,048643
....................4,COFF-BERGE,0000148,2020/09/30,1.000,0.0000,0.0000,0.0000,0.0000,0.000000,0.0000,0.0000,CIUSSS-ADM,,,33200,,0000020003,,,TRUE,4O4XCCBLY,1,048644
....................4,ARMATECH-I,0000337,2020/09/30,1.000,0.0000,0.0000,0.0000,0.0000,0.000000,0.0000,0.0000,CIUSSS-ADM,,,33200,,0000020003,,,TRUE,APB2LXPLA,1,******
,PLOMB-MTCA,0000112,2020/10/01,0.000,299.9500,14.9975,29.9200,299.9500,0.000000,0.0000,299.9500,PARCS-CANA,,,33500,15401,0000019032,,,TRUE,ODQNI1KI9,1,048495
,PLOMB-MTCA,0000172,2020/10/01,0.000,40495.0000,2024.7500,4039.3763,40495.0000,0.000000,0.0000,40495.0000,SIX-PINTS-,,,33500,15401,0000020020,,,TRUE,RVIMN71YZ,1,******
,ISOL-BOUCH,0000133,2020/10/01,0.000,15389.0000,769.4500,1535.0528,15389.0000,0.000000,0.0000,15389.0000,CIUSSS-MCQ,,,33500,07000,0000020010,,,TRUE,KL3M5A2VW,1,048527
....................3,PLOMB-MTCA,0000112,2020/10/01,1.000,0.0000,0.0000,0.0000,0.0000,0.000000,0.0000,0.0000,PARCS-CANA,,,33200,,0000019032,,,TRUE,ODQNI1KI9,1,048495
....................3,PLOMB-MTCA,0000172,2020/10/01,1.000,0.0000,0.0000,0.0000,0.0000,0.000000,0.0000,0.0000,SIX-PINTS-,,,33200,,0000020020,,,TRUE,RVIMN71YZ,1,******
....................3,ISOL-BOUCH,0000133,2020/10/01,1.000,0.0000,0.0000,0.0000,0.0000,0.000000,0.0000,0.0000,CIUSSS-MCQ,,,33200,,0000020010,,,TRUE,KL3M5A2VW,1,048527
....................4,PLOMB-MTCA,0000112,2020/10/01,1.000,0.0000,0.0000,0.0000,0.0000,0.000000,0.0000,0.0000,PARCS-CANA,,,33200,,0000019032,,,TRUE,ODQNI1KI9,1,048495
....................4,PLOMB-MTCA,0000172,2020/10/01,1.000,0.0000,0.0000,0.0000,0.0000,0.000000,0.0000,0.0000,SIX-PINTS-,,,33200,,0000020020,,,TRUE,RVIMN71YZ,1,******
....................4,ISOL-BOUCH,0000133,2020/10/01,1.000,0.0000,0.0000,0.0000,0.0000,0.000000,0.0000,0.0000,CIUSSS-MCQ,,,33200,,0000020010,,,TRUE,KL3M5A2VW,1,048527
,LG-RENOVAT,0000223,2020/10/02,0.000,4550.0000,227.5000,453.8625,4550.0000,0.000000,0.0000,4550.0000,CSS-CH-ROY,,,33500,08330,0000020026,,,TRUE,367KK41DJ,1,048726
,LG-RENOVAT,0000223,2020/10/02,0.000,972.0000,48.6000,96.9570,972.0000,0.000000,0.0000,972.0000,CSS-CH-ROY,,,33500,08330,0000020026,,,TRUE,367KK41DJ,1,048726
....................3,LG-RENOVAT,0000223,2020/10/02,1.000,0.0000,0.0000,0.0000,0.0000,0.000000,0.0000,0.0000,CSS-CH-ROY,,,33200,,0000020026,,,TRUE,367KK41DJ,1,048726
....................4,LG-RENOVAT,0000223,2020/10/02,1.000,0.0000,0.0000,0.0000,0.0000,0.000000,0.0000,0.0000,CSS-CH-ROY,,,33200,,0000020026,,,TRUE,367KK41DJ,1,048726
,F-DAIGLE--,0000182,2020/10/05,0.000,56160.0000,2808.0000,5601.9600,56160.0000,0.000000,0.0000,56160.0000,CONSEIL-MA,,,33500,08100,0000020006,,,TRUE,Q1F12AF9I,1,******
,ROGER-BELL,0000145,2020/10/06,0.000,30620.0000,1531.0000,3054.3450,30620.0000,0.000000,0.0000,30620.0000,CIUSSS-MCQ,,,33500,07330,0000020010,,,TRUE,DHHQZ5W1N,1,******
,ROGER-BELL,0000145,2020/10/06,0.000,4900.0000,245.0000,488.7750,4900.0000,0.000000,0.0000,4900.0000,CIUSSS-MCQ,,,33500,07330,0000020010,,,TRUE,DHHQZ5W1N,1,******
,D-MATTEAU-,0000168,2020/10/06,0.000,3700.0000,185.0000,369.0750,3700.0000,0.000000,0.0000,3700.0000,C-S-CH-ROY,,,33500,04000,0000020013,,,TRUE,3WECMBZW3,1,048645
....................3,ROGER-BELL,0000145,2020/10/06,1.000,0.0000,0.0000,0.0000,0.0000,0.000000,0.0000,0.0000,CIUSSS-MCQ,,,33200,,0000020010,,,TRUE,DHHQZ5W1N,1,******
....................3,D-MATTEAU-,0000168,2020/10/06,1.000,0.0000,0.0000,0.0000,0.0000,0.000000,0.0000,0.0000,C-S-CH-ROY,,,33200,,0000020013,,,TRUE,3WECMBZW3,1,048645
....................4,ROGER-BELL,0000145,2020/10/06,1.000,0.0000,0.0000,0.0000,0.0000,0.000000,0.0000,0.0000,CIUSSS-MCQ,,,33200,,0000020010,,,TRUE,DHHQZ5W1N,1,******
....................4,D-MATTEAU-,0000168,2020/10/06,1.000,0.0000,0.0000,0.0000,0.0000,0.000000,0.0000,0.0000,C-S-CH-ROY,,,33200,,0000020013,,,TRUE,3WECMBZW3,1,048645
,ROGER-BELL,0000272,2020/10/07,0.000,2050.0000,102.5000,204.4875,2050.0000,0.000000,0.0000,2050.0000,CIUSSS-MCQ,,,33500,07330,0000020010,,,TRUE,6XVXC9AXL,1,048526
....................3,ROGER-BELL,0000272,2020/10/07,1.000,0.0000,0.0000,0.0000,0.0000,0.000000,0.0000,0.0000,CIUSSS-MCQ,,,33200,,0000020010,,,TRUE,6XVXC9AXL,1,048526
....................4,ROGER-BELL,0000272,2020/10/07,1.000,0.0000,0.0000,0.0000,0.0000,0.000000,0.0000,0.0000,CIUSSS-MCQ,,,33200,,0000020010,,,TRUE,6XVXC9AXL,1,048526
,ARMECO----,0000178,2020/10/08,0.000,3325.0000,166.2500,331.6688,3325.0000,0.000000,0.0000,3325.0000,CONSEIL-MA,,,33200,10800,0000020006,,,TRUE,2K2NEBAU7,1,048584
....................3,ARMECO----,0000178,2020/10/08,1.000,0.0000,0.0000,0.0000,0.0000,0.000000,0.0000,0.0000,CONSEIL-MA,,,33200,,0000020006,,,TRUE,2K2NEBAU7,1,048584
....................4,ARMECO----,0000178,2020/10/08,1.000,0.0000,0.0000,0.0000,0.0000,0.000000,0.0000,0.0000,CONSEIL-MA,,,33200,,0000020006,,,TRUE,2K2NEBAU7,1,048584
,ARMECO----,0000327,2020/10/13,0.000,1900.0000,95.0000,189.5250,1900.0000,0.000000,0.0000,1900.0000,CONSEIL-MA,,,33200,07330,0000020006,,,TRUE,3EIAW74O5,1,048608
,ARMECO----,0000259,2020/10/13,0.000,160.0000,8.0000,15.9600,160.0000,0.000000,0.0000,160.0000,UNIVER-T-R,,,33200,10260,0000020030,,,TRUE,TQPEGK6SB,1,048609
....................3,ARMECO----,0000327,2020/10/13,1.000,0.0000,0.0000,0.0000,0.0000,0.000000,0.0000,0.0000,CONSEIL-MA,,,33200,,0000020006,,,TRUE,3EIAW74O5,1,048608
....................3,ARMECO----,0000259,2020/10/13,1.000,0.0000,0.0000,0.0000,0.0000,0.000000,0.0000,0.0000,UNIVER-T-R,,,33200,,0000020030,,,TRUE,TQPEGK6SB,1,048609
....................4,ARMECO----,0000327,2020/10/13,1.000,0.0000,0.0000,0.0000,0.0000,0.000000,0.0000,0.0000,CONSEIL-MA,,,33200,,0000020006,,,TRUE,3EIAW74O5,1,048608
....................4,ARMECO----,0000259,2020/10/13,1.000,0.0000,0.0000,0.0000,0.0000,0.000000,0.0000,0.0000,UNIVER-T-R,,,33200,,0000020030,,,TRUE,TQPEGK6SB,1,048609
,PATLIN----,0000120,2020/10/15,0.000,264.2500,13.2125,26.3589,264.2500,0.000000,0.0000,264.2500,CIUSSS-MCQ,,,33200,06100,0000020010,,,TRUE,ILXNKKRN7,1,048583
,F-DAIGLE--,0000182,2020/10/15,0.000,3750.0000,187.5000,374.0625,3750.0000,0.000000,0.0000,3750.0000,CONSEIL-MA,,,33500,08100,0000020006,,,TRUE,2FG0IY882,1,******
,CHARTRAY-R,0000144,2020/10/15,0.000,19482.5400,974.1270,1943.3834,19482.5400,0.000000,0.0000,19482.5400,CIUSSS-MCQ,,,33500,15700,0000020010,,,TRUE,JQXVNPYZE,1,******
....................3,PATLIN----,0000120,2020/10/15,1.000,0.0000,0.0000,0.0000,0.0000,0.000000,0.0000,0.0000,CIUSSS-MCQ,,,33200,,0000020010,,,TRUE,ILXNKKRN7,1,048583
....................3,F-DAIGLE--,0000182,2020/10/15,1.000,0.0000,0.0000,0.0000,0.0000,0.000000,0.0000,0.0000,CONSEIL-MA,,,33200,,0000020006,,,TRUE,2FG0IY882,1,******
....................4,PATLIN----,0000120,2020/10/15,1.000,0.0000,0.0000,0.0000,0.0000,0.000000,0.0000,0.0000,CIUSSS-MCQ,,,33200,,0000020010,,,TRUE,ILXNKKRN7,1,048583
....................4,F-DAIGLE--,0000182,2020/10/15,1.000,0.0000,0.0000,0.0000,0.0000,0.000000,0.0000,0.0000,CONSEIL-MA,,,33200,,0000020006,,,TRUE,2FG0IY882,1,******
,NOUVEL-HOR,0000092,2020/10/20,0.000,35000.0000,1750.0000,3491.2500,35000.0000,0.000000,0.0000,35000.0000,CONSEIL-MA,,,33500,08100,0000020006,,,TRUE,5KMGAR69W,1,048610
,NOUVEL-HOR,0000092,2020/10/20,0.000,35000.0000,1750.0000,3491.2500,35000.0000,0.000000,0.0000,35000.0000,CONSEIL-MA,,,33500,08560,0000020006,,,TRUE,5KMGAR69W,1,048610
,BOULAY----,0000334,2020/10/20,0.000,28.6000,1.4300,2.8529,28.6000,0.000000,0.0000,28.6000,CIUSSS-MCQ,,,33200,25001,0000020010,,,TRUE,5AH0THDQ7,1,048612
,AMEUBL-STY,0000229,2020/10/20,0.000,7000.0000,350.0000,698.2500,7000.0000,0.000000,0.0000,7000.0000,CSS-CH-ROY,,,33500,06400,0000020026,,,TRUE,TJI3MYUNN,1,048631
....................3,NOUVEL-HOR,0000092,2020/10/20,1.000,0.0000,0.0000,0.0000,0.0000,0.000000,0.0000,0.0000,CONSEIL-MA,,,33200,,0000020006,,,TRUE,5KMGAR69W,1,048610
....................3,BOULAY----,0000123,2020/10/20,1.000,1.0000,0.0500,0.0998,1.0000,0.000000,0.0000,1.0000,CIUSSS-MCQ,,,33200,,0000020010,,,TRUE,JQ6SP4RRS,1,048611
....................3,BOULAY----,0000334,2020/10/20,1.000,0.0000,0.0000,0.0000,0.0000,0.000000,0.0000,0.0000,CIUSSS-MCQ,,,33200,,0000020010,,,TRUE,5AH0THDQ7,1,048612
....................3,AMEUBL-STY,0000229,2020/10/20,1.000,1.0000,0.0500,0.0998,1.0000,0.000000,0.0000,1.0000,CSS-CH-ROY,,,33200,,0000020026,,,TRUE,TJI3MYUNN,1,048631
....................4,NOUVEL-HOR,0000092,2020/10/20,1.000,0.0000,0.0000,0.0000,0.0000,0.000000,0.0000,0.0000,CONSEIL-MA,,,33200,,0000020006,,,TRUE,5KMGAR69W,1,048610
....................4,BOULAY----,0000123,2020/10/20,1.000,0.0000,0.0000,0.0000,0.0000,0.000000,0.0000,0.0000,CIUSSS-MCQ,,,33200,,0000020010,,,TRUE,JQ6SP4RRS,1,048611
....................4,BOULAY----,0000334,2020/10/20,1.000,0.0000,0.0000,0.0000,0.0000,0.000000,0.0000,0.0000,CIUSSS-MCQ,,,33200,,0000020010,,,TRUE,5AH0THDQ7,1,048612
....................4,AMEUBL-STY,0000229,2020/10/20,1.000,1.0000,0.0500,0.0998,1.0000,0.000000,0.0000,1.0000,CSS-CH-ROY,,,33200,,0000020026,,,TRUE,TJI3MYUNN,1,048631
.................0002,BOULAY----,0000123,2020/10/20,22.000,621.2800,31.0640,61.9727,28.2400,0.000000,0.0000,28.2400,CIUSSS-MCQ,,,33200,,0000020010,,,TRUE,JQ6SP4RRS,1,048611
.................0002,BOULAY----,0000123,2020/10/20,6.000,577.4400,28.8720,57.5996,96.2400,0.000000,0.0000,96.2400,CIUSSS-MCQ,,,33200,,0000020010,,,TRUE,JQ6SP4RRS,1,048611
.................0002,BOULAY----,0000123,2020/10/20,1.000,409.7500,20.4875,40.8726,409.7500,0.000000,0.0000,409.7500,CIUSSS-MCQ,,,33200,,0000020010,,,TRUE,JQ6SP4RRS,1,048611
.................0002,BOULAY----,0000123,2020/10/20,1.000,2247.0000,112.3500,224.1383,2247.0000,0.000000,0.0000,2247.0000,CIUSSS-MCQ,,,33200,,0000020010,,,TRUE,JQ6SP4RRS,1,048611
,ASP-CONTRO,0000355,2020/10/22,0.000,1888.4200,94.4210,188.3699,1888.4200,0.000000,0.0000,1888.4200,CIUSSS-ADM,,,33500,25001,0000020003,,,TRUE,PZYFX56G4,1,048646
....................3,ASP-CONTRO,0000355,2020/10/22,1.000,0.0000,0.0000,0.0000,0.0000,0.000000,0.0000,0.0000,CIUSSS-ADM,,,33200,,0000020003,,,TRUE,PZYFX56G4,1,048646
....................4,ASP-CONTRO,0000355,2020/10/22,1.000,0.0000,0.0000,0.0000,0.0000,0.000000,0.0000,0.0000,CIUSSS-ADM,,,33200,,0000020003,,,TRUE,PZYFX56G4,1,048646
,REINE-COUV,0000121,2020/10/23,0.000,1297.5700,64.8785,129.4326,1297.5700,0.000000,0.0000,1297.5700,CIUSSS-MCQ,,,33500,09300,0000020010,,,TRUE,6A6Y9NLJ8,1,048679
,PLOMB-SOLU,0000096,2020/10/25,0.000,24385.5000,1219.2750,2432.4536,24385.5000,0.000000,0.0000,24385.5000,CONSEIL-MA,,,33500,15400,0000020006,,,TRUE,4WDBEC4BK,1,******
....................3,PLOMB-SOLU,0000096,2020/10/25,1.000,0.0000,0.0000,0.0000,0.0000,0.000000,0.0000,0.0000,CONSEIL-MA,,,33200,,0000020006,,,TRUE,4WDBEC4BK,1,******
....................4,PLOMB-SOLU,0000096,2020/10/25,1.000,0.0000,0.0000,0.0000,0.0000,0.000000,0.0000,0.0000,CONSEIL-MA,,,33200,,0000020006,,,TRUE,4WDBEC4BK,1,******
,JEAN-CARON,0000335,2020/10/26,0.000,641.0000,32.0500,63.9398,641.0000,0.000000,0.0000,641.0000,UNIVER-T-R,,,33500,25001,0000019047,,,TRUE,14G4HT96N,1,048667
,JEAN-CARON,0000134,2020/10/26,0.000,13183.2000,659.1600,1315.0242,13183.2000,0.000000,0.0000,13183.2000,CIUSSS-MCQ,,,33500,16000,0000020010,,,TRUE,PCMFT6OBH,1,******
,MULTI-ENER,0000265,2020/10/26,0.000,2590.0000,129.5000,258.3525,2590.0000,0.000000,0.0000,2590.0000,UNIVER-T-R,,,33500,15700,0000020030,,,TRUE,JQJYULJEF,1,******
,MULTI-ENER,0000265,2020/10/26,0.000,4405.0000,220.2500,439.3988,4405.0000,0.000000,0.0000,4405.0000,UNIVER-T-R,,,33500,15900,0000020030,,,TRUE,JQJYULJEF,1,******
,MULTI-ENER,0000264,2020/10/26,0.000,825.0500,41.2525,82.2987,825.0500,0.000000,0.0000,825.0500,UNIVER-T-R,,,33500,15400,0000020030,,,TRUE,4ISRSTJP3,1,******
,REGULVAR--,0000136,2020/10/26,0.000,10425.6000,521.2800,1039.9536,10425.6000,0.000000,0.0000,10425.6000,CIUSSS-MCQ,,,33500,13400,0000020010,,,TRUE,AGIVKW5J2,1,******
,REINE-COUV,0000141,2020/10/26,0.000,7000.0000,350.0000,698.2500,7000.0000,0.000000,0.0000,7000.0000,CIUSSS-MCQ,,,33500,09300,0000020010,,,TRUE,UZIONOFYZ,1,******
,REINE-COUV,0000121,2020/10/26,0.000,1297.5700,64.8785,129.4326,1297.5700,0.000000,0.0000,1297.5700,CIUSSS-MCQ,,,33500,09300,0000020010,,,TRUE,8UBEDFURB,1,048679
,QUINC-PORT,0000263,2020/10/26,0.000,2910.0000,145.5000,290.2725,2910.0000,0.000000,0.0000,2910.0000,UNIVER-T-R,,,33200,08110,0000020030,,,TRUE,JMOLP068P,1,048680
,QUINC-PORT,0000320,2020/10/26,0.000,-216.0000,-10.8000,-21.5460,-216.0000,0.000000,0.0000,-216.0000,UNIVER-T-R,,,33200,25001,0000020030,,,TRUE,STCUDQD8D,1,048681
,ENT-ARSENE,0000137,2020/10/26,0.000,18450.0000,922.5000,1840.3875,18450.0000,0.000000,0.0000,18450.0000,CIUSSS-MCQ,,,33500,15401,0000020010,,,TRUE,VWN4JCMRL,1,******
,ENT-ARSENE,0000316,2020/10/26,0.000,3328.2400,166.4120,331.9919,3328.2400,0.000000,0.0000,3328.2400,CIUSSS-MCQ,,,33500,25001,0000020010,,,TRUE,YZTG7LQX4,1,048683
,JEAN-CARON,0000339,2020/10/26,0.000,642.0000,32.1000,64.0395,642.0000,0.000000,0.0000,642.0000,CIUSSS-MCQ,,,33500,25001,0000020010,X000000347,,FALSE,ZYPCJ9LG0,1,
,JEAN-CARON,0000317,2020/10/26,0.000,4851.0000,242.5500,483.8873,4851.0000,0.000000,0.0000,4851.0000,CIUSSS-MCQ,,,33500,25001,0000020010,X000000325,,FALSE,PA94TRBH8,1,
,JEAN-CARON,0000318,2020/10/26,0.000,996.0000,49.8000,99.3510,996.0000,0.000000,0.0000,996.0000,CIUSSS-MCQ,,,33500,25001,0000020010,X000000326,,FALSE,OOKMD43G6,1,
,ENT-ARSENE,0000358,2020/10/26,0.000,403.4300,20.1715,40.2421,403.4300,0.000000,0.0000,403.4300,CIUSSS-MCQ,,,33500,25001,0000020010,,,TRUE,5PBLK2BJM,1,048685
,PERI-TECH-,0000138,2020/10/26,0.000,2147.4000,107.3700,214.2032,2147.4000,0.000000,0.0000,2147.4000,CIUSSS-MCQ,,,33500,13930,0000020010,,,TRUE,3F6GG5CZG,1,******
,AMEUBL-STY,0000129,2020/10/26,0.000,13520.0000,676.0000,1348.6200,13520.0000,0.000000,0.0000,13520.0000,CIUSSS-MCQ,,,33500,06400,0000020010,,,TRUE,BCREIFU5G,1,******
,AMEUBL-STY,0000365,2020/10/26,0.000,359.3800,17.9690,35.8482,359.3800,0.000000,0.0000,359.3800,CIUSSS-MCQ,,,33500,25001,0000020010,,,TRUE,6OCP59U17,1,048688
,REINE-COUV,0000141,2020/10/26,0.000,7000.0000,350.0000,698.2500,7000.0000,0.000000,0.0000,7000.0000,CIUSSS-MCQ,,,33500,09300,0000020010,X000000147,,FALSE,X7M9F6LZN,1,******
,MULTI-ENER,0000264,2020/10/26,0.000,2874.9500,143.7475,286.7763,2874.9500,0.000000,0.0000,2874.9500,UNIVER-T-R,,,33500,15400,0000020030,,,TRUE,KK8ACDU1I,1,******
,ELECT-LAUR,0000149,2020/10/26,0.000,110000.0000,5500.0000,10972.5000,110000.0000,0.000000,0.0000,110000.0000,CONSEIL-MA,,,33500,16000,0000020006,,,TRUE,X6IB7LABS,1,******
,PLOMB-MTCA,0000215,2020/10/26,0.000,515.0000,25.7500,51.3713,515.0000,0.000000,0.0000,515.0000,PLACEMENT-,,,33500,15401,0000020012,X000000222,,FALSE,EGO9BUASS,1,
,PLOMB-MTCA,0000240,2020/10/26,0.000,410.5200,20.5260,40.9494,410.5200,0.000000,0.0000,410.5200,PLACEMENT-,,,33500,15401,0000020012,X000000248,,FALSE,LGRHQGD4P,1,
,PLOMB-MTCA,0000183,2020/10/26,0.000,8855.0000,442.7500,883.2863,8855.0000,0.000000,0.0000,8855.0000,PLACEMENT-,,,33500,15401,0000020012,X000000190,,FALSE,MF83F1IKD,1,
,CONST-RIVA,0000126,2020/10/26,0.000,5726.9200,286.3460,571.2603,5726.9200,0.000000,0.0000,5726.9200,CIUSSS-MCQ,,,33500,09000,0000020010,,,TRUE,JR5KZAEP6,1,******
....................3,JEAN-CARON,0000335,2020/10/26,1.000,0.0000,0.0000,0.0000,0.0000,0.000000,0.0000,0.0000,UNIVER-T-R,,,33200,,0000019047,,,TRUE,14G4HT96N,1,048667
....................3,MULTI-ENER,0000265,2020/10/26,1.000,0.0000,0.0000,0.0000,0.0000,0.000000,0.0000,0.0000,UNIVER-T-R,,,33200,,0000020030,,,TRUE,JQJYULJEF,1,******
....................3,REGULVAR--,0000136,2020/10/26,1.000,0.0000,0.0000,0.0000,0.0000,0.000000,0.0000,0.0000,CIUSSS-MCQ,,,33200,,0000020010,,,TRUE,AGIVKW5J2,1,******
....................3,REINE-COUV,0000141,2020/10/26,1.000,0.0000,0.0000,0.0000,0.0000,0.000000,0.0000,0.0000,CIUSSS-MCQ,,,33200,,0000020010,,,TRUE,UZIONOFYZ,1,******
....................3,REINE-COUV,0000121,2020/10/26,1.000,0.0000,0.0000,0.0000,0.0000,0.000000,0.0000,0.0000,CIUSSS-MCQ,,,33200,,0000020010,,,TRUE,8UBEDFURB,1,048679
....................3,QUINC-PORT,0000263,2020/10/26,1.000,0.0000,0.0000,0.0000,0.0000,0.000000,0.0000,0.0000,UNIVER-T-R,,,33200,,0000020030,,,TRUE,JMOLP068P,1,048680
....................3,QUINC-PORT,0000320,2020/10/26,1.000,0.0000,0.0000,0.0000,0.0000,0.000000,0.0000,0.0000,UNIVER-T-R,,,33200,,0000020030,,,TRUE,STCUDQD8D,1,048681
....................3,ENT-ARSENE,0000137,2020/10/26,1.000,0.0000,0.0000,0.0000,0.0000,0.000000,0.0000,0.0000,CIUSSS-MCQ,,,33200,,0000020010,,,TRUE,VWN4JCMRL,1,******
....................3,ENT-ARSENE,0000316,2020/10/26,1.000,0.0000,0.0000,0.0000,0.0000,0.000000,0.0000,0.0000,CIUSSS-MCQ,,,33200,,0000020010,,,TRUE,YZTG7LQX4,1,048683
....................3,JEAN-CARON,0000339,2020/10/26,1.000,0.0000,0.0000,0.0000,0.0000,0.000000,0.0000,0.0000,CIUSSS-MCQ,,,33200,,0000020010,,,FALSE,ZYPCJ9LG0,1,
....................3,JEAN-CARON,0000317,2020/10/26,1.000,0.0000,0.0000,0.0000,0.0000,0.000000,0.0000,0.0000,CIUSSS-MCQ,,,33200,,0000020010,,,FALSE,PA94TRBH8,1,
....................3,JEAN-CARON,0000318,2020/10/26,1.000,0.0000,0.0000,0.0000,0.0000,0.000000,0.0000,0.0000,CIUSSS-MCQ,,,33200,,0000020010,,,FALSE,OOKMD43G6,1,
....................3,ENT-ARSENE,0000358,2020/10/26,1.000,0.0000,0.0000,0.0000,0.0000,0.000000,0.0000,0.0000,CIUSSS-MCQ,,,33200,,0000020010,,,TRUE,5PBLK2BJM,1,048685
....................3,PERI-TECH-,0000138,2020/10/26,1.000,0.0000,0.0000,0.0000,0.0000,0.000000,0.0000,0.0000,CIUSSS-MCQ,,,33200,,0000020010,,,TRUE,3F6GG5CZG,1,******
....................3,AMEUBL-STY,0000129,2020/10/26,1.000,0.0000,0.0000,0.0000,0.0000,0.000000,0.0000,0.0000,CIUSSS-MCQ,,,33200,,0000020010,,,TRUE,BCREIFU5G,1,******
....................3,AMEUBL-STY,0000365,2020/10/26,1.000,0.0000,0.0000,0.0000,0.0000,0.000000,0.0000,0.0000,CIUSSS-MCQ,,,33200,,0000020010,,,TRUE,6OCP59U17,1,048688
....................3,ELECT-LAUR,0000149,2020/10/26,1.000,0.0000,0.0000,0.0000,0.0000,0.000000,0.0000,0.0000,CONSEIL-MA,,,33200,,0000020006,,,TRUE,X6IB7LABS,1,******
....................3,PLOMB-MTCA,0000215,2020/10/26,1.000,0.0000,0.0000,0.0000,0.0000,0.000000,0.0000,0.0000,PLACEMENT-,,,33200,,0000020012,,,FALSE,EGO9BUASS,1,
....................3,PLOMB-MTCA,0000240,2020/10/26,1.000,0.0000,0.0000,0.0000,0.0000,0.000000,0.0000,0.0000,PLACEMENT-,,,33200,,0000020012,,,FALSE,LGRHQGD4P,1,
....................3,PLOMB-MTCA,0000183,2020/10/26,1.000,0.0000,0.0000,0.0000,0.0000,0.000000,0.0000,0.0000,PLACEMENT-,,,33200,,0000020012,,,FALSE,MF83F1IKD,1,
....................4,JEAN-CARON,0000335,2020/10/26,1.000,0.0000,0.0000,0.0000,0.0000,0.000000,0.0000,0.0000,UNIVER-T-R,,,33200,,0000019047,,,TRUE,14G4HT96N,1,048667
....................4,MULTI-ENER,0000265,2020/10/26,1.000,0.0000,0.0000,0.0000,0.0000,0.000000,0.0000,0.0000,UNIVER-T-R,,,33200,,0000020030,,,TRUE,JQJYULJEF,1,******
....................4,REGULVAR--,0000136,2020/10/26,1.000,0.0000,0.0000,0.0000,0.0000,0.000000,0.0000,0.0000,CIUSSS-MCQ,,,33200,,0000020010,,,TRUE,AGIVKW5J2,1,******
....................4,REINE-COUV,0000141,2020/10/26,1.000,0.0000,0.0000,0.0000,0.0000,0.000000,0.0000,0.0000,CIUSSS-MCQ,,,33200,,0000020010,,,TRUE,UZIONOFYZ,1,******
....................4,REINE-COUV,0000121,2020/10/26,1.000,0.0000,0.0000,0.0000,0.0000,0.000000,0.0000,0.0000,CIUSSS-MCQ,,,33200,,0000020010,,,TRUE,8UBEDFURB,1,048679
....................4,QUINC-PORT,0000263,2020/10/26,1.000,0.0000,0.0000,0.0000,0.0000,0.000000,0.0000,0.0000,UNIVER-T-R,,,33200,,0000020030,,,TRUE,JMOLP068P,1,048680
....................4,QUINC-PORT,0000320,2020/10/26,1.000,0.0000,0.0000,0.0000,0.0000,0.000000,0.0000,0.0000,UNIVER-T-R,,,33200,,0000020030,,,TRUE,STCUDQD8D,1,048681
....................4,ENT-ARSENE,0000137,2020/10/26,1.000,0.0000,0.0000,0.0000,0.0000,0.000000,0.0000,0.0000,CIUSSS-MCQ,,,33200,,0000020010,,,TRUE,VWN4JCMRL,1,******
....................4,ENT-ARSENE,0000316,2020/10/26,1.000,0.0000,0.0000,0.0000,0.0000,0.000000,0.0000,0.0000,CIUSSS-MCQ,,,33200,,0000020010,,,TRUE,YZTG7LQX4,1,048683
....................4,JEAN-CARON,0000339,2020/10/26,1.000,0.0000,0.0000,0.0000,0.0000,0.000000,0.0000,0.0000,CIUSSS-MCQ,,,33200,,0000020010,,,FALSE,ZYPCJ9LG0,1,
....................4,JEAN-CARON,0000317,2020/10/26,1.000,0.0000,0.0000,0.0000,0.0000,0.000000,0.0000,0.0000,CIUSSS-MCQ,,,33200,,0000020010,,,FALSE,PA94TRBH8,1,
....................4,JEAN-CARON,0000318,2020/10/26,1.000,0.0000,0.0000,0.0000,0.0000,0.000000,0.0000,0.0000,CIUSSS-MCQ,,,33200,,0000020010,,,FALSE,OOKMD43G6,1,
....................4,ENT-ARSENE,0000358,2020/10/26,1.000,0.0000,0.0000,0.0000,0.0000,0.000000,0.0000,0.0000,CIUSSS-MCQ,,,33200,,0000020010,,,TRUE,5PBLK2BJM,1,048685
....................4,PERI-TECH-,0000138,2020/10/26,1.000,0.0000,0.0000,0.0000,0.0000,0.000000,0.0000,0.0000,CIUSSS-MCQ,,,33200,,0000020010,,,TRUE,3F6GG5CZG,1,******
....................4,AMEUBL-STY,0000129,2020/10/26,1.000,0.0000,0.0000,0.0000,0.0000,0.000000,0.0000,0.0000,CIUSSS-MCQ,,,33200,,0000020010,,,TRUE,BCREIFU5G,1,******
....................4,AMEUBL-STY,0000365,2020/10/26,1.000,0.0000,0.0000,0.0000,0.0000,0.000000,0.0000,0.0000,CIUSSS-MCQ,,,33200,,0000020010,,,TRUE,6OCP59U17,1,048688
....................4,ELECT-LAUR,0000149,2020/10/26,1.000,0.0000,0.0000,0.0000,0.0000,0.000000,0.0000,0.0000,CONSEIL-MA,,,33200,,0000020006,,,TRUE,X6IB7LABS,1,******
....................4,PLOMB-MTCA,0000215,2020/10/26,1.000,0.0000,0.0000,0.0000,0.0000,0.000000,0.0000,0.0000,PLACEMENT-,,,33200,,0000020012,,,FALSE,EGO9BUASS,1,
....................4,PLOMB-MTCA,0000240,2020/10/26,1.000,0.0000,0.0000,0.0000,0.0000,0.000000,0.0000,0.0000,PLACEMENT-,,,33200,,0000020012,,,FALSE,LGRHQGD4P,1,
....................4,PLOMB-MTCA,0000183,2020/10/26,1.000,0.0000,0.0000,0.0000,0.0000,0.000000,0.0000,0.0000,PLACEMENT-,,,33200,,0000020012,,,FALSE,MF83F1IKD,1,
,YOUNG-ELEC,0000257,2020/10/27,0.000,16182.0000,809.1000,1614.1545,16182.0000,0.000000,0.0000,16182.0000,UNIVER-T-R,,,33500,16000,0000020030,,,TRUE,XSR9N8E9N,1,******
,YOUNG-ELEC,0000257,2020/10/27,0.000,1985.0000,99.2500,198.0038,1985.0000,0.000000,0.0000,1985.0000,UNIVER-T-R,,,33500,16000,0000020030,,,TRUE,H0M4BY1ZL,1,******
....................3,YOUNG-ELEC,0000257,2020/10/27,1.000,0.0000,0.0000,0.0000,0.0000,0.000000,0.0000,0.0000,UNIVER-T-R,,,33200,,0000020030,,,TRUE,XSR9N8E9N,1,******
....................4,YOUNG-ELEC,0000257,2020/10/27,1.000,0.0000,0.0000,0.0000,0.0000,0.000000,0.0000,0.0000,UNIVER-T-R,,,33200,,0000020030,,,TRUE,XSR9N8E9N,1,******
,ARMECO----,0000349,2020/10/28,0.000,260.0000,13.0000,25.9350,260.0000,0.000000,0.0000,260.0000,UNIVER-T-R,,,33200,10800,0000020030,,,TRUE,XI49TOSQP,1,048942
....................3,ARMECO----,0000349,2020/10/28,1.000,0.0000,0.0000,0.0000,0.0000,0.000000,0.0000,0.0000,UNIVER-T-R,,,33200,,0000020030,,,TRUE,XI49TOSQP,1,048942
....................4,ARMECO----,0000349,2020/10/28,1.000,0.0000,0.0000,0.0000,0.0000,0.000000,0.0000,0.0000,UNIVER-T-R,,,33200,,0000020030,,,TRUE,XI49TOSQP,1,048942
,ART-MASSIF,0000147,2020/10/29,0.000,60933.9500,3046.6975,6078.1615,60933.9500,0.000000,0.0000,60933.9500,CONSEIL-MA,,,33200,06100,0000020006,,,TRUE,MBFAEX0CC,1,******
,GHISLAIN-C,0000267,2020/10/29,0.000,4500.0000,225.0000,448.8750,4500.0000,0.000000,0.0000,4500.0000,UNIVER-T-R,,,33500,09910,0000020030,,,TRUE,IDO38K3NM,1,048768
....................3,GHISLAIN-C,0000267,2020/10/29,1.000,0.0000,0.0000,0.0000,0.0000,0.000000,0.0000,0.0000,UNIVER-T-R,,,33200,,0000020030,,,TRUE,IDO38K3NM,1,048768
....................4,GHISLAIN-C,0000267,2020/10/29,1.000,0.0000,0.0000,0.0000,0.0000,0.000000,0.0000,0.0000,UNIVER-T-R,,,33200,,0000020030,,,TRUE,IDO38K3NM,1,048768
,CONST-PROS,0000091,2020/10/30,0.000,420.0000,21.0000,41.8950,420.0000,0.000000,0.0000,420.0000,CONSEIL-MA,,,33500,15400,0000020006,,,TRUE,7OJBJCQXQ,1,******
,CONST-PROS,0000091,2020/10/30,0.000,3780.0000,189.0000,377.0550,3780.0000,0.000000,0.0000,3780.0000,CONSEIL-MA,,,33500,15400,0000020006,,,TRUE,00P4R8JNE,1,******
....................3,CONST-PROS,0000091,2020/10/30,1.000,0.0000,0.0000,0.0000,0.0000,0.000000,0.0000,0.0000,CONSEIL-MA,,,33200,,0000020006,,,TRUE,7OJBJCQXQ,1,******
....................4,CONST-PROS,0000091,2020/10/30,1.000,0.0000,0.0000,0.0000,0.0000,0.000000,0.0000,0.0000,CONSEIL-MA,,,33200,,0000020006,,,TRUE,7OJBJCQXQ,1,******
,ELECT-LAUR,0000149,2020/10/31,0.000,110000.0000,5500.0000,10972.5000,110000.0000,0.000000,0.0000,110000.0000,CONSEIL-MA,,,33500,16000,0000020006,,,TRUE,NWOXHTNFC,1,******
,NICO-METAL,0000042,2020/10/31,0.000,71709.3000,3585.4650,7153.0027,71709.3000,0.000000,0.0000,71709.3000,CIUSSS-ADM,,,33500,05120,0000020003,,,TRUE,E7KCCVVSH,1,******
,ENT-MAXIME,0000085,2020/10/31,0.000,4752.5000,237.6250,474.0619,4752.5000,0.000000,0.0000,4752.5000,CIUSSS-ADM,,,33200,02300,0000020003,,,TRUE,3VM16ASPI,1,******
,ENT-MAXIME,0000151,2020/10/31,0.000,57782.0600,2889.1030,5763.7605,57782.0600,0.000000,0.0000,57782.0600,CONSEIL-MA,,,33500,03100,0000020006,,,TRUE,ORYT1MBGS,1,******
,ISOL-TRIFL,0000135,2020/11/01,0.000,1500.0000,75.0000,149.6250,1500.0000,0.000000,0.0000,1500.0000,CIUSSS-MCQ,,,33500,15080,0000020010,,,TRUE,V5QWT6A2I,1,******
,VITR-ASBES,0000213,2020/11/01,0.000,16875.0000,843.7500,1683.2813,16875.0000,0.000000,0.0000,16875.0000,CONSEIL-MA,,,33500,08900,0000020006,,,TRUE,B50434MQU,1,******
,ELECT-LAUR,0000149,2020/11/01,0.000,99000.0000,4950.0000,9875.2500,99000.0000,0.000000,0.0000,99000.0000,CONSEIL-MA,,,33500,16000,0000020006,X000000155,,FALSE,TU3JFSHRT,1,******
,SIDE-ACOUS,0000090,2020/11/01,0.000,85000.0000,4250.0000,8478.7500,85000.0000,0.000000,0.0000,85000.0000,CONSEIL-MA,,,33500,09200,0000020006,,,TRUE,Z5YWD3D35,1,******
,ARMATECH-I,0000046,2020/11/01,0.000,8833.5000,441.6750,881.1416,8833.5000,0.000000,0.0000,8833.5000,CIUSSS-ADM,,,33200,05500,0000020003,,,TRUE,UCHRWCZP9,1,******
,GHISLAIN-C,0000158,2020/11/01,0.000,1575.0000,78.7500,157.1063,1575.0000,0.000000,0.0000,1575.0000,C-S-CH-ROY,,,33500,09900,0000020013,,,TRUE,AU5LGX4TI,1,048885
,ASP-CONTRO,0000039,2020/11/01,0.000,13500.0000,675.0000,1346.6250,13500.0000,0.000000,0.0000,13500.0000,CIUSSS-ADM,,,33500,16000,0000020003,,,TRUE,ZUERCRAHY,1,******
,MAC-ELC---,0000035,2020/11/01,0.000,9918.2000,495.9100,989.3405,9918.2000,0.000000,0.0000,9918.2000,CIUSSS-ADM,,,33500,04000,0000020003,,,TRUE,Z0RNF882C,1,******
,QUINC-PORT,0000045,2020/11/01,0.000,2000.0000,100.0000,199.5000,2000.0000,0.000000,0.0000,2000.0000,CIUSSS-ADM,,,33200,08700,0000020003,X000000048,,FALSE,KY08CKJ0G,1,
,ASP-CONTRO,0000039,2020/11/01,0.000,40423.5000,2021.1750,4032.2441,40423.5000,0.000000,0.0000,40423.5000,CIUSSS-ADM,,,33500,16000,0000020003,,,TRUE,497KVFHUW,1,******
,GOUT-PT-QC,0000340,2020/11/01,0.000,1073.4000,53.6700,107.0717,1073.4000,0.000000,0.0000,1073.4000,PARCS-CANA,,,33500,00400,0000020024,X000000348,,FALSE,UCGKINFHY,1,
....................3,VITR-ASBES,0000213,2020/11/01,1.000,0.0000,0.0000,0.0000,0.0000,0.000000,0.0000,0.0000,CONSEIL-MA,,,33200,,0000020006,,,TRUE,B50434MQU,1,******
....................3,SIDE-ACOUS,0000090,2020/11/01,1.000,0.0000,0.0000,0.0000,0.0000,0.000000,0.0000,0.0000,CONSEIL-MA,,,33200,,0000020006,,,TRUE,Z5YWD3D35,1,******
....................3,GHISLAIN-C,0000158,2020/11/01,1.000,0.0000,0.0000,0.0000,0.0000,0.000000,0.0000,0.0000,C-S-CH-ROY,,,33200,,0000020013,,,TRUE,AU5LGX4TI,1,048885
....................3,GOUT-PT-QC,0000340,2020/11/01,1.000,0.0000,0.0000,0.0000,0.0000,0.000000,0.0000,0.0000,PARCS-CANA,,,33200,,0000020024,,,FALSE,UCGKINFHY,1,
....................4,VITR-ASBES,0000213,2020/11/01,1.000,0.0000,0.0000,0.0000,0.0000,0.000000,0.0000,0.0000,CONSEIL-MA,,,33200,,0000020006,,,TRUE,B50434MQU,1,******
....................4,SIDE-ACOUS,0000090,2020/11/01,1.000,0.0000,0.0000,0.0000,0.0000,0.000000,0.0000,0.0000,CONSEIL-MA,,,33200,,0000020006,,,TRUE,Z5YWD3D35,1,******
....................4,GHISLAIN-C,0000158,2020/11/01,1.000,0.0000,0.0000,0.0000,0.0000,0.000000,0.0000,0.0000,C-S-CH-ROY,,,33200,,0000020013,,,TRUE,AU5LGX4TI,1,048885
....................4,GOUT-PT-QC,0000340,2020/11/01,1.000,0.0000,0.0000,0.0000,0.0000,0.000000,0.0000,0.0000,PARCS-CANA,,,33200,,0000020024,,,FALSE,UCGKINFHY,1,
,ACIER-RAY-,0000377,2020/11/05,0.000,480.0000,24.0000,47.8800,480.0000,0.000000,0.0000,480.0000,SIX-PINTS-,,,33200,03000,0000020039,,,TRUE,TFF79Y15E,1,048848
....................3,ACIER-RAY-,0000377,2020/11/05,1.000,0.0000,0.0000,0.0000,0.0000,0.000000,0.0000,0.0000,SIX-PINTS-,,,33200,,0000020039,,,TRUE,TFF79Y15E,1,048848
....................4,ACIER-RAY-,0000377,2020/11/05,1.000,0.0000,0.0000,0.0000,0.0000,0.000000,0.0000,0.0000,SIX-PINTS-,,,33200,,0000020039,,,TRUE,TFF79Y15E,1,048848
....................3,HILTI-----,0000381,2020/11/06,1.000,0.0000,0.0000,0.0000,0.0000,0.000000,0.0000,0.0000,CIUSSS-ADM,,,33200,,0000020003,,,TRUE,WAFBAXVVC,1,048851
....................4,HILTI-----,0000381,2020/11/06,1.000,0.0000,0.0000,0.0000,0.0000,0.000000,0.0000,0.0000,CIUSSS-ADM,,,33200,,0000020003,,,TRUE,WAFBAXVVC,1,048851
...................12,HILTI-----,0000381,2020/11/06,1.000,48.0000,2.4000,4.7880,48.0000,0.000000,0.0000,48.0000,CIUSSS-ADM,,,33200,,0000020003,,,TRUE,WAFBAXVVC,1,048851
...................16,HILTI-----,0000381,2020/11/06,1.000,94.9000,4.7450,9.4663,94.9000,0.000000,0.0000,94.9000,CIUSSS-ADM,,,33200,,0000020003,,,TRUE,WAFBAXVVC,1,048851
...................17,HILTI-----,0000381,2020/11/06,1.000,478.6100,23.9305,47.7413,478.6100,0.000000,0.0000,478.6100,CIUSSS-ADM,,,33200,,0000020003,,,TRUE,WAFBAXVVC,1,048851
,GOUT-PT-QC,0000343,2020/11/09,0.000,2945.4000,147.2700,293.8037,2945.4000,0.000000,0.0000,2945.4000,MUN-STE-AN,,,33500,07620,0000020036,,,TRUE,G7RF56ZK5,1,048849
,MULTI-ENER,0000383,2020/11/09,0.000,488.8800,24.4440,48.7658,488.8800,0.000000,0.0000,488.8800,CIUSSS-ADM,,,33500,25001,0000019030,,,TRUE,OJEQUTSWY,1,048850
....................3,GOUT-PT-QC,0000343,2020/11/09,1.000,0.0000,0.0000,0.0000,0.0000,0.000000,0.0000,0.0000,MUN-STE-AN,,,33200,,0000020036,,,TRUE,G7RF56ZK5,1,048849
....................3,MULTI-ENER,0000383,2020/11/09,1.000,0.0000,0.0000,0.0000,0.0000,0.000000,0.0000,0.0000,CIUSSS-ADM,,,33200,,0000019030,,,TRUE,OJEQUTSWY,1,048850
....................4,GOUT-PT-QC,0000343,2020/11/09,1.000,0.0000,0.0000,0.0000,0.0000,0.000000,0.0000,0.0000,MUN-STE-AN,,,33200,,0000020036,,,TRUE,G7RF56ZK5,1,048849
....................4,MULTI-ENER,0000383,2020/11/09,1.000,0.0000,0.0000,0.0000,0.0000,0.000000,0.0000,0.0000,CIUSSS-ADM,,,33200,,0000019030,,,TRUE,OJEQUTSWY,1,048850
,DMS-CITI--,0000258,2020/11/10,0.000,325.0000,16.2500,32.4188,325.0000,0.000000,0.0000,325.0000,UNIVER-T-R,,,33200,10260,0000020030,X000000266,,FALSE,2WRQI2E8Y,1,
,DMS-CITI--,0000325,2020/11/10,0.000,217.0000,10.8500,21.6458,217.0000,0.000000,0.0000,217.0000,UNIVER-T-R,,,33200,10260,0000020030,X000000333,,FALSE,SJK3W5RME,1,
,TOITURE-MA,0000342,2020/11/10,0.000,11741.6800,587.0840,1171.2326,11741.6800,0.000000,0.0000,11741.6800,MUN-STE-AN,,,33200,07310,0000020036,,,TRUE,AURKFP7C2,1,048937
....................3,DMS-CITI--,0000258,2020/11/10,1.000,0.0000,0.0000,0.0000,0.0000,0.000000,0.0000,0.0000,UNIVER-T-R,,,33200,,0000020030,,,FALSE,2WRQI2E8Y,1,
....................3,DMS-CITI--,0000325,2020/11/10,1.000,0.0000,0.0000,0.0000,0.0000,0.000000,0.0000,0.0000,UNIVER-T-R,,,33200,,0000020030,,,FALSE,SJK3W5RME,1,
....................3,TOITURE-MA,0000342,2020/11/10,1.000,0.0000,0.0000,0.0000,0.0000,0.000000,0.0000,0.0000,MUN-STE-AN,,,33200,,0000020036,,,TRUE,AURKFP7C2,1,048937
....................4,DMS-CITI--,0000258,2020/11/10,1.000,0.0000,0.0000,0.0000,0.0000,0.000000,0.0000,0.0000,UNIVER-T-R,,,33200,,0000020030,,,FALSE,2WRQI2E8Y,1,
....................4,DMS-CITI--,0000325,2020/11/10,1.000,0.0000,0.0000,0.0000,0.0000,0.000000,0.0000,0.0000,UNIVER-T-R,,,33200,,0000020030,,,FALSE,SJK3W5RME,1,
....................4,TOITURE-MA,0000342,2020/11/10,1.000,0.0000,0.0000,0.0000,0.0000,0.000000,0.0000,0.0000,MUN-STE-AN,,,33200,,0000020036,,,TRUE,AURKFP7C2,1,048937
,VAL-MAURIC,0000364,2020/11/11,0.000,609.5000,30.4750,60.7976,609.5000,0.000000,0.0000,609.5000,CSS-CH-ROY,,,33500,25001,0000020026,,,TRUE,WD6S7EL2P,1,048852
....................3,VAL-MAURIC,0000364,2020/11/11,1.000,0.0000,0.0000,0.0000,0.0000,0.000000,0.0000,0.0000,CSS-CH-ROY,,,33200,,0000020026,,,TRUE,WD6S7EL2P,1,048852
....................4,VAL-MAURIC,0000364,2020/11/11,1.000,0.0000,0.0000,0.0000,0.0000,0.000000,0.0000,0.0000,CSS-CH-ROY,,,33200,,0000020026,,,TRUE,WD6S7EL2P,1,048852
,ISOL-SG---,0000371,2020/11/12,0.000,21000.0000,1050.0000,2094.7500,21000.0000,0.000000,0.0000,21000.0000,CONSEIL-MA,,,33500,07200,0000020006,,,TRUE,STRN57IOZ,1,048936
....................3,ISOL-SG---,0000371,2020/11/12,1.000,0.0000,0.0000,0.0000,0.0000,0.000000,0.0000,0.0000,CONSEIL-MA,,,33200,,0000020006,,,TRUE,STRN57IOZ,1,048936
....................4,ISOL-SG---,0000371,2020/11/12,1.000,0.0000,0.0000,0.0000,0.0000,0.000000,0.0000,0.0000,CONSEIL-MA,,,33200,,0000020006,,,TRUE,STRN57IOZ,1,048936
,ROGER-BELL,0000020,2020/11/17,0.000,39500.0000,1975.0000,3940.1250,39500.0000,0.000000,0.0000,39500.0000,CIUSSS-ADM,,,33500,07330,0000020003,,,TRUE,3D3U96YKR,1,******
,ROGER-BELL,0000270,2020/11/17,0.000,8213.2800,410.6640,819.2747,8213.2800,0.000000,0.0000,8213.2800,CIUSSS-ADM,,,33200,02070,0000020003,,,TRUE,VWS4Y03N9,1,******
,F-DAIGLE--,0000366,2020/11/19,0.000,1400.0000,70.0000,139.6500,1400.0000,0.000000,0.0000,1400.0000,CIUSSS-MCQ,,,33200,25001,0000020010,,,TRUE,9W875NCER,1,048948
,CHARTRAY-R,0000357,2020/11/19,0.000,644.0000,32.2000,64.2390,644.0000,0.000000,0.0000,644.0000,CONSEIL-MA,,,33500,25001,0000020006,,,TRUE,KEAXHOECI,1,048970
,CHARTRAY-R,0000167,2020/11/19,0.000,13218.0000,660.9000,1318.4955,13218.0000,0.000000,0.0000,13218.0000,CONSEIL-MA,,,33500,15700,0000020006,,,TRUE,5MGC2X090,1,048971
,CHARTRAY-R,0000103,2020/11/19,0.000,165644.0300,8282.2015,16522.9920,165644.0300,0.000000,0.0000,165644.0300,CONSEIL-MA,,,33500,15700,0000020006,,,TRUE,0FOB9EZPY,1,******
....................3,F-DAIGLE--,0000366,2020/11/19,1.000,0.0000,0.0000,0.0000,0.0000,0.000000,0.0000,0.0000,CIUSSS-MCQ,,,33200,,0000020010,,,TRUE,9W875NCER,1,048948
....................3,CHARTRAY-R,0000357,2020/11/19,1.000,0.0000,0.0000,0.0000,0.0000,0.000000,0.0000,0.0000,CONSEIL-MA,,,33200,,0000020006,,,TRUE,KEAXHOECI,1,048970
....................3,CHARTRAY-R,0000167,2020/11/19,1.000,0.0000,0.0000,0.0000,0.0000,0.000000,0.0000,0.0000,CONSEIL-MA,,,33200,,0000020006,,,TRUE,5MGC2X090,1,048971
....................3,CHARTRAY-R,0000103,2020/11/19,1.000,0.0000,0.0000,0.0000,0.0000,0.000000,0.0000,0.0000,CONSEIL-MA,,,33200,,0000020006,,,TRUE,0FOB9EZPY,1,******
....................4,F-DAIGLE--,0000366,2020/11/19,1.000,0.0000,0.0000,0.0000,0.0000,0.000000,0.0000,0.0000,CIUSSS-MCQ,,,33200,,0000020010,,,TRUE,9W875NCER,1,048948
....................4,CHARTRAY-R,0000357,2020/11/19,1.000,0.0000,0.0000,0.0000,0.0000,0.000000,0.0000,0.0000,CONSEIL-MA,,,33200,,0000020006,,,TRUE,KEAXHOECI,1,048970
....................4,CHARTRAY-R,0000167,2020/11/19,1.000,0.0000,0.0000,0.0000,0.0000,0.000000,0.0000,0.0000,CONSEIL-MA,,,33200,,0000020006,,,TRUE,5MGC2X090,1,048971
....................4,CHARTRAY-R,0000103,2020/11/19,1.000,0.0000,0.0000,0.0000,0.0000,0.000000,0.0000,0.0000,CONSEIL-MA,,,33200,,0000020006,,,TRUE,0FOB9EZPY,1,******
,PEINT-DUPO,0000140,2020/11/20,0.000,5707.0000,285.3500,569.2733,5707.0000,0.000000,0.0000,5707.0000,CIUSSS-MCQ,,,33500,09910,0000020010,,,TRUE,ATKDH2SII,1,048969
....................3,PEINT-DUPO,0000140,2020/11/20,1.000,0.0000,0.0000,0.0000,0.0000,0.000000,0.0000,0.0000,CIUSSS-MCQ,,,33200,,0000020010,,,TRUE,ATKDH2SII,1,048969
....................4,PEINT-DUPO,0000140,2020/11/20,1.000,0.0000,0.0000,0.0000,0.0000,0.000000,0.0000,0.0000,CIUSSS-MCQ,,,33200,,0000020010,,,TRUE,ATKDH2SII,1,048969
,MORAND-EXC,0000127,2020/11/23,0.000,4535.0000,226.7500,452.3663,4535.0000,0.000000,0.0000,4535.0000,CIUSSS-MCQ,,,33500,02800,0000020010,,,TRUE,XQ7GMOW5T,1,******
,ENT-ARSENE,0000378,2020/11/24,0.000,563.8500,28.1925,56.2440,563.8500,0.000000,0.0000,563.8500,CIUSSS-MCQ,,,33500,25001,0000020010,,,TRUE,ESUASN4R7,1,048985
,QUINOX----,0000132,2020/11/24,0.000,73674.6000,3683.7300,7349.0414,73674.6000,0.000000,0.0000,73674.6000,CIUSSS-MCQ,,,33500,09651,0000020010,,,TRUE,RW5P3R6M5,1,******
,QUINOX----,0000359,2020/11/24,0.000,1082.7300,54.1365,108.0023,1082.7300,0.000000,0.0000,1082.7300,CIUSSS-MCQ,,,33500,25001,0000020010,,,TRUE,8JAUMX8LD,1,048988
,SYST-VILLE,0000037,2020/11/24,0.000,28473.2500,1423.6625,2840.2067,28473.2500,0.000000,0.0000,28473.2500,CIUSSS-ADM,,,33500,12700,0000020003,,,TRUE,QVD2HNC0T,1,******
....................3,ENT-ARSENE,0000378,2020/11/24,1.000,0.0000,0.0000,0.0000,0.0000,0.000000,0.0000,0.0000,CIUSSS-MCQ,,,33200,,0000020010,,,TRUE,ESUASN4R7,1,048985
....................3,QUINOX----,0000132,2020/11/24,1.000,0.0000,0.0000,0.0000,0.0000,0.000000,0.0000,0.0000,CIUSSS-MCQ,,,33200,,0000020010,,,TRUE,RW5P3R6M5,1,******
....................3,QUINOX----,0000359,2020/11/24,1.000,0.0000,0.0000,0.0000,0.0000,0.000000,0.0000,0.0000,CIUSSS-MCQ,,,33200,,0000020010,,,TRUE,8JAUMX8LD,1,048988
....................4,ENT-ARSENE,0000378,2020/11/24,1.000,0.0000,0.0000,0.0000,0.0000,0.000000,0.0000,0.0000,CIUSSS-MCQ,,,33200,,0000020010,,,TRUE,ESUASN4R7,1,048985
....................4,QUINOX----,0000132,2020/11/24,1.000,0.0000,0.0000,0.0000,0.0000,0.000000,0.0000,0.0000,CIUSSS-MCQ,,,33200,,0000020010,,,TRUE,RW5P3R6M5,1,******
....................4,QUINOX----,0000359,2020/11/24,1.000,0.0000,0.0000,0.0000,0.0000,0.000000,0.0000,0.0000,CIUSSS-MCQ,,,33200,,0000020010,,,TRUE,8JAUMX8LD,1,048988
,ELECT-LAUR,0000352,2020/11/25,0.000,60000.0000,3000.0000,5985.0000,60000.0000,0.000000,0.0000,60000.0000,CONSEIL-MA,,,33500,16000,0000020035,,,TRUE,KLCO5Q1TD,1,048984
,ELECT-LAUR,0000216,2020/11/25,0.000,1356.1800,67.8090,135.2790,1356.1800,0.000000,0.0000,1356.1800,CONSEIL-MA,,,33500,16000,0000020006,,,FALSE,Q4FEK8PAL,1,
,JEAN-CARON,0000134,2020/11/25,0.000,5063.8500,253.1925,505.1190,5063.8500,0.000000,0.0000,5063.8500,CIUSSS-MCQ,,,33500,16000,0000020010,,,TRUE,TPECK80LN,1,******
,ELECT-LAUR,0000211,2020/11/25,0.000,-675.9500,-33.7975,-67.4260,-675.9500,0.000000,0.0000,-675.9500,CONSEIL-MA,,,33500,16000,0000020006,,,TRUE,DSIBJE4R9,1,049072
,F-DAIGLE--,0000182,2020/11/25,0.000,32435.0000,1621.7500,3235.3913,32435.0000,0.000000,0.0000,32435.0000,CONSEIL-MA,,,33500,08100,0000020006,,,TRUE,NNMLZPVBQ,1,******
,F-DAIGLE--,0000344,2020/11/25,0.000,388.0000,19.4000,38.7030,388.0000,0.000000,0.0000,388.0000,CONSEIL-MA,,,33200,08520,0000020006,,,TRUE,SDFTO0UQV,1,049074
,PLOMB-SOLU,0000096,2020/11/25,0.000,67560.3000,3378.0150,6739.1399,67560.3000,0.000000,0.0000,67560.3000,CONSEIL-MA,,,33500,15400,0000020006,,,TRUE,VLUBW9822,1,******
,ELECT-LAUR,0000233,2020/11/25,0.000,232.8700,11.6435,23.2288,232.8700,0.000000,0.0000,232.8700,CONSEIL-MA,,,33500,16000,0000020006,,,TRUE,1ZG2TT0ON,1,049077
,GICLEURS-M,0000098,2020/11/25,0.000,24426.0000,1221.3000,2436.4935,24426.0000,0.000000,0.0000,24426.0000,CONSEIL-MA,,,33500,15400,0000020006,,,TRUE,W9B95R7PK,1,******
....................3,ELECT-LAUR,0000352,2020/11/25,1.000,0.0000,0.0000,0.0000,0.0000,0.000000,0.0000,0.0000,CONSEIL-MA,,,33200,,0000020035,,,TRUE,KLCO5Q1TD,1,048984
....................3,ELECT-LAUR,0000216,2020/11/25,1.000,0.0000,0.0000,0.0000,0.0000,0.000000,0.0000,0.0000,CONSEIL-MA,,,33200,,0000020006,,,FALSE,Q4FEK8PAL,1,
....................3,ISOL-ARCTI,0000391,2020/11/25,1.000,1.0000,0.0500,0.0998,1.0000,0.000000,0.0000,1.0000,CIUSSS-ADM,,,33200,,0000020003,X000000399,,FALSE,NTGYDA948,1,
....................3,ELECT-LAUR,0000211,2020/11/25,1.000,0.0000,0.0000,0.0000,0.0000,0.000000,0.0000,0.0000,CONSEIL-MA,,,33200,,0000020006,,,TRUE,DSIBJE4R9,1,049072
....................3,F-DAIGLE--,0000344,2020/11/25,1.000,0.0000,0.0000,0.0000,0.0000,0.000000,0.0000,0.0000,CONSEIL-MA,,,33200,,0000020006,,,TRUE,SDFTO0UQV,1,049074
....................3,ELECT-LAUR,0000233,2020/11/25,1.000,0.0000,0.0000,0.0000,0.0000,0.000000,0.0000,0.0000,CONSEIL-MA,,,33200,,0000020006,,,TRUE,1ZG2TT0ON,1,049077
....................3,GICLEURS-M,0000098,2020/11/25,1.000,0.0000,0.0000,0.0000,0.0000,0.000000,0.0000,0.0000,CONSEIL-MA,,,33200,,0000020006,,,TRUE,W9B95R7PK,1,******
....................4,ELECT-LAUR,0000352,2020/11/25,1.000,0.0000,0.0000,0.0000,0.0000,0.000000,0.0000,0.0000,CONSEIL-MA,,,33200,,0000020035,,,TRUE,KLCO5Q1TD,1,048984
....................4,ELECT-LAUR,0000216,2020/11/25,1.000,0.0000,0.0000,0.0000,0.0000,0.000000,0.0000,0.0000,CONSEIL-MA,,,33200,,0000020006,,,FALSE,Q4FEK8PAL,1,
....................4,ISOL-ARCTI,0000391,2020/11/25,1.000,0.0000,0.0000,0.0000,0.0000,0.000000,0.0000,0.0000,CIUSSS-ADM,,,33200,,0000020003,,,FALSE,NTGYDA948,1,
....................4,ELECT-LAUR,0000211,2020/11/25,1.000,0.0000,0.0000,0.0000,0.0000,0.000000,0.0000,0.0000,CONSEIL-MA,,,33200,,0000020006,,,TRUE,DSIBJE4R9,1,049072
....................4,F-DAIGLE--,0000344,2020/11/25,1.000,0.0000,0.0000,0.0000,0.0000,0.000000,0.0000,0.0000,CONSEIL-MA,,,33200,,0000020006,,,TRUE,SDFTO0UQV,1,049074
....................4,ELECT-LAUR,0000233,2020/11/25,1.000,0.0000,0.0000,0.0000,0.0000,0.000000,0.0000,0.0000,CONSEIL-MA,,,33200,,0000020006,,,TRUE,1ZG2TT0ON,1,049077
....................4,GICLEURS-M,0000098,2020/11/25,1.000,0.0000,0.0000,0.0000,0.0000,0.000000,0.0000,0.0000,CONSEIL-MA,,,33200,,0000020006,,,TRUE,W9B95R7PK,1,******
...................18,ISOL-ARCTI,0000391,2020/11/25,1.000,0.0000,0.0000,0.0000,0.0000,0.000000,0.0000,0.0000,CIUSSS-ADM,,,33200,,0000020003,,,FALSE,NTGYDA948,1,
,MULTI-ENER,0000041,2020/11/26,0.000,6200.0000,310.0000,618.4500,6200.0000,0.000000,0.0000,6200.0000,CIUSSS-ADM,,,33500,15401,0000020003,,,TRUE,XG0J25XL8,1,******
,MULTI-ENER,0000386,2020/11/26,0.000,2950.0000,147.5000,294.2625,2950.0000,0.000000,0.0000,2950.0000,CIUSSS-ADM,,,33500,25001,0000020003,,,TRUE,NFX2ER2ND,1,049004
,REV-DIONNE,0000107,2020/11/26,0.000,41000.0000,2050.0000,4089.7500,41000.0000,0.000000,0.0000,41000.0000,CONSEIL-MA,,,33500,07460,0000020006,,,TRUE,23FBTDI5N,1,049068
,REV-DIONNE,0000107,2020/11/26,0.000,41000.0000,2050.0000,4089.7500,41000.0000,0.000000,0.0000,41000.0000,CONSEIL-MA,,,33500,07460,0000020006,X000000111,,FALSE,RS9W1YUC4,1,049068
....................3,MULTI-ENER,0000386,2020/11/26,1.000,0.0000,0.0000,0.0000,0.0000,0.000000,0.0000,0.0000,CIUSSS-ADM,,,33200,,0000020003,,,TRUE,NFX2ER2ND,1,049004
....................3,REV-DIONNE,0000107,2020/11/26,1.000,0.0000,0.0000,0.0000,0.0000,0.000000,0.0000,0.0000,CONSEIL-MA,,,33200,,0000020006,,,TRUE,23FBTDI5N,1,049068
....................4,MULTI-ENER,0000386,2020/11/26,1.000,0.0000,0.0000,0.0000,0.0000,0.000000,0.0000,0.0000,CIUSSS-ADM,,,33200,,0000020003,,,TRUE,NFX2ER2ND,1,049004
....................4,REV-DIONNE,0000107,2020/11/26,1.000,0.0000,0.0000,0.0000,0.0000,0.000000,0.0000,0.0000,CONSEIL-MA,,,33200,,0000020006,,,TRUE,23FBTDI5N,1,049068
,VITR-ASBES,0000159,2020/11/30,0.000,59998.8000,2999.9400,5984.8803,59998.8000,0.000000,0.0000,59998.8000,C-S-CH-ROY,,,33500,08520,0000020013,,,TRUE,4SKTF0J1B,1,048998
,CHARTRAY-R,0000036,2020/11/30,0.000,22546.5000,1127.3250,2249.0134,22546.5000,0.000000,0.0000,22546.5000,CIUSSS-ADM,,,33500,15700,0000020003,,,TRUE,E6CQIC9QS,1,******
,VITR-ASBES,0000142,2020/11/30,0.000,1621.6000,81.0800,161.7546,1621.6000,0.000000,0.0000,1621.6000,CIUSSS-MCQ,,,33500,08000,0000020010,,,TRUE,X15TFG15K,1,******
,JEAN-SIMAR,0000124,2020/11/30,0.000,5445.0000,272.2500,543.1388,5445.0000,0.000000,0.0000,5445.0000,CIUSSS-MCQ,,,33500,05120,0000020010,,,TRUE,PLXZK6IJV,1,******
,SIDE-ACOUS,0000090,2020/11/30,0.000,15000.0000,750.0000,1496.2500,15000.0000,0.000000,0.0000,15000.0000,CONSEIL-MA,,,33500,09200,0000020006,,,TRUE,BFT96UVMO,1,******
,VITR-ASBES,0000213,2020/11/30,0.000,5625.0000,281.2500,561.0938,5625.0000,0.000000,0.0000,5625.0000,CONSEIL-MA,,,33500,08900,0000020006,,,TRUE,SHJQWZUIX,1,******
,ENT-MAXIME,0000380,2020/11/30,0.000,107233.7800,5361.6890,10696.5696,107233.7800,0.000000,0.0000,107233.7800,SIX-PINTS-,,,33500,03000,0000020039,,,TRUE,BOYKJVITN,1,049103
,ENT-MAXIME,0000387,2020/11/30,0.000,557.4000,27.8700,55.6007,557.4000,0.000000,0.0000,557.4000,SIX-PINTS-,,,33500,25001,0000020039,,,TRUE,JUVFVN8PA,1,049104
,ELECT-LAUR,0000412,2020/11/30,0.000,-167407.0000,-8370.3500,-16698.8483,-167407.0000,0.000000,0.0000,-167407.0000,CONSEIL-MA,,,33500,16000,0000020006,X000000421,,FALSE,WXGD3V2TX,1,
,CONST-PROS,0000091,2020/11/30,0.000,16740.0000,837.0000,1669.8150,16740.0000,0.000000,0.0000,16740.0000,CONSEIL-MA,,,33500,15400,0000020006,,,TRUE,MLWFLDOPW,1,******
,CONST-PROS,0000091,2020/11/30,0.000,1860.0000,93.0000,185.5350,1860.0000,0.000000,0.0000,1860.0000,CONSEIL-MA,,,33500,15400,0000020006,,,TRUE,ENXWI1SWO,1,******
,ENT-MAXIME,0000375,2020/11/30,0.000,12500.0000,625.0000,1246.8750,12500.0000,0.000000,0.0000,12500.0000,CONSEIL-MA,,,33200,02300,0000020035,,,TRUE,45DIJMLLS,1,049147
,ENT-MAXIME,0000151,2020/11/30,0.000,19260.6900,963.0345,1921.2538,19260.6900,0.000000,0.0000,19260.6900,CONSEIL-MA,,,33500,03100,0000020006,,,TRUE,5BRE5SQLW,1,******
,MARC-COSSE,0000392,2020/11/30,0.000,3580.0000,179.0000,357.1050,3580.0000,0.000000,0.0000,3580.0000,SIX-PINTS-,,,33500,16000,0000020042,,,TRUE,5M54EOQ40,1,049173
,ENT-MAXIME,0000085,2020/11/30,0.000,42772.5000,2138.6250,4266.5569,42772.5000,0.000000,0.0000,42772.5000,CIUSSS-ADM,,,33200,02300,0000020003,,,TRUE,0JUSD2RSI,1,******
,NICO-METAL,0000042,2020/11/30,0.000,9322.3000,466.1150,929.8994,9322.3000,0.000000,0.0000,9322.3000,CIUSSS-ADM,,,33500,05120,0000020003,,,TRUE,Q2C21CFDS,1,******
,PROT-PAQUI,0000084,2020/11/30,0.000,2273.7000,113.6850,226.8016,2273.7000,0.000000,0.0000,2273.7000,CIUSSS-ADM,,,33500,13930,0000020003,,,TRUE,L25WCTVFC,1,******
....................3,VITR-ASBES,0000159,2020/11/30,1.000,0.0000,0.0000,0.0000,0.0000,0.000000,0.0000,0.0000,C-S-CH-ROY,,,33200,,0000020013,,,TRUE,4SKTF0J1B,1,048998
....................3,ENT-MAXIME,0000387,2020/11/30,1.000,0.0000,0.0000,0.0000,0.0000,0.000000,0.0000,0.0000,SIX-PINTS-,,,33200,,0000020039,,,TRUE,JUVFVN8PA,1,049104
....................3,ENT-MAXIME,0000375,2020/11/30,1.000,0.0000,0.0000,0.0000,0.0000,0.000000,0.0000,0.0000,CONSEIL-MA,,,33200,,0000020035,,,TRUE,45DIJMLLS,1,049147
....................3,MARC-COSSE,0000392,2020/11/30,1.000,0.0000,0.0000,0.0000,0.0000,0.000000,0.0000,0.0000,SIX-PINTS-,,,33200,,0000020042,,,TRUE,5M54EOQ40,1,049173
....................3,PROT-PAQUI,0000084,2020/11/30,1.000,0.0000,0.0000,0.0000,0.0000,0.000000,0.0000,0.0000,CIUSSS-ADM,,,33200,,0000020003,,,TRUE,L25WCTVFC,1,******
....................4,VITR-ASBES,0000159,2020/11/30,1.000,0.0000,0.0000,0.0000,0.0000,0.000000,0.0000,0.0000,C-S-CH-ROY,,,33200,,0000020013,,,TRUE,4SKTF0J1B,1,048998
....................4,ENT-MAXIME,0000387,2020/11/30,1.000,0.0000,0.0000,0.0000,0.0000,0.000000,0.0000,0.0000,SIX-PINTS-,,,33200,,0000020039,,,TRUE,JUVFVN8PA,1,049104
....................4,ENT-MAXIME,0000375,2020/11/30,1.000,0.0000,0.0000,0.0000,0.0000,0.000000,0.0000,0.0000,CONSEIL-MA,,,33200,,0000020035,,,TRUE,45DIJMLLS,1,049147
....................4,MARC-COSSE,0000392,2020/11/30,1.000,0.0000,0.0000,0.0000,0.0000,0.000000,0.0000,0.0000,SIX-PINTS-,,,33200,,0000020042,,,TRUE,5M54EOQ40,1,049173
....................4,PROT-PAQUI,0000084,2020/11/30,1.000,0.0000,0.0000,0.0000,0.0000,0.000000,0.0000,0.0000,CIUSSS-ADM,,,33200,,0000020003,,,TRUE,L25WCTVFC,1,******
...................15,SIDE-ACOUS,0000373,2020/11/30,1.000,27550.0000,1377.5000,2748.1125,27550.0000,0.000000,0.0000,27550.0000,CONSEIL-MA,,,33200,,0000020006,,,TRUE,0WQ726WRM,1,049069
,QUINOX----,0000040,2020/12/01,0.000,3079.1500,153.9575,307.1452,3079.1500,0.000000,0.0000,3079.1500,CIUSSS-ADM,,,33500,05080,0000020003,,,TRUE,N2N5STCPS,1,049008
,QUINOX----,0000086,2020/12/01,0.000,2040.0600,102.0030,203.4960,2040.0600,0.000000,0.0000,2040.0600,CIUSSS-ADM,,,33500,07000,0000020003,,,TRUE,Y0YZ2WN6H,1,049009
,TROPHEE---,0000201,2020/12/01,0.000,60.0000,3.0000,5.9850,60.0000,0.000000,0.0000,60.0000,CONSEIL-MA,,,33200,10810,0000020006,X000000208,,FALSE,3QK4LTGLZ,1,
,ENT-MAXIME,0000382,2020/12/01,0.000,5757.0000,287.8500,574.2608,5757.0000,0.000000,0.0000,5757.0000,CIUSSS-ADM,,,33500,25001,0000020003,,,TRUE,ULPD0UIDG,1,049463
....................3,TROPHEE---,0000201,2020/12/01,1.000,0.0000,0.0000,0.0000,0.0000,0.000000,0.0000,0.0000,CONSEIL-MA,,,33200,,0000020006,,,FALSE,3QK4LTGLZ,1,
....................3,ENT-MAXIME,0000382,2020/12/01,1.000,0.0000,0.0000,0.0000,0.0000,0.000000,0.0000,0.0000,CIUSSS-ADM,,,33200,,0000020003,,,TRUE,ULPD0UIDG,1,049463
....................4,TROPHEE---,0000201,2020/12/01,1.000,0.0000,0.0000,0.0000,0.0000,0.000000,0.0000,0.0000,CONSEIL-MA,,,33200,,0000020006,,,FALSE,3QK4LTGLZ,1,
....................4,ENT-MAXIME,0000382,2020/12/01,1.000,0.0000,0.0000,0.0000,0.0000,0.000000,0.0000,0.0000,CIUSSS-ADM,,,33200,,0000020003,,,TRUE,ULPD0UIDG,1,049463
,COUVRE-PLA,0000066,2020/12/02,0.000,4230.0000,211.5000,421.9425,4230.0000,0.000000,0.0000,4230.0000,PETITS-FRE,,,33500,09300,0000019049,X000000069,,FALSE,1I8KY5KQB,1,047079
,NOUVEL-HOR,0000087,2020/12/02,0.000,759.6000,37.9800,75.7701,759.6000,0.000000,0.0000,759.6000,PETITS-FRE,,,33200,08000,0000019049,X000000090,,FALSE,NHHLW8JOD,1,
,F-DAIGLE--,0000157,2020/12/02,0.000,409.2000,20.4600,40.8177,409.2000,0.000000,0.0000,409.2000,PETITS-FRE,,,33200,08000,0000019049,X000000164,,FALSE,WDO11EVA0,1,
,G-DESCHENE,0000179,2020/12/02,0.000,6613.6000,330.6800,659.7066,6613.6000,0.000000,0.0000,6613.6000,PETITS-FRE,,,33500,06101,0000019049,X000000186,,FALSE,D2DEI0RV1,1,
,JY-MARTEL-,0000180,2020/12/02,0.000,1.0000,0.0500,0.0998,1.0000,0.000000,0.0000,1.0000,PLACEMENT-,,,33200,00400,0000020012,X000000187,,FALSE,KJ95NGXKP,1,
,COOPPLUS--,0000181,2020/12/02,0.000,1.0000,0.0500,0.0998,1.0000,0.000000,0.0000,1.0000,PLACEMENT-,,,33200,06101,0000020012,X000000188,,FALSE,NJ8QIHZAQ,1,
,F-DAIGLE--,0000185,2020/12/02,0.000,3043.0000,152.1500,303.5393,3043.0000,0.000000,0.0000,3043.0000,PLACEMENT-,,,33200,08000,0000020012,X000000192,,FALSE,QKMDQKUVH,1,047536
,F-DAIGLE--,0000185,2020/12/02,0.000,277.0000,13.8500,27.6308,277.0000,0.000000,0.0000,277.0000,PLACEMENT-,,,33200,08000,0000020012,X000000192,,FALSE,QKMDQKUVH,1,047536
,VAL-MAURIC,0000194,2020/12/02,0.000,2507.0000,125.3500,250.0733,2507.0000,0.000000,0.0000,2507.0000,PLACEMENT-,,,33500,16000,0000020012,X000000201,,FALSE,AKE8UVFZA,1,
,F-DAIGLE--,0000196,2020/12/02,0.000,398.0000,19.9000,39.7005,398.0000,0.000000,0.0000,398.0000,PLACEMENT-,,,33200,08000,0000020012,X000000203,,FALSE,6AYWQXXB8,1,
,F-DAIGLE--,0000196,2020/12/02,0.000,244.0000,12.2000,24.3390,244.0000,0.000000,0.0000,244.0000,PLACEMENT-,,,33200,08000,0000020012,X000000203,,FALSE,6AYWQXXB8,1,
,SCIAGE-ROB,0000199,2020/12/02,0.000,925.0000,46.2500,92.2688,925.0000,0.000000,0.0000,925.0000,PLACEMENT-,,,33200,02070,0000020012,X000000206,,FALSE,NOECZQWNA,1,
,ARMECO----,0000202,2020/12/02,0.000,260.0000,13.0000,25.9350,260.0000,0.000000,0.0000,260.0000,PLACEMENT-,,,33200,10000,0000020012,X000000209,,FALSE,KYGSQ087E,1,
,VAL-MAURIC,0000244,2020/12/02,0.000,2687.0000,134.3500,268.0283,2687.0000,0.000000,0.0000,2687.0000,PLACEMENT-,,,33500,16000,0000020012,X000000252,,FALSE,CGC3P63I9,1,
,R0N-BOURBE,0000209,2020/12/02,0.000,5000.0000,250.0000,498.7500,5000.0000,0.000000,0.0000,5000.0000,CSS-ENERGI,,,33500,07469,0000020025,X000000216,,FALSE,1GN8KM2T7,1,
,CHARTRAY-R,0000160,2020/12/02,0.000,1661.9100,83.0955,165.7755,1661.9100,0.000000,0.0000,1661.9100,FIQ-------,,,33500,15000,0000020012,X000000167,,FALSE,ACJOB7Z84,1,******
,VITRERIE-C,0000293,2020/12/02,0.000,60.0000,3.0000,5.9850,60.0000,0.000000,0.0000,60.0000,FIQ-------,,,33200,08000,0000020012,X000000301,,FALSE,83CE403VK,1,
,F-DAIGLE--,0000331,2020/12/02,0.000,516.0000,25.8000,51.4710,516.0000,0.000000,0.0000,516.0000,FIQ-------,,,33200,25001,0000020012,X000000339,,FALSE,C0LK7Q2AJ,1,
,HYDROQUEBE,0000050,2020/12/02,0.000,750.0000,0.0000,0.0000,750.0000,0.000000,0.0000,750.0000,SOC-DEV-SH,,,33200,00000,0000019031,X000000053,,FALSE,2FR03B0TN,1,
,HYDROQUEBE,0000050,2020/12/02,0.000,500.0000,0.0000,0.0000,500.0000,0.000000,0.0000,500.0000,SOC-DEV-SH,,,33200,00000,0000019031,X000000053,,FALSE,2FR03B0TN,1,
,PUB-CENTRO,0000206,2020/12/02,0.000,250.0000,12.5000,24.9375,250.0000,0.000000,0.0000,250.0000,SOC-DEV-SH,,,33200,10000,0000019031,X000000213,,FALSE,FQO769OTU,1,
,GROUPE-SAN,0000027,2020/12/02,0.000,88.0000,4.4000,8.7780,88.0000,0.000000,0.0000,88.0000,,,,33200,10810,0000020007,X000000030,,FALSE,8AXC9SEQ1,1,******
,F-DAIGLE--,0000032,2020/12/02,0.000,1028.0000,51.4000,102.5430,1028.0000,0.000000,0.0000,1028.0000,,,,33200,08000,0000020007,X000000035,,FALSE,3DGIS94XG,1,
,PLOMB-MTCA,0000108,2020/12/02,0.000,15995.0000,799.7500,1595.5013,15995.0000,0.000000,0.0000,15995.0000,9149-7818-,,,33500,15401,0000019040,X000000114,,FALSE,8AM09B0MK,1,
,GROUPE-SAN,0000074,2020/12/02,0.000,90.0000,4.5000,8.9775,90.0000,0.000000,0.0000,90.0000,9374-4415-,,,33200,10810,0000020007,X000000077,,FALSE,RXG46K4VB,1,
,PERI-TECH-,0000047,2020/12/02,0.000,1.0000,0.0500,0.0998,1.0000,0.000000,0.0000,1.0000,CIUSSS-ADM,,,33500,13930,0000020002,X000000050,,FALSE,YRO7SSBMH,1,
,ATELIER-PR,0000076,2020/12/02,0.000,3114.9000,155.7450,310.7113,3114.9000,0.000000,0.0000,3114.9000,COOP-STE-T,,,33500,06400,0000019034,X000000079,,FALSE,7UAZG213C,1,
,RAMPE-MAUR,0000114,2020/12/02,0.000,3576.0000,178.8000,356.7060,3576.0000,0.000000,0.0000,3576.0000,COOP-STE-T,,,33500,06400,0000019034,X000000120,,FALSE,3YM5N02D7,1,
,VENT-CJM--,0000053,2020/12/02,0.000,165.0000,8.2500,16.4588,165.0000,0.000000,0.0000,165.0000,CIUSSS-ADM,,,33500,15001,0000019030,X000000056,,FALSE,AWY7SLZZT,1,
,VENT-CJM--,0000055,2020/12/02,0.000,319.0000,15.9500,31.8203,319.0000,0.000000,0.0000,319.0000,CIUSSS-ADM,,,33500,15001,0000019030,X000000058,,FALSE,OXGABX8EO,1,
,REGULVAR--,0000057,2020/12/02,0.000,96.3400,4.8170,9.6099,96.3400,0.000000,0.0000,96.3400,CIUSSS-ADM,,,33500,13400,0000019030,X000000060,,FALSE,9K2ORQNVF,1,
,SYST-INTER,0000350,2020/12/02,0.000,-3623.4800,-181.1740,-361.4421,-3623.4800,0.000000,0.0000,-3623.4800,COMM-SCOL.,,,33500,25001,0000020018,X000000358,,FALSE,CIC3MUEDD,1,
,COOPPLUS--,0000060,2020/12/02,0.000,4532.8400,226.6420,452.1508,4532.8400,0.000000,0.0000,4532.8400,SIX-PINTS-,,,33200,06100,0000020005,X000000063,,FALSE,H96BCHNDK,1,
,ACIER-RAY-,0000110,2020/12/02,0.000,475.0000,23.7500,47.3813,475.0000,0.000000,0.0000,475.0000,PARCS-CANA,,,33200,05500,0000019032,X000000116,,FALSE,0YHHG67AC,1,
,PLOMB-MTCA,0000172,2020/12/02,0.000,8099.0000,404.9500,807.8753,8099.0000,0.000000,0.0000,8099.0000,SIX-PINTS-,,,33500,15401,0000020020,X000000179,,FALSE,IRQHQXE8I,1,******
,COOPPLUS--,0000174,2020/12/02,0.000,551.7600,27.5880,55.0381,551.7600,0.000000,0.0000,551.7600,CIUSSS-ADM,,,33200,07500,0000019051,X000000181,,FALSE,0T6PD453U,1,
,F-DAIGLE--,0000271,2020/12/02,0.000,135.0000,6.7500,13.4663,135.0000,0.000000,0.0000,135.0000,LARIV-CHRI,,,33200,10810,0000020023,X000000279,,FALSE,V8MU011M8,1,
,F-DAIGLE--,0000271,2020/12/02,0.000,28.0000,1.4000,2.7930,28.0000,0.000000,0.0000,28.0000,LARIV-CHRI,,,33200,10810,0000020023,X000000279,,FALSE,V8MU011M8,1,
,COUVRE-PLA,0000200,2020/12/02,0.000,65.0000,3.2500,6.4838,65.0000,0.000000,0.0000,65.0000,LARIV-CHRI,,,33200,00400,0000020023,X000000207,,FALSE,E5FOVWLSJ,1,
,COUVRE-PLA,0000200,2020/12/02,0.000,3535.5900,176.7795,352.6751,3535.5900,0.000000,0.0000,3535.5900,LARIV-CHRI,,,33200,10810,0000020023,X000000207,,FALSE,E5FOVWLSJ,1,
,ROGER-BELL,0000020,2020/12/02,0.000,11850.0000,592.5000,1182.0375,11850.0000,0.000000,0.0000,11850.0000,CIUSSS-ADM,,,33500,07330,0000020003,,,TRUE,9EYTYKTV0,1,******
....................3,NOUVEL-HOR,0000087,2020/12/02,1.000,0.0000,0.0000,0.0000,0.0000,0.000000,0.0000,0.0000,PETITS-FRE,,,33200,,0000019049,,,FALSE,NHHLW8JOD,1,
....................3,F-DAIGLE--,0000157,2020/12/02,1.000,1.0000,0.0500,0.0998,1.0000,0.000000,0.0000,1.0000,PETITS-FRE,,,33200,,0000019049,X000000164,,FALSE,WDO11EVA0,1,
....................3,VAL-MAURIC,0000194,2020/12/02,1.000,0.0000,0.0000,0.0000,0.0000,0.000000,0.0000,0.0000,PLACEMENT-,,,33200,,0000020012,,,FALSE,AKE8UVFZA,1,
....................3,F-DAIGLE--,0000196,2020/12/02,1.000,0.0000,0.0000,0.0000,0.0000,0.000000,0.0000,0.0000,PLACEMENT-,,,33200,,0000020012,,,FALSE,6AYWQXXB8,1,
....................3,SCIAGE-ROB,0000199,2020/12/02,1.000,1.0000,0.0500,0.0998,1.0000,0.000000,0.0000,1.0000,PLACEMENT-,,,33200,,0000020012,X000000206,,FALSE,NOECZQWNA,1,
....................3,ARMECO----,0000202,2020/12/02,1.000,0.0000,0.0000,0.0000,0.0000,0.000000,0.0000,0.0000,PLACEMENT-,,,33200,,0000020012,,,FALSE,KYGSQ087E,1,
....................3,VAL-MAURIC,0000244,2020/12/02,1.000,0.0000,0.0000,0.0000,0.0000,0.000000,0.0000,0.0000,PLACEMENT-,,,33200,,0000020012,,,FALSE,CGC3P63I9,1,
....................3,R0N-BOURBE,0000209,2020/12/02,1.000,0.0000,0.0000,0.0000,0.0000,0.000000,0.0000,0.0000,CSS-ENERGI,,,33200,,0000020025,,,FALSE,1GN8KM2T7,1,
....................3,VITRERIE-C,0000293,2020/12/02,1.000,0.0000,0.0000,0.0000,0.0000,0.000000,0.0000,0.0000,FIQ-------,,,33200,,0000020012,,,FALSE,83CE403VK,1,
....................3,F-DAIGLE--,0000331,2020/12/02,1.000,0.0000,0.0000,0.0000,0.0000,0.000000,0.0000,0.0000,FIQ-------,,,33200,,0000020012,,,FALSE,C0LK7Q2AJ,1,
....................3,HYDROQUEBE,0000050,2020/12/02,1.000,0.0000,0.0000,0.0000,0.0000,0.000000,0.0000,0.0000,SOC-DEV-SH,,,33200,,0000019031,,,FALSE,2FR03B0TN,1,
....................3,PUB-CENTRO,0000206,2020/12/02,1.000,0.0000,0.0000,0.0000,0.0000,0.000000,0.0000,0.0000,SOC-DEV-SH,,,33200,,0000019031,,,FALSE,FQO769OTU,1,
....................3,PLOMB-MTCA,0000108,2020/12/02,1.000,0.0000,0.0000,0.0000,0.0000,0.000000,0.0000,0.0000,9149-7818-,,,33200,,0000019040,,,FALSE,8AM09B0MK,1,
....................3,MULTI-ENER,0000073,2020/12/02,1.000,0.0000,0.0000,0.0000,0.0000,0.000000,0.0000,0.0000,9374-4415-,,,33200,,0000020007,,,FALSE,7XWV39GGN,1,
....................3,GROUPE-SAN,0000074,2020/12/02,1.000,0.0000,0.0000,0.0000,0.0000,0.000000,0.0000,0.0000,9374-4415-,,,33200,,0000020007,,,FALSE,RXG46K4VB,1,
....................3,ATELIER-PR,0000076,2020/12/02,1.000,0.0000,0.0000,0.0000,0.0000,0.000000,0.0000,0.0000,COOP-STE-T,,,33200,,0000019034,,,FALSE,7UAZG213C,1,
....................3,RAMPE-MAUR,0000114,2020/12/02,1.000,0.0000,0.0000,0.0000,0.0000,0.000000,0.0000,0.0000,COOP-STE-T,,,33200,,0000019034,,,FALSE,3YM5N02D7,1,
....................3,VENT-CJM--,0000053,2020/12/02,1.000,0.0000,0.0000,0.0000,0.0000,0.000000,0.0000,0.0000,CIUSSS-ADM,,,33200,,0000019030,,,FALSE,AWY7SLZZT,1,
....................3,PERI-TECH-,0000054,2020/12/02,1.000,0.0000,0.0000,0.0000,0.0000,0.000000,0.0000,0.0000,CIUSSS-ADM,,,33200,,0000019030,,,FALSE,IJUZ371CO,1,046834
....................3,VENT-CJM--,0000055,2020/12/02,1.000,0.0000,0.0000,0.0000,0.0000,0.000000,0.0000,0.0000,CIUSSS-ADM,,,33200,,0000019030,,,FALSE,OXGABX8EO,1,
....................3,SYST-INTER,0000350,2020/12/02,1.000,0.0000,0.0000,0.0000,0.0000,0.000000,0.0000,0.0000,COMM-SCOL.,,,33200,,0000020018,,,FALSE,CIC3MUEDD,1,
....................3,COOPPLUS--,0000060,2020/12/02,1.000,0.0000,0.0000,0.0000,0.0000,0.000000,0.0000,0.0000,SIX-PINTS-,,,33200,,0000020005,,,FALSE,H96BCHNDK,1,
....................3,VITR-CLETE,0000061,2020/12/02,1.000,0.0000,0.0000,0.0000,0.0000,0.000000,0.0000,0.0000,PARCS-CANA,,,33200,,0000019032,,,FALSE,G1IO04BNK,1,
....................3,ACIER-RAY-,0000110,2020/12/02,1.000,0.0000,0.0000,0.0000,0.0000,0.000000,0.0000,0.0000,PARCS-CANA,,,33200,,0000019032,,,FALSE,0YHHG67AC,1,
....................3,MEI-------,0000171,2020/12/02,1.000,0.0000,0.0000,0.0000,0.0000,0.000000,0.0000,0.0000,SIX-PINTS-,,,33200,,0000020020,,,FALSE,0Y4YJ25FF,1,047976
....................3,STONEHARD-,0000173,2020/12/02,1.000,0.0000,0.0000,0.0000,0.0000,0.000000,0.0000,0.0000,SIX-PINTS-,,,33200,,0000020020,,,FALSE,W2QFI5FD9,1,******
....................3,COOPPLUS--,0000174,2020/12/02,1.000,0.0000,0.0000,0.0000,0.0000,0.000000,0.0000,0.0000,CIUSSS-ADM,,,33200,,0000019051,,,FALSE,0T6PD453U,1,
....................3,F-DAIGLE--,0000271,2020/12/02,1.000,0.0000,0.0000,0.0000,0.0000,0.000000,0.0000,0.0000,LARIV-CHRI,,,33200,,0000020023,,,FALSE,V8MU011M8,1,
....................4,NOUVEL-HOR,0000087,2020/12/02,1.000,0.0000,0.0000,0.0000,0.0000,0.000000,0.0000,0.0000,PETITS-FRE,,,33200,,0000019049,,,FALSE,NHHLW8JOD,1,
....................4,F-DAIGLE--,0000157,2020/12/02,1.000,1.0000,0.0500,0.0998,1.0000,0.000000,0.0000,1.0000,PETITS-FRE,,,33200,,0000019049,X000000164,,FALSE,WDO11EVA0,1,
....................4,VAL-MAURIC,0000194,2020/12/02,1.000,0.0000,0.0000,0.0000,0.0000,0.000000,0.0000,0.0000,PLACEMENT-,,,33200,,0000020012,,,FALSE,AKE8UVFZA,1,
....................4,F-DAIGLE--,0000196,2020/12/02,1.000,0.0000,0.0000,0.0000,0.0000,0.000000,0.0000,0.0000,PLACEMENT-,,,33200,,0000020012,,,FALSE,6AYWQXXB8,1,
....................4,SCIAGE-ROB,0000199,2020/12/02,1.000,1.0000,0.0500,0.0998,1.0000,0.000000,0.0000,1.0000,PLACEMENT-,,,33200,,0000020012,X000000206,,FALSE,NOECZQWNA,1,
....................4,ARMECO----,0000202,2020/12/02,1.000,0.0000,0.0000,0.0000,0.0000,0.000000,0.0000,0.0000,PLACEMENT-,,,33200,,0000020012,,,FALSE,KYGSQ087E,1,
....................4,VAL-MAURIC,0000244,2020/12/02,1.000,0.0000,0.0000,0.0000,0.0000,0.000000,0.0000,0.0000,PLACEMENT-,,,33200,,0000020012,,,FALSE,CGC3P63I9,1,
....................4,R0N-BOURBE,0000209,2020/12/02,1.000,0.0000,0.0000,0.0000,0.0000,0.000000,0.0000,0.0000,CSS-ENERGI,,,33200,,0000020025,,,FALSE,1GN8KM2T7,1,
....................4,VITRERIE-C,0000293,2020/12/02,1.000,0.0000,0.0000,0.0000,0.0000,0.000000,0.0000,0.0000,FIQ-------,,,33200,,0000020012,,,FALSE,83CE403VK,1,
....................4,F-DAIGLE--,0000331,2020/12/02,1.000,0.0000,0.0000,0.0000,0.0000,0.000000,0.0000,0.0000,FIQ-------,,,33200,,0000020012,,,FALSE,C0LK7Q2AJ,1,
....................4,PUB-CENTRO,0000206,2020/12/02,1.000,0.0000,0.0000,0.0000,0.0000,0.000000,0.0000,0.0000,SOC-DEV-SH,,,33200,,0000019031,,,FALSE,FQO769OTU,1,
....................4,PLOMB-MTCA,0000108,2020/12/02,1.000,0.0000,0.0000,0.0000,0.0000,0.000000,0.0000,0.0000,9149-7818-,,,33200,,0000019040,,,FALSE,8AM09B0MK,1,
....................4,MULTI-ENER,0000073,2020/12/02,1.000,0.0000,0.0000,0.0000,0.0000,0.000000,0.0000,0.0000,9374-4415-,,,33200,,0000020007,,,FALSE,7XWV39GGN,1,
....................4,GROUPE-SAN,0000074,2020/12/02,1.000,0.0000,0.0000,0.0000,0.0000,0.000000,0.0000,0.0000,9374-4415-,,,33200,,0000020007,,,FALSE,RXG46K4VB,1,
....................4,ATELIER-PR,0000076,2020/12/02,1.000,0.0000,0.0000,0.0000,0.0000,0.000000,0.0000,0.0000,COOP-STE-T,,,33200,,0000019034,,,FALSE,7UAZG213C,1,
....................4,RAMPE-MAUR,0000114,2020/12/02,1.000,0.0000,0.0000,0.0000,0.0000,0.000000,0.0000,0.0000,COOP-STE-T,,,33200,,0000019034,,,FALSE,3YM5N02D7,1,
....................4,SYST-INTER,0000350,2020/12/02,1.000,0.0000,0.0000,0.0000,0.0000,0.000000,0.0000,0.0000,COMM-SCOL.,,,33200,,0000020018,,,FALSE,CIC3MUEDD,1,
....................4,COOPPLUS--,0000060,2020/12/02,1.000,0.0000,0.0000,0.0000,0.0000,0.000000,0.0000,0.0000,SIX-PINTS-,,,33200,,0000020005,,,FALSE,H96BCHNDK,1,
....................4,VITR-CLETE,0000061,2020/12/02,1.000,0.0000,0.0000,0.0000,0.0000,0.000000,0.0000,0.0000,PARCS-CANA,,,33200,,0000019032,,,FALSE,G1IO04BNK,1,
....................4,ACIER-RAY-,0000110,2020/12/02,1.000,0.0000,0.0000,0.0000,0.0000,0.000000,0.0000,0.0000,PARCS-CANA,,,33200,,0000019032,,,FALSE,0YHHG67AC,1,
....................4,MEI-------,0000171,2020/12/02,1.000,0.0000,0.0000,0.0000,0.0000,0.000000,0.0000,0.0000,SIX-PINTS-,,,33200,,0000020020,,,FALSE,0Y4YJ25FF,1,047976
....................4,STONEHARD-,0000173,2020/12/02,1.000,0.0000,0.0000,0.0000,0.0000,0.000000,0.0000,0.0000,SIX-PINTS-,,,33200,,0000020020,,,FALSE,W2QFI5FD9,1,******
....................4,COOPPLUS--,0000174,2020/12/02,1.000,0.0000,0.0000,0.0000,0.0000,0.000000,0.0000,0.0000,CIUSSS-ADM,,,33200,,0000019051,,,FALSE,0T6PD453U,1,
....................4,F-DAIGLE--,0000271,2020/12/02,1.000,0.0000,0.0000,0.0000,0.0000,0.000000,0.0000,0.0000,LARIV-CHRI,,,33200,,0000020023,,,FALSE,V8MU011M8,1,
................00400,F-DAIGLE--,0000281,2020/12/02,1.000,50.0000,2.5000,4.9875,50.0000,0.000000,0.0000,50.0000,FIQ-------,,,33200,,0000020012,X000000289,,FALSE,QS6C6Y1SD,1,048336
,ASP-CONTRO,0000427,2020/12/03,0.000,172.0000,8.6000,17.1570,172.0000,0.000000,0.0000,172.0000,CIUSSS-ADM,,,33500,25001,0000020003,X000000436,,FALSE,NLL48FQ3G,1,
....................3,ASP-CONTRO,0000427,2020/12/03,1.000,0.0000,0.0000,0.0000,0.0000,0.000000,0.0000,0.0000,CIUSSS-ADM,,,33200,,0000020003,,,FALSE,NLL48FQ3G,1,
....................4,ASP-CONTRO,0000427,2020/12/03,1.000,0.0000,0.0000,0.0000,0.0000,0.000000,0.0000,0.0000,CIUSSS-ADM,,,33200,,0000020003,,,FALSE,NLL48FQ3G,1,
,CONST-RIVA,0000126,2020/12/06,0.000,18326.1300,916.3065,1828.0315,18326.1300,0.000000,0.0000,18326.1300,CIUSSS-MCQ,,,33500,09000,0000020010,,,TRUE,G2K7FAWUG,1,******
,LDV-------,0000310,2020/12/08,0.000,4795.0000,239.7500,478.3013,4795.0000,0.000000,0.0000,4795.0000,CIUSSS-ADM,,,33200,00400,0000020002,X000000318,,FALSE,G0E86P154,1,
,VAL-MAURIC,0000058,2020/12/08,0.000,1167.0000,58.3500,116.4083,1167.0000,0.000000,0.0000,1167.0000,PARCS-CANA,,,33500,16000,0000019032,X000000061,,FALSE,8OI9UP84O,1,
....................3,TECH-ALARM,0000336,2020/12/08,1.000,0.0000,0.0000,0.0000,0.0000,0.000000,0.0000,0.0000,CIUSSS-ADM,,,33200,,0000020002,,,FALSE,1FGBAVLNU,1,
....................3,VAL-MAURIC,0000058,2020/12/08,1.000,0.0000,0.0000,0.0000,0.0000,0.000000,0.0000,0.0000,PARCS-CANA,,,33200,,0000019032,,,FALSE,8OI9UP84O,1,
....................4,TECH-ALARM,0000336,2020/12/08,1.000,0.0000,0.0000,0.0000,0.0000,0.000000,0.0000,0.0000,CIUSSS-ADM,,,33200,,0000020002,,,FALSE,1FGBAVLNU,1,
,CHARTRAY-R,0000103,2020/12/09,0.000,11215.5600,560.7780,1118.7521,11215.5600,0.000000,0.0000,11215.5600,CONSEIL-MA,,,33500,15700,0000020006,,,TRUE,2EWMDK2TM,1,******
,GROUPESANI,0000154,2020/12/09,0.000,10390.0000,519.5000,1036.4025,10390.0000,0.000000,0.0000,10390.0000,CONSEIL-MA,,,33200,10800,0000020006,,,TRUE,DEDWWCECN,1,049146
,CHARTRAY-R,0000036,2020/12/09,0.000,24116.5300,1205.8265,2405.6239,24116.5300,0.000000,0.0000,24116.5300,CIUSSS-ADM,,,33500,15700,0000020003,,,TRUE,LXLEVJDXM,1,******
....................3,GROUPESANI,0000154,2020/12/09,1.000,0.0000,0.0000,0.0000,0.0000,0.000000,0.0000,0.0000,CONSEIL-MA,,,33200,,0000020006,,,TRUE,DEDWWCECN,1,049146
....................4,GROUPESANI,0000154,2020/12/09,1.000,0.0000,0.0000,0.0000,0.0000,0.000000,0.0000,0.0000,CONSEIL-MA,,,33200,,0000020006,,,TRUE,DEDWWCECN,1,049146
,CHARTRAY-R,0000144,2020/12/10,0.000,4605.5300,230.2765,459.4016,4605.5300,0.000000,0.0000,4605.5300,CIUSSS-MCQ,,,33500,15700,0000020010,,,TRUE,AA4AIX7P6,1,******
,ASP-CONTRO,0000408,2020/12/10,0.000,2013.7500,100.6875,200.8716,2013.7500,0.000000,0.0000,2013.7500,CIUSSS-ADM,,,33500,25001,0000020003,,,TRUE,GFPSKVX4C,1,
....................3,ASP-CONTRO,0000408,2020/12/10,1.000,0.0000,0.0000,0.0000,0.0000,0.000000,0.0000,0.0000,CIUSSS-ADM,,,33200,,0000020003,,,TRUE,GFPSKVX4C,1,
....................4,ASP-CONTRO,0000408,2020/12/10,1.000,0.0000,0.0000,0.0000,0.0000,0.000000,0.0000,0.0000,CIUSSS-ADM,,,33200,,0000020003,,,TRUE,GFPSKVX4C,1,
,ENT-ARSENE,0000137,2020/12/14,0.000,4050.0000,202.5000,403.9875,4050.0000,0.000000,0.0000,4050.0000,CIUSSS-MCQ,,,33500,15401,0000020010,X000000143,,FALSE,HRFF183QH,1,
,D-DIONNE--,0000405,2020/12/14,0.000,200.0000,10.0000,19.9500,200.0000,0.000000,0.0000,200.0000,SIX-PINTS-,,,33500,09300,0000020042,X000000414,,FALSE,6XSTI0TYY,1,
,CONST-RIVA,0000126,2020/12/14,0.000,4581.5400,229.0770,457.0086,4581.5400,0.000000,0.0000,4581.5400,CIUSSS-MCQ,,,33500,09000,0000020010,X000000132,,FALSE,ANCSVVP73,1,
....................3,D-DIONNE--,0000405,2020/12/14,1.000,0.0000,0.0000,0.0000,0.0000,0.000000,0.0000,0.0000,SIX-PINTS-,,,33200,,0000020042,,,FALSE,6XSTI0TYY,1,
....................4,D-DIONNE--,0000405,2020/12/14,1.000,0.0000,0.0000,0.0000,0.0000,0.000000,0.0000,0.0000,SIX-PINTS-,,,33200,,0000020042,,,FALSE,6XSTI0TYY,1,
,SYST-VILLE,0000038,2020/12/15,0.000,1760.2600,88.0130,175.5859,1760.2600,0.000000,0.0000,1760.2600,CIUSSS-ADM,,,33500,09910,0000020003,,,TRUE,7NRBZHG0V,1,049255
,SYST-VILLE,0000037,2020/12/15,0.000,37147.4200,1857.3710,3705.4551,37147.4200,0.000000,0.0000,37147.4200,CIUSSS-ADM,,,33500,12700,0000020003,,,TRUE,CICM2FNKL,1,******
,F-DAIGLE--,0000394,2020/12/15,0.000,1560.0000,78.0000,155.6100,1560.0000,0.000000,0.0000,1560.0000,SIX-PINTS-,,,33200,10000,0000020042,X000000402,,FALSE,Y6IGBZ78U,1,
....................3,F-DAIGLE--,0000394,2020/12/15,1.000,0.0000,0.0000,0.0000,0.0000,0.000000,0.0000,0.0000,SIX-PINTS-,,,33200,,0000020042,,,FALSE,Y6IGBZ78U,1,
....................4,F-DAIGLE--,0000394,2020/12/15,1.000,0.0000,0.0000,0.0000,0.0000,0.000000,0.0000,0.0000,SIX-PINTS-,,,33200,,0000020042,,,FALSE,Y6IGBZ78U,1,
,REGULVAR--,0000136,2020/12/16,0.000,2606.4000,130.3200,259.9884,2606.4000,0.000000,0.0000,2606.4000,CIUSSS-MCQ,,,33500,13400,0000020010,,,TRUE,FMFY2AJU3,1,******
,REGULVAR--,0000118,2020/12/16,0.000,8540.1000,427.0050,851.8750,8540.1000,0.000000,0.0000,8540.1000,CONSEIL-MA,,,33500,15400,0000020006,,,TRUE,E3OT968Y0,1,049175
,ARMATECH-I,0000337,2020/12/16,0.000,62.1100,3.1055,6.1955,62.1100,0.000000,0.0000,62.1100,CIUSSS-ADM,,,33200,05500,0000020003,,,TRUE,G9Q9QTQ66,1,******
,ARMATECH-I,0000046,2020/12/16,0.000,981.5000,49.0750,97.9046,981.5000,0.000000,0.0000,981.5000,CIUSSS-ADM,,,33200,05500,0000020003,,,TRUE,ZOY2L3GMO,1,******
,ASP-CONTRO,0000039,2020/12/16,0.000,17100.0000,855.0000,1705.7250,17100.0000,0.000000,0.0000,17100.0000,CIUSSS-ADM,,,33500,16000,0000020003,,,TRUE,9ODUC1GMN,1,******
,NICO-METAL,0000042,2020/12/16,0.000,93222.9900,4661.1495,9298.9933,93222.9900,0.000000,0.0000,93222.9900,CIUSSS-ADM,,,33500,05120,0000020003,,,TRUE,P54SBRTV2,1,******
,COUVRE-PLA,0000102,2020/12/16,0.000,82500.0000,4125.0000,8229.3750,82500.0000,0.000000,0.0000,82500.0000,CONSEIL-MA,,,33500,09600,0000020006,X000000105,,FALSE,UR71NU387,1,
,COUVRE-PLA,0000279,2020/12/16,0.000,209.2100,10.4605,20.8687,209.2100,0.000000,0.0000,209.2100,CONSEIL-MA,,,33500,09300,0000020006,X000000287,,FALSE,T9IZK1U20,1,
,COUVRE-PLA,0000332,2020/12/16,0.000,12499.8100,624.9905,1246.8560,12499.8100,0.000000,0.0000,12499.8100,CONSEIL-MA,,,33500,25001,0000020006,X000000340,,FALSE,7Y0ZK2LUF,1,
,COUVRE-PLA,0000332,2020/12/16,0.000,5135.5100,256.7755,512.2671,5135.5100,0.000000,0.0000,5135.5100,CONSEIL-MA,,,33500,25001,0000020006,X000000340,,FALSE,7Y0ZK2LUF,1,
,PLOMB-MTCA,0000395,2020/12/16,0.000,13105.0000,655.2500,1307.2238,13105.0000,0.000000,0.0000,13105.0000,SIX-PINTS-,,,33500,15401,0000020042,X000000403,,FALSE,4H774FE08,1,
,PLOMB-MTCA,0000398,2020/12/16,0.000,1953.2100,97.6605,194.8327,1953.2100,0.000000,0.0000,1953.2100,SIX-PINTS-,,,33500,25001,0000020020,X000000406,,FALSE,84NIXF8EK,1,
....................3,PEINT-DUPO,0000402,2020/12/16,1.000,0.0000,0.0000,0.0000,0.0000,0.000000,0.0000,0.0000,SIX-PINTS-,,,33200,,0000020042,,,FALSE,8B1MQCL14,1,
....................3,COUVRE-PLA,0000102,2020/12/16,1.000,0.0000,0.0000,0.0000,0.0000,0.000000,0.0000,0.0000,CONSEIL-MA,,,33200,,0000020006,,,FALSE,UR71NU387,1,
....................3,COUVRE-PLA,0000279,2020/12/16,1.000,0.0000,0.0000,0.0000,0.0000,0.000000,0.0000,0.0000,CONSEIL-MA,,,33200,,0000020006,,,FALSE,T9IZK1U20,1,
....................3,COUVRE-PLA,0000332,2020/12/16,1.000,0.0000,0.0000,0.0000,0.0000,0.000000,0.0000,0.0000,CONSEIL-MA,,,33200,,0000020006,,,FALSE,7Y0ZK2LUF,1,
....................3,PLOMB-MTCA,0000395,2020/12/16,1.000,0.0000,0.0000,0.0000,0.0000,0.000000,0.0000,0.0000,SIX-PINTS-,,,33200,,0000020042,,,FALSE,4H774FE08,1,
....................3,PLOMB-MTCA,0000398,2020/12/16,1.000,0.0000,0.0000,0.0000,0.0000,0.000000,0.0000,0.0000,SIX-PINTS-,,,33200,,0000020020,,,FALSE,84NIXF8EK,1,
....................4,PEINT-DUPO,0000402,2020/12/16,1.000,0.0000,0.0000,0.0000,0.0000,0.000000,0.0000,0.0000,SIX-PINTS-,,,33200,,0000020042,,,FALSE,8B1MQCL14,1,
....................4,COUVRE-PLA,0000102,2020/12/16,1.000,0.0000,0.0000,0.0000,0.0000,0.000000,0.0000,0.0000,CONSEIL-MA,,,33200,,0000020006,,,FALSE,UR71NU387,1,
....................4,COUVRE-PLA,0000279,2020/12/16,1.000,0.0000,0.0000,0.0000,0.0000,0.000000,0.0000,0.0000,CONSEIL-MA,,,33200,,0000020006,,,FALSE,T9IZK1U20,1,
....................4,COUVRE-PLA,0000332,2020/12/16,1.000,0.0000,0.0000,0.0000,0.0000,0.000000,0.0000,0.0000,CONSEIL-MA,,,33200,,0000020006,,,FALSE,7Y0ZK2LUF,1,
....................4,PLOMB-MTCA,0000395,2020/12/16,1.000,0.0000,0.0000,0.0000,0.0000,0.000000,0.0000,0.0000,SIX-PINTS-,,,33200,,0000020042,,,FALSE,4H774FE08,1,
....................4,PLOMB-MTCA,0000398,2020/12/16,1.000,0.0000,0.0000,0.0000,0.0000,0.000000,0.0000,0.0000,SIX-PINTS-,,,33200,,0000020020,,,FALSE,84NIXF8EK,1,
,PORTES-RO-,0000062,2020/12/17,0.000,333.8900,16.6945,33.3055,333.8900,0.000000,0.0000,333.8900,SIX-PINTS-,,,33200,08100,0000020005,X000000065,,FALSE,VTBOHDJ49,1,046963
,GICLEURS-M,0000098,2020/12/17,0.000,37711.0000,1885.5500,3761.6723,37711.0000,0.000000,0.0000,37711.0000,CONSEIL-MA,,,33500,15400,0000020006,X000000101,,FALSE,3NM65SIQO,1,
,CONST-PROS,0000091,2020/12/17,0.000,17910.0000,895.5000,1786.5225,17910.0000,0.000000,0.0000,17910.0000,CONSEIL-MA,,,33500,15400,0000020006,X000000094,,FALSE,GGWGDEEZE,1,
,CONST-PROS,0000091,2020/12/17,0.000,1990.0000,99.5000,198.5025,1990.0000,0.000000,0.0000,1990.0000,CONSEIL-MA,,,33500,15400,0000020006,X000000094,,FALSE,EAU1VUJJA,1,
....................3,SIDE-ACOUS,0000063,2020/12/17,1.000,0.0000,0.0000,0.0000,0.0000,0.000000,0.0000,0.0000,SIX-PINTS-,,,33200,,0000020005,,,FALSE,TO91FXJIU,1,
....................3,PROTEX-CAN,0000397,2020/12/17,1.000,0.0000,0.0000,0.0000,0.0000,0.000000,0.0000,0.0000,SIX-PINTS-,,,33200,,0000020042,,,FALSE,QE2GE7VHS,1,
....................4,SIDE-ACOUS,0000063,2020/12/17,1.000,0.0000,0.0000,0.0000,0.0000,0.000000,0.0000,0.0000,SIX-PINTS-,,,33200,,0000020005,,,FALSE,TO91FXJIU,1,
....................4,PROTEX-CAN,0000397,2020/12/17,1.000,0.0000,0.0000,0.0000,0.0000,0.000000,0.0000,0.0000,SIX-PINTS-,,,33200,,0000020042,,,FALSE,QE2GE7VHS,1,
,ELECT-LAUR,0000411,2020/12/18,0.000,4500.0000,225.0000,448.8750,4500.0000,0.000000,0.0000,4500.0000,CONSEIL-MA,,,33500,25001,0000020006,X000000420,,FALSE,Y3HAECSJO,1,
,SEVIGNY-EP,0000139,2020/12/18,0.000,2200.0000,110.0000,219.4500,2200.0000,0.000000,0.0000,2200.0000,CIUSSS-MCQ,,,33500,09910,0000020010,X000000145,,FALSE,2SGWP9UK4,1,
,SEVIGNY-EP,0000256,2020/12/18,0.000,1532.0000,76.6000,152.8170,1532.0000,0.000000,0.0000,1532.0000,CIUSSS-MCQ,,,33500,09900,0000020010,X000000264,,FALSE,OP2UN7PLC,1,
,REINE-COUV,0000141,2020/12/18,0.000,9000.0000,450.0000,897.7500,9000.0000,0.000000,0.0000,9000.0000,CIUSSS-MCQ,,,33500,09300,0000020010,X000000147,,FALSE,0OMTSE09I,1,
,REINE-COUV,0000121,2020/12/18,0.000,1350.0000,67.5000,134.6625,1350.0000,0.000000,0.0000,1350.0000,CIUSSS-MCQ,,,33500,09300,0000020010,X000000127,,FALSE,9SZSB1HBK,1,
,MARC-COSSE,0000392,2020/12/18,0.000,5370.0000,268.5000,535.6575,5370.0000,0.000000,0.0000,5370.0000,SIX-PINTS-,,,33500,16000,0000020042,X000000400,,FALSE,6RO86B6VP,1,
....................3,ELECT-LAUR,0000411,2020/12/18,1.000,0.0000,0.0000,0.0000,0.0000,0.000000,0.0000,0.0000,CONSEIL-MA,,,33200,,0000020006,,,FALSE,Y3HAECSJO,1,
....................3,SEVIGNY-EP,0000139,2020/12/18,1.000,0.0000,0.0000,0.0000,0.0000,0.000000,0.0000,0.0000,CIUSSS-MCQ,,,33200,,0000020010,,,FALSE,2SGWP9UK4,1,
....................3,SEVIGNY-EP,0000256,2020/12/18,1.000,0.0000,0.0000,0.0000,0.0000,0.000000,0.0000,0.0000,CIUSSS-MCQ,,,33200,,0000020010,,,FALSE,OP2UN7PLC,1,
....................4,ELECT-LAUR,0000411,2020/12/18,1.000,0.0000,0.0000,0.0000,0.0000,0.000000,0.0000,0.0000,CONSEIL-MA,,,33200,,0000020006,,,FALSE,Y3HAECSJO,1,
....................4,SEVIGNY-EP,0000139,2020/12/18,1.000,0.0000,0.0000,0.0000,0.0000,0.000000,0.0000,0.0000,CIUSSS-MCQ,,,33200,,0000020010,,,FALSE,2SGWP9UK4,1,
....................4,SEVIGNY-EP,0000256,2020/12/18,1.000,0.0000,0.0000,0.0000,0.0000,0.000000,0.0000,0.0000,CIUSSS-MCQ,,,33200,,0000020010,,,FALSE,OP2UN7PLC,1,
,SIDE-ACOUS,0000090,2020/12/21,0.000,50000.0000,2500.0000,4987.5000,50000.0000,0.000000,0.0000,50000.0000,CONSEIL-MA,,,33500,09200,0000020006,X000000093,,FALSE,9TB2N9LRI,1,
,REV-DIONNE,0000107,2020/12/21,0.000,32500.0000,1625.0000,3241.8750,32500.0000,0.000000,0.0000,32500.0000,CONSEIL-MA,,,33500,07460,0000020006,X000000111,,FALSE,QKUOU95Q0,1,
,YOUNG-ELEC,0000390,2020/12/21,0.000,2995.0000,149.7500,298.7513,2995.0000,0.000000,0.0000,2995.0000,UNIVER-T-R,,,33500,25001,0000020030,X000000398,,FALSE,MAZ85MD51,1,
,YOUNG-ELEC,0000374,2020/12/21,0.000,1728.0000,86.4000,172.3680,1728.0000,0.000000,0.0000,1728.0000,UNIVER-T-R,,,33500,25001,0000020030,X000000382,,FALSE,VQYZ9BD1X,1,
,YOUNG-ELEC,0000311,2020/12/21,0.000,423.0000,21.1500,42.1943,423.0000,0.000000,0.0000,423.0000,UNIVER-T-R,,,33500,25001,0000020030,X000000319,,FALSE,ABRH2G0AD,1,
....................3,YOUNG-ELEC,0000390,2020/12/21,1.000,0.0000,0.0000,0.0000,0.0000,0.000000,0.0000,0.0000,UNIVER-T-R,,,33200,,0000020030,,,FALSE,MAZ85MD51,1,
....................3,YOUNG-ELEC,0000374,2020/12/21,1.000,0.0000,0.0000,0.0000,0.0000,0.000000,0.0000,0.0000,UNIVER-T-R,,,33200,,0000020030,,,FALSE,VQYZ9BD1X,1,
....................3,YOUNG-ELEC,0000311,2020/12/21,1.000,0.0000,0.0000,0.0000,0.0000,0.000000,0.0000,0.0000,UNIVER-T-R,,,33200,,0000020030,,,FALSE,ABRH2G0AD,1,
....................4,YOUNG-ELEC,0000390,2020/12/21,1.000,0.0000,0.0000,0.0000,0.0000,0.000000,0.0000,0.0000,UNIVER-T-R,,,33200,,0000020030,,,FALSE,MAZ85MD51,1,
....................4,YOUNG-ELEC,0000374,2020/12/21,1.000,0.0000,0.0000,0.0000,0.0000,0.000000,0.0000,0.0000,UNIVER-T-R,,,33200,,0000020030,,,FALSE,VQYZ9BD1X,1,
....................4,YOUNG-ELEC,0000311,2020/12/21,1.000,0.0000,0.0000,0.0000,0.0000,0.000000,0.0000,0.0000,UNIVER-T-R,,,33200,,0000020030,,,FALSE,ABRH2G0AD,1,
,JEAN-CARON,0000396,2020/12/25,0.000,1905.0000,95.2500,190.0238,1905.0000,0.000000,0.0000,1905.0000,CIUSSS-MCQ,,,33500,25001,0000020010,X000000404,,FALSE,W55VI3IRN,1,
,JEAN-CARON,0000361,2020/12/25,0.000,2435.5000,121.7750,242.9411,2435.5000,0.000000,0.0000,2435.5000,CIUSSS-MCQ,,,33500,25001,0000020010,X000000369,,FALSE,F0NYIQ8R0,1,
,JEAN-CARON,0000291,2020/12/25,0.000,1183.2200,59.1610,118.0262,1183.2200,0.000000,0.0000,1183.2200,CIUSSS-MCQ,,,33500,16000,0000020010,X000000299,,FALSE,VBJKQWBNH,1,
,JEAN-CARON,0000134,2020/12/25,0.000,23432.4000,1171.6200,2337.3819,23432.4000,0.000000,0.0000,23432.4000,CIUSSS-MCQ,,,33500,16000,0000020010,X000000140,,FALSE,CUH4V0PAF,1,
....................3,JEAN-CARON,0000396,2020/12/25,1.000,0.0000,0.0000,0.0000,0.0000,0.000000,0.0000,0.0000,CIUSSS-MCQ,,,33200,,0000020010,,,FALSE,W55VI3IRN,1,
....................3,JEAN-CARON,0000361,2020/12/25,1.000,0.0000,0.0000,0.0000,0.0000,0.000000,0.0000,0.0000,CIUSSS-MCQ,,,33200,,0000020010,,,FALSE,F0NYIQ8R0,1,
....................3,JEAN-CARON,0000291,2020/12/25,1.000,0.0000,0.0000,0.0000,0.0000,0.000000,0.0000,0.0000,CIUSSS-MCQ,,,33200,,0000020010,,,FALSE,VBJKQWBNH,1,
....................4,JEAN-CARON,0000396,2020/12/25,1.000,0.0000,0.0000,0.0000,0.0000,0.000000,0.0000,0.0000,CIUSSS-MCQ,,,33200,,0000020010,,,FALSE,W55VI3IRN,1,
....................4,JEAN-CARON,0000361,2020/12/25,1.000,0.0000,0.0000,0.0000,0.0000,0.000000,0.0000,0.0000,CIUSSS-MCQ,,,33200,,0000020010,,,FALSE,F0NYIQ8R0,1,
....................4,JEAN-CARON,0000291,2020/12/25,1.000,0.0000,0.0000,0.0000,0.0000,0.000000,0.0000,0.0000,CIUSSS-MCQ,,,33200,,0000020010,,,FALSE,VBJKQWBNH,1,
,ENT-ARSENE,0000137,2020/12/30,0.000,4500.0000,225.0000,448.8750,4500.0000,0.000000,0.0000,4500.0000,CIUSSS-MCQ,,,33500,15401,0000020010,X000000143,,FALSE,EFDZR2FO1,1,
,ENT-ARSENE,0000316,2020/12/30,0.000,369.8000,18.4900,36.8876,369.8000,0.000000,0.0000,369.8000,CIUSSS-MCQ,,,33500,25001,0000020010,X000000324,,FALSE,DGZJUQ8V1,1,
,ENT-ARSENE,0000358,2020/12/30,0.000,44.8300,2.2415,4.4718,44.8300,0.000000,0.0000,44.8300,CIUSSS-MCQ,,,33500,25001,0000020010,X000000366,,FALSE,4BLXP7I8F,1,
,ENT-ARSENE,0000378,2020/12/30,0.000,62.6500,3.1325,6.2493,62.6500,0.000000,0.0000,62.6500,CIUSSS-MCQ,,,33500,25001,0000020010,X000000386,,FALSE,4KHN8IYR0,1,
,ISOL-TRIFL,0000135,2020/12/31,0.000,2500.0000,125.0000,249.3750,2500.0000,0.000000,0.0000,2500.0000,CIUSSS-MCQ,,,33500,15080,0000020010,X000000141,,FALSE,72F2M5J1C,1,
,CAMBREK---,0000367,2020/12/31,0.000,3676.0000,183.8000,366.6810,3676.0000,0.000000,0.0000,3676.0000,SIX-PINTS-,,,33200,03000,0000020039,X000000375,,FALSE,V7LV5UCXC,1,
....................3,CAMBREK---,0000367,2020/12/31,1.000,0.0000,0.0000,0.0000,0.0000,0.000000,0.0000,0.0000,SIX-PINTS-,,,33200,,0000020039,,,FALSE,V7LV5UCXC,1,
....................4,CAMBREK---,0000367,2020/12/31,1.000,0.0000,0.0000,0.0000,0.0000,0.000000,0.0000,0.0000,SIX-PINTS-,,,33200,,0000020039,,,FALSE,V7LV5UCXC,1,
....................3,ECHAF-PLUS,0000276,2021/01/02,1.000,0.0000,0.0000,0.0000,0.0000,0.000000,0.0000,0.0000,CIUSSS-ADM,,,33200,,0000020003,,,FALSE,DCNQMJU6V,1,
....................4,ECHAF-PLUS,0000276,2021/01/02,1.000,0.0000,0.0000,0.0000,0.0000,0.000000,0.0000,0.0000,CIUSSS-ADM,,,33200,,0000020003,,,FALSE,DCNQMJU6V,1,
,INTEGRAIR-,0000033,2021/01/05,0.000,15750.0000,787.5000,1571.0625,15750.0000,0.000000,0.0000,15750.0000,CIUSSS-ADM,,,33500,13800,0000020003,,,TRUE,RG7J9S3YQ,1,049337
,COUVRE-PLA,0000414,2021/01/13,0.000,500.0000,25.0000,49.8750,500.0000,0.000000,0.0000,500.0000,SIX-PINTS-,,,33500,09300,0000020042,X000000423,,FALSE,UKDPJN269,1,
....................3,COUVRE-PLA,0000414,2021/01/13,1.000,0.0000,0.0000,0.0000,0.0000,0.000000,0.0000,0.0000,SIX-PINTS-,,,33200,,0000020042,,,FALSE,UKDPJN269,1,
....................4,COUVRE-PLA,0000414,2021/01/13,1.000,0.0000,0.0000,0.0000,0.0000,0.000000,0.0000,0.0000,SIX-PINTS-,,,33200,,0000020042,,,FALSE,UKDPJN269,1,
,NOUVEL-HOR,0000407,2021/01/14,0.000,3682.5000,184.1250,367.3294,3682.5000,0.000000,0.0000,3682.5000,CONSEIL-MA,,,33500,08000,0000020006,X000000416,,FALSE,J28K7A0MA,1,
....................3,NOUVEL-HOR,0000407,2021/01/14,1.000,0.0000,0.0000,0.0000,0.0000,0.000000,0.0000,0.0000,CONSEIL-MA,,,33200,,0000020006,,,FALSE,J28K7A0MA,1,
....................4,NOUVEL-HOR,0000407,2021/01/14,1.000,0.0000,0.0000,0.0000,0.0000,0.000000,0.0000,0.0000,CONSEIL-MA,,,33200,,0000020006,,,FALSE,J28K7A0MA,1,
,ROGER-BELL,0000020,2021/01/18,0.000,25675.0000,1283.7500,2561.0813,25675.0000,0.000000,0.0000,25675.0000,CIUSSS-ADM,,,33500,07330,0000020003,X000000023,,FALSE,GEP1NMXKF,1,
,ARMECO----,0000372,2021/01/18,0.000,3855.0000,192.7500,384.5363,3855.0000,0.000000,0.0000,3855.0000,CIUSSS-ADM,,,33200,07710,0000020003,X000000380,,FALSE,BMG1AXGIR,1,
,ASP-CONTRO,0000039,2021/01/18,0.000,31500.0000,1575.0000,3142.1250,31500.0000,0.000000,0.0000,31500.0000,CIUSSS-ADM,,,33500,16000,0000020003,X000000042,,FALSE,7Q6DB834I,1,
....................3,ARMECO----,0000372,2021/01/18,1.000,0.0000,0.0000,0.0000,0.0000,0.000000,0.0000,0.0000,CIUSSS-ADM,,,33200,,0000020003,,,FALSE,BMG1AXGIR,1,
....................4,ARMECO----,0000372,2021/01/18,1.000,0.0000,0.0000,0.0000,0.0000,0.000000,0.0000,0.0000,CIUSSS-ADM,,,33200,,0000020003,,,FALSE,BMG1AXGIR,1,
,CHARTRAY-R,0000036,2021/01/19,0.000,35943.4600,1797.1730,3585.3601,35943.4600,0.000000,0.0000,35943.4600,CIUSSS-ADM,,,33500,15700,0000020003,X000000039,,FALSE,38L7AJXYA,1,
,CHARTRAY-R,0000418,2021/01/19,0.000,1020.0000,51.0000,101.7450,1020.0000,0.000000,0.0000,1020.0000,CIUSSS-ADM,,,33500,25001,0000020003,X000000427,,FALSE,FK8W54EHA,1,
....................3,CHARTRAY-R,0000418,2021/01/19,1.000,0.0000,0.0000,0.0000,0.0000,0.000000,0.0000,0.0000,CIUSSS-ADM,,,33200,,0000020003,,,FALSE,FK8W54EHA,1,
....................4,CHARTRAY-R,0000418,2021/01/19,1.000,0.0000,0.0000,0.0000,0.0000,0.000000,0.0000,0.0000,CIUSSS-ADM,,,33200,,0000020003,,,FALSE,FK8W54EHA,1,
,EDC-CONSTR,0000083,2021/01/20,0.000,26800.0000,1340.0000,2673.3000,26800.0000,0.000000,0.0000,26800.0000,CIUSSS-ADM,,,33200,02220,0000020003,X000000086,,FALSE,R11AB8UYV,1,
....................3,EDC-CONSTR,0000083,2021/01/20,1.000,0.0000,0.0000,0.0000,0.0000,0.000000,0.0000,0.0000,CIUSSS-ADM,,,33200,,0000020003,,,FALSE,R11AB8UYV,1,
....................4,EDC-CONSTR,0000083,2021/01/20,1.000,0.0000,0.0000,0.0000,0.0000,0.000000,0.0000,0.0000,CIUSSS-ADM,,,33200,,0000020003,,,FALSE,R11AB8UYV,1,
,CONST-RIVA,0000126,2021/01/21,0.000,3614.8100,180.7405,360.5773,3614.8100,0.000000,0.0000,3614.8100,CIUSSS-MCQ,,,33500,09000,0000020010,X000000132,,FALSE,D9BDPA7O2,1,
,ASP-CONTRO,0000429,2021/01/21,0.000,2404.0000,120.2000,239.7990,2404.0000,0.000000,0.0000,2404.0000,CIUSSS-ADM,,,33500,25001,0000020003,X000000438,,FALSE,G1JEOLV4T,1,
,ASP-CONTRO,0000438,2021/01/21,0.000,430.0000,21.5000,42.8925,430.0000,0.000000,0.0000,430.0000,CIUSSS-ADM,,,33500,25001,0000020003,X000000447,,FALSE,MMOYPTX49,1,
....................3,ASP-CONTRO,0000429,2021/01/21,1.000,0.0000,0.0000,0.0000,0.0000,0.000000,0.0000,0.0000,CIUSSS-ADM,,,33200,,0000020003,,,FALSE,G1JEOLV4T,1,
....................3,ASP-CONTRO,0000438,2021/01/21,1.000,0.0000,0.0000,0.0000,0.0000,0.000000,0.0000,0.0000,CIUSSS-ADM,,,33200,,0000020003,,,FALSE,MMOYPTX49,1,
....................4,ASP-CONTRO,0000429,2021/01/21,1.000,0.0000,0.0000,0.0000,0.0000,0.000000,0.0000,0.0000,CIUSSS-ADM,,,33200,,0000020003,,,FALSE,G1JEOLV4T,1,
....................4,ASP-CONTRO,0000438,2021/01/21,1.000,0.0000,0.0000,0.0000,0.0000,0.000000,0.0000,0.0000,CIUSSS-ADM,,,33200,,0000020003,,,FALSE,MMOYPTX49,1,
,REINE-COUV,0000121,2021/01/22,0.000,2542.4300,127.1215,253.6074,2542.4300,0.000000,0.0000,2542.4300,CIUSSS-MCQ,,,33500,09300,0000020010,X000000127,,FALSE,C0JOSEPIL,1,
,RTM-MEDICA,0000238,2021/01/22,0.000,7300.0000,365.0000,728.1750,7300.0000,0.000000,0.0000,7300.0000,CIUSSS-MCQ,,,33200,00400,0000020010,X000000246,,FALSE,BUH4G2V3P,1,
,RTM-MEDICA,0000238,2021/01/22,0.000,375.0000,18.7500,37.4063,375.0000,0.000000,0.0000,375.0000,CIUSSS-MCQ,,,33200,00400,0000020010,X000000246,,FALSE,BUH4G2V3P,1,
,QUINC-PORT,0000045,2021/01/23,0.000,4000.0000,200.0000,399.0000,4000.0000,0.000000,0.0000,4000.0000,CIUSSS-ADM,,,33200,08700,0000020003,X000000048,,FALSE,YCN26OY3O,1,
,PEINT-DUPO,0000097,2021/01/25,0.000,22000.0000,1100.0000,2194.5000,22000.0000,0.000000,0.0000,22000.0000,CONSEIL-MA,,,33500,09910,0000020006,X000000100,,FALSE,2C9JGL0TC,1,
,PLOMB-SOLU,0000096,2021/01/25,0.000,46332.0000,2316.6000,4621.6170,46332.0000,0.000000,0.0000,46332.0000,CONSEIL-MA,,,33500,15400,0000020006,X000000099,,FALSE,5QPEBE7I3,1,
,ELECT-LAUR,0000411,2021/01/25,0.000,5000.0000,250.0000,498.7500,5000.0000,0.000000,0.0000,5000.0000,CONSEIL-MA,,,33500,25001,0000020006,X000000420,,FALSE,FA4V19HUF,1,
,ELECT-LAUR,0000149,2021/01/25,0.000,35343.0000,1767.1500,3525.4643,35343.0000,0.000000,0.0000,35343.0000,CONSEIL-MA,,,33500,16000,0000020006,X000000155,,FALSE,D78GQITHY,1,
,JEAN-CARON,0000406,2021/01/25,0.000,462.0000,23.1000,46.0845,462.0000,0.000000,0.0000,462.0000,UNIVER-T-R,,,33500,25001,0000019047,X000000415,,FALSE,Q91CVDTKW,1,
,JEAN-CARON,0000134,2021/01/25,0.000,967.5000,48.3750,96.5081,967.5000,0.000000,0.0000,967.5000,CIUSSS-MCQ,,,33500,16000,0000020010,X000000140,,FALSE,H92ZX7HB8,1,
,JEAN-CARON,0000416,2021/01/25,0.000,1320.3000,66.0150,131.6999,1320.3000,0.000000,0.0000,1320.3000,CIUSSS-MCQ,,,33500,25001,0000020010,X000000425,,FALSE,P0BCUZ7WS,1,
,SYST-VILLE,0000037,2021/01/25,0.000,27752.9500,1387.6475,2768.3568,27752.9500,0.000000,0.0000,27752.9500,CIUSSS-ADM,,,33500,12700,0000020003,X000000040,,FALSE,D6W5N1IV9,1,
,SYST-VILLE,0000353,2021/01/25,0.000,231.7200,11.5860,23.1141,231.7200,0.000000,0.0000,231.7200,CIUSSS-ADM,,,33500,25001,0000020003,X000000361,,FALSE,D64YH3L1M,1,
,SYST-VILLE,0000351,2021/01/25,0.000,999.8900,49.9945,99.7390,999.8900,0.000000,0.0000,999.8900,CIUSSS-ADM,,,33500,25001,0000020003,X000000359,,FALSE,NNDEJLG1I,1,
,SYST-VILLE,0000363,2021/01/25,0.000,641.9800,32.0990,64.0375,641.9800,0.000000,0.0000,641.9800,CIUSSS-ADM,,,33500,25001,0000020003,X000000371,,FALSE,XTMY5MPGK,1,
,SYST-VILLE,0000420,2021/01/25,0.000,12886.4700,644.3235,1285.4254,12886.4700,0.000000,0.0000,12886.4700,CIUSSS-ADM,,,33500,25001,0000020003,X000000429,,FALSE,8X5UY2K4B,1,
,SYST-VILLE,0000409,2021/01/25,0.000,-7451.9800,-372.5990,-743.3350,-7451.9800,0.000000,0.0000,-7451.9800,CIUSSS-ADM,,,33500,25001,0000020003,X000000418,,FALSE,EKEX1FY97,1,
,PEINT-DUPO,0000140,2021/01/25,0.000,2305.0000,115.2500,229.9238,2305.0000,0.000000,0.0000,2305.0000,CIUSSS-MCQ,,,33500,09910,0000020010,X000000146,,FALSE,S8WL6FNAE,1,
....................3,PEINT-DUPO,0000097,2021/01/25,1.000,0.0000,0.0000,0.0000,0.0000,0.000000,0.0000,0.0000,CONSEIL-MA,,,33200,,0000020006,,,FALSE,2C9JGL0TC,1,
....................3,JEAN-CARON,0000406,2021/01/25,1.000,0.0000,0.0000,0.0000,0.0000,0.000000,0.0000,0.0000,UNIVER-T-R,,,33200,,0000019047,,,FALSE,Q91CVDTKW,1,
....................3,JEAN-CARON,0000416,2021/01/25,1.000,0.0000,0.0000,0.0000,0.0000,0.000000,0.0000,0.0000,CIUSSS-MCQ,,,33200,,0000020010,,,FALSE,P0BCUZ7WS,1,
....................3,SYST-VILLE,0000353,2021/01/25,1.000,0.0000,0.0000,0.0000,0.0000,0.000000,0.0000,0.0000,CIUSSS-ADM,,,33200,,0000020003,,,FALSE,D64YH3L1M,1,
....................3,SYST-VILLE,0000351,2021/01/25,1.000,0.0000,0.0000,0.0000,0.0000,0.000000,0.0000,0.0000,CIUSSS-ADM,,,33200,,0000020003,,,FALSE,NNDEJLG1I,1,
....................3,SYST-VILLE,0000363,2021/01/25,1.000,0.0000,0.0000,0.0000,0.0000,0.000000,0.0000,0.0000,CIUSSS-ADM,,,33200,,0000020003,,,FALSE,XTMY5MPGK,1,
....................3,SYST-VILLE,0000420,2021/01/25,1.000,0.0000,0.0000,0.0000,0.0000,0.000000,0.0000,0.0000,CIUSSS-ADM,,,33200,,0000020003,,,FALSE,8X5UY2K4B,1,
....................3,SYST-VILLE,0000409,2021/01/25,1.000,0.0000,0.0000,0.0000,0.0000,0.000000,0.0000,0.0000,CIUSSS-ADM,,,33200,,0000020003,,,FALSE,EKEX1FY97,1,
....................4,PEINT-DUPO,0000097,2021/01/25,1.000,0.0000,0.0000,0.0000,0.0000,0.000000,0.0000,0.0000,CONSEIL-MA,,,33200,,0000020006,,,FALSE,2C9JGL0TC,1,
....................4,JEAN-CARON,0000406,2021/01/25,1.000,0.0000,0.0000,0.0000,0.0000,0.000000,0.0000,0.0000,UNIVER-T-R,,,33200,,0000019047,,,FALSE,Q91CVDTKW,1,
....................4,JEAN-CARON,0000416,2021/01/25,1.000,0.0000,0.0000,0.0000,0.0000,0.000000,0.0000,0.0000,CIUSSS-MCQ,,,33200,,0000020010,,,FALSE,P0BCUZ7WS,1,
....................4,SYST-VILLE,0000353,2021/01/25,1.000,0.0000,0.0000,0.0000,0.0000,0.000000,0.0000,0.0000,CIUSSS-ADM,,,33200,,0000020003,,,FALSE,D64YH3L1M,1,
....................4,SYST-VILLE,0000351,2021/01/25,1.000,0.0000,0.0000,0.0000,0.0000,0.000000,0.0000,0.0000,CIUSSS-ADM,,,33200,,0000020003,,,FALSE,NNDEJLG1I,1,
....................4,SYST-VILLE,0000363,2021/01/25,1.000,0.0000,0.0000,0.0000,0.0000,0.000000,0.0000,0.0000,CIUSSS-ADM,,,33200,,0000020003,,,FALSE,XTMY5MPGK,1,
....................4,SYST-VILLE,0000420,2021/01/25,1.000,0.0000,0.0000,0.0000,0.0000,0.000000,0.0000,0.0000,CIUSSS-ADM,,,33200,,0000020003,,,FALSE,8X5UY2K4B,1,
....................4,SYST-VILLE,0000409,2021/01/25,1.000,0.0000,0.0000,0.0000,0.0000,0.000000,0.0000,0.0000,CIUSSS-ADM,,,33200,,0000020003,,,FALSE,EKEX1FY97,1,
,F-DAIGLE--,0000217,2021/01/26,0.000,265.0000,13.2500,26.4338,265.0000,0.000000,0.0000,265.0000,CONSEIL-MA,,,33200,08210,0000020006,X000000224,,FALSE,FU1PZA33Z,1,
,F-DAIGLE--,0000235,2021/01/26,0.000,-60.0000,-3.0000,-5.9850,-60.0000,0.000000,0.0000,-60.0000,CONSEIL-MA,,,33500,08100,0000020006,X000000243,,FALSE,XNWNUW71F,1,
,ACIER-RAY-,0000432,2021/01/26,0.000,148.2500,7.4125,14.7879,148.2500,0.000000,0.0000,148.2500,CONSEIL-MA,,,33200,00400,0000020006,X000000441,,FALSE,A0DXTSNU6,1,
....................3,F-DAIGLE--,0000217,2021/01/26,1.000,0.0000,0.0000,0.0000,0.0000,0.000000,0.0000,0.0000,CONSEIL-MA,,,33200,,0000020006,,,FALSE,FU1PZA33Z,1,
....................3,F-DAIGLE--,0000235,2021/01/26,1.000,0.0000,0.0000,0.0000,0.0000,0.000000,0.0000,0.0000,CONSEIL-MA,,,33200,,0000020006,,,FALSE,XNWNUW71F,1,
....................3,ACIER-RAY-,0000432,2021/01/26,1.000,0.0000,0.0000,0.0000,0.0000,0.000000,0.0000,0.0000,CONSEIL-MA,,,33200,,0000020006,,,FALSE,A0DXTSNU6,1,
....................4,F-DAIGLE--,0000217,2021/01/26,1.000,0.0000,0.0000,0.0000,0.0000,0.000000,0.0000,0.0000,CONSEIL-MA,,,33200,,0000020006,,,FALSE,FU1PZA33Z,1,
....................4,F-DAIGLE--,0000235,2021/01/26,1.000,0.0000,0.0000,0.0000,0.0000,0.000000,0.0000,0.0000,CONSEIL-MA,,,33200,,0000020006,,,FALSE,XNWNUW71F,1,
....................4,ACIER-RAY-,0000432,2021/01/26,1.000,0.0000,0.0000,0.0000,0.0000,0.000000,0.0000,0.0000,CONSEIL-MA,,,33200,,0000020006,,,FALSE,A0DXTSNU6,1,
,BOULAY----,0000399,2021/01/27,0.000,5710.6400,285.5320,569.6363,5710.6400,0.000000,0.0000,5710.6400,CONSEIL-MA,,,33200,05500,0000020006,X000000408,,FALSE,OHGX9Y54M,1,
,BOULAY----,0000399,2021/01/27,0.000,254.8000,12.7400,25.4163,254.8000,0.000000,0.0000,254.8000,CONSEIL-MA,,,33200,05500,0000020006,X000000408,,FALSE,OHGX9Y54M,1,
....................3,BOULAY----,0000399,2021/01/27,1.000,0.0000,0.0000,0.0000,0.0000,0.000000,0.0000,0.0000,CONSEIL-MA,,,33200,,0000020006,,,FALSE,OHGX9Y54M,1,
....................4,BOULAY----,0000399,2021/01/27,1.000,0.0000,0.0000,0.0000,0.0000,0.000000,0.0000,0.0000,CONSEIL-MA,,,33200,,0000020006,,,FALSE,OHGX9Y54M,1,
,SIDE-ACOUS,0000090,2021/01/29,0.000,130000.0000,6500.0000,12967.5000,130000.0000,0.000000,0.0000,130000.0000,CONSEIL-MA,,,33500,09200,0000020006,X000000093,,FALSE,Z8BOB9KBK,1,
,NICO-METAL,0000042,2021/01/29,0.000,23971.6300,1198.5815,2391.1701,23971.6300,0.000000,0.0000,23971.6300,CIUSSS-ADM,,,33500,05120,0000020003,X000000045,,FALSE,WL2X1L3XJ,1,
,ISOL-TRIFL,0000135,2021/01/31,0.000,1000.0000,50.0000,99.7500,1000.0000,0.000000,0.0000,1000.0000,CIUSSS-MCQ,,,33500,15080,0000020010,X000000141,,FALSE,EELAI3RD0,1,
,MARC-COSSE,0000078,2021/02/01,0.000,1.0000,0.0500,0.0998,1.0000,0.000000,0.0000,1.0000,SIX-PINTS-,,,33500,16000,0000020005,X000000081,,FALSE,C1EKZJ78K,1,
,BASF------,0000321,2021/02/01,0.000,6125.0000,306.2500,610.9688,6125.0000,0.000000,0.0000,6125.0000,CIUSSS-MCQ,,,33200,03000,0000020010,X000000329,,FALSE,CPA4WWPJF,1,
,JEAN-CARON,0000291,2021/02/01,0.000,1064.9000,53.2450,106.2238,1064.9000,0.000000,0.0000,1064.9000,CIUSSS-MCQ,,,33500,16000,0000020010,X000000299,,FALSE,Q8T7FS35T,1,
,JEAN-CARON,0000388,2021/02/01,0.000,1112.4000,55.6200,110.9619,1112.4000,0.000000,0.0000,1112.4000,CIUSSS-MCQ,,,33500,25001,0000020010,X000000396,,FALSE,J5H0S0KQZ,1,
,JEAN-CARON,0000379,2021/02/01,0.000,754.2000,37.7100,75.2315,754.2000,0.000000,0.0000,754.2000,CIUSSS-MCQ,,,33500,25001,0000020010,X000000387,,FALSE,0EZYK5158,1,
,JEAN-CARON,0000348,2021/02/01,0.000,618.3000,30.9150,61.6754,618.3000,0.000000,0.0000,618.3000,CIUSSS-MCQ,,,33500,25001,0000020010,X000000356,,FALSE,PCTNL2SQ5,1,
,JEAN-CARON,0000361,2021/02/01,0.000,2191.9500,109.5975,218.6470,2191.9500,0.000000,0.0000,2191.9500,CIUSSS-MCQ,,,33500,25001,0000020010,X000000369,,FALSE,CV7BVTST1,1,
,JEAN-CARON,0000370,2021/02/01,0.000,1448.1000,72.4050,144.4480,1448.1000,0.000000,0.0000,1448.1000,CIUSSS-MCQ,,,33500,25001,0000020010,X000000378,,FALSE,S9JMN67RD,1,
,JEAN-CARON,0000385,2021/02/01,0.000,1227.6000,61.3800,122.4531,1227.6000,0.000000,0.0000,1227.6000,CIUSSS-MCQ,,,33500,25001,0000020010,X000000393,,FALSE,2HGX16HGW,1,
,JEAN-CARON,0000376,2021/02/01,0.000,4694.4000,234.7200,468.2664,4694.4000,0.000000,0.0000,4694.4000,CIUSSS-MCQ,,,33500,25001,0000020010,X000000384,,FALSE,6GCWFFU5A,1,
,REV-DIONNE,0000107,2021/02/01,0.000,17500.0000,875.0000,1745.6250,17500.0000,0.000000,0.0000,17500.0000,CONSEIL-MA,,,33500,07460,0000020006,X000000111,,FALSE,ZIXK179SR,1,
....................3,MARC-COSSE,0000078,2021/02/01,1.000,0.0000,0.0000,0.0000,0.0000,0.000000,0.0000,0.0000,SIX-PINTS-,,,33200,,0000020005,,,FALSE,C1EKZJ78K,1,
....................3,BASF------,0000321,2021/02/01,1.000,0.0000,0.0000,0.0000,0.0000,0.000000,0.0000,0.0000,CIUSSS-MCQ,,,33200,,0000020010,,,FALSE,CPA4WWPJF,1,
....................3,JEAN-CARON,0000388,2021/02/01,1.000,0.0000,0.0000,0.0000,0.0000,0.000000,0.0000,0.0000,CIUSSS-MCQ,,,33200,,0000020010,,,FALSE,J5H0S0KQZ,1,
....................3,JEAN-CARON,0000379,2021/02/01,1.000,0.0000,0.0000,0.0000,0.0000,0.000000,0.0000,0.0000,CIUSSS-MCQ,,,33200,,0000020010,,,FALSE,0EZYK5158,1,
....................3,JEAN-CARON,0000348,2021/02/01,1.000,0.0000,0.0000,0.0000,0.0000,0.000000,0.0000,0.0000,CIUSSS-MCQ,,,33200,,0000020010,,,FALSE,PCTNL2SQ5,1,
....................3,JEAN-CARON,0000370,2021/02/01,1.000,0.0000,0.0000,0.0000,0.0000,0.000000,0.0000,0.0000,CIUSSS-MCQ,,,33200,,0000020010,,,FALSE,S9JMN67RD,1,
....................3,JEAN-CARON,0000385,2021/02/01,1.000,0.0000,0.0000,0.0000,0.0000,0.000000,0.0000,0.0000,CIUSSS-MCQ,,,33200,,0000020010,,,FALSE,2HGX16HGW,1,
....................3,JEAN-CARON,0000376,2021/02/01,1.000,0.0000,0.0000,0.0000,0.0000,0.000000,0.0000,0.0000,CIUSSS-MCQ,,,33200,,0000020010,,,FALSE,6GCWFFU5A,1,
....................4,MARC-COSSE,0000078,2021/02/01,1.000,0.0000,0.0000,0.0000,0.0000,0.000000,0.0000,0.0000,SIX-PINTS-,,,33200,,0000020005,,,FALSE,C1EKZJ78K,1,
....................4,BASF------,0000321,2021/02/01,1.000,0.0000,0.0000,0.0000,0.0000,0.000000,0.0000,0.0000,CIUSSS-MCQ,,,33200,,0000020010,,,FALSE,CPA4WWPJF,1,
....................4,JEAN-CARON,0000388,2021/02/01,1.000,0.0000,0.0000,0.0000,0.0000,0.000000,0.0000,0.0000,CIUSSS-MCQ,,,33200,,0000020010,,,FALSE,J5H0S0KQZ,1,
....................4,JEAN-CARON,0000379,2021/02/01,1.000,0.0000,0.0000,0.0000,0.0000,0.000000,0.0000,0.0000,CIUSSS-MCQ,,,33200,,0000020010,,,FALSE,0EZYK5158,1,
....................4,JEAN-CARON,0000348,2021/02/01,1.000,0.0000,0.0000,0.0000,0.0000,0.000000,0.0000,0.0000,CIUSSS-MCQ,,,33200,,0000020010,,,FALSE,PCTNL2SQ5,1,
....................4,JEAN-CARON,0000370,2021/02/01,1.000,0.0000,0.0000,0.0000,0.0000,0.000000,0.0000,0.0000,CIUSSS-MCQ,,,33200,,0000020010,,,FALSE,S9JMN67RD,1,
....................4,JEAN-CARON,0000385,2021/02/01,1.000,0.0000,0.0000,0.0000,0.0000,0.000000,0.0000,0.0000,CIUSSS-MCQ,,,33200,,0000020010,,,FALSE,2HGX16HGW,1,
....................4,JEAN-CARON,0000376,2021/02/01,1.000,0.0000,0.0000,0.0000,0.0000,0.000000,0.0000,0.0000,CIUSSS-MCQ,,,33200,,0000020010,,,FALSE,6GCWFFU5A,1,
,PLOMB-MTCA,0000395,2021/02/05,0.000,13105.0000,655.2500,1307.2238,13105.0000,0.000000,0.0000,13105.0000,SIX-PINTS-,,,33500,15401,0000020042,X000000403,,FALSE,46NX0D1K0,1,
,AMEUBL-STY,0000129,2021/02/08,0.000,8576.0000,428.8000,855.4560,8576.0000,0.000000,0.0000,8576.0000,CIUSSS-MCQ,,,33500,06400,0000020010,X000000135,,FALSE,ONY6RB6NI,1,
,AMEUBL-STY,0000440,2021/02/08,0.000,593.0000,29.6500,59.1518,593.0000,0.000000,0.0000,593.0000,CIUSSS-MCQ,,,33500,25001,0000020010,X000000449,,FALSE,MN19CWHL8,1,
,F-DAIGLE--,0000425,2021/02/08,0.000,1100.0000,55.0000,109.7250,1100.0000,0.000000,0.0000,1100.0000,CIUSSS-MCQ,,,33200,25001,0000021002,X000000434,,FALSE,9RC21EUKL,1,
,PEINT-DUPO,0000140,2021/02/08,0.000,3412.0000,170.6000,340.3470,3412.0000,0.000000,0.0000,3412.0000,CIUSSS-MCQ,,,33500,09910,0000020010,X000000146,,FALSE,QDF77WWZ0,1,
,PEINT-DUPO,0000140,2021/02/08,0.000,1199.0000,59.9500,119.6003,1199.0000,0.000000,0.0000,1199.0000,CIUSSS-MCQ,,,33500,09910,0000020010,X000000146,,FALSE,QDF77WWZ0,1,
....................3,AMEUBL-STY,0000440,2021/02/08,1.000,0.0000,0.0000,0.0000,0.0000,0.000000,0.0000,0.0000,CIUSSS-MCQ,,,33200,,0000020010,,,FALSE,MN19CWHL8,1,
....................3,F-DAIGLE--,0000425,2021/02/08,1.000,0.0000,0.0000,0.0000,0.0000,0.000000,0.0000,0.0000,CIUSSS-MCQ,,,33200,,0000021002,,,FALSE,9RC21EUKL,1,
....................4,AMEUBL-STY,0000440,2021/02/08,1.000,0.0000,0.0000,0.0000,0.0000,0.000000,0.0000,0.0000,CIUSSS-MCQ,,,33200,,0000020010,,,FALSE,MN19CWHL8,1,
....................4,F-DAIGLE--,0000425,2021/02/08,1.000,0.0000,0.0000,0.0000,0.0000,0.000000,0.0000,0.0000,CIUSSS-MCQ,,,33200,,0000021002,,,FALSE,9RC21EUKL,1,
,ROGER-BELL,0000020,2021/02/10,0.000,80975.0000,4048.7500,8077.2563,80975.0000,0.000000,0.0000,80975.0000,CIUSSS-ADM,,,33500,07330,0000020003,X000000023,,FALSE,3YQ0CU1RV,1,
,ROGER-BELL,0000270,2021/02/10,0.000,26220.0000,1311.0000,2615.4450,26220.0000,0.000000,0.0000,26220.0000,CIUSSS-ADM,,,33200,02070,0000020003,X000000278,,FALSE,SWV740DWB,1,
,ROGER-BELL,0000270,2021/02/15,0.000,500.1300,25.0065,49.8880,500.1300,0.000000,0.0000,500.1300,CIUSSS-ADM,,,33200,02070,0000020003,X000000278,,FALSE,Y1VO1MC85,1,
,ROGER-BELL,0000270,2021/02/15,0.000,5200.0000,260.0000,518.7000,5200.0000,0.000000,0.0000,5200.0000,CIUSSS-ADM,,,33200,02070,0000020003,X000000278,,FALSE,Y1VO1MC85,1,
,QUALITECK-,0000282,2021/02/16,0.000,4781.7000,239.0850,476.9746,4781.7000,0.000000,0.0000,4781.7000,VILLE-ST-T,,,33500,16000,0000019008,X000000290,,FALSE,0XIDOI9J2,1,
,VAL-MAURIC,0000224,2021/02/16,0.000,1550.0000,77.5000,154.6125,1550.0000,0.000000,0.0000,1550.0000,CSS-CH-ROY,,,33500,16000,0000020026,X000000232,,FALSE,M4AOLE4US,1,
,ISOL-BOUCH,0000228,2021/02/16,0.000,1460.0000,73.0000,145.6350,1460.0000,0.000000,0.0000,1460.0000,CSS-CH-ROY,,,33500,07200,0000020026,X000000236,,FALSE,XI4R3CNBZ,1,
,D-DIONNE--,0000324,2021/02/16,0.000,-998.0000,-49.9000,-99.5505,-998.0000,0.000000,0.0000,-998.0000,UNIVER-T-R,,,33500,09310,0000020030,X000000332,,FALSE,FYDX44T84,1,
,D-DIONNE--,0000369,2021/02/16,0.000,-523.0000,-26.1500,-52.1693,-523.0000,0.000000,0.0000,-523.0000,UNIVER-T-R,,,33500,25001,0000020030,X000000377,,FALSE,Y8SCUMPM0,1,
,ENT-MAXIME,0000380,2021/02/16,0.000,9026.3200,0.0000,0.0000,9026.3200,0.000000,0.0000,9026.3200,SIX-PINTS-,,,33500,03000,0000020039,X000000388,,FALSE,C1GSX27QZ,1,
,ENT-MAXIME,0000380,2021/02/16,0.000,-9026.3200,0.0000,0.0000,-9026.3200,0.000000,0.0000,-9026.3200,SIX-PINTS-,,,33500,03000,0000020039,X000000388,,FALSE,C1GSX27QZ,1,
,ISOL-TRIFL,0000135,2021/02/16,0.000,2000.0000,100.0000,199.5000,2000.0000,0.000000,0.0000,2000.0000,CIUSSS-MCQ,,,33500,15080,0000020010,X000000141,,FALSE,V7M8A2GPI,1,
....................3,COOPPLUS--,0000326,2021/02/16,1.000,0.0000,0.0000,0.0000,0.0000,0.000000,0.0000,0.0000,MUN-STE-AN,,,33200,,0000020036,,,FALSE,WY46MMJD0,1,
....................3,COOPPLUS--,0000329,2021/02/16,1.000,0.0000,0.0000,0.0000,0.0000,0.000000,0.0000,0.0000,MUN-STE-AN,,,33200,,0000020036,,,FALSE,MESV6PI8X,1,
....................3,QUALITECK-,0000282,2021/02/16,1.000,0.0000,0.0000,0.0000,0.0000,0.000000,0.0000,0.0000,VILLE-ST-T,,,33200,,0000019008,,,FALSE,0XIDOI9J2,1,
....................3,ISOL-BOUCH,0000228,2021/02/16,1.000,0.0000,0.0000,0.0000,0.0000,0.000000,0.0000,0.0000,CSS-CH-ROY,,,33200,,0000020026,,,FALSE,XI4R3CNBZ,1,
....................3,D-DIONNE--,0000324,2021/02/16,1.000,0.0000,0.0000,0.0000,0.0000,0.000000,0.0000,0.0000,UNIVER-T-R,,,33200,,0000020030,,,FALSE,FYDX44T84,1,
....................3,D-DIONNE--,0000369,2021/02/16,1.000,0.0000,0.0000,0.0000,0.0000,0.000000,0.0000,0.0000,UNIVER-T-R,,,33200,,0000020030,,,FALSE,Y8SCUMPM0,1,
....................3,ENT-MAXIME,0000380,2021/02/16,1.000,0.0000,0.0000,0.0000,0.0000,0.000000,0.0000,0.0000,SIX-PINTS-,,,33200,,0000020039,,,FALSE,C1GSX27QZ,1,
....................4,COOPPLUS--,0000326,2021/02/16,1.000,0.0000,0.0000,0.0000,0.0000,0.000000,0.0000,0.0000,MUN-STE-AN,,,33200,,0000020036,,,FALSE,WY46MMJD0,1,
....................4,COOPPLUS--,0000329,2021/02/16,1.000,0.0000,0.0000,0.0000,0.0000,0.000000,0.0000,0.0000,MUN-STE-AN,,,33200,,0000020036,,,FALSE,MESV6PI8X,1,
....................4,QUALITECK-,0000282,2021/02/16,1.000,0.0000,0.0000,0.0000,0.0000,0.000000,0.0000,0.0000,VILLE-ST-T,,,33200,,0000019008,,,FALSE,0XIDOI9J2,1,
....................4,ISOL-BOUCH,0000228,2021/02/16,1.000,0.0000,0.0000,0.0000,0.0000,0.000000,0.0000,0.0000,CSS-CH-ROY,,,33200,,0000020026,,,FALSE,XI4R3CNBZ,1,
....................4,D-DIONNE--,0000324,2021/02/16,1.000,0.0000,0.0000,0.0000,0.0000,0.000000,0.0000,0.0000,UNIVER-T-R,,,33200,,0000020030,,,FALSE,FYDX44T84,1,
....................4,D-DIONNE--,0000369,2021/02/16,1.000,0.0000,0.0000,0.0000,0.0000,0.000000,0.0000,0.0000,UNIVER-T-R,,,33200,,0000020030,,,FALSE,Y8SCUMPM0,1,
....................4,ENT-MAXIME,0000380,2021/02/16,1.000,0.0000,0.0000,0.0000,0.0000,0.000000,0.0000,0.0000,SIX-PINTS-,,,33200,,0000020039,,,FALSE,C1GSX27QZ,1,
...................11,COOPPLUS--,0000329,2021/02/16,36.000,1961.6400,98.0820,195.6736,54.4900,0.000000,0.0000,54.4900,MUN-STE-AN,,,33200,,0000020036,X000000337,,FALSE,MESV6PI8X,1,
..............PLYWOOD,COOPPLUS--,0000326,2021/02/16,200.000,9138.0000,456.9000,911.5155,45.6900,0.000000,0.0000,45.6900,MUN-STE-AN,,,33200,,0000020036,X000000334,,FALSE,WY46MMJD0,1,
,ROCHON----,0000356,2021/02/17,0.000,-1550.0000,-77.5000,-154.6125,-1550.0000,0.000000,0.0000,-1550.0000,CONSEIL-MA,,,33500,25001,0000020006,X000000364,,FALSE,NZTKABNZ7,1,
,ROCHON----,0000105,2021/02/17,0.000,260000.0000,13000.0000,25935.0000,260000.0000,0.000000,0.0000,260000.0000,CONSEIL-MA,,,33500,06400,0000020006,,,TRUE,KH5H1DFO2,1,049716
....................3,ROCHON----,0000356,2021/02/17,1.000,0.0000,0.0000,0.0000,0.0000,0.000000,0.0000,0.0000,CONSEIL-MA,,,33200,,0000020006,,,FALSE,NZTKABNZ7,1,
....................3,ROCHON----,0000105,2021/02/17,1.000,0.0000,0.0000,0.0000,0.0000,0.000000,0.0000,0.0000,CONSEIL-MA,,,33200,,0000020006,,,TRUE,KH5H1DFO2,1,049716
....................4,ROCHON----,0000356,2021/02/17,1.000,0.0000,0.0000,0.0000,0.0000,0.000000,0.0000,0.0000,CONSEIL-MA,,,33200,,0000020006,,,FALSE,NZTKABNZ7,1,
....................4,ROCHON----,0000105,2021/02/17,1.000,0.0000,0.0000,0.0000,0.0000,0.000000,0.0000,0.0000,CONSEIL-MA,,,33200,,0000020006,,,TRUE,KH5H1DFO2,1,049716
,CHARTRAY-R,0000403,2021/02/18,0.000,-1046.5000,-52.3250,-104.3884,-1046.5000,0.000000,0.0000,-1046.5000,CIUSSS-MCQ,,,33500,25001,0000020010,X000000412,,FALSE,C0YQUNUT0,1,
,CHARTRAY-R,0000144,2021/02/18,0.000,8843.4900,442.1745,882.1381,8843.4900,0.000000,0.0000,8843.4900,CIUSSS-MCQ,,,33500,15700,0000020010,X000000150,,FALSE,41539DX72,1,
,CHARTRAY-R,0000103,2021/02/18,0.000,27017.8400,1350.8920,2695.0295,27017.8400,0.000000,0.0000,27017.8400,CONSEIL-MA,,,33500,15700,0000020006,X000000106,,FALSE,XW2N4S0JC,1,
....................3,CHARTRAY-R,0000403,2021/02/18,1.000,0.0000,0.0000,0.0000,0.0000,0.000000,0.0000,0.0000,CIUSSS-MCQ,,,33200,,0000020010,,,FALSE,C0YQUNUT0,1,
....................4,CHARTRAY-R,0000403,2021/02/18,1.000,0.0000,0.0000,0.0000,0.0000,0.000000,0.0000,0.0000,CIUSSS-MCQ,,,33200,,0000020010,,,FALSE,C0YQUNUT0,1,
,NOUVEL-HOR,0000434,2021/02/19,0.000,113.7500,5.6875,11.3466,113.7500,0.000000,0.0000,113.7500,CONSEIL-MA,,,33200,08000,0000020006,X000000443,,FALSE,NNLUPNO65,1,
....................3,NOUVEL-HOR,0000434,2021/02/19,1.000,0.0000,0.0000,0.0000,0.0000,0.000000,0.0000,0.0000,CONSEIL-MA,,,33200,,0000020006,,,FALSE,NNLUPNO65,1,
....................4,NOUVEL-HOR,0000434,2021/02/19,1.000,0.0000,0.0000,0.0000,0.0000,0.000000,0.0000,0.0000,CONSEIL-MA,,,33200,,0000020006,,,FALSE,NNLUPNO65,1,
,ARMECO----,0000372,2021/02/23,0.000,3000.0000,150.0000,299.2500,3000.0000,0.000000,0.0000,3000.0000,CIUSSS-ADM,,,33200,10800,0000020003,X000000380,,FALSE,AZOEMTA8S,1,
,REGULVAR--,0000452,2021/02/23,0.000,2781.8500,139.0925,277.4895,2781.8500,0.000000,0.0000,2781.8500,CIUSSS-MCQ,,,33500,25001,0000020010,X000000461,,FALSE,UBD1YYIU1,1,
,REINE-COUV,0000463,2021/02/23,0.000,-358.0000,-17.9000,-35.7105,-358.0000,0.000000,0.0000,-358.0000,CIUSSS-MCQ,,,33500,25001,0000020010,X000000472,,FALSE,TO1J3TNGG,1,
,REGULVAR--,0000118,2021/02/23,0.000,9963.4500,498.1725,993.8541,9963.4500,0.000000,0.0000,9963.4500,CONSEIL-MA,,,33500,15400,0000020006,X000000124,,FALSE,2168EF777,1,
....................3,REGULVAR--,0000452,2021/02/23,1.000,0.0000,0.0000,0.0000,0.0000,0.000000,0.0000,0.0000,CIUSSS-MCQ,,,33200,,0000020010,,,FALSE,UBD1YYIU1,1,
....................3,REINE-COUV,0000463,2021/02/23,1.000,0.0000,0.0000,0.0000,0.0000,0.000000,0.0000,0.0000,CIUSSS-MCQ,,,33200,,0000020010,,,FALSE,TO1J3TNGG,1,
....................3,REGULVAR--,0000118,2021/02/23,1.000,0.0000,0.0000,0.0000,0.0000,0.000000,0.0000,0.0000,CONSEIL-MA,,,33200,,0000020006,,,FALSE,2168EF777,1,
....................4,REGULVAR--,0000452,2021/02/23,1.000,0.0000,0.0000,0.0000,0.0000,0.000000,0.0000,0.0000,CIUSSS-MCQ,,,33200,,0000020010,,,FALSE,UBD1YYIU1,1,
....................4,REINE-COUV,0000463,2021/02/23,1.000,0.0000,0.0000,0.0000,0.0000,0.000000,0.0000,0.0000,CIUSSS-MCQ,,,33200,,0000020010,,,FALSE,TO1J3TNGG,1,
....................4,REGULVAR--,0000118,2021/02/23,1.000,0.0000,0.0000,0.0000,0.0000,0.000000,0.0000,0.0000,CONSEIL-MA,,,33200,,0000020006,,,FALSE,2168EF777,1,
,QUINC-PORT,0000045,2021/02/24,0.000,2300.0000,115.0000,229.4250,2300.0000,0.000000,0.0000,2300.0000,CIUSSS-ADM,,,33200,08700,0000020003,X000000048,,FALSE,HZ22DSU02,1,
,PEINT-DUPO,0000428,2021/02/24,0.000,-140.0000,-7.0000,-13.9650,-140.0000,0.000000,0.0000,-140.0000,CIUSSS-MCQ,,,33500,25001,0000020010,X000000437,,FALSE,K3NKZV1FA,1,
,PEINT-DUPO,0000097,2021/02/24,0.000,36250.0000,1812.5000,3615.9375,36250.0000,0.000000,0.0000,36250.0000,CONSEIL-MA,,,33500,09910,0000020006,X000000100,,FALSE,01UWPZCIQ,1,
,MAXI-FORET,0000435,2021/02/24,0.000,208.8000,10.4400,20.8278,208.8000,0.000000,0.0000,208.8000,CONSEIL-MA,,,33200,09651,0000020006,X000000444,,FALSE,RK32B8NX6,1,
,MAXI-FORET,0000435,2021/02/24,0.000,78.0300,3.9015,7.7835,78.0300,0.000000,0.0000,78.0300,CONSEIL-MA,,,33200,09651,0000020006,X000000444,,FALSE,RK32B8NX6,1,
,MAXI-FORET,0000435,2021/02/24,0.000,188.2500,9.4125,18.7779,188.2500,0.000000,0.0000,188.2500,CONSEIL-MA,,,33200,09651,0000020006,X000000444,,FALSE,RK32B8NX6,1,
,MAXI-FORET,0000435,2021/02/24,0.000,-237.7000,-11.8850,-23.7106,-237.7000,0.000000,0.0000,-237.7000,CONSEIL-MA,,,33200,09651,0000020006,X000000444,,FALSE,RK32B8NX6,1,
,MAXI-FORET,0000314,2021/02/24,0.000,14405.2700,720.2635,1436.9257,14405.2700,0.000000,0.0000,14405.2700,CONSEIL-MA,,,33200,07460,0000020006,X000000322,,FALSE,M7QOQQ5V0,1,
,INTEGRAIR-,0000033,2021/02/24,0.000,12050.0000,602.5000,1201.9875,12050.0000,0.000000,0.0000,12050.0000,CIUSSS-ADM,,,33500,13800,0000020003,,,TRUE,V197WUNUA,1,067696
....................3,PEINT-DUPO,0000428,2021/02/24,1.000,0.0000,0.0000,0.0000,0.0000,0.000000,0.0000,0.0000,CIUSSS-MCQ,,,33200,,0000020010,,,FALSE,K3NKZV1FA,1,
....................3,MAXI-FORET,0000435,2021/02/24,1.000,0.0000,0.0000,0.0000,0.0000,0.000000,0.0000,0.0000,CONSEIL-MA,,,33200,,0000020006,,,FALSE,RK32B8NX6,1,
....................3,MAXI-FORET,0000314,2021/02/24,1.000,0.0000,0.0000,0.0000,0.0000,0.000000,0.0000,0.0000,CONSEIL-MA,,,33200,,0000020006,,,FALSE,M7QOQQ5V0,1,
....................4,PEINT-DUPO,0000428,2021/02/24,1.000,0.0000,0.0000,0.0000,0.0000,0.000000,0.0000,0.0000,CIUSSS-MCQ,,,33200,,0000020010,,,FALSE,K3NKZV1FA,1,
....................4,MAXI-FORET,0000435,2021/02/24,1.000,0.0000,0.0000,0.0000,0.0000,0.000000,0.0000,0.0000,CONSEIL-MA,,,33200,,0000020006,,,FALSE,RK32B8NX6,1,
....................4,MAXI-FORET,0000314,2021/02/24,1.000,0.0000,0.0000,0.0000,0.0000,0.000000,0.0000,0.0000,CONSEIL-MA,,,33200,,0000020006,,,FALSE,M7QOQQ5V0,1,
............TRANSPORT,MAXI-FORET,0000314,2021/02/24,236.000,436.6000,21.8300,43.5509,1.8500,0.000000,0.0000,1.8500,CONSEIL-MA,,,33200,,0000020006,X000000322,,FALSE,M7QOQQ5V0,1,
............TRANSPORT,MAXI-FORET,0000314,2021/02/24,238.000,440.3000,22.0150,43.9199,1.8500,0.000000,0.0000,1.8500,CONSEIL-MA,,,33200,,0000020006,X000000322,,FALSE,M7QOQQ5V0,1,
,MULTI-ENER,0000041,2021/02/25,0.000,10050.0000,502.5000,1002.4875,10050.0000,0.000000,0.0000,10050.0000,CIUSSS-ADM,,,33500,15401,0000020003,X000000044,,FALSE,DBYI6IYK1,1,
,JEAN-CARON,0000134,2021/02/25,0.000,703.6500,35.1825,70.1891,703.6500,0.000000,0.0000,703.6500,CIUSSS-MCQ,,,33500,16000,0000020010,X000000140,,FALSE,NBLGEQ08A,1,
,ELECT-LAUR,0000439,2021/02/25,0.000,4067.5100,203.3755,405.7341,4067.5100,0.000000,0.0000,4067.5100,CONSEIL-MA,,,33500,25001,0000020006,,,TRUE,OFJTPC2RU,1,049717
,VITR-ASBES,0000156,2021/02/25,0.000,82500.0000,4125.0000,8229.3750,82500.0000,0.000000,0.0000,82500.0000,CIUSSS-ADM,,,33500,08000,0000020003,X000000163,,FALSE,F04SV8J7W,1,
,VITR-ASBES,0000104,2021/02/25,0.000,51750.0000,2587.5000,5162.0625,51750.0000,0.000000,0.0000,51750.0000,CONSEIL-MA,,,33500,08900,0000020006,X000000107,,FALSE,KTNBZBLLV,1,
,ELECT-LAUR,0000411,2021/02/25,0.000,3070.0100,153.5005,306.2335,3070.0100,0.000000,0.0000,3070.0100,CONSEIL-MA,,,33500,25001,0000020006,X000000420,,FALSE,TMKRJMY68,1,
,SYST-VILLE,0000037,2021/02/25,0.000,47174.2800,2358.7140,4705.6344,47174.2800,0.000000,0.0000,47174.2800,CIUSSS-ADM,,,33500,12700,0000020003,X000000040,,FALSE,174UBVG8U,1,
,QUINOX----,0000446,2021/02/25,0.000,258.8000,12.9400,25.8153,258.8000,0.000000,0.0000,258.8000,CIUSSS-MCQ,,,33200,07600,0000020010,X000000455,,FALSE,1MFDCM6LO,1,
....................3,ELECT-LAUR,0000439,2021/02/25,1.000,0.0000,0.0000,0.0000,0.0000,0.000000,0.0000,0.0000,CONSEIL-MA,,,33200,,0000020006,,,TRUE,OFJTPC2RU,1,049717
....................3,VITR-ASBES,0000156,2021/02/25,1.000,0.0000,0.0000,0.0000,0.0000,0.000000,0.0000,0.0000,CIUSSS-ADM,,,33200,,0000020003,,,FALSE,F04SV8J7W,1,
....................3,VITR-ASBES,0000104,2021/02/25,1.000,0.0000,0.0000,0.0000,0.0000,0.000000,0.0000,0.0000,CONSEIL-MA,,,33200,,0000020006,,,FALSE,KTNBZBLLV,1,
....................3,QUINOX----,0000446,2021/02/25,1.000,0.0000,0.0000,0.0000,0.0000,0.000000,0.0000,0.0000,CIUSSS-MCQ,,,33200,,0000020010,,,FALSE,1MFDCM6LO,1,
....................4,ELECT-LAUR,0000439,2021/02/25,1.000,0.0000,0.0000,0.0000,0.0000,0.000000,0.0000,0.0000,CONSEIL-MA,,,33200,,0000020006,,,TRUE,OFJTPC2RU,1,049717
....................4,VITR-ASBES,0000156,2021/02/25,1.000,0.0000,0.0000,0.0000,0.0000,0.000000,0.0000,0.0000,CIUSSS-ADM,,,33200,,0000020003,,,FALSE,F04SV8J7W,1,
....................4,VITR-ASBES,0000104,2021/02/25,1.000,0.0000,0.0000,0.0000,0.0000,0.000000,0.0000,0.0000,CONSEIL-MA,,,33200,,0000020006,,,FALSE,KTNBZBLLV,1,
....................4,QUINOX----,0000446,2021/02/25,1.000,0.0000,0.0000,0.0000,0.0000,0.000000,0.0000,0.0000,CIUSSS-MCQ,,,33200,,0000020010,,,FALSE,1MFDCM6LO,1,
,SIDE-ACOUS,0000090,2021/02/26,0.000,44000.0000,2200.0000,4389.0000,44000.0000,0.000000,0.0000,44000.0000,CONSEIL-MA,,,33500,09200,0000020006,X000000093,,FALSE,H3L4XNO3M,1,
,SIDE-ACOUS,0000090,2021/02/26,0.000,11000.0000,550.0000,1097.2500,11000.0000,0.000000,0.0000,11000.0000,CONSEIL-MA,,,33500,09510,0000020006,X000000093,,FALSE,H3L4XNO3M,1,
,COUVRE-PLA,0000102,2021/02/26,0.000,41250.0000,2062.5000,4114.6875,41250.0000,0.000000,0.0000,41250.0000,CONSEIL-MA,,,33500,09310,0000020006,X000000105,,FALSE,OHCJ8Y4AQ,1,
,COUVRE-PLA,0000279,2021/02/26,0.000,104.6100,5.2305,10.4348,104.6100,0.000000,0.0000,104.6100,CONSEIL-MA,,,33500,09300,0000020006,X000000287,,FALSE,QSMGCSSL8,1,
,COUVRE-PLA,0000332,2021/02/26,0.000,4417.6600,220.8830,440.6616,4417.6600,0.000000,0.0000,4417.6600,CONSEIL-MA,,,33500,25001,0000020006,X000000340,,FALSE,8I3R939P2,1,
,COUVRE-PLA,0000332,2021/02/26,0.000,4400.0000,220.0000,438.9000,4400.0000,0.000000,0.0000,4400.0000,CONSEIL-MA,,,33500,25001,0000020006,X000000340,,FALSE,8I3R939P2,1,
,COUVRE-PLA,0000441,2021/02/26,0.000,10424.1000,521.2050,1039.8040,10424.1000,0.000000,0.0000,10424.1000,CONSEIL-MA,,,33500,25001,0000020006,X000000450,,FALSE,82FSJRNSV,1,
,ARMATECH-I,0000046,2021/02/26,0.000,4348.8000,217.4400,433.7928,4348.8000,0.000000,0.0000,4348.8000,CIUSSS-ADM,,,33200,05500,0000020003,,,TRUE,N85I4NH5T,1,049858
....................3,COUVRE-PLA,0000441,2021/02/26,1.000,0.0000,0.0000,0.0000,0.0000,0.000000,0.0000,0.0000,CONSEIL-MA,,,33200,,0000020006,,,FALSE,82FSJRNSV,1,
....................4,COUVRE-PLA,0000441,2021/02/26,1.000,0.0000,0.0000,0.0000,0.0000,0.000000,0.0000,0.0000,CONSEIL-MA,,,33200,,0000020006,,,FALSE,82FSJRNSV,1,
,ELECT-LAUR,0000352,2021/02/28,0.000,26302.5000,1315.1250,2623.6744,26302.5000,0.000000,0.0000,26302.5000,CONSEIL-MA,,,33500,16000,0000020035,X000000360,,FALSE,NHWJKYPQ9,1,
,JEAN-CARON,0000443,2021/02/28,0.000,1241.1000,62.0550,123.7997,1241.1000,0.000000,0.0000,1241.1000,CIUSSS-MCQ,,,33500,25001,0000020010,,,TRUE,RQRA48BYC,1,049813
....................3,JEAN-CARON,0000443,2021/02/28,1.000,0.0000,0.0000,0.0000,0.0000,0.000000,0.0000,0.0000,CIUSSS-MCQ,,,33200,,0000020010,,,TRUE,RQRA48BYC,1,049813
....................4,JEAN-CARON,0000443,2021/02/28,1.000,0.0000,0.0000,0.0000,0.0000,0.000000,0.0000,0.0000,CIUSSS-MCQ,,,33200,,0000020010,,,TRUE,RQRA48BYC,1,049813
,ELECT-LAUR,0000352,2021/03/01,0.000,4500.0000,225.0000,448.8750,4500.0000,0.000000,0.0000,4500.0000,CONSEIL-MA,,,33500,16000,0000020035,,,TRUE,LF1CATPR3,1,049955
,ARMECO----,0000372,2021/03/01,0.000,435.0000,21.7500,43.3913,435.0000,0.000000,0.0000,435.0000,CIUSSS-ADM,,,33200,10800,0000020003,,,TRUE,QHN0PWMVS,1,050046
,GROUPEJSV-,0000461,2021/03/03,0.000,275.0000,13.7500,27.4313,275.0000,0.000000,0.0000,275.0000,CSS-ENERGI,,,33200,10000,0000021011,X000000470,,FALSE,QA57PF7V8,1,
,INTEGRAIR-,0000033,2021/03/03,0.000,14355.0000,717.7500,1431.9113,14355.0000,0.000000,0.0000,14355.0000,CIUSSS-ADM,,,33500,13800,0000020003,,,TRUE,1HSNNODZ4,1,050008
,LECUYER---,0000431,2021/03/04,0.000,6378.0600,318.9030,636.2115,6378.0600,0.000000,0.0000,6378.0600,CIUSSS-MCQ,,,33500,03400,0000021002,,,TRUE,V7QMD0YLX,1,049718
,FRANCO----,0000453,2021/03/08,0.000,26291.5000,1314.5750,2622.5771,26291.5000,0.000000,0.0000,26291.5000,CSS-ENERGI,,,33500,07000,0000021011,X000000462,,FALSE,D5IRE0AJJ,1,
,ELECT-LAUR,0000486,2021/03/08,0.000,6326.2800,316.3140,631.0464,6326.2800,0.000000,0.0000,6326.2800,CONSEIL-MA,,,33500,25001,0000020006,,,TRUE,WV6IHIWF3,1,049830
....................3,FRANCO----,0000453,2021/03/08,1.000,0.0000,0.0000,0.0000,0.0000,0.000000,0.0000,0.0000,CSS-ENERGI,,,33200,,0000021011,,,FALSE,D5IRE0AJJ,1,
....................3,ELECT-LAUR,0000486,2021/03/08,1.000,0.0000,0.0000,0.0000,0.0000,0.000000,0.0000,0.0000,CONSEIL-MA,,,33200,,0000020006,,,TRUE,WV6IHIWF3,1,049830
....................4,FRANCO----,0000453,2021/03/08,1.000,0.0000,0.0000,0.0000,0.0000,0.000000,0.0000,0.0000,CSS-ENERGI,,,33200,,0000021011,,,FALSE,D5IRE0AJJ,1,
....................4,ELECT-LAUR,0000486,2021/03/08,1.000,0.0000,0.0000,0.0000,0.0000,0.000000,0.0000,0.0000,CONSEIL-MA,,,33200,,0000020006,,,TRUE,WV6IHIWF3,1,049830
,MAC-ELC---,0000035,2021/03/10,0.000,6198.8800,309.9440,618.3383,6198.8800,0.000000,0.0000,6198.8800,CIUSSS-ADM,,,33500,04000,0000020003,,,TRUE,I5NEAVUSK,1,049859
,MAC-ELC---,0000451,2021/03/10,0.000,550.0000,27.5000,54.8625,550.0000,0.000000,0.0000,550.0000,CIUSSS-ADM,,,33500,04000,0000020003,,,TRUE,1CE79D4C4,1,049860
....................3,GROUPEJSV-,0000461,2021/03/10,1.000,0.0000,0.0000,0.0000,0.0000,0.000000,0.0000,0.0000,CSS-ENERGI,,,33200,,0000021011,,,FALSE,S06I2AGEB,1,
....................3,MAC-ELC---,0000451,2021/03/10,1.000,0.0000,0.0000,0.0000,0.0000,0.000000,0.0000,0.0000,CIUSSS-ADM,,,33200,,0000020003,,,TRUE,1CE79D4C4,1,049860
....................4,GROUPEJSV-,0000461,2021/03/10,1.000,0.0000,0.0000,0.0000,0.0000,0.000000,0.0000,0.0000,CSS-ENERGI,,,33200,,0000021011,,,FALSE,S06I2AGEB,1,
....................4,MAC-ELC---,0000451,2021/03/10,1.000,0.0000,0.0000,0.0000,0.0000,0.000000,0.0000,0.0000,CIUSSS-ADM,,,33200,,0000020003,,,TRUE,1CE79D4C4,1,049860
,HILTI-----,0000490,2021/03/11,0.000,415.8800,20.7940,41.4840,415.8800,0.000000,0.0000,415.8800,CIUSSS-ADM,,,33200,07000,0000020003,,,TRUE,JERT3NZC2,1,049900
....................3,HILTI-----,0000490,2021/03/11,1.000,0.0000,0.0000,0.0000,0.0000,0.000000,0.0000,0.0000,CIUSSS-ADM,,,33200,,0000020003,,,TRUE,JERT3NZC2,1,049900
....................4,HILTI-----,0000490,2021/03/11,1.000,0.0000,0.0000,0.0000,0.0000,0.000000,0.0000,0.0000,CIUSSS-ADM,,,33200,,0000020003,,,TRUE,JERT3NZC2,1,049900
,ACIER-RAY-,0000480,2021/03/15,0.000,1085.0000,54.2500,108.2288,1085.0000,0.000000,0.0000,1085.0000,CONSEIL-MA,,,33200,25001,0000020006,,,TRUE,YGEOM4XW8,1,049841
....................3,ACIER-RAY-,0000480,2021/03/15,1.000,0.0000,0.0000,0.0000,0.0000,0.000000,0.0000,0.0000,CONSEIL-MA,,,33200,,0000020006,,,TRUE,YGEOM4XW8,1,049841
....................4,ACIER-RAY-,0000480,2021/03/15,1.000,0.0000,0.0000,0.0000,0.0000,0.000000,0.0000,0.0000,CONSEIL-MA,,,33200,,0000020006,,,TRUE,YGEOM4XW8,1,049841
,ASP-CONTRO,0000039,2021/03/17,0.000,22500.0000,1125.0000,2244.3750,22500.0000,0.000000,0.0000,22500.0000,CIUSSS-ADM,,,33500,16000,0000020003,,,TRUE,WIBVTR1QP,1,049940
,ARMECO----,0000465,2021/03/17,0.000,-725.0000,-36.2500,-72.3188,-725.0000,0.000000,0.0000,-725.0000,CIUSSS-ADM,,,33200,05810,0000020003,,,TRUE,BCJK82EOL,1,049941
,ARMECO----,0000372,2021/03/17,0.000,1550.0000,77.5000,154.6125,1550.0000,0.000000,0.0000,1550.0000,CIUSSS-ADM,,,33200,05800,0000020003,,,TRUE,DLPPM8SQL,1,049942
....................3,ARMECO----,0000465,2021/03/17,1.000,0.0000,0.0000,0.0000,0.0000,0.000000,0.0000,0.0000,CIUSSS-ADM,,,33200,,0000020003,,,TRUE,BCJK82EOL,1,049941
....................4,ARMECO----,0000465,2021/03/17,1.000,0.0000,0.0000,0.0000,0.0000,0.000000,0.0000,0.0000,CIUSSS-ADM,,,33200,,0000020003,,,TRUE,BCJK82EOL,1,049941
,CHARTRAY-R,0000036,2021/03/19,0.000,10263.9400,513.1970,1023.8280,10263.9400,0.000000,0.0000,10263.9400,CIUSSS-ADM,,,33500,15700,0000020003,,,TRUE,3PT7SQJYR,1,049938
,CHARTRAY-R,0000421,2021/03/19,0.000,2839.0000,141.9500,283.1903,2839.0000,0.000000,0.0000,2839.0000,CIUSSS-ADM,,,33500,25001,0000020003,,,TRUE,8CPTRUE4M,1,049939
....................3,CHARTRAY-R,0000421,2021/03/19,1.000,0.0000,0.0000,0.0000,0.0000,0.000000,0.0000,0.0000,CIUSSS-ADM,,,33200,,0000020003,,,TRUE,8CPTRUE4M,1,049939
....................4,CHARTRAY-R,0000421,2021/03/19,1.000,0.0000,0.0000,0.0000,0.0000,0.000000,0.0000,0.0000,CIUSSS-ADM,,,33200,,0000020003,,,TRUE,8CPTRUE4M,1,049939
,VENT-ST-MA,0000484,2021/03/22,0.000,13907.5000,695.3750,1387.2731,13907.5000,0.000000,0.0000,13907.5000,STEMA-PRO-,,,33500,15000,0000021012,,,TRUE,PZ64354X0,1,050017
,QUINC-PORT,0000045,2021/03/23,0.000,13000.0000,650.0000,1296.7500,13000.0000,0.000000,0.0000,13000.0000,CIUSSS-ADM,,,33500,08000,0000020003,,,TRUE,UA3Z8PP90,1,050009
,PEINT-DUPO,0000448,2021/03/24,0.000,1500.0000,75.0000,149.6250,1500.0000,0.000000,0.0000,1500.0000,PARCS-CANA,,,33200,02070,0000021008,,,TRUE,1ZQPUXOYM,1,049937
,BOULAY----,0000483,2021/03/24,0.000,98.6000,4.9300,9.8354,98.6000,0.000000,0.0000,98.6000,SIX-PINTS-,,,33200,05500,0000020042,,,TRUE,W27ILQ4OD,1,050005
,QUINOX----,0000040,2021/03/24,0.000,34436.2500,1721.8125,3435.0159,34436.2500,0.000000,0.0000,34436.2500,CIUSSS-ADM,,,33500,05080,0000020003,,,TRUE,N4PB2DLV0,1,050006
,QUINOX----,0000512,2021/03/24,0.000,-560.0000,-28.0000,-55.8600,-560.0000,0.000000,0.0000,-560.0000,CIUSSS-ADM,,,33500,07410,0000020003,,,TRUE,AY4FZWZ8F,1,050007
,QUINOX----,0000512,2021/03/24,0.000,1056.6000,52.8300,105.3959,1056.6000,0.000000,0.0000,1056.6000,CIUSSS-ADM,,,33500,07410,0000020003,,,TRUE,AY4FZWZ8F,1,050007
,QUINOX----,0000512,2021/03/24,0.000,100.0000,5.0000,9.9750,100.0000,0.000000,0.0000,100.0000,CIUSSS-ADM,,,33500,07410,0000020003,,,TRUE,AY4FZWZ8F,1,050007
,QUINOX----,0000512,2021/03/24,0.000,-520.0000,-26.0000,-51.8700,-520.0000,0.000000,0.0000,-520.0000,CIUSSS-ADM,,,33500,07410,0000020003,,,TRUE,AY4FZWZ8F,1,050007
,QUINOX----,0000512,2021/03/24,0.000,89.4900,4.4745,8.9266,89.4900,0.000000,0.0000,89.4900,CIUSSS-ADM,,,33500,07410,0000020003,,,TRUE,AY4FZWZ8F,1,050007
,VAILLANCOU,0000089,2021/03/24,0.000,33540.0000,1677.0000,3345.6150,33540.0000,0.000000,0.0000,33540.0000,CONSEIL-MA,,,33500,07460,0000020006,,,TRUE,4ZHC9D9NC,1,050026
,SYST-VILLE,0000037,2021/03/24,0.000,95000.0000,4750.0000,9476.2500,95000.0000,0.000000,0.0000,95000.0000,CIUSSS-ADM,,,33500,12700,0000020003,,,TRUE,KV6L1K6FZ,1,050029
,QUINOX----,0000086,2021/03/24,0.000,65959.9400,3297.9970,6579.5040,65959.9400,0.000000,0.0000,65959.9400,CIUSSS-ADM,,,33500,07000,0000020003,X000000089,,FALSE,2OR7CEU7N,1,
....................3,PEINT-DUPO,0000448,2021/03/24,1.000,0.0000,0.0000,0.0000,0.0000,0.000000,0.0000,0.0000,PARCS-CANA,,,33200,,0000021008,,,TRUE,1ZQPUXOYM,1,049937
....................3,BOULAY----,0000481,2021/03/24,1.000,0.0000,0.0000,0.0000,0.0000,0.000000,0.0000,0.0000,CONSEIL-MA,,,33200,,0000020006,,,TRUE,BFL12MW2S,1,050004
....................3,BOULAY----,0000483,2021/03/24,1.000,0.0000,0.0000,0.0000,0.0000,0.000000,0.0000,0.0000,SIX-PINTS-,,,33200,,0000020042,,,TRUE,W27ILQ4OD,1,050005
....................3,VAILLANCOU,0000089,2021/03/24,1.000,0.0000,0.0000,0.0000,0.0000,0.000000,0.0000,0.0000,CONSEIL-MA,,,33200,,0000020006,,,TRUE,4ZHC9D9NC,1,050026
....................3,QUINOX----,0000086,2021/03/24,1.000,0.0000,0.0000,0.0000,0.0000,0.000000,0.0000,0.0000,CIUSSS-ADM,,,33200,,0000020003,,,FALSE,2OR7CEU7N,1,
....................4,BOULAY----,0000481,2021/03/24,1.000,0.0000,0.0000,0.0000,0.0000,0.000000,0.0000,0.0000,CONSEIL-MA,,,33200,,0000020006,,,TRUE,BFL12MW2S,1,050004
....................4,BOULAY----,0000483,2021/03/24,1.000,0.0000,0.0000,0.0000,0.0000,0.000000,0.0000,0.0000,SIX-PINTS-,,,33200,,0000020042,,,TRUE,W27ILQ4OD,1,050005
....................4,VAILLANCOU,0000089,2021/03/24,1.000,0.0000,0.0000,0.0000,0.0000,0.000000,0.0000,0.0000,CONSEIL-MA,,,33200,,0000020006,,,TRUE,4ZHC9D9NC,1,050026
....................4,QUINOX----,0000086,2021/03/24,1.000,0.0000,0.0000,0.0000,0.0000,0.000000,0.0000,0.0000,CIUSSS-ADM,,,33200,,0000020003,,,FALSE,2OR7CEU7N,1,
...................20,BOULAY----,0000481,2021/03/24,1.000,343.9000,17.1950,34.3040,343.9000,0.000000,0.0000,343.9000,CONSEIL-MA,,,33200,,0000020006,,,TRUE,BFL12MW2S,1,050004
,DECOLAM---,0000153,2021/03/25,0.000,3060.0000,153.0000,305.2350,3060.0000,0.000000,0.0000,3060.0000,CONSEIL-MA,,,33200,10800,0000020006,,,TRUE,L6C9SLSCC,1,049901
,VITR-ASBES,0000159,2021/03/25,0.000,24999.5000,1249.9750,2493.7001,24999.5000,0.000000,0.0000,24999.5000,C-S-CH-ROY,,,33500,08520,0000020013,,,TRUE,761G4YQNI,1,050010
,VITR-ASBES,0000104,2021/03/25,0.000,13800.0000,690.0000,1376.5500,13800.0000,0.000000,0.0000,13800.0000,CONSEIL-MA,,,33500,08900,0000020006,,,TRUE,9FOZACEJ1,1,050011
,AMEUBL-STY,0000195,2021/03/25,0.000,5432.0000,271.6000,541.8420,5432.0000,0.000000,0.0000,5432.0000,C-S-CH-ROY,,,33500,12000,0000020013,,,TRUE,X5K5EYXTK,1,050012
,VENT-ST-MA,0000484,2021/03/25,0.000,897.5500,44.8775,89.5306,897.5500,0.000000,0.0000,897.5500,STEMA-PRO-,,,33500,15000,0000021012,,,TRUE,OJXMEZYAX,1,050016
,ARMECO----,0000372,2021/03/25,0.000,1475.0000,73.7500,147.1313,1475.0000,0.000000,0.0000,1475.0000,CIUSSS-ADM,,,33200,10240,0000020003,,,TRUE,FBR8NTS03,1,050019
,MULTI-ENER,0000041,2021/03/25,0.000,34200.0000,1710.0000,3411.4500,34200.0000,0.000000,0.0000,34200.0000,CIUSSS-ADM,,,33500,15401,0000020003,,,TRUE,8CH11KSKH,1,050021
,JEAN-CARON,0000134,2021/03/25,0.000,9144.1900,457.2095,912.1330,9144.1900,0.000000,0.0000,9144.1900,CIUSSS-MCQ,,,33500,16000,0000020010,X000000140,,FALSE,5GUC7TGVL,1,
,JEAN-CARON,0000537,2021/03/25,0.000,314.0000,15.7000,31.3215,314.0000,0.000000,0.0000,314.0000,CIUSSS-MCQ,,,33500,25001,0000020010,X000000546,,FALSE,YLLS9R2JP,1,
,JEAN-CARON,0000493,2021/03/25,0.000,-451.0000,-22.5500,-44.9873,-451.0000,0.000000,0.0000,-451.0000,CIUSSS-MCQ,,,33500,25001,0000020010,X000000502,,FALSE,JJPGWG2HO,1,
....................3,DECOLAM---,0000153,2021/03/25,1.000,0.0000,0.0000,0.0000,0.0000,0.000000,0.0000,0.0000,CONSEIL-MA,,,33200,,0000020006,,,TRUE,L6C9SLSCC,1,049901
....................3,AMEUBL-STY,0000195,2021/03/25,1.000,0.0000,0.0000,0.0000,0.0000,0.000000,0.0000,0.0000,C-S-CH-ROY,,,33200,,0000020013,,,TRUE,X5K5EYXTK,1,050012
....................3,VENT-ST-MA,0000484,2021/03/25,1.000,0.0000,0.0000,0.0000,0.0000,0.000000,0.0000,0.0000,STEMA-PRO-,,,33200,,0000021012,,,TRUE,OJXMEZYAX,1,050016
....................3,JEAN-CARON,0000537,2021/03/25,1.000,0.0000,0.0000,0.0000,0.0000,0.000000,0.0000,0.0000,CIUSSS-MCQ,,,33200,,0000020010,,,FALSE,YLLS9R2JP,1,
....................3,JEAN-CARON,0000493,2021/03/25,1.000,0.0000,0.0000,0.0000,0.0000,0.000000,0.0000,0.0000,CIUSSS-MCQ,,,33200,,0000020010,,,FALSE,JJPGWG2HO,1,
....................4,DECOLAM---,0000153,2021/03/25,1.000,0.0000,0.0000,0.0000,0.0000,0.000000,0.0000,0.0000,CONSEIL-MA,,,33200,,0000020006,,,TRUE,L6C9SLSCC,1,049901
....................4,AMEUBL-STY,0000195,2021/03/25,1.000,0.0000,0.0000,0.0000,0.0000,0.000000,0.0000,0.0000,C-S-CH-ROY,,,33200,,0000020013,,,TRUE,X5K5EYXTK,1,050012
....................4,VENT-ST-MA,0000484,2021/03/25,1.000,0.0000,0.0000,0.0000,0.0000,0.000000,0.0000,0.0000,STEMA-PRO-,,,33200,,0000021012,,,TRUE,OJXMEZYAX,1,050016
....................4,JEAN-CARON,0000537,2021/03/25,1.000,0.0000,0.0000,0.0000,0.0000,0.000000,0.0000,0.0000,CIUSSS-MCQ,,,33200,,0000020010,,,FALSE,YLLS9R2JP,1,
....................4,JEAN-CARON,0000493,2021/03/25,1.000,0.0000,0.0000,0.0000,0.0000,0.000000,0.0000,0.0000,CIUSSS-MCQ,,,33200,,0000020010,,,FALSE,JJPGWG2HO,1,
,PROT-PAQUI,0000084,2021/03/26,0.000,23804.9600,1190.2480,2374.5448,23804.9600,0.000000,0.0000,23804.9600,CIUSSS-ADM,,,33500,13930,0000020003,,,TRUE,MWZP497GR,1,050018
,SIDE-ACOUS,0000090,2021/03/26,0.000,30000.0000,1500.0000,2992.5000,30000.0000,0.000000,0.0000,30000.0000,CONSEIL-MA,,,33500,09510,0000020006,,,TRUE,E3IIBZZXJ,1,050023
,QUINC-PORT,0000045,2021/03/29,0.000,2000.0000,100.0000,199.5000,2000.0000,0.000000,0.0000,2000.0000,CIUSSS-ADM,,,33500,08000,0000020003,,,TRUE,14T9CZR7V,1,050047
,BARETTE-ST,0000508,2021/03/31,0.000,1195.0000,59.7500,119.2013,1195.0000,0.000000,0.0000,1195.0000,9149-7818-,,,33200,07330,0000019040,,,TRUE,YUY1EEAO7,1,050013
,CONST-PROS,0000091,2021/03/31,0.000,5670.0000,283.5000,565.5825,5670.0000,0.000000,0.0000,5670.0000,CONSEIL-MA,,,33500,15400,0000020006,,,TRUE,SN163O8E7,1,050147
,CONST-PROS,0000091,2021/03/31,0.000,630.0000,31.5000,62.8425,630.0000,0.000000,0.0000,630.0000,CONSEIL-MA,,,33500,15400,0000020006,,,TRUE,SW9I9VGZI,1,050148
,CAP-ISOLAT,0000019,2021/03/31,0.000,31402.8000,1570.1400,3132.4293,31402.8000,0.000000,0.0000,31402.8000,CIUSSS-ADM,,,33500,15401,0000020003,,,TRUE,2TRCWU350,1,050157
....................3,BARETTE-ST,0000508,2021/03/31,1.000,0.0000,0.0000,0.0000,0.0000,0.000000,0.0000,0.0000,9149-7818-,,,33200,,0000019040,,,TRUE,YUY1EEAO7,1,050013
,ISOL-TRIFL,0000330,2021/04/01,0.000,1504.3000,75.2150,150.0539,1504.3000,0.000000,0.0000,1504.3000,CIUSSS-ADM,,,33500,25001,0000019030,,,TRUE,8EF25JDA2,1,050303
....................3,ISOL-TRIFL,0000330,2021/04/01,1.000,0.0000,0.0000,0.0000,0.0000,0.000000,0.0000,0.0000,CIUSSS-ADM,,,33200,,0000019030,,,TRUE,8EF25JDA2,1,050303
....................4,ISOL-TRIFL,0000330,2021/04/01,1.000,0.0000,0.0000,0.0000,0.0000,0.000000,0.0000,0.0000,CIUSSS-ADM,,,33200,,0000019030,,,TRUE,8EF25JDA2,1,050303
,ARMECO----,0000372,2021/04/06,0.000,9495.0000,474.7500,947.1263,9495.0000,0.000000,0.0000,9495.0000,CIUSSS-ADM,,,33200,10500,0000020003,,,TRUE,TULIS7NVY,1,050045
,BARETTE-ST,0000508,2021/04/06,0.000,15.0000,0.7500,1.4963,15.0000,0.000000,0.0000,15.0000,9149-7818-,,,33200,07330,0000019040,,,TRUE,UZ15HQ06B,1,050066
,MAC-ELC---,0000035,2021/04/09,0.000,1239.7700,61.9885,123.6671,1239.7700,0.000000,0.0000,1239.7700,CIUSSS-ADM,,,33500,04000,0000020003,,,TRUE,2HCPOYRN9,1,050195
,MAC-ELC---,0000522,2021/04/09,0.000,534.0000,26.7000,53.2665,534.0000,0.000000,0.0000,534.0000,CIUSSS-ADM,,,33500,25001,0000020003,,,TRUE,PV6XLR319,1,050196
,MAC-ELC---,0000522,2021/04/09,0.000,1141.9100,57.0955,113.9055,1141.9100,0.000000,0.0000,1141.9100,CIUSSS-ADM,,,33500,25001,0000020003,,,TRUE,PV6XLR319,1,050196
....................3,MAC-ELC---,0000522,2021/04/09,1.000,0.0000,0.0000,0.0000,0.0000,0.000000,0.0000,0.0000,CIUSSS-ADM,,,33200,,0000020003,,,TRUE,PV6XLR319,1,050196
....................4,MAC-ELC---,0000522,2021/04/09,1.000,0.0000,0.0000,0.0000,0.0000,0.000000,0.0000,0.0000,CIUSSS-ADM,,,33200,,0000020003,,,TRUE,PV6XLR319,1,050196
..................050,BAD-BOY---,0000536,2021/04/09,1.000,98.0000,4.9000,9.7755,98.0000,0.000000,0.0000,98.0000,,,,33200,,,,,TRUE,HCXVOJ2PL,1,050048
,F-DAIGLE--,0000510,2021/04/12,0.000,1342.0000,67.1000,133.8645,1342.0000,0.000000,0.0000,1342.0000,9149-7818-,,,33200,08000,0000019040,,,TRUE,ULMZRQ7NL,1,050149
,F-DAIGLE--,0000510,2021/04/12,0.000,50.0000,2.5000,4.9875,50.0000,0.000000,0.0000,50.0000,9149-7818-,,,33200,08000,0000019040,,,TRUE,ULMZRQ7NL,1,050149
....................3,F-DAIGLE--,0000510,2021/04/12,1.000,0.0000,0.0000,0.0000,0.0000,0.000000,0.0000,0.0000,9149-7818-,,,33200,,0000019040,,,TRUE,ULMZRQ7NL,1,050149
,ELECT-LAUR,0000519,2021/04/14,0.000,202.5000,10.1250,20.1994,202.5000,0.000000,0.0000,202.5000,CONSEIL-MA,,,33500,16000,0000020006,,,TRUE,FMN20TVPD,1,050146
....................3,ELECT-LAUR,0000519,2021/04/14,1.000,0.0000,0.0000,0.0000,0.0000,0.000000,0.0000,0.0000,CONSEIL-MA,,,33200,,0000020006,,,TRUE,FMN20TVPD,1,050146
....................4,ELECT-LAUR,0000519,2021/04/14,1.000,0.0000,0.0000,0.0000,0.0000,0.000000,0.0000,0.0000,CONSEIL-MA,,,33200,,0000020006,,,TRUE,FMN20TVPD,1,050146
,BARETTE-ST,0000508,2021/04/15,0.000,25986.0000,1299.3000,2592.1035,25986.0000,0.000000,0.0000,25986.0000,9149-7818-,,,33200,07330,0000019040,X000000517,,FALSE,J9ZITYAMK,1,
,PEINT-DUPO,0000488,2021/04/19,0.000,628.0000,31.4000,62.6430,628.0000,0.000000,0.0000,628.0000,CONSEIL-MA,,,33500,09910,0000020006,,,TRUE,LV4WJH86A,1,050226
,PEINT-DUPO,0000097,2021/04/19,0.000,43816.0000,2190.8000,4370.6460,43816.0000,0.000000,0.0000,43816.0000,CONSEIL-MA,,,33500,09910,0000020006,,,TRUE,LLN7JB7B6,1,050227
,CHARTRAY-R,0000542,2021/04/19,0.000,490.0000,24.5000,48.8775,490.0000,0.000000,0.0000,490.0000,CIUSSS-ADM,,,33500,25001,0000020003,,,TRUE,Y3XKY3OW1,1,050313
,CHARTRAY-R,0000036,2021/04/19,0.000,86019.9100,4300.9955,8580.4860,86019.9100,0.000000,0.0000,86019.9100,CIUSSS-ADM,,,33500,15700,0000020003,,,TRUE,MVCDRZ20H,1,050314
....................3,PEINT-DUPO,0000488,2021/04/19,1.000,0.0000,0.0000,0.0000,0.0000,0.000000,0.0000,0.0000,CONSEIL-MA,,,33200,,0000020006,,,TRUE,LV4WJH86A,1,050226
....................3,CHARTRAY-R,0000542,2021/04/19,1.000,0.0000,0.0000,0.0000,0.0000,0.000000,0.0000,0.0000,CIUSSS-ADM,,,33200,,0000020003,,,TRUE,Y3XKY3OW1,1,050313
....................4,PEINT-DUPO,0000488,2021/04/19,1.000,0.0000,0.0000,0.0000,0.0000,0.000000,0.0000,0.0000,CONSEIL-MA,,,33200,,0000020006,,,TRUE,LV4WJH86A,1,050226
....................4,CHARTRAY-R,0000542,2021/04/19,1.000,0.0000,0.0000,0.0000,0.0000,0.000000,0.0000,0.0000,CIUSSS-ADM,,,33200,,0000020003,,,TRUE,Y3XKY3OW1,1,050313
,CHARTRAY-R,0000103,2021/04/20,0.000,5122.5700,256.1285,510.9764,5122.5700,0.000000,0.0000,5122.5700,CONSEIL-MA,,,33500,15700,0000020006,,,TRUE,8PUZ5OVSF,1,050218
,ASP-CONTRO,0000039,2021/04/20,0.000,39600.0000,1980.0000,3950.1000,39600.0000,0.000000,0.0000,39600.0000,CIUSSS-ADM,,,33500,16000,0000020003,,,TRUE,31K0YD95Y,1,050317
,NGA-------,0000524,2021/04/21,0.000,133520.0000,6676.0000,13318.6200,133520.0000,0.000000,0.0000,133520.0000,MACH-PRONO,,,33200,05500,0000021018,,,TRUE,JLWS1LPPG,1,050120
,ROGER-BELL,0000509,2021/04/21,0.000,16150.0000,807.5000,1610.9625,16150.0000,0.000000,0.0000,16150.0000,9149-7818-,,,33500,07330,0000019040,,,TRUE,3JER5K3CS,1,050197
,QUINOX----,0000040,2021/04/21,0.000,64804.6000,3240.2300,6464.2589,64804.6000,0.000000,0.0000,64804.6000,CIUSSS-ADM,,,33500,05080,0000020003,,,TRUE,8M3DC49DB,1,050308
,QUINOX----,0000559,2021/04/21,0.000,172.5000,8.6250,17.2069,172.5000,0.000000,0.0000,172.5000,CIUSSS-ADM,,,33500,07410,0000020003,,,TRUE,D39QJ9HRX,1,050309
....................3,NGA-------,0000524,2021/04/21,1.000,0.0000,0.0000,0.0000,0.0000,0.000000,0.0000,0.0000,MACH-PRONO,,,33200,,0000021018,,,TRUE,JLWS1LPPG,1,050120
....................3,ROGER-BELL,0000509,2021/04/21,1.000,0.0000,0.0000,0.0000,0.0000,0.000000,0.0000,0.0000,9149-7818-,,,33200,,0000019040,,,TRUE,3JER5K3CS,1,050197
....................3,QUINOX----,0000559,2021/04/21,1.000,0.0000,0.0000,0.0000,0.0000,0.000000,0.0000,0.0000,CIUSSS-ADM,,,33200,,0000020003,,,TRUE,D39QJ9HRX,1,050309
....................4,NGA-------,0000524,2021/04/21,1.000,0.0000,0.0000,0.0000,0.0000,0.000000,0.0000,0.0000,MACH-PRONO,,,33200,,0000021018,,,TRUE,JLWS1LPPG,1,050120
....................4,QUINOX----,0000559,2021/04/21,1.000,0.0000,0.0000,0.0000,0.0000,0.000000,0.0000,0.0000,CIUSSS-ADM,,,33200,,0000020003,,,TRUE,D39QJ9HRX,1,050309
,COUVRE-PLA,0000102,2021/04/22,0.000,41250.0000,2062.5000,4114.6875,41250.0000,0.000000,0.0000,41250.0000,CONSEIL-MA,,,33500,09310,0000020006,,,TRUE,QSV6TBV98,1,050220
,COUVRE-PLA,0000279,2021/04/22,0.000,104.6100,5.2305,10.4348,104.6100,0.000000,0.0000,104.6100,CONSEIL-MA,,,33500,09300,0000020006,,,TRUE,8JT5SSUQN,1,050221
,COUVRE-PLA,0000332,2021/04/22,0.000,8082.1400,404.1070,806.1935,8082.1400,0.000000,0.0000,8082.1400,CONSEIL-MA,,,33500,25001,0000020006,,,TRUE,SA1EI6VF3,1,050222
,COUVRE-PLA,0000332,2021/04/22,0.000,735.5200,36.7760,73.3681,735.5200,0.000000,0.0000,735.5200,CONSEIL-MA,,,33500,25001,0000020006,,,TRUE,SA1EI6VF3,1,050222
,COUVRE-PLA,0000441,2021/04/22,0.000,3474.7000,173.7350,346.6013,3474.7000,0.000000,0.0000,3474.7000,CONSEIL-MA,,,33500,25001,0000020006,,,TRUE,DR6OR2NC9,1,050223
,COUVRE-PLA,0000507,2021/04/22,0.000,402.5000,20.1250,40.1494,402.5000,0.000000,0.0000,402.5000,CONSEIL-MA,,,33500,09600,0000020006,,,TRUE,6P0820E6Z,1,050224
,SYST-VILLE,0000037,2021/04/22,0.000,50000.0000,2500.0000,4987.5000,50000.0000,0.000000,0.0000,50000.0000,CIUSSS-ADM,,,33500,12700,0000020003,,,TRUE,Y412ARJ57,1,050310
,INTEGRAIR-,0000033,2021/04/22,0.000,22860.0000,1143.0000,2280.2850,22860.0000,0.000000,0.0000,22860.0000,CIUSSS-ADM,,,33500,13800,0000020003,,,TRUE,GW96J4P35,1,050311
,ROGER-BELL,0000020,2021/04/22,0.000,36500.0000,1825.0000,3640.8750,36500.0000,0.000000,0.0000,36500.0000,CIUSSS-ADM,,,33500,07330,0000020003,,,TRUE,FAT27ERXN,1,050312
,ROGER-BELL,0000020,2021/04/22,0.000,3000.0000,150.0000,299.2500,3000.0000,0.000000,0.0000,3000.0000,CIUSSS-ADM,,,33500,07330,0000020003,,,TRUE,FAT27ERXN,1,050312
....................3,COUVRE-PLA,0000507,2021/04/22,1.000,0.0000,0.0000,0.0000,0.0000,0.000000,0.0000,0.0000,CONSEIL-MA,,,33200,,0000020006,,,TRUE,6P0820E6Z,1,050224
....................4,COUVRE-PLA,0000507,2021/04/22,1.000,0.0000,0.0000,0.0000,0.0000,0.000000,0.0000,0.0000,CONSEIL-MA,,,33200,,0000020006,,,TRUE,6P0820E6Z,1,050224
,GICLEURS-M,0000098,2021/04/23,0.000,3428.0000,171.4000,341.9430,3428.0000,0.000000,0.0000,3428.0000,CONSEIL-MA,,,33500,15400,0000020006,,,TRUE,G5LSM4NSR,1,050225
,MULTI-ENER,0000041,2021/04/23,0.000,33655.0000,1682.7500,3357.0863,33655.0000,0.000000,0.0000,33655.0000,CIUSSS-ADM,,,33500,15401,0000020003,,,TRUE,JJDMOPTJT,1,050307
,ELECT-LAUR,0000539,2021/04/25,0.000,4563.9800,228.1990,455.2570,4563.9800,0.000000,0.0000,4563.9800,CONSEIL-MA,,,33500,25001,0000020006,,,TRUE,YYCI0DT5O,1,050219
,QUINC-PORT,0000045,2021/04/25,0.000,4400.0000,220.0000,438.9000,4400.0000,0.000000,0.0000,4400.0000,CIUSSS-ADM,,,33200,08700,0000020003,,,TRUE,5YKVI1WTC,1,050316
....................3,ELECT-LAUR,0000539,2021/04/25,1.000,0.0000,0.0000,0.0000,0.0000,0.000000,0.0000,0.0000,CONSEIL-MA,,,33200,,0000020006,,,TRUE,YYCI0DT5O,1,050219
....................3,ISOL-ARCTI,0000545,2021/04/25,1.000,0.0000,0.0000,0.0000,0.0000,0.000000,0.0000,0.0000,CIUSSS-ADM,,,33200,,0000020003,,,FALSE,UCF93T53N,1,
....................4,ELECT-LAUR,0000539,2021/04/25,1.000,0.0000,0.0000,0.0000,0.0000,0.000000,0.0000,0.0000,CONSEIL-MA,,,33200,,0000020006,,,TRUE,YYCI0DT5O,1,050219
....................4,ISOL-ARCTI,0000545,2021/04/25,1.000,0.0000,0.0000,0.0000,0.0000,0.000000,0.0000,0.0000,CIUSSS-ADM,,,33200,,0000020003,,,FALSE,UCF93T53N,1,
,RAYMOND-DE,0000492,2021/04/26,0.000,3100.0000,155.0000,309.2250,3100.0000,0.000000,0.0000,3100.0000,CIUSSS-ADM,,,33500,06470,0000020003,,,TRUE,LI65CRMBN,1,051052
....................3,RAYMOND-DE,0000492,2021/04/26,1.000,0.0000,0.0000,0.0000,0.0000,0.000000,0.0000,0.0000,CIUSSS-ADM,,,33200,,0000020003,,,TRUE,LI65CRMBN,1,051052
....................4,RAYMOND-DE,0000492,2021/04/26,1.000,0.0000,0.0000,0.0000,0.0000,0.000000,0.0000,0.0000,CIUSSS-ADM,,,33200,,0000020003,,,TRUE,LI65CRMBN,1,051052
,F-DAIGLE--,0000562,2021/04/27,0.000,145.0000,7.2500,14.4638,145.0000,0.000000,0.0000,145.0000,STEMA-PRO-,,,33200,08000,0000021012,,,TRUE,6N4TH5HP1,1,050216
,F-DAIGLE--,0000562,2021/04/27,0.000,145.0000,7.2500,14.4638,145.0000,0.000000,0.0000,145.0000,STEMA-PRO-,,,33200,08000,0000021012,,,TRUE,6N4TH5HP1,1,050216
,F-DAIGLE--,0000562,2021/04/27,0.000,150.0000,7.5000,14.9625,150.0000,0.000000,0.0000,150.0000,STEMA-PRO-,,,33200,08000,0000021012,,,TRUE,6N4TH5HP1,1,050216
,F-DAIGLE--,0000562,2021/04/27,0.000,145.0000,7.2500,14.4638,145.0000,0.000000,0.0000,145.0000,STEMA-PRO-,,,33200,08000,0000021012,,,TRUE,7CLBOMQLB,1,050217
....................3,F-DAIGLE--,0000562,2021/04/27,1.000,0.0000,0.0000,0.0000,0.0000,0.000000,0.0000,0.0000,STEMA-PRO-,,,33200,,0000021012,,,TRUE,6N4TH5HP1,1,050216
....................4,F-DAIGLE--,0000562,2021/04/27,1.000,0.0000,0.0000,0.0000,0.0000,0.000000,0.0000,0.0000,STEMA-PRO-,,,33200,,0000021012,,,TRUE,6N4TH5HP1,1,050216
,REGULVAR--,0000118,2021/04/28,0.000,8963.4500,448.1725,894.1041,8963.4500,0.000000,0.0000,8963.4500,CONSEIL-MA,,,33500,15400,0000020006,,,TRUE,JIQKZ74E1,1,050231
,REGULVAR--,0000118,2021/04/28,0.000,1000.0000,50.0000,99.7500,1000.0000,0.000000,0.0000,1000.0000,CONSEIL-MA,,,33500,15400,0000020006,,,TRUE,JIQKZ74E1,1,050231
,ELECT-LAUR,0000578,2021/04/28,0.000,1191.1800,59.5590,118.8202,1191.1800,0.000000,0.0000,1191.1800,CONSEIL-MA,,,33500,00400,0000020006,,,TRUE,SAN3NG0IO,1,050315
....................3,ELECT-LAUR,0000578,2021/04/28,1.000,0.0000,0.0000,0.0000,0.0000,0.000000,0.0000,0.0000,CONSEIL-MA,,,33200,,0000020006,,,TRUE,SAN3NG0IO,1,050315
....................4,ELECT-LAUR,0000578,2021/04/28,1.000,0.0000,0.0000,0.0000,0.0000,0.000000,0.0000,0.0000,CONSEIL-MA,,,33200,,0000020006,,,TRUE,SAN3NG0IO,1,050315
,QUINC-PORT,0000045,2021/04/29,0.000,8000.0000,400.0000,798.0000,8000.0000,0.000000,0.0000,8000.0000,CIUSSS-ADM,,,33200,08700,0000020003,,,TRUE,BFHOZPQ5P,1,050306
,VITR-ASBES,0000104,2021/04/30,0.000,3450.0000,172.5000,344.1375,3450.0000,0.000000,0.0000,3450.0000,CONSEIL-MA,,,33500,08900,0000020006,,,TRUE,2OY3ZY7SG,1,050304
,VITR-ASBES,0000487,2021/04/30,0.000,450.0000,22.5000,44.8875,450.0000,0.000000,0.0000,450.0000,CONSEIL-MA,,,33500,25001,0000020006,,,TRUE,2JG12KA59,1,050305
,ENT-MAXIME,0000525,2021/04/30,0.000,74230.0000,3711.5000,7404.4425,74230.0000,0.000000,0.0000,74230.0000,MACH-PRONO,,,33200,02315,0000021018,,,TRUE,ZJ8858LAA,1,050342
,COFF-BERGE,0000148,2021/04/30,0.000,5750.0000,287.5000,573.5625,5750.0000,0.000000,0.0000,5750.0000,CIUSSS-ADM,,,33200,03000,0000020003,,,TRUE,AEIXDFS39,1,050343
,ENT-MAXIME,0000085,2021/04/30,0.000,4752.5000,237.6250,474.0619,4752.5000,0.000000,0.0000,4752.5000,CIUSSS-ADM,,,33200,02300,0000020003,,,TRUE,1PUTMF5C6,1,050438
....................3,VITR-ASBES,0000487,2021/04/30,1.000,0.0000,0.0000,0.0000,0.0000,0.000000,0.0000,0.0000,CONSEIL-MA,,,33200,,0000020006,,,TRUE,2JG12KA59,1,050305
....................3,ENT-MAXIME,0000525,2021/04/30,1.000,0.0000,0.0000,0.0000,0.0000,0.000000,0.0000,0.0000,MACH-PRONO,,,33200,,0000021018,,,TRUE,ZJ8858LAA,1,050342
....................4,VITR-ASBES,0000487,2021/04/30,1.000,0.0000,0.0000,0.0000,0.0000,0.000000,0.0000,0.0000,CONSEIL-MA,,,33200,,0000020006,,,TRUE,2JG12KA59,1,050305
....................4,ENT-MAXIME,0000525,2021/04/30,1.000,0.0000,0.0000,0.0000,0.0000,0.000000,0.0000,0.0000,MACH-PRONO,,,33200,,0000021018,,,TRUE,ZJ8858LAA,1,050342
,ASP-CONTRO,0000039,2021/05/01,0.000,40500.0000,2025.0000,4039.8750,40500.0000,0.000000,0.0000,40500.0000,CIUSSS-ADM,,,33500,16000,0000020003,,,TRUE,14O00GQHG,1,050561
,ART-MASSIF,0000558,2021/05/04,0.000,403.8800,20.1940,40.2870,403.8800,0.000000,0.0000,403.8800,CONSEIL-MA,,,33500,06100,0000020006,,,TRUE,XOTT4Y4QM,1,050345
,ART-MASSIF,0000558,2021/05/04,0.000,-20.1900,-1.0095,-2.0140,-20.1900,0.000000,0.0000,-20.1900,CONSEIL-MA,,,33500,06100,0000020006,,,TRUE,XOTT4Y4QM,1,050345
....................3,ART-MASSIF,0000558,2021/05/04,1.000,0.0000,0.0000,0.0000,0.0000,0.000000,0.0000,0.0000,CONSEIL-MA,,,33200,,0000020006,,,TRUE,XOTT4Y4QM,1,050345
....................4,ART-MASSIF,0000558,2021/05/04,1.000,0.0000,0.0000,0.0000,0.0000,0.000000,0.0000,0.0000,CONSEIL-MA,,,33200,,0000020006,,,TRUE,XOTT4Y4QM,1,050345
,ELECT-LAUR,0000585,2021/05/05,0.000,767.4000,38.3700,76.5482,767.4000,0.000000,0.0000,767.4000,CONSEIL-MA,,,33500,25001,0000020006,,,TRUE,TM38L88CD,1,050347
....................3,ELECT-LAUR,0000585,2021/05/05,1.000,0.0000,0.0000,0.0000,0.0000,0.000000,0.0000,0.0000,CONSEIL-MA,,,33200,,0000020006,,,TRUE,TM38L88CD,1,050347
....................4,ELECT-LAUR,0000585,2021/05/05,1.000,0.0000,0.0000,0.0000,0.0000,0.000000,0.0000,0.0000,CONSEIL-MA,,,33200,,0000020006,,,TRUE,TM38L88CD,1,050347
,F-DAIGLE--,0000562,2021/05/06,0.000,195.0000,9.7500,19.4513,195.0000,0.000000,0.0000,195.0000,STEMA-PRO-,,,33200,08000,0000021012,,,TRUE,WGVBLIT5W,1,050346
,F-DAIGLE--,0000562,2021/05/06,0.000,195.0000,9.7500,19.4513,195.0000,0.000000,0.0000,195.0000,STEMA-PRO-,,,33200,08000,0000021012,,,TRUE,WGVBLIT5W,1,050346
,F-DAIGLE--,0000562,2021/05/06,0.000,155.0000,7.7500,15.4613,155.0000,0.000000,0.0000,155.0000,STEMA-PRO-,,,33200,08000,0000021012,,,TRUE,WGVBLIT5W,1,050346
,F-DAIGLE--,0000562,2021/05/06,0.000,68.0000,3.4000,6.7830,68.0000,0.000000,0.0000,68.0000,STEMA-PRO-,,,33200,08000,0000021012,,,TRUE,WGVBLIT5W,1,050346
,F-DAIGLE--,0000562,2021/05/06,0.000,26.0000,1.3000,2.5935,26.0000,0.000000,0.0000,26.0000,STEMA-PRO-,,,33200,08000,0000021012,,,TRUE,WGVBLIT5W,1,050346
,F-DAIGLE--,0000562,2021/05/06,0.000,53.4000,2.6700,5.3267,53.4000,0.000000,0.0000,53.4000,STEMA-PRO-,,,33200,08000,0000021012,,,TRUE,WGVBLIT5W,1,050346
,CLIMAT-T-R,0000563,2021/05/07,0.000,8750.0000,437.5000,872.8125,8750.0000,0.000000,0.0000,8750.0000,STEMA-PRO-,,,33500,15000,0000021012,,,TRUE,EZN287YIF,1,050340
,CLIMAT-T-R,0000563,2021/05/07,0.000,3785.0000,189.2500,377.5538,3785.0000,0.000000,0.0000,3785.0000,STEMA-PRO-,,,33500,15000,0000021012,,,TRUE,EZN287YIF,1,050340
,PRO-AIR---,0000099,2021/05/07,0.000,3600.0000,180.0000,359.1000,3600.0000,0.000000,0.0000,3600.0000,CONSEIL-MA,,,33500,15700,0000020006,,,TRUE,XDJWK1BOS,1,050344
,ASP-CONTRO,0000582,2021/05/07,0.000,1054.3100,52.7155,105.1674,1054.3100,0.000000,0.0000,1054.3100,CIUSSS-ADM,,,33500,25001,0000020003,,,TRUE,I9LYAJOF6,1,050348
....................3,CLIMAT-T-R,0000563,2021/05/07,1.000,0.0000,0.0000,0.0000,0.0000,0.000000,0.0000,0.0000,STEMA-PRO-,,,33200,,0000021012,,,TRUE,EZN287YIF,1,050340
....................3,PRO-AIR---,0000099,2021/05/07,1.000,0.0000,0.0000,0.0000,0.0000,0.000000,0.0000,0.0000,CONSEIL-MA,,,33200,,0000020006,,,TRUE,XDJWK1BOS,1,050344
....................3,ASP-CONTRO,0000582,2021/05/07,1.000,0.0000,0.0000,0.0000,0.0000,0.000000,0.0000,0.0000,CIUSSS-ADM,,,33200,,0000020003,,,TRUE,I9LYAJOF6,1,050348
....................4,CLIMAT-T-R,0000563,2021/05/07,1.000,0.0000,0.0000,0.0000,0.0000,0.000000,0.0000,0.0000,STEMA-PRO-,,,33200,,0000021012,,,TRUE,EZN287YIF,1,050340
....................4,PRO-AIR---,0000099,2021/05/07,1.000,0.0000,0.0000,0.0000,0.0000,0.000000,0.0000,0.0000,CONSEIL-MA,,,33200,,0000020006,,,TRUE,XDJWK1BOS,1,050344
....................4,ASP-CONTRO,0000582,2021/05/07,1.000,0.0000,0.0000,0.0000,0.0000,0.000000,0.0000,0.0000,CIUSSS-ADM,,,33200,,0000020003,,,TRUE,I9LYAJOF6,1,050348
,ISOL-TRIFL,0000404,2021/05/13,0.000,-105.5000,-5.2750,-10.5236,-105.5000,0.000000,0.0000,-105.5000,CIUSSS-MCQ,,,33500,25001,0000020010,,,TRUE,Z6U2J1R44,1,050333
,BOULAY----,0000362,2021/05/13,0.000,-43.4800,-2.1740,-4.3371,-43.4800,0.000000,0.0000,-43.4800,UNIVER-T-R,,,33500,25001,0000019026,X000000370,,FALSE,1LN1PFC8Z,1,
,H-MATTEAU-,0000345,2021/05/13,0.000,1.0000,0.0500,0.0998,1.0000,0.000000,0.0000,1.0000,CIUSSS-MCQ,,,33200,25001,0000020010,X000000353,,FALSE,RA9TC38JL,1,
,COOPPLUS--,0000346,2021/05/13,0.000,1.0000,0.0500,0.0998,1.0000,0.000000,0.0000,1.0000,CIUSSS-MCQ,,,33200,25001,0000020010,X000000354,,FALSE,YV2N31PUY,1,
,ACIER-RAY-,0000286,2021/05/13,0.000,1.0000,0.0500,0.0998,1.0000,0.000000,0.0000,1.0000,CIUSSS-MCQ,,,33500,02220,0000020010,X000000294,,FALSE,7SPHVUECW,1,
,BASF------,0000321,2021/05/13,0.000,0.2000,0.0100,0.0200,0.2000,0.000000,0.0000,0.2000,CIUSSS-MCQ,,,33200,03000,0000020010,X000000329,,FALSE,7J0KDV4YC,1,
,CONST-RIVA,0000304,2021/05/13,0.000,966.7200,48.3360,96.4303,966.7200,0.000000,0.0000,966.7200,CIUSSS-MCQ,,,33500,09500,0000020010,X000000312,,FALSE,O3A9RPZ9V,1,
,CONST-RIVA,0000444,2021/05/13,0.000,1260.0000,63.0000,125.6850,1260.0000,0.000000,0.0000,1260.0000,CIUSSS-MCQ,,,33500,25001,0000020010,X000000453,,FALSE,R6357QYZH,1,
,JEAN-CARON,0000443,2021/05/13,0.000,137.9000,6.8950,13.7555,137.9000,0.000000,0.0000,137.9000,CIUSSS-MCQ,,,33500,25001,0000020010,X000000452,,FALSE,USSV8QAFT,1,
,JEAN-CARON,0000416,2021/05/13,0.000,146.7000,7.3350,14.6333,146.7000,0.000000,0.0000,146.7000,CIUSSS-MCQ,,,33500,25001,0000020010,X000000425,,FALSE,5T6TAKGU6,1,
,JEAN-CARON,0000385,2021/05/13,0.000,136.4000,6.8200,13.6059,136.4000,0.000000,0.0000,136.4000,CIUSSS-MCQ,,,33500,25001,0000020010,X000000393,,FALSE,NAGJ62WL2,1,
,JEAN-CARON,0000291,2021/05/13,0.000,118.3300,5.9165,11.8034,118.3300,0.000000,0.0000,118.3300,CIUSSS-MCQ,,,33500,16000,0000020010,X000000299,,FALSE,LO9IM9ZO0,1,
,JEAN-CARON,0000317,2021/05/13,0.000,321.0000,16.0500,32.0198,321.0000,0.000000,0.0000,321.0000,CIUSSS-MCQ,,,33500,25001,0000020010,X000000325,,FALSE,JK050ZA0L,1,
,JEAN-CARON,0000348,2021/05/13,0.000,279.7000,13.9850,27.9001,279.7000,0.000000,0.0000,279.7000,CIUSSS-MCQ,,,33500,25001,0000020010,X000000356,,FALSE,LM0KCVILX,1,
,JEAN-CARON,0000361,2021/05/13,0.000,243.5500,12.1775,24.2941,243.5500,0.000000,0.0000,243.5500,CIUSSS-MCQ,,,33500,25001,0000020010,X000000369,,FALSE,D1DZGSOAJ,1,
,JEAN-CARON,0000370,2021/05/13,0.000,160.9000,8.0450,16.0498,160.9000,0.000000,0.0000,160.9000,CIUSSS-MCQ,,,33500,25001,0000020010,X000000378,,FALSE,9Q9FO74TY,1,
,JEAN-CARON,0000376,2021/05/13,0.000,521.6000,26.0800,52.0296,521.6000,0.000000,0.0000,521.6000,CIUSSS-MCQ,,,33500,25001,0000020010,X000000384,,FALSE,AU1SXK4JU,1,
,JEAN-CARON,0000388,2021/05/13,0.000,123.6000,6.1800,12.3291,123.6000,0.000000,0.0000,123.6000,CIUSSS-MCQ,,,33500,25001,0000020010,X000000396,,FALSE,CTH1A55K7,1,
,JEAN-CARON,0000379,2021/05/13,0.000,83.8000,4.1900,8.3591,83.8000,0.000000,0.0000,83.8000,CIUSSS-MCQ,,,33500,25001,0000020010,X000000387,,FALSE,RZ2FA2R98,1,
,PLOMB-MTCA,0000269,2021/05/13,0.000,566.6000,28.3300,56.5184,566.6000,0.000000,0.0000,566.6000,CSS-CH-ROY,,,33500,15400,0000020026,X000000277,,FALSE,BD8DM67J8,1,
,LG-RENOVAT,0000287,2021/05/13,0.000,972.0000,48.6000,96.9570,972.0000,0.000000,0.0000,972.0000,CSS-CH-ROY,,,33500,08330,0000020026,X000000295,,FALSE,Z4RGU80EF,1,
,ARMECO----,0000260,2021/05/13,0.000,254.0000,12.7000,25.3365,254.0000,0.000000,0.0000,254.0000,UNIVER-T-R,,,33200,10800,0000020030,X000000268,,FALSE,AL3Q3LUG4,1,
,F-DAIGLE--,0000415,2021/05/13,0.000,692.1000,34.6050,69.0370,692.1000,0.000000,0.0000,692.1000,SIX-PINTS-,,,33200,08000,0000020042,X000000424,,FALSE,0ZTTYMHAK,1,
,ASCENSEURC,0000034,2021/05/13,0.000,47000.7000,2350.0350,4688.3198,47000.7000,0.000000,0.0000,47000.7000,CIUSSS-ADM,,,33500,14280,0000020003,,,TRUE,OVE4O8D1P,1,050436
....................3,ISOL-TRIFL,0000404,2021/05/13,1.000,0.0000,0.0000,0.0000,0.0000,0.000000,0.0000,0.0000,CIUSSS-MCQ,,,33200,,0000020010,,,TRUE,Z6U2J1R44,1,050333
....................3,BOULAY----,0000362,2021/05/13,1.000,0.0000,0.0000,0.0000,0.0000,0.000000,0.0000,0.0000,UNIVER-T-R,,,33200,,0000019026,,,FALSE,1LN1PFC8Z,1,
....................3,H-MATTEAU-,0000345,2021/05/13,1.000,0.0000,0.0000,0.0000,0.0000,0.000000,0.0000,0.0000,CIUSSS-MCQ,,,33200,,0000020010,,,FALSE,RA9TC38JL,1,
....................3,COOPPLUS--,0000346,2021/05/13,1.000,0.0000,0.0000,0.0000,0.0000,0.000000,0.0000,0.0000,CIUSSS-MCQ,,,33200,,0000020010,,,FALSE,YV2N31PUY,1,
....................3,ACIER-RAY-,0000286,2021/05/13,1.000,0.0000,0.0000,0.0000,0.0000,0.000000,0.0000,0.0000,CIUSSS-MCQ,,,33200,,0000020010,,,FALSE,7SPHVUECW,1,
....................3,RTM-MEDICA,0000238,2021/05/13,1.000,0.0000,0.0000,0.0000,0.0000,0.000000,0.0000,0.0000,CIUSSS-MCQ,,,33200,,0000020010,,,FALSE,X72GMFKI9,1,
....................3,CONST-RIVA,0000304,2021/05/13,1.000,0.0000,0.0000,0.0000,0.0000,0.000000,0.0000,0.0000,CIUSSS-MCQ,,,33200,,0000020010,,,FALSE,O3A9RPZ9V,1,
....................3,CONST-RIVA,0000444,2021/05/13,1.000,0.0000,0.0000,0.0000,0.0000,0.000000,0.0000,0.0000,CIUSSS-MCQ,,,33200,,0000020010,,,FALSE,R6357QYZH,1,
....................3,PLOMB-MTCA,0000269,2021/05/13,1.000,0.0000,0.0000,0.0000,0.0000,0.000000,0.0000,0.0000,CSS-CH-ROY,,,33200,,0000020026,,,FALSE,BD8DM67J8,1,
....................3,LG-RENOVAT,0000287,2021/05/13,1.000,0.0000,0.0000,0.0000,0.0000,0.000000,0.0000,0.0000,CSS-CH-ROY,,,33200,,0000020026,,,FALSE,Z4RGU80EF,1,
....................3,ARMECO----,0000260,2021/05/13,1.000,0.0000,0.0000,0.0000,0.0000,0.000000,0.0000,0.0000,UNIVER-T-R,,,33200,,0000020030,,,FALSE,AL3Q3LUG4,1,
....................3,F-DAIGLE--,0000415,2021/05/13,1.000,0.0000,0.0000,0.0000,0.0000,0.000000,0.0000,0.0000,SIX-PINTS-,,,33200,,0000020042,,,FALSE,0ZTTYMHAK,1,
....................3,MEI-SCIAGE,0000214,2021/05/13,1.000,0.0000,0.0000,0.0000,0.0000,0.000000,0.0000,0.0000,SIX-PINTS-,,,33200,,0000020020,,,FALSE,MBTFN606Q,1,
....................4,ISOL-TRIFL,0000404,2021/05/13,1.000,0.0000,0.0000,0.0000,0.0000,0.000000,0.0000,0.0000,CIUSSS-MCQ,,,33200,,0000020010,,,TRUE,Z6U2J1R44,1,050333
....................4,BOULAY----,0000362,2021/05/13,1.000,0.0000,0.0000,0.0000,0.0000,0.000000,0.0000,0.0000,UNIVER-T-R,,,33200,,0000019026,,,FALSE,1LN1PFC8Z,1,
....................4,H-MATTEAU-,0000345,2021/05/13,1.000,0.0000,0.0000,0.0000,0.0000,0.000000,0.0000,0.0000,CIUSSS-MCQ,,,33200,,0000020010,,,FALSE,RA9TC38JL,1,
....................4,COOPPLUS--,0000346,2021/05/13,1.000,0.0000,0.0000,0.0000,0.0000,0.000000,0.0000,0.0000,CIUSSS-MCQ,,,33200,,0000020010,,,FALSE,YV2N31PUY,1,
....................4,ACIER-RAY-,0000286,2021/05/13,1.000,0.0000,0.0000,0.0000,0.0000,0.000000,0.0000,0.0000,CIUSSS-MCQ,,,33200,,0000020010,,,FALSE,7SPHVUECW,1,
....................4,RTM-MEDICA,0000238,2021/05/13,1.000,0.0000,0.0000,0.0000,0.0000,0.000000,0.0000,0.0000,CIUSSS-MCQ,,,33200,,0000020010,,,FALSE,X72GMFKI9,1,
....................4,CONST-RIVA,0000304,2021/05/13,1.000,0.0000,0.0000,0.0000,0.0000,0.000000,0.0000,0.0000,CIUSSS-MCQ,,,33200,,0000020010,,,FALSE,O3A9RPZ9V,1,
....................4,CONST-RIVA,0000444,2021/05/13,1.000,0.0000,0.0000,0.0000,0.0000,0.000000,0.0000,0.0000,CIUSSS-MCQ,,,33200,,0000020010,,,FALSE,R6357QYZH,1,
....................4,F-DAIGLE--,0000222,2021/05/13,1.000,0.0000,0.0000,0.0000,0.0000,0.000000,0.0000,0.0000,CSS-CH-ROY,,,33200,,0000020026,,,FALSE,Q775H1OV5,1,
....................4,PLOMB-MTCA,0000269,2021/05/13,1.000,0.0000,0.0000,0.0000,0.0000,0.000000,0.0000,0.0000,CSS-CH-ROY,,,33200,,0000020026,,,FALSE,BD8DM67J8,1,
....................4,LG-RENOVAT,0000287,2021/05/13,1.000,0.0000,0.0000,0.0000,0.0000,0.000000,0.0000,0.0000,CSS-CH-ROY,,,33200,,0000020026,,,FALSE,Z4RGU80EF,1,
....................4,ARMECO----,0000260,2021/05/13,1.000,0.0000,0.0000,0.0000,0.0000,0.000000,0.0000,0.0000,UNIVER-T-R,,,33200,,0000020030,,,FALSE,AL3Q3LUG4,1,
....................4,F-DAIGLE--,0000415,2021/05/13,1.000,0.0000,0.0000,0.0000,0.0000,0.000000,0.0000,0.0000,SIX-PINTS-,,,33200,,0000020042,,,FALSE,0ZTTYMHAK,1,
....................4,MEI-SCIAGE,0000214,2021/05/13,1.000,0.0000,0.0000,0.0000,0.0000,0.000000,0.0000,0.0000,SIX-PINTS-,,,33200,,0000020020,,,FALSE,MBTFN606Q,1,
.................0003,LOC-ST-TIT,0000125,2021/05/13,3.000,705.0000,35.2500,70.3238,235.0000,0.000000,0.0000,235.0000,CIUSSS-MCQ,,,33200,,0000020010,X000000131,,FALSE,ML12QMMQK,1,
.................0003,LOC-ST-TIT,0000125,2021/05/13,3.000,510.0000,25.5000,50.8725,170.0000,0.000000,0.0000,170.0000,CIUSSS-MCQ,,,33200,,0000020010,X000000131,,FALSE,ML12QMMQK,1,
,D-DIONNE--,0000442,2021/05/14,0.000,23818.0000,1190.9000,2375.8455,23818.0000,0.000000,0.0000,23818.0000,,,,33500,09600,0000021006,,,TRUE,PW62VTEGO,1,050341
,REINE-COUV,0000071,2021/05/14,0.000,10608.4300,530.4215,1058.1909,10608.4300,0.000000,0.0000,10608.4300,CIUSSS-ADM,,,33500,09310,0000020003,,,TRUE,M8RZ1ZBWM,1,050437
....................3,D-DIONNE--,0000442,2021/05/14,1.000,0.0000,0.0000,0.0000,0.0000,0.000000,0.0000,0.0000,,,,33200,,0000021006,,,TRUE,PW62VTEGO,1,050341
....................3,REINE-COUV,0000071,2021/05/14,1.000,0.0000,0.0000,0.0000,0.0000,0.000000,0.0000,0.0000,CIUSSS-ADM,,,33200,,0000020003,,,TRUE,M8RZ1ZBWM,1,050437
....................4,REINE-COUV,0000071,2021/05/14,1.000,0.0000,0.0000,0.0000,0.0000,0.000000,0.0000,0.0000,CIUSSS-ADM,,,33200,,0000020003,,,TRUE,M8RZ1ZBWM,1,050437
,ACIER-ATR-,0000131,2021/05/17,0.000,3255.0000,162.7500,324.6863,3255.0000,0.000000,0.0000,3255.0000,CIUSSS-MCQ,,,33200,03300,0000020010,X000000137,,FALSE,VYHB45MYA,1,
,JEAN-SIMAR,0000124,2021/05/17,0.000,6050.0000,302.5000,603.4875,6050.0000,0.000000,0.0000,6050.0000,CIUSSS-MCQ,,,33500,05120,0000020010,,,TRUE,QDC63DQC8,1,050337
,REGULVAR--,0000136,2021/05/17,0.000,2896.0000,144.8000,288.8760,2896.0000,0.000000,0.0000,2896.0000,CIUSSS-MCQ,,,33500,13400,0000020010,,,TRUE,F3BGI0C7R,1,050338
,E.M.U.----,0000550,2021/05/18,0.000,2047.0000,102.3500,204.1883,2047.0000,0.000000,0.0000,2047.0000,MACH-PRONO,,,33500,11160,0000021018,,,TRUE,SAPLOPHG2,1,050461
,CHARTRAY-R,0000036,2021/05/18,0.000,68572.0800,3428.6040,6840.0650,68572.0800,0.000000,0.0000,68572.0800,CIUSSS-ADM,,,33500,15700,0000020003,,,TRUE,YKS3Q2DTX,1,050478
,GROUPE-SAN,0000514,2021/05/18,0.000,133.0000,6.6500,13.2668,133.0000,0.000000,0.0000,133.0000,CIUSSS-ADM,,,33200,10800,0000020003,,,TRUE,JPNFJ6D97,1,050479
,GROUPE-SAN,0000514,2021/05/18,0.000,425.0000,21.2500,42.3938,425.0000,0.000000,0.0000,425.0000,CIUSSS-ADM,,,33200,10800,0000020003,,,TRUE,JPNFJ6D97,1,050479
,GROUPE-SAN,0000514,2021/05/18,0.000,42.0000,2.1000,4.1895,42.0000,0.000000,0.0000,42.0000,CIUSSS-ADM,,,33200,10800,0000020003,,,TRUE,JPNFJ6D97,1,050479
,GROUPE-SAN,0000514,2021/05/18,0.000,-133.0000,-6.6500,-13.2668,-133.0000,0.000000,0.0000,-133.0000,CIUSSS-ADM,,,33200,10800,0000020003,,,TRUE,JPNFJ6D97,1,050479
,GROUPE-SAN,0000514,2021/05/18,0.000,1000.0000,50.0000,99.7500,1000.0000,0.000000,0.0000,1000.0000,CIUSSS-ADM,,,33200,10800,0000020003,,,TRUE,JPNFJ6D97,1,050479
,QUINC-PORT,0000045,2021/05/18,0.000,40000.0000,2000.0000,3990.0000,40000.0000,0.000000,0.0000,40000.0000,CIUSSS-ADM,,,33200,08700,0000020003,,,TRUE,P8TOMOSZT,1,050480
....................3,E.M.U.----,0000550,2021/05/18,1.000,0.0000,0.0000,0.0000,0.0000,0.000000,0.0000,0.0000,MACH-PRONO,,,33200,,0000021018,,,TRUE,SAPLOPHG2,1,050461
....................4,E.M.U.----,0000550,2021/05/18,1.000,0.0000,0.0000,0.0000,0.0000,0.000000,0.0000,0.0000,MACH-PRONO,,,33200,,0000021018,,,TRUE,SAPLOPHG2,1,050461
,F-DAIGLE--,0000598,2021/05/19,0.000,266.3000,13.3150,26.5634,266.3000,0.000000,0.0000,266.3000,MACH-PRONO,,,33200,03100,0000021018,,,TRUE,LS4BLFPKL,1,050521
,F-DAIGLE--,0000598,2021/05/19,0.000,251.8800,12.5940,25.1250,251.8800,0.000000,0.0000,251.8800,MACH-PRONO,,,33200,03100,0000021018,,,TRUE,LS4BLFPKL,1,050521
,FNX-INNOV-,0000543,2021/05/19,0.000,4275.0000,213.7500,426.4313,4275.0000,0.000000,0.0000,4275.0000,CONSEIL-MA,,,33200,25001,0000020006,,,TRUE,925489MG8,1,050522
....................3,FNX-INNOV-,0000543,2021/05/19,1.000,0.0000,0.0000,0.0000,0.0000,0.000000,0.0000,0.0000,CONSEIL-MA,,,33200,,0000020006,,,TRUE,925489MG8,1,050522
....................4,FNX-INNOV-,0000543,2021/05/19,1.000,0.0000,0.0000,0.0000,0.0000,0.000000,0.0000,0.0000,CONSEIL-MA,,,33200,,0000020006,,,TRUE,925489MG8,1,050522
,QUINOX----,0000597,2021/05/21,0.000,255.0000,12.7500,25.4363,255.0000,0.000000,0.0000,255.0000,CIUSSS-ADM,,,33500,25001,0000020003,,,TRUE,PHPL0TGAV,1,050524
,MULTI-ENER,0000041,2021/05/21,0.000,900.0000,45.0000,89.7750,900.0000,0.000000,0.0000,900.0000,CIUSSS-ADM,,,33500,15401,0000020003,,,TRUE,UEW7AJ2YC,1,050565
,MULTI-ENER,0000592,2021/05/21,0.000,615.7800,30.7890,61.4241,615.7800,0.000000,0.0000,615.7800,CIUSSS-ADM,,,33500,25001,0000020003,,,TRUE,143B6ME34,1,050566
....................3,QUINOX----,0000597,2021/05/21,1.000,0.0000,0.0000,0.0000,0.0000,0.000000,0.0000,0.0000,CIUSSS-ADM,,,33200,,0000020003,,,TRUE,PHPL0TGAV,1,050524
....................3,MULTI-ENER,0000592,2021/05/21,1.000,0.0000,0.0000,0.0000,0.0000,0.000000,0.0000,0.0000,CIUSSS-ADM,,,33200,,0000020003,,,TRUE,143B6ME34,1,050566
....................4,QUINOX----,0000597,2021/05/21,1.000,0.0000,0.0000,0.0000,0.0000,0.000000,0.0000,0.0000,CIUSSS-ADM,,,33200,,0000020003,,,TRUE,PHPL0TGAV,1,050524
....................4,MULTI-ENER,0000592,2021/05/21,1.000,0.0000,0.0000,0.0000,0.0000,0.000000,0.0000,0.0000,CIUSSS-ADM,,,33200,,0000020003,,,TRUE,143B6ME34,1,050566
,AUDET-----,0000560,2021/05/24,0.000,4390.0000,219.5000,437.9025,4390.0000,0.000000,0.0000,4390.0000,CIUSSS-ADM,,,33500,25001,0000020003,,,TRUE,C11GFFAES,1,050523
....................3,AUDET-----,0000560,2021/05/24,1.000,0.0000,0.0000,0.0000,0.0000,0.000000,0.0000,0.0000,CIUSSS-ADM,,,33200,,0000020003,,,TRUE,C11GFFAES,1,050523
....................4,AUDET-----,0000560,2021/05/24,1.000,0.0000,0.0000,0.0000,0.0000,0.000000,0.0000,0.0000,CIUSSS-ADM,,,33200,,0000020003,,,TRUE,C11GFFAES,1,050523
,ACIER-ATR-,0000527,2021/05/25,0.000,72000.0000,3600.0000,7182.0000,72000.0000,0.000000,0.0000,72000.0000,MACH-PRONO,,,33200,03210,0000021018,,,TRUE,XEFJKF83R,1,050560
,SYST-VILLE,0000037,2021/05/25,0.000,43561.9800,2178.0990,4345.3075,43561.9800,0.000000,0.0000,43561.9800,CIUSSS-ADM,,,33500,12700,0000020003,X000000040,,FALSE,4O2I5Z7EG,1,
,QUINC-PORT,0000462,2021/05/25,0.000,1100.0000,55.0000,109.7250,1100.0000,0.000000,0.0000,1100.0000,CSS-ENERGI,,,33200,08000,0000021011,,,TRUE,2DH7QC29Z,1,050568
,QUINC-PORT,0000477,2021/05/25,0.000,1700.0000,85.0000,169.5750,1700.0000,0.000000,0.0000,1700.0000,CSS-ENERGI,,,33200,08000,0000021010,,,TRUE,HL1GMNIV6,1,050569
,QUINC-PORT,0000505,2021/05/25,0.000,5000.0000,250.0000,498.7500,5000.0000,0.000000,0.0000,5000.0000,CSS-ENERGI,,,33200,08000,0000021015,,,TRUE,BTFETEZ7N,1,050570
,F-DAIGLE--,0000590,2021/05/25,0.000,1145.0000,57.2500,114.2138,1145.0000,0.000000,0.0000,1145.0000,9149-7818-,,,33200,00400,0000019040,,,TRUE,OMTXN1CZT,1,050571
,EUGENE-CLO,0000044,2021/05/25,0.000,27300.0000,1365.0000,2723.1750,27300.0000,0.000000,0.0000,27300.0000,CIUSSS-ADM,,,33500,09900,0000020003,,,TRUE,E40RXFH4J,1,050626
....................3,ACIER-ATR-,0000527,2021/05/25,1.000,0.0000,0.0000,0.0000,0.0000,0.000000,0.0000,0.0000,MACH-PRONO,,,33200,,0000021018,,,TRUE,XEFJKF83R,1,050560
....................3,QUINC-PORT,0000462,2021/05/25,1.000,0.0000,0.0000,0.0000,0.0000,0.000000,0.0000,0.0000,CSS-ENERGI,,,33200,,0000021011,,,TRUE,2DH7QC29Z,1,050568
....................3,QUINC-PORT,0000477,2021/05/25,1.000,0.0000,0.0000,0.0000,0.0000,0.000000,0.0000,0.0000,CSS-ENERGI,,,33200,,0000021010,,,TRUE,HL1GMNIV6,1,050569
....................3,QUINC-PORT,0000505,2021/05/25,1.000,0.0000,0.0000,0.0000,0.0000,0.000000,0.0000,0.0000,CSS-ENERGI,,,33200,,0000021015,,,TRUE,BTFETEZ7N,1,050570
....................3,F-DAIGLE--,0000590,2021/05/25,1.000,0.0000,0.0000,0.0000,0.0000,0.000000,0.0000,0.0000,9149-7818-,,,33200,,0000019040,,,TRUE,OMTXN1CZT,1,050571
....................4,ACIER-ATR-,0000527,2021/05/25,1.000,0.0000,0.0000,0.0000,0.0000,0.000000,0.0000,0.0000,MACH-PRONO,,,33200,,0000021018,,,TRUE,XEFJKF83R,1,050560
....................4,QUINC-PORT,0000462,2021/05/25,1.000,0.0000,0.0000,0.0000,0.0000,0.000000,0.0000,0.0000,CSS-ENERGI,,,33200,,0000021011,,,TRUE,2DH7QC29Z,1,050568
....................4,QUINC-PORT,0000477,2021/05/25,1.000,0.0000,0.0000,0.0000,0.0000,0.000000,0.0000,0.0000,CSS-ENERGI,,,33200,,0000021010,,,TRUE,HL1GMNIV6,1,050569
....................4,QUINC-PORT,0000505,2021/05/25,1.000,0.0000,0.0000,0.0000,0.0000,0.000000,0.0000,0.0000,CSS-ENERGI,,,33200,,0000021015,,,TRUE,BTFETEZ7N,1,050570
,ACIER-RAY-,0000611,2021/05/26,0.000,262.5000,13.1250,26.1844,262.5000,0.000000,0.0000,262.5000,CIUSSS-ADM,,,33500,14510,0000020003,,,TRUE,5Q5L3P5YT,1,050562
,INTEGRAIR-,0000033,2021/05/26,0.000,11340.0000,567.0000,1131.1650,11340.0000,0.000000,0.0000,11340.0000,CIUSSS-ADM,,,33500,13800,0000020003,,,TRUE,MUEHXPXBM,1,050563
,ELECT-LAUR,0000567,2021/05/26,0.000,288.5400,14.4270,28.7819,288.5400,0.000000,0.0000,288.5400,CONSEIL-MA,,,33500,25001,0000020006,X000000576,,FALSE,BUFVMN0VL,1,
....................3,ACIER-RAY-,0000611,2021/05/26,1.000,0.0000,0.0000,0.0000,0.0000,0.000000,0.0000,0.0000,CIUSSS-ADM,,,33200,,0000020003,,,TRUE,5Q5L3P5YT,1,050562
....................3,ELECT-LAUR,0000567,2021/05/26,1.000,0.0000,0.0000,0.0000,0.0000,0.000000,0.0000,0.0000,CONSEIL-MA,,,33200,,0000020006,,,FALSE,BUFVMN0VL,1,
....................4,ACIER-RAY-,0000611,2021/05/26,1.000,0.0000,0.0000,0.0000,0.0000,0.000000,0.0000,0.0000,CIUSSS-ADM,,,33200,,0000020003,,,TRUE,5Q5L3P5YT,1,050562
....................4,ELECT-LAUR,0000567,2021/05/26,1.000,0.0000,0.0000,0.0000,0.0000,0.000000,0.0000,0.0000,CONSEIL-MA,,,33200,,0000020006,,,FALSE,BUFVMN0VL,1,
,NICO-METAL,0000042,2021/05/27,0.000,6658.7800,332.9390,664.2133,6658.7800,0.000000,0.0000,6658.7800,CIUSSS-ADM,,,33500,05120,0000020003,,,TRUE,NI4EMKYRF,1,050624
,LOCA-MEDIC,0000608,2021/05/28,0.000,615.0000,30.7500,61.3463,615.0000,0.000000,0.0000,615.0000,CIUSSS-ADM,,,33200,12660,0000020003,,,TRUE,JLF1CL1KR,1,050625
,LOCA-MEDIC,0000608,2021/05/28,0.000,65.0000,3.2500,6.4838,65.0000,0.000000,0.0000,65.0000,CIUSSS-ADM,,,33200,12660,0000020003,,,TRUE,JLF1CL1KR,1,050625
....................3,LOCA-MEDIC,0000608,2021/05/28,1.000,0.0000,0.0000,0.0000,0.0000,0.000000,0.0000,0.0000,CIUSSS-ADM,,,33200,,0000020003,,,TRUE,JLF1CL1KR,1,050625
....................4,LOCA-MEDIC,0000608,2021/05/28,1.000,0.0000,0.0000,0.0000,0.0000,0.000000,0.0000,0.0000,CIUSSS-ADM,,,33200,,0000020003,,,TRUE,JLF1CL1KR,1,050625
,PROT-PAQUI,0000084,2021/05/31,0.000,8026.8500,401.3425,800.6783,8026.8500,0.000000,0.0000,8026.8500,CIUSSS-ADM,,,33500,13930,0000020003,,,TRUE,E5JRNV210,1,050525
,COMETAL---,0000518,2021/05/31,0.000,565.0000,28.2500,56.3588,565.0000,0.000000,0.0000,565.0000,CSS-ENERGI,,,33200,10000,0000021015,,,TRUE,EWZ27URR8,1,050609
,ENT-MAXIME,0000151,2021/05/31,0.000,57782.0600,2889.1030,5763.7605,57782.0600,0.000000,0.0000,57782.0600,CONSEIL-MA,,,33500,03100,0000020006,,,TRUE,WMBSERT93,1,050621
,ENT-MAXIME,0000525,2021/05/31,0.000,103922.0000,5196.1000,10366.2195,103922.0000,0.000000,0.0000,103922.0000,MACH-PRONO,,,33200,02315,0000021018,,,TRUE,4QF1ICUJ0,1,050622
,ENT-MAXIME,0000450,2021/05/31,0.000,105855.2200,5292.7610,10559.0582,105855.2200,0.000000,0.0000,105855.2200,CONSEIL-MA,,,33500,25001,0000020006,,,TRUE,VFOEN6CWO,1,050629
....................3,ENT-MAXIME,0000450,2021/05/31,1.000,0.0000,0.0000,0.0000,0.0000,0.000000,0.0000,0.0000,CONSEIL-MA,,,33200,,0000020006,,,TRUE,VFOEN6CWO,1,050629
....................4,ENT-MAXIME,0000450,2021/05/31,1.000,0.0000,0.0000,0.0000,0.0000,0.000000,0.0000,0.0000,CONSEIL-MA,,,33200,,0000020006,,,TRUE,VFOEN6CWO,1,050629
,CLIMAT-T-R,0000563,2021/06/01,0.000,3000.0000,150.0000,299.2500,3000.0000,0.000000,0.0000,3000.0000,STEMA-PRO-,,,33500,15000,0000021012,,,TRUE,5KI8QJ11M,1,050723
,CAP-ISOLAT,0000019,2021/06/01,0.000,15210.0000,760.5000,1517.1975,15210.0000,0.000000,0.0000,15210.0000,CIUSSS-ADM,,,33500,15401,0000020003,,,TRUE,07MH5ZTVH,1,050764
,ENT-MAXIME,0000573,2021/06/01,0.000,13991.0000,699.5500,1395.6023,13991.0000,0.000000,0.0000,13991.0000,MUN-ST-ELI,,,33200,02315,0000021021,,,TRUE,MROPRHQ2S,1,050790
,AUDET-----,0000417,2021/06/01,0.000,38520.0000,1926.0000,3842.3700,38520.0000,0.000000,0.0000,38520.0000,CIUSSS-ADM,,,33500,06400,0000020003,,,TRUE,G2B6J9EK4,1,050855
....................3,ENT-MAXIME,0000573,2021/06/01,1.000,0.0000,0.0000,0.0000,0.0000,0.000000,0.0000,0.0000,MUN-ST-ELI,,,33200,,0000021021,,,TRUE,MROPRHQ2S,1,050790
....................3,AUDET-----,0000417,2021/06/01,1.000,0.0000,0.0000,0.0000,0.0000,0.000000,0.0000,0.0000,CIUSSS-ADM,,,33200,,0000020003,,,TRUE,G2B6J9EK4,1,050855
....................4,ENT-MAXIME,0000573,2021/06/01,1.000,0.0000,0.0000,0.0000,0.0000,0.000000,0.0000,0.0000,MUN-ST-ELI,,,33200,,0000021021,,,TRUE,MROPRHQ2S,1,050790
....................4,AUDET-----,0000417,2021/06/01,1.000,0.0000,0.0000,0.0000,0.0000,0.000000,0.0000,0.0000,CIUSSS-ADM,,,33200,,0000020003,,,TRUE,G2B6J9EK4,1,050855
,EUGENE-CLO,0000044,2021/06/02,0.000,14700.0000,735.0000,1466.3250,14700.0000,0.000000,0.0000,14700.0000,CIUSSS-ADM,,,33500,09900,0000020003,,,TRUE,4GA68UNNE,1,050627
,DECOLAM---,0000489,2021/06/03,0.000,2500.0000,125.0000,249.3750,2500.0000,0.000000,0.0000,2500.0000,CIUSSS-ADM,,,33200,10165,0000020003,,,TRUE,TJ9PH27W9,1,050628
,DECOLAM---,0000489,2021/06/03,0.000,8375.0000,418.7500,835.4063,8375.0000,0.000000,0.0000,8375.0000,CIUSSS-ADM,,,33200,10260,0000020003,,,TRUE,TJ9PH27W9,1,050628
....................3,DECOLAM---,0000489,2021/06/03,1.000,0.0000,0.0000,0.0000,0.0000,0.000000,0.0000,0.0000,CIUSSS-ADM,,,33200,,0000020003,,,TRUE,TJ9PH27W9,1,050628
....................4,DECOLAM---,0000489,2021/06/03,1.000,0.0000,0.0000,0.0000,0.0000,0.000000,0.0000,0.0000,CIUSSS-ADM,,,33200,,0000020003,,,TRUE,TJ9PH27W9,1,050628
,ARMECO----,0000617,2021/06/09,0.000,595.0000,29.7500,59.3513,595.0000,0.000000,0.0000,595.0000,CIUSSS-ADM,,,33200,25001,0000020003,,,TRUE,EDV8VL191,1,050647
....................3,ARMECO----,0000617,2021/06/09,1.000,0.0000,0.0000,0.0000,0.0000,0.000000,0.0000,0.0000,CIUSSS-ADM,,,33200,,0000020003,,,TRUE,EDV8VL191,1,050647
....................4,ARMECO----,0000617,2021/06/09,1.000,0.0000,0.0000,0.0000,0.0000,0.000000,0.0000,0.0000,CIUSSS-ADM,,,33200,,0000020003,,,TRUE,EDV8VL191,1,050647
,ASP-CONTRO,0000039,2021/06/10,0.000,27000.0000,1350.0000,2693.2500,27000.0000,0.000000,0.0000,27000.0000,CIUSSS-ADM,,,33500,16000,0000020003,,,TRUE,C6V3XMGDL,1,050648
,ELECT-LAUR,0000627,2021/06/10,0.000,559.8000,27.9900,55.8401,559.8000,0.000000,0.0000,559.8000,CONSEIL-MA,,,33500,25001,0000020006,,,TRUE,H8Q22PJG4,1,050649
....................3,ELECT-LAUR,0000627,2021/06/10,1.000,0.0000,0.0000,0.0000,0.0000,0.000000,0.0000,0.0000,CONSEIL-MA,,,33200,,0000020006,,,TRUE,H8Q22PJG4,1,050649
....................4,ELECT-LAUR,0000627,2021/06/10,1.000,0.0000,0.0000,0.0000,0.0000,0.000000,0.0000,0.0000,CONSEIL-MA,,,33200,,0000020006,,,TRUE,H8Q22PJG4,1,050649
,CHARTRAY-R,0000036,2021/06/14,0.000,9510.5100,475.5255,948.6734,9510.5100,0.000000,0.0000,9510.5100,CIUSSS-ADM,,,33500,15700,0000020003,,,TRUE,WP1POW7AX,1,050762
,CHARTRAY-R,0000354,2021/06/14,0.000,2320.0000,116.0000,231.4200,2320.0000,0.000000,0.0000,2320.0000,CIUSSS-ADM,,,33500,25001,0000020003,,,TRUE,JQ1OV9UBH,1,050763
....................3,BLP-ARPENT,0000610,2021/06/14,1.000,0.0000,0.0000,0.0000,0.0000,0.000000,0.0000,0.0000,AGT-------,,,33200,,0000021013,,,FALSE,FIGIA1M9V,1,
....................3,CHARTRAY-R,0000354,2021/06/14,1.000,0.0000,0.0000,0.0000,0.0000,0.000000,0.0000,0.0000,CIUSSS-ADM,,,33200,,0000020003,,,TRUE,JQ1OV9UBH,1,050763
....................4,BLP-ARPENT,0000610,2021/06/14,1.000,0.0000,0.0000,0.0000,0.0000,0.000000,0.0000,0.0000,AGT-------,,,33200,,0000021013,,,FALSE,FIGIA1M9V,1,
....................4,CHARTRAY-R,0000354,2021/06/14,1.000,0.0000,0.0000,0.0000,0.0000,0.000000,0.0000,0.0000,CIUSSS-ADM,,,33200,,0000020003,,,TRUE,JQ1OV9UBH,1,050763
,ACIER-ATR-,0000572,2021/06/15,0.000,5750.0000,287.5000,573.5625,5750.0000,0.000000,0.0000,5750.0000,MUN-ST-ELI,,,33500,03210,0000021021,,,TRUE,F9KSRENSQ,1,050748
....................3,ACIER-ATR-,0000572,2021/06/15,1.000,0.0000,0.0000,0.0000,0.0000,0.000000,0.0000,0.0000,MUN-ST-ELI,,,33200,,0000021021,,,TRUE,F9KSRENSQ,1,050748
....................4,ACIER-ATR-,0000572,2021/06/15,1.000,0.0000,0.0000,0.0000,0.0000,0.000000,0.0000,0.0000,MUN-ST-ELI,,,33200,,0000021021,,,TRUE,F9KSRENSQ,1,050748
,COMETAL---,0000518,2021/06/16,0.000,1150.0000,57.5000,114.7125,1150.0000,0.000000,0.0000,1150.0000,CSS-ENERGI,,,33200,10000,0000021015,,,TRUE,J9HD3NQES,1,050728
,COFF-PELLE,0000571,2021/06/16,0.000,3260.0000,163.0000,325.1850,3260.0000,0.000000,0.0000,3260.0000,MUN-ST-ELI,,,33500,03100,0000021021,,,TRUE,4I9CKX6Y4,1,050747
,COFF-PELLE,0000571,2021/06/16,0.000,5320.0000,266.0000,530.6700,5320.0000,0.000000,0.0000,5320.0000,MUN-ST-ELI,,,33500,03100,0000021021,,,TRUE,4I9CKX6Y4,1,050747
,COFF-PELLE,0000571,2021/06/16,0.000,1000.0000,50.0000,99.7500,1000.0000,0.000000,0.0000,1000.0000,MUN-ST-ELI,,,33500,03100,0000021021,,,TRUE,4I9CKX6Y4,1,050747
,ASP-CONTRO,0000393,2021/06/16,0.000,6083.3500,304.1675,606.8142,6083.3500,0.000000,0.0000,6083.3500,CIUSSS-ADM,,,33500,25001,0000020003,,,TRUE,87LCZPG7G,1,050767
,ASP-CONTRO,0000599,2021/06/16,0.000,11717.3100,585.8655,1168.8017,11717.3100,0.000000,0.0000,11717.3100,CIUSSS-ADM,,,33500,25001,0000020003,,,TRUE,C4ILLOJ6E,1,050768
,ASP-CONTRO,0000513,2021/06/16,0.000,1327.3400,66.3670,132.4022,1327.3400,0.000000,0.0000,1327.3400,CIUSSS-ADM,,,33500,25001,0000020003,,,TRUE,ICT53LLK0,1,050769
,ASP-CONTRO,0000600,2021/06/16,0.000,15989.2400,799.4620,1594.9267,15989.2400,0.000000,0.0000,15989.2400,CIUSSS-ADM,,,33500,25001,0000020003,,,TRUE,5BYFQJP0O,1,050770
,ASP-CONTRO,0000584,2021/06/16,0.000,724.2100,36.2105,72.2399,724.2100,0.000000,0.0000,724.2100,CIUSSS-ADM,,,33500,25001,0000020003,,,TRUE,V6LSPFXJZ,1,050771
,ASP-CONTRO,0000583,2021/06/16,0.000,4385.1600,219.2580,437.4197,4385.1600,0.000000,0.0000,4385.1600,CIUSSS-ADM,,,33500,25001,0000020003,,,TRUE,2GKD938VY,1,050772
,ASP-CONTRO,0000618,2021/06/16,0.000,250.7700,12.5385,25.0143,250.7700,0.000000,0.0000,250.7700,CIUSSS-ADM,,,33500,25001,0000020003,,,TRUE,ON8KZKD1Z,1,050773
,ASP-CONTRO,0000614,2021/06/16,0.000,628.3000,31.4150,62.6729,628.3000,0.000000,0.0000,628.3000,CIUSSS-ADM,,,33500,25001,0000020003,,,TRUE,DDDR8XJBL,1,050774
,ASP-CONTRO,0000624,2021/06/16,0.000,1915.1400,95.7570,191.0352,1915.1400,0.000000,0.0000,1915.1400,CIUSSS-ADM,,,33500,25001,0000020003,,,TRUE,O7YRA3L7C,1,050775
....................3,COMETAL---,0000518,2021/06/16,1.000,0.0000,0.0000,0.0000,0.0000,0.000000,0.0000,0.0000,CSS-ENERGI,,,33200,,0000021015,,,TRUE,J9HD3NQES,1,050728
....................3,ASP-CONTRO,0000393,2021/06/16,1.000,0.0000,0.0000,0.0000,0.0000,0.000000,0.0000,0.0000,CIUSSS-ADM,,,33200,,0000020003,,,TRUE,87LCZPG7G,1,050767
....................3,ASP-CONTRO,0000599,2021/06/16,4.000,0.0000,0.0000,0.0000,0.0000,0.000000,0.0000,0.0000,CIUSSS-ADM,,,33200,,0000020003,,,TRUE,C4ILLOJ6E,1,050768
....................3,ASP-CONTRO,0000513,2021/06/16,1.000,0.0000,0.0000,0.0000,0.0000,0.000000,0.0000,0.0000,CIUSSS-ADM,,,33200,,0000020003,,,TRUE,ICT53LLK0,1,050769
....................3,ASP-CONTRO,0000600,2021/06/16,1.000,0.0000,0.0000,0.0000,0.0000,0.000000,0.0000,0.0000,CIUSSS-ADM,,,33200,,0000020003,,,TRUE,5BYFQJP0O,1,050770
....................3,ASP-CONTRO,0000584,2021/06/16,1.000,0.0000,0.0000,0.0000,0.0000,0.000000,0.0000,0.0000,CIUSSS-ADM,,,33200,,0000020003,,,TRUE,V6LSPFXJZ,1,050771
....................3,ASP-CONTRO,0000583,2021/06/16,1.000,0.0000,0.0000,0.0000,0.0000,0.000000,0.0000,0.0000,CIUSSS-ADM,,,33200,,0000020003,,,TRUE,2GKD938VY,1,050772
....................3,ASP-CONTRO,0000618,2021/06/16,1.000,0.0000,0.0000,0.0000,0.0000,0.000000,0.0000,0.0000,CIUSSS-ADM,,,33200,,0000020003,,,TRUE,ON8KZKD1Z,1,050773
....................3,ASP-CONTRO,0000614,2021/06/16,1.000,0.0000,0.0000,0.0000,0.0000,0.000000,0.0000,0.0000,CIUSSS-ADM,,,33200,,0000020003,,,TRUE,DDDR8XJBL,1,050774
....................3,ASP-CONTRO,0000624,2021/06/16,1.000,0.0000,0.0000,0.0000,0.0000,0.000000,0.0000,0.0000,CIUSSS-ADM,,,33200,,0000020003,,,TRUE,O7YRA3L7C,1,050775
....................4,COMETAL---,0000518,2021/06/16,1.000,0.0000,0.0000,0.0000,0.0000,0.000000,0.0000,0.0000,CSS-ENERGI,,,33200,,0000021015,,,TRUE,J9HD3NQES,1,050728
....................4,ASP-CONTRO,0000393,2021/06/16,1.000,0.0000,0.0000,0.0000,0.0000,0.000000,0.0000,0.0000,CIUSSS-ADM,,,33200,,0000020003,,,TRUE,87LCZPG7G,1,050767
....................4,ASP-CONTRO,0000599,2021/06/16,1.000,0.0000,0.0000,0.0000,0.0000,0.000000,0.0000,0.0000,CIUSSS-ADM,,,33200,,0000020003,,,TRUE,C4ILLOJ6E,1,050768
....................4,ASP-CONTRO,0000513,2021/06/16,1.000,0.0000,0.0000,0.0000,0.0000,0.000000,0.0000,0.0000,CIUSSS-ADM,,,33200,,0000020003,,,TRUE,ICT53LLK0,1,050769
....................4,ASP-CONTRO,0000600,2021/06/16,1.000,0.0000,0.0000,0.0000,0.0000,0.000000,0.0000,0.0000,CIUSSS-ADM,,,33200,,0000020003,,,TRUE,5BYFQJP0O,1,050770
....................4,ASP-CONTRO,0000584,2021/06/16,1.000,0.0000,0.0000,0.0000,0.0000,0.000000,0.0000,0.0000,CIUSSS-ADM,,,33200,,0000020003,,,TRUE,V6LSPFXJZ,1,050771
....................4,ASP-CONTRO,0000583,2021/06/16,1.000,0.0000,0.0000,0.0000,0.0000,0.000000,0.0000,0.0000,CIUSSS-ADM,,,33200,,0000020003,,,TRUE,2GKD938VY,1,050772
....................4,ASP-CONTRO,0000618,2021/06/16,1.000,0.0000,0.0000,0.0000,0.0000,0.000000,0.0000,0.0000,CIUSSS-ADM,,,33200,,0000020003,,,TRUE,ON8KZKD1Z,1,050773
....................4,ASP-CONTRO,0000614,2021/06/16,1.000,0.0000,0.0000,0.0000,0.0000,0.000000,0.0000,0.0000,CIUSSS-ADM,,,33200,,0000020003,,,TRUE,DDDR8XJBL,1,050774
....................4,ASP-CONTRO,0000624,2021/06/16,1.000,0.0000,0.0000,0.0000,0.0000,0.000000,0.0000,0.0000,CIUSSS-ADM,,,33200,,0000020003,,,TRUE,O7YRA3L7C,1,050775
,EBEN-C-TOU,0000520,2021/06/17,0.000,4700.0000,235.0000,468.8250,4700.0000,0.000000,0.0000,4700.0000,CEGEP-T-R-,,,33500,06400,0000021017,,,TRUE,7VWH6XP7R,1,050726
,ASP-CONTRO,0000581,2021/06/17,0.000,1616.6400,80.8320,161.2598,1616.6400,0.000000,0.0000,1616.6400,CIUSSS-ADM,,,33500,25001,0000020003,,,TRUE,PKVO895YO,1,050766
,ASP-CONTRO,0000641,2021/06/17,0.000,1615.2000,80.7600,161.1162,1615.2000,0.000000,0.0000,1615.2000,CIUSSS-ADM,,,33500,25001,0000020003,,,TRUE,PJKMWVI6F,1,050776
,ASP-CONTRO,0000515,2021/06/17,0.000,547.2000,27.3600,54.5832,547.2000,0.000000,0.0000,547.2000,CIUSSS-ADM,,,33500,16000,0000020003,,,TRUE,HAU7Z9FEI,1,050779
,DES-GRES--,0000574,2021/06/17,0.000,1000.0000,50.0000,99.7500,1000.0000,0.000000,0.0000,1000.0000,MUN-ST-ELI,,,33500,03100,0000021021,,,TRUE,DSMEZA23Z,1,050789
....................3,EBEN-C-TOU,0000520,2021/06/17,1.000,0.0000,0.0000,0.0000,0.0000,0.000000,0.0000,0.0000,CEGEP-T-R-,,,33200,,0000021017,,,TRUE,7VWH6XP7R,1,050726
....................3,ASP-CONTRO,0000581,2021/06/17,1.000,0.0000,0.0000,0.0000,0.0000,0.000000,0.0000,0.0000,CIUSSS-ADM,,,33200,,0000020003,,,TRUE,PKVO895YO,1,050766
....................3,ASP-CONTRO,0000641,2021/06/17,1.000,0.0000,0.0000,0.0000,0.0000,0.000000,0.0000,0.0000,CIUSSS-ADM,,,33200,,0000020003,,,TRUE,PJKMWVI6F,1,050776
....................3,ASP-CONTRO,0000515,2021/06/17,1.000,0.0000,0.0000,0.0000,0.0000,0.000000,0.0000,0.0000,CIUSSS-ADM,,,33200,,0000020003,,,TRUE,HAU7Z9FEI,1,050779
....................3,DES-GRES--,0000574,2021/06/17,1.000,0.0000,0.0000,0.0000,0.0000,0.000000,0.0000,0.0000,MUN-ST-ELI,,,33200,,0000021021,,,TRUE,DSMEZA23Z,1,050789
....................4,EBEN-C-TOU,0000520,2021/06/17,1.000,0.0000,0.0000,0.0000,0.0000,0.000000,0.0000,0.0000,CEGEP-T-R-,,,33200,,0000021017,,,TRUE,7VWH6XP7R,1,050726
....................4,ASP-CONTRO,0000581,2021/06/17,1.000,0.0000,0.0000,0.0000,0.0000,0.000000,0.0000,0.0000,CIUSSS-ADM,,,33200,,0000020003,,,TRUE,PKVO895YO,1,050766
....................4,ASP-CONTRO,0000641,2021/06/17,1.000,0.0000,0.0000,0.0000,0.0000,0.000000,0.0000,0.0000,CIUSSS-ADM,,,33200,,0000020003,,,TRUE,PJKMWVI6F,1,050776
....................4,ASP-CONTRO,0000515,2021/06/17,1.000,0.0000,0.0000,0.0000,0.0000,0.000000,0.0000,0.0000,CIUSSS-ADM,,,33200,,0000020003,,,TRUE,HAU7Z9FEI,1,050779
....................4,DES-GRES--,0000574,2021/06/17,1.000,0.0000,0.0000,0.0000,0.0000,0.000000,0.0000,0.0000,MUN-ST-ELI,,,33200,,0000021021,,,TRUE,DSMEZA23Z,1,050789
,PLOMB-SOLU,0000096,2021/06/18,0.000,14721.5000,736.0750,1468.4696,14721.5000,0.000000,0.0000,14721.5000,CONSEIL-MA,,,33500,15400,0000020006,,,TRUE,K94UT7VVC,1,050724
,PLOMB-SOLU,0000096,2021/06/18,0.000,26378.3800,1318.9190,2631.2434,26378.3800,0.000000,0.0000,26378.3800,CONSEIL-MA,,,33500,15400,0000020006,,,TRUE,B89KXSAS3,1,050725
,FOND-55---,0000526,2021/06/18,0.000,88000.0000,4400.0000,8778.0000,88000.0000,0.000000,0.0000,88000.0000,MACH-PRONO,,,33500,03100,0000021018,,,TRUE,6ITGEIF8M,1,050843
....................3,FOND-55---,0000526,2021/06/18,1.000,0.0000,0.0000,0.0000,0.0000,0.000000,0.0000,0.0000,MACH-PRONO,,,33200,,0000021018,,,TRUE,6ITGEIF8M,1,050843
....................4,FOND-55---,0000526,2021/06/18,1.000,0.0000,0.0000,0.0000,0.0000,0.000000,0.0000,0.0000,MACH-PRONO,,,33200,,0000021018,,,TRUE,6ITGEIF8M,1,050843
,ARMECO----,0000422,2021/06/21,0.000,185.0000,9.2500,18.4538,185.0000,0.000000,0.0000,185.0000,CIUSSS-MCQ,,,33200,00400,0000020010,,,TRUE,O5RXFW504,1,050722
,D-DIONNE--,0000564,2021/06/21,0.000,990.0000,49.5000,98.7525,990.0000,0.000000,0.0000,990.0000,CEGEP-T-R-,,,33500,09300,0000021017,,,TRUE,OA6OZS0WG,1,050727
,PROT-PAQUI,0000084,2021/06/21,0.000,4547.4000,227.3700,453.6032,4547.4000,0.000000,0.0000,4547.4000,CIUSSS-ADM,,,33500,13930,0000020003,,,TRUE,P7YB8W2IV,1,050765
,VITR-CLETE,0000565,2021/06/21,0.000,715.5000,35.7750,71.3711,715.5000,0.000000,0.0000,715.5000,MACH-PRONO,,,33200,08000,0000021018,,,TRUE,U492LUP7W,1,050794
....................3,ARMECO----,0000422,2021/06/21,1.000,0.0000,0.0000,0.0000,0.0000,0.000000,0.0000,0.0000,CIUSSS-MCQ,,,33200,,0000020010,,,TRUE,O5RXFW504,1,050722
....................3,D-DIONNE--,0000564,2021/06/21,1.000,0.0000,0.0000,0.0000,0.0000,0.000000,0.0000,0.0000,CEGEP-T-R-,,,33200,,0000021017,,,TRUE,OA6OZS0WG,1,050727
....................3,VITR-CLETE,0000565,2021/06/21,1.000,0.0000,0.0000,0.0000,0.0000,0.000000,0.0000,0.0000,MACH-PRONO,,,33200,,0000021018,,,TRUE,U492LUP7W,1,050794
....................4,ARMECO----,0000422,2021/06/21,1.000,0.0000,0.0000,0.0000,0.0000,0.000000,0.0000,0.0000,CIUSSS-MCQ,,,33200,,0000020010,,,TRUE,O5RXFW504,1,050722
....................4,D-DIONNE--,0000564,2021/06/21,1.000,0.0000,0.0000,0.0000,0.0000,0.000000,0.0000,0.0000,CEGEP-T-R-,,,33200,,0000021017,,,TRUE,OA6OZS0WG,1,050727
....................4,VITR-CLETE,0000565,2021/06/21,1.000,0.0000,0.0000,0.0000,0.0000,0.000000,0.0000,0.0000,MACH-PRONO,,,33200,,0000021018,,,TRUE,U492LUP7W,1,050794
,SYST-VILLE,0000038,2021/06/22,0.000,17199.6000,859.9800,1715.6601,17199.6000,0.000000,0.0000,17199.6000,CIUSSS-ADM,,,33500,09910,0000020003,,,TRUE,3I5WEUI5G,1,050777
,SYST-VILLE,0000037,2021/06/22,0.000,45706.5900,2285.3295,4559.2324,45706.5900,0.000000,0.0000,45706.5900,CIUSSS-ADM,,,33500,12700,0000020003,,,TRUE,PN4U7E1NM,1,050778
,QUINC-PORT,0000505,2021/06/23,0.000,13404.0000,670.2000,1337.0490,13404.0000,0.000000,0.0000,13404.0000,CSS-ENERGI,,,33200,08000,0000021015,,,TRUE,NGRY5X7J0,1,050784
,QUINC-PORT,0000477,2021/06/23,0.000,10494.0000,524.7000,1046.7765,10494.0000,0.000000,0.0000,10494.0000,CSS-ENERGI,,,33200,08000,0000021010,,,TRUE,GEI9UGUF0,1,050785
,VAL-MAURIC,0000553,2021/06/23,0.000,4600.0000,230.0000,458.8500,4600.0000,0.000000,0.0000,4600.0000,CEGEP-T-R-,,,33500,16000,0000021017,,,TRUE,VQBUH1Q11,1,050786
,MULTI-ENER,0000458,2021/06/23,0.000,1000.0000,50.0000,99.7500,1000.0000,0.000000,0.0000,1000.0000,CSS-ENERGI,,,33500,15000,0000021011,,,TRUE,Q94UWV2MZ,1,050787
,MULTI-ENER,0000552,2021/06/23,0.000,29500.0000,1475.0000,2942.6250,29500.0000,0.000000,0.0000,29500.0000,CEGEP-T-R-,,,33500,15401,0000021017,,,TRUE,VE9KJILTZ,1,050788
,INTEGRAIR-,0000033,2021/06/23,0.000,1800.0000,90.0000,179.5500,1800.0000,0.000000,0.0000,1800.0000,CIUSSS-ADM,,,33500,13800,0000020003,,,TRUE,BE2UVW2GJ,1,050791
,MULTI-ENER,0000041,2021/06/23,0.000,1800.0000,90.0000,179.5500,1800.0000,0.000000,0.0000,1800.0000,CIUSSS-ADM,,,33500,15401,0000020003,,,TRUE,S09S496NG,1,050792
,MULTI-ENER,0000632,2021/06/23,0.000,1117.5400,55.8770,111.4746,1117.5400,0.000000,0.0000,1117.5400,CIUSSS-ADM,,,33500,25001,0000020003,,,TRUE,8F10X38GV,1,050793
,QUINC-PORT,0000462,2021/06/23,0.000,8645.0000,432.2500,862.3388,8645.0000,0.000000,0.0000,8645.0000,CSS-ENERGI,,,33200,08000,0000021011,,,TRUE,IDCNIZMRZ,1,050839
....................3,VAL-MAURIC,0000553,2021/06/23,1.000,0.0000,0.0000,0.0000,0.0000,0.000000,0.0000,0.0000,CEGEP-T-R-,,,33200,,0000021017,,,TRUE,VQBUH1Q11,1,050786
....................3,MULTI-ENER,0000458,2021/06/23,1.000,0.0000,0.0000,0.0000,0.0000,0.000000,0.0000,0.0000,CSS-ENERGI,,,33200,,0000021011,,,TRUE,Q94UWV2MZ,1,050787
....................3,MULTI-ENER,0000552,2021/06/23,1.000,0.0000,0.0000,0.0000,0.0000,0.000000,0.0000,0.0000,CEGEP-T-R-,,,33200,,0000021017,,,TRUE,VE9KJILTZ,1,050788
....................3,MULTI-ENER,0000632,2021/06/23,1.000,0.0000,0.0000,0.0000,0.0000,0.000000,0.0000,0.0000,CIUSSS-ADM,,,33200,,0000020003,,,TRUE,8F10X38GV,1,050793
....................4,VAL-MAURIC,0000553,2021/06/23,1.000,0.0000,0.0000,0.0000,0.0000,0.000000,0.0000,0.0000,CEGEP-T-R-,,,33200,,0000021017,,,TRUE,VQBUH1Q11,1,050786
....................4,MULTI-ENER,0000458,2021/06/23,1.000,0.0000,0.0000,0.0000,0.0000,0.000000,0.0000,0.0000,CSS-ENERGI,,,33200,,0000021011,,,TRUE,Q94UWV2MZ,1,050787
....................4,MULTI-ENER,0000552,2021/06/23,1.000,0.0000,0.0000,0.0000,0.0000,0.000000,0.0000,0.0000,CEGEP-T-R-,,,33200,,0000021017,,,TRUE,VE9KJILTZ,1,050788
....................4,MULTI-ENER,0000632,2021/06/23,1.000,0.0000,0.0000,0.0000,0.0000,0.000000,0.0000,0.0000,CIUSSS-ADM,,,33200,,0000020003,,,TRUE,8F10X38GV,1,050793
,PLOMB-BEAV,0000531,2021/06/24,0.000,2000.0000,100.0000,199.5000,2000.0000,0.000000,0.0000,2000.0000,MACH-PRONO,,,33500,15401,0000021018,,,TRUE,W185J2K6O,1,050795
....................3,PLOMB-BEAV,0000531,2021/06/24,1.000,0.0000,0.0000,0.0000,0.0000,0.000000,0.0000,0.0000,MACH-PRONO,,,33200,,0000021018,,,TRUE,W185J2K6O,1,050795
....................4,PLOMB-BEAV,0000531,2021/06/24,1.000,0.0000,0.0000,0.0000,0.0000,0.000000,0.0000,0.0000,MACH-PRONO,,,33200,,0000021018,,,TRUE,W185J2K6O,1,050795
,PEINT-DUPO,0000557,2021/06/25,0.000,1694.0000,84.7000,168.9765,1694.0000,0.000000,0.0000,1694.0000,CEGEP-T-R-,,,33500,09910,0000021017,,,TRUE,YL7JTSYRV,1,050841
....................3,PEINT-DUPO,0000557,2021/06/25,1.000,0.0000,0.0000,0.0000,0.0000,0.000000,0.0000,0.0000,CEGEP-T-R-,,,33200,,0000021017,,,TRUE,YL7JTSYRV,1,050841
....................4,PEINT-DUPO,0000557,2021/06/25,1.000,0.0000,0.0000,0.0000,0.0000,0.000000,0.0000,0.0000,CEGEP-T-R-,,,33200,,0000021017,,,TRUE,YL7JTSYRV,1,050841
,QUINC-PORT,0000505,2021/06/28,0.000,400.0000,20.0000,39.9000,400.0000,0.000000,0.0000,400.0000,CSS-ENERGI,,,33200,08000,0000021015,,,TRUE,17W2FPFJW,1,050838
,ACIER-ATR-,0000527,2021/06/28,0.000,9000.0000,450.0000,897.7500,9000.0000,0.000000,0.0000,9000.0000,MACH-PRONO,,,33200,03210,0000021018,,,TRUE,QGKSKBD8X,1,050844
,NICO-METAL,0000651,2021/06/28,0.000,840.1800,42.0090,83.8080,840.1800,0.000000,0.0000,840.1800,CIUSSS-ADM,,,33500,05120,0000020003,,,TRUE,A4HJGWUTC,1,050856
,NICO-METAL,0000043,2021/06/28,0.000,20115.0000,1005.7500,2006.4713,20115.0000,0.000000,0.0000,20115.0000,CIUSSS-ADM,,,33500,05120,0000020003,,,TRUE,WEYKPTNAC,1,050857
,NICO-METAL,0000437,2021/06/28,0.000,605.0000,30.2500,60.3488,605.0000,0.000000,0.0000,605.0000,CIUSSS-ADM,,,33500,25001,0000020003,,,TRUE,P227U13YZ,1,050860
,NICO-METAL,0000436,2021/06/28,0.000,2730.0000,136.5000,272.3175,2730.0000,0.000000,0.0000,2730.0000,CIUSSS-ADM,,,33500,25001,0000020003,,,TRUE,I62TS5TX9,1,050861
,NICO-METAL,0000368,2021/06/28,0.000,700.0000,35.0000,69.8250,700.0000,0.000000,0.0000,700.0000,CIUSSS-ADM,,,33500,05120,0000020003,,,TRUE,RZXTA0UH7,1,050862
....................3,NICO-METAL,0000651,2021/06/28,1.000,0.0000,0.0000,0.0000,0.0000,0.000000,0.0000,0.0000,CIUSSS-ADM,,,33200,,0000020003,,,TRUE,A4HJGWUTC,1,050856
....................3,NICO-METAL,0000437,2021/06/28,1.000,0.0000,0.0000,0.0000,0.0000,0.000000,0.0000,0.0000,CIUSSS-ADM,,,33200,,0000020003,,,TRUE,P227U13YZ,1,050860
....................3,NICO-METAL,0000436,2021/06/28,1.000,0.0000,0.0000,0.0000,0.0000,0.000000,0.0000,0.0000,CIUSSS-ADM,,,33200,,0000020003,,,TRUE,I62TS5TX9,1,050861
....................3,NICO-METAL,0000368,2021/06/28,1.000,0.0000,0.0000,0.0000,0.0000,0.000000,0.0000,0.0000,CIUSSS-ADM,,,33200,,0000020003,,,TRUE,RZXTA0UH7,1,050862
....................4,NICO-METAL,0000651,2021/06/28,1.000,0.0000,0.0000,0.0000,0.0000,0.000000,0.0000,0.0000,CIUSSS-ADM,,,33200,,0000020003,,,TRUE,A4HJGWUTC,1,050856
....................4,NICO-METAL,0000437,2021/06/28,1.000,0.0000,0.0000,0.0000,0.0000,0.000000,0.0000,0.0000,CIUSSS-ADM,,,33200,,0000020003,,,TRUE,P227U13YZ,1,050860
....................4,NICO-METAL,0000436,2021/06/28,1.000,0.0000,0.0000,0.0000,0.0000,0.000000,0.0000,0.0000,CIUSSS-ADM,,,33200,,0000020003,,,TRUE,I62TS5TX9,1,050861
....................4,NICO-METAL,0000368,2021/06/28,1.000,0.0000,0.0000,0.0000,0.0000,0.000000,0.0000,0.0000,CIUSSS-ADM,,,33200,,0000020003,,,TRUE,RZXTA0UH7,1,050862
,F-DAIGLE--,0000534,2021/06/29,0.000,18638.0000,931.9000,1859.1405,18638.0000,0.000000,0.0000,18638.0000,MACH-PRONO,,,33200,08000,0000021018,,,TRUE,ZXP39OBBT,1,050840
,F-DAIGLE--,0000534,2021/06/29,0.000,-586.0000,-29.3000,-58.4535,-586.0000,0.000000,0.0000,-586.0000,MACH-PRONO,,,33200,08000,0000021018,,,TRUE,ZXP39OBBT,1,050840
....................3,F-DAIGLE--,0000534,2021/06/29,1.000,0.0000,0.0000,0.0000,0.0000,0.000000,0.0000,0.0000,MACH-PRONO,,,33200,,0000021018,,,TRUE,ZXP39OBBT,1,050840
....................4,F-DAIGLE--,0000534,2021/06/29,1.000,0.0000,0.0000,0.0000,0.0000,0.000000,0.0000,0.0000,MACH-PRONO,,,33200,,0000021018,,,TRUE,ZXP39OBBT,1,050840
,AUB-MANAWA,0000049,2021/06/30,0.000,1.0000,0.0500,0.0998,1.0000,0.000000,0.0000,1.0000,CONSEIL-MA,,,33200,00000,0000020006,X000000052,,FALSE,8EW6ABILN,1,
,COFF-MARTI,0000100,2021/06/30,0.000,76696.0000,3834.8000,7650.4260,76696.0000,0.000000,0.0000,76696.0000,CONSEIL-MA,,,33500,03100,0000020006,X000000103,,FALSE,HHBCD9F9G,1,
,COFF-MARTI,0000100,2021/06/30,0.000,13125.0000,656.2500,1309.2188,13125.0000,0.000000,0.0000,13125.0000,CONSEIL-MA,,,33500,03100,0000020006,X000000103,,FALSE,HHBCD9F9G,1,
,QUINC-PORT,0000477,2021/06/30,0.000,1047.0000,52.3500,104.4383,1047.0000,0.000000,0.0000,1047.0000,CSS-ENERGI,,,33200,08000,0000021010,,,TRUE,275127HTD,1,050837
,SYS-MAURIC,0000555,2021/06/30,0.000,7220.0000,361.0000,720.1950,7220.0000,0.000000,0.0000,7220.0000,CEGEP-T-R-,,,33500,09210,0000021017,,,TRUE,WMZ1VX8Z0,1,050842
,NICO-METAL,0000042,2021/06/30,0.000,22765.0000,1138.2500,2270.8088,22765.0000,0.000000,0.0000,22765.0000,CIUSSS-ADM,,,33500,05120,0000020003,,,TRUE,NNL6XUNUR,1,050858
,NICO-METAL,0000043,2021/06/30,0.000,2235.0000,111.7500,222.9413,2235.0000,0.000000,0.0000,2235.0000,CIUSSS-ADM,,,33500,05120,0000020003,,,TRUE,FFQM6OZSC,1,050859
,VITR-ASBES,0000156,2021/06/30,0.000,22000.0000,1100.0000,2194.5000,22000.0000,0.000000,0.0000,22000.0000,CIUSSS-ADM,,,33500,08000,0000020003,,,TRUE,11DG9G0FU,1,050863
,ISOL-TRIFL,0000554,2021/06/30,0.000,990.0000,49.5000,98.7525,990.0000,0.000000,0.0000,990.0000,CEGEP-T-R-,,,33500,15401,0000021017,,,TRUE,KRZRQOEFW,1,050926
,ENT-MAXIME,0000525,2021/06/30,0.000,44538.0000,2226.9000,4442.6655,44538.0000,0.000000,0.0000,44538.0000,MACH-PRONO,,,33200,02315,0000021018,,,TRUE,Y8XKBTPS3,1,050927
....................3,GRUES-ORIO,0000297,2021/06/30,1.000,0.0000,0.0000,0.0000,0.0000,0.000000,0.0000,0.0000,CONSEIL-MA,,,33200,,0000020006,,,FALSE,M0TYSWPXS,1,
....................3,GRUES-ORIO,0000341,2021/06/30,1.000,0.0000,0.0000,0.0000,0.0000,0.000000,0.0000,0.0000,CONSEIL-MA,,,33200,,0000020006,,,FALSE,3869X46DT,1,
....................3,COFF-MARTI,0000100,2021/06/30,1.000,0.0000,0.0000,0.0000,0.0000,0.000000,0.0000,0.0000,CONSEIL-MA,,,33200,,0000020006,,,FALSE,HHBCD9F9G,1,
....................3,ACIER-RAY-,0000198,2021/06/30,1.000,0.0000,0.0000,0.0000,0.0000,0.000000,0.0000,0.0000,CONSEIL-MA,,,33200,,0000020006,,,FALSE,KXV6KQGGX,1,
....................3,ACIER-RAY-,0000210,2021/06/30,1.000,0.0000,0.0000,0.0000,0.0000,0.000000,0.0000,0.0000,CONSEIL-MA,,,33200,,0000020006,,,FALSE,2L7IS17BW,1,
....................3,POMPAGE-BC,0000242,2021/06/30,1.000,0.0000,0.0000,0.0000,0.0000,0.000000,0.0000,0.0000,CONSEIL-MA,,,33200,,0000020006,,,FALSE,MZQ65BO7I,1,
....................3,SYS-MAURIC,0000555,2021/06/30,1.000,0.0000,0.0000,0.0000,0.0000,0.000000,0.0000,0.0000,CEGEP-T-R-,,,33200,,0000021017,,,TRUE,WMZ1VX8Z0,1,050842
....................3,ISOL-TRIFL,0000554,2021/06/30,1.000,0.0000,0.0000,0.0000,0.0000,0.000000,0.0000,0.0000,CEGEP-T-R-,,,33200,,0000021017,,,TRUE,KRZRQOEFW,1,050926
....................3,BLP-ARPENT,0000587,2021/06/30,1.000,0.0000,0.0000,0.0000,0.0000,0.000000,0.0000,0.0000,MUN-ST-ELI,,,33200,,0000021021,,,FALSE,WAUQDLDQS,1,
....................4,GRUES-ORIO,0000297,2021/06/30,1.000,0.0000,0.0000,0.0000,0.0000,0.000000,0.0000,0.0000,CONSEIL-MA,,,33200,,0000020006,,,FALSE,M0TYSWPXS,1,
....................4,GRUES-ORIO,0000341,2021/06/30,1.000,0.0000,0.0000,0.0000,0.0000,0.000000,0.0000,0.0000,CONSEIL-MA,,,33200,,0000020006,,,FALSE,3869X46DT,1,
....................4,COFF-MARTI,0000100,2021/06/30,1.000,0.0000,0.0000,0.0000,0.0000,0.000000,0.0000,0.0000,CONSEIL-MA,,,33200,,0000020006,,,FALSE,HHBCD9F9G,1,
....................4,ACIER-RAY-,0000198,2021/06/30,1.000,0.0000,0.0000,0.0000,0.0000,0.000000,0.0000,0.0000,CONSEIL-MA,,,33200,,0000020006,,,FALSE,KXV6KQGGX,1,
....................4,ACIER-RAY-,0000210,2021/06/30,1.000,0.0000,0.0000,0.0000,0.0000,0.000000,0.0000,0.0000,CONSEIL-MA,,,33200,,0000020006,,,FALSE,2L7IS17BW,1,
....................4,POMPAGE-BC,0000242,2021/06/30,1.000,0.0000,0.0000,0.0000,0.0000,0.000000,0.0000,0.0000,CONSEIL-MA,,,33200,,0000020006,,,FALSE,MZQ65BO7I,1,
....................4,SYS-MAURIC,0000555,2021/06/30,1.000,0.0000,0.0000,0.0000,0.0000,0.000000,0.0000,0.0000,CEGEP-T-R-,,,33200,,0000021017,,,TRUE,WMZ1VX8Z0,1,050842
....................4,ISOL-TRIFL,0000554,2021/06/30,1.000,0.0000,0.0000,0.0000,0.0000,0.000000,0.0000,0.0000,CEGEP-T-R-,,,33200,,0000021017,,,TRUE,KRZRQOEFW,1,050926
....................4,BLP-ARPENT,0000587,2021/06/30,1.000,0.0000,0.0000,0.0000,0.0000,0.000000,0.0000,0.0000,MUN-ST-ELI,,,33200,,0000021021,,,FALSE,WAUQDLDQS,1,
....................5,RONA-MATAW,0000299,2021/06/30,1.000,0.0000,0.0000,0.0000,0.0000,0.000000,0.0000,0.0000,CONSEIL-MA,,,33200,,0000020006,,,FALSE,X7CZJU3K8,1,
....................5,GRUES-ORIO,0000341,2021/06/30,1.000,0.0000,0.0000,0.0000,0.0000,0.000000,0.0000,0.0000,CONSEIL-MA,,,33200,,0000020006,,,FALSE,3869X46DT,1,
....................5,GRUES-ORIO,0000341,2021/06/30,1.000,0.0000,0.0000,0.0000,0.0000,0.000000,0.0000,0.0000,CONSEIL-MA,,,33200,,0000020006,,,FALSE,3869X46DT,1,
....................5,GRUES-ORIO,0000341,2021/06/30,1.000,0.0000,0.0000,0.0000,0.0000,0.000000,0.0000,0.0000,CONSEIL-MA,,,33200,,0000020006,,,FALSE,3869X46DT,1,
,CAP-ISOLAT,0000648,2021/07/01,0.000,265.0000,13.2500,26.4338,265.0000,0.000000,0.0000,265.0000,CIUSSS-ADM,,,33500,25001,0000020003,,,TRUE,V3BTVL1RJ,1,051114
,CAP-ISOLAT,0000019,2021/07/01,0.000,5368.0000,268.4000,535.4580,5368.0000,0.000000,0.0000,5368.0000,CIUSSS-ADM,,,33500,15401,0000020003,,,TRUE,PYIYRDZGP,1,051116
,CAP-ISOLAT,0000019,2021/07/01,0.000,1699.2000,84.9600,169.4952,1699.2000,0.000000,0.0000,1699.2000,CIUSSS-ADM,,,33500,15401,0000020003,,,TRUE,5V9JHQSIY,1,051117
....................3,CAP-ISOLAT,0000648,2021/07/01,1.000,0.0000,0.0000,0.0000,0.0000,0.000000,0.0000,0.0000,CIUSSS-ADM,,,33200,,0000020003,,,TRUE,V3BTVL1RJ,1,051114
....................4,CAP-ISOLAT,0000648,2021/07/01,1.000,0.0000,0.0000,0.0000,0.0000,0.000000,0.0000,0.0000,CIUSSS-ADM,,,33200,,0000020003,,,TRUE,V3BTVL1RJ,1,051114
....................3,GINGRAS-IN,0000642,2021/07/05,1.000,0.0000,0.0000,0.0000,0.0000,0.000000,0.0000,0.0000,ARBEC-BOIS,,,33200,,0000021014,,,FALSE,DBOFQ59BZ,1,
,TECHNO-PIE,0000470,2021/07/06,0.000,3220.0000,161.0000,321.1950,3220.0000,0.000000,0.0000,3220.0000,CSS-ENERGI,,,33500,10000,0000021009,,,TRUE,9RYJT1XW6,1,050960
,ROGER-BELL,0000454,2021/07/06,0.000,7900.0000,395.0000,788.0250,7900.0000,0.000000,0.0000,7900.0000,CSS-ENERGI,,,33500,07330,0000021011,,,TRUE,JXO01W1T0,1,050961
....................3,TECHNO-PIE,0000470,2021/07/06,1.000,0.0000,0.0000,0.0000,0.0000,0.000000,0.0000,0.0000,CSS-ENERGI,,,33200,,0000021009,,,TRUE,9RYJT1XW6,1,050960
....................3,ROGER-BELL,0000454,2021/07/06,1.000,0.0000,0.0000,0.0000,0.0000,0.000000,0.0000,0.0000,CSS-ENERGI,,,33200,,0000021011,,,TRUE,JXO01W1T0,1,050961
....................4,TECHNO-PIE,0000470,2021/07/06,1.000,0.0000,0.0000,0.0000,0.0000,0.000000,0.0000,0.0000,CSS-ENERGI,,,33200,,0000021009,,,TRUE,9RYJT1XW6,1,050960
....................4,ROGER-BELL,0000454,2021/07/06,1.000,0.0000,0.0000,0.0000,0.0000,0.000000,0.0000,0.0000,CSS-ENERGI,,,33200,,0000021011,,,TRUE,JXO01W1T0,1,050961
,SCRIPTAM--,0000501,2021/07/12,0.000,2515.0000,125.7500,250.8713,2515.0000,0.000000,0.0000,2515.0000,CSS-ENERGI,,,33500,10000,0000021015,,,TRUE,RG1RIUZC4,1,051041
,SCRIPTAM--,0000501,2021/07/12,0.000,7506.0000,375.3000,748.7235,7506.0000,0.000000,0.0000,7506.0000,CSS-ENERGI,,,33200,10000,0000021015,,,TRUE,RG1RIUZC4,1,051041
,DEMBEC----,0000504,2021/07/12,0.000,23750.0000,1187.5000,2369.0625,23750.0000,0.000000,0.0000,23750.0000,CSS-ENERGI,,,33500,02220,0000021015,,,TRUE,GXHXL4TSY,1,051045
,DEMBEC----,0000503,2021/07/12,0.000,27500.0000,1375.0000,2743.1250,27500.0000,0.000000,0.0000,27500.0000,CSS-ENERGI,,,33200,02070,0000021011,X000000512,,FALSE,80Q1AD8EU,1,
....................3,SCRIPTAM--,0000501,2021/07/12,1.000,0.0000,0.0000,0.0000,0.0000,0.000000,0.0000,0.0000,CSS-ENERGI,,,33200,,0000021015,,,TRUE,RG1RIUZC4,1,051041
....................3,DEMBEC----,0000504,2021/07/12,1.000,0.0000,0.0000,0.0000,0.0000,0.000000,0.0000,0.0000,CSS-ENERGI,,,33200,,0000021015,,,TRUE,GXHXL4TSY,1,051045
....................3,DEMBEC----,0000503,2021/07/12,1.000,0.0000,0.0000,0.0000,0.0000,0.000000,0.0000,0.0000,CSS-ENERGI,,,33200,,0000021011,,,FALSE,80Q1AD8EU,1,
....................4,SCRIPTAM--,0000501,2021/07/12,1.000,0.0000,0.0000,0.0000,0.0000,0.000000,0.0000,0.0000,CSS-ENERGI,,,33200,,0000021015,,,TRUE,RG1RIUZC4,1,051041
....................4,DEMBEC----,0000504,2021/07/12,1.000,0.0000,0.0000,0.0000,0.0000,0.000000,0.0000,0.0000,CSS-ENERGI,,,33200,,0000021015,,,TRUE,GXHXL4TSY,1,051045
....................4,DEMBEC----,0000503,2021/07/12,1.000,0.0000,0.0000,0.0000,0.0000,0.000000,0.0000,0.0000,CSS-ENERGI,,,33200,,0000021011,,,FALSE,80Q1AD8EU,1,
,NGA-------,0000524,2021/07/13,0.000,524480.0000,26224.0000,52316.8800,524480.0000,0.000000,0.0000,524480.0000,MACH-PRONO,,,33200,05500,0000021018,,,TRUE,P7L4NO3PB,1,050985
,NGA-------,0000524,2021/07/13,0.000,-15000.0000,-750.0000,-1496.2500,-15000.0000,0.000000,0.0000,-15000.0000,MACH-PRONO,,,33200,05500,0000021018,,,TRUE,P7L4NO3PB,1,050985
,NGA-------,0000524,2021/07/13,0.000,-5000.0000,-250.0000,-498.7500,-5000.0000,0.000000,0.0000,-5000.0000,MACH-PRONO,,,33200,05500,0000021018,,,TRUE,P7L4NO3PB,1,050985
,NGA-------,0000524,2021/07/13,0.000,26600.0000,1330.0000,2653.3500,26600.0000,0.000000,0.0000,26600.0000,MACH-PRONO,,,33200,05500,0000021018,,,TRUE,P7L4NO3PB,1,050985
,PEINTRES-S,0000499,2021/07/13,0.000,17340.0000,867.0000,1729.6650,17340.0000,0.000000,0.0000,17340.0000,CSS-ENERGI,,,33500,09910,0000021015,,,TRUE,E0PQ490GW,1,051042
....................3,PEINTRES-S,0000499,2021/07/13,1.000,0.0000,0.0000,0.0000,0.0000,0.000000,0.0000,0.0000,CSS-ENERGI,,,33200,,0000021015,,,TRUE,E0PQ490GW,1,051042
....................4,PEINTRES-S,0000499,2021/07/13,1.000,0.0000,0.0000,0.0000,0.0000,0.000000,0.0000,0.0000,CSS-ENERGI,,,33200,,0000021015,,,TRUE,E0PQ490GW,1,051042
,QUINOX----,0000595,2021/07/14,0.000,820.8800,41.0440,81.8828,820.8800,0.000000,0.0000,820.8800,CIUSSS-ADM,,,33500,25001,0000020003,,,TRUE,YWQEWSFXW,1,051004
,JDM-COUVER,0000528,2021/07/14,0.000,108000.0000,5400.0000,10773.0000,108000.0000,0.000000,0.0000,108000.0000,MACH-PRONO,,,33500,07330,0000021018,,,TRUE,DFLX2ZLW3,1,051038
,SYS-MAURIC,0000475,2021/07/14,0.000,4100.0000,205.0000,408.9750,4100.0000,0.000000,0.0000,4100.0000,CSS-ENERGI,,,33500,09200,0000021010,,,TRUE,VOE75NP3G,1,051044
,PEINT-DUPO,0000468,2021/07/14,0.000,1574.0000,78.7000,157.0065,1574.0000,0.000000,0.0000,1574.0000,CSS-ENERGI,,,33500,09910,0000021009,,,TRUE,5XXR3D015,1,051049
....................3,QUINOX----,0000595,2021/07/14,1.000,0.0000,0.0000,0.0000,0.0000,0.000000,0.0000,0.0000,CIUSSS-ADM,,,33200,,0000020003,,,TRUE,YWQEWSFXW,1,051004
....................3,JDM-COUVER,0000528,2021/07/14,1.000,0.0000,0.0000,0.0000,0.0000,0.000000,0.0000,0.0000,MACH-PRONO,,,33200,,0000021018,,,TRUE,DFLX2ZLW3,1,051038
....................3,SYS-MAURIC,0000475,2021/07/14,1.000,0.0000,0.0000,0.0000,0.0000,0.000000,0.0000,0.0000,CSS-ENERGI,,,33200,,0000021010,,,TRUE,VOE75NP3G,1,051044
....................3,PEINT-DUPO,0000468,2021/07/14,1.000,0.0000,0.0000,0.0000,0.0000,0.000000,0.0000,0.0000,CSS-ENERGI,,,33200,,0000021009,,,TRUE,5XXR3D015,1,051049
....................4,QUINOX----,0000595,2021/07/14,1.000,0.0000,0.0000,0.0000,0.0000,0.000000,0.0000,0.0000,CIUSSS-ADM,,,33200,,0000020003,,,TRUE,YWQEWSFXW,1,051004
....................4,JDM-COUVER,0000528,2021/07/14,1.000,0.0000,0.0000,0.0000,0.0000,0.000000,0.0000,0.0000,MACH-PRONO,,,33200,,0000021018,,,TRUE,DFLX2ZLW3,1,051038
....................4,SYS-MAURIC,0000475,2021/07/14,1.000,0.0000,0.0000,0.0000,0.0000,0.000000,0.0000,0.0000,CSS-ENERGI,,,33200,,0000021010,,,TRUE,VOE75NP3G,1,051044
,VAL-MAURIC,0000424,2021/07/15,0.000,47600.0000,2380.0000,4748.1000,47600.0000,0.000000,0.0000,47600.0000,CIUSSS-MCQ,,,33500,16000,0000021002,,,TRUE,UQIC23IJJ,1,051005
,SYST-VILLE,0000549,2021/07/15,0.000,501.3400,25.0670,50.0087,501.3400,0.000000,0.0000,501.3400,CIUSSS-ADM,,,33500,25001,0000020003,,,TRUE,FQSJ5P2K4,1,051006
,SYST-VILLE,0000580,2021/07/15,0.000,453.9900,22.6995,45.2855,453.9900,0.000000,0.0000,453.9900,CIUSSS-ADM,,,33500,25001,0000020003,,,TRUE,43JMSS5Z5,1,051007
,SYST-VILLE,0000622,2021/07/15,0.000,214.5200,10.7260,21.3984,214.5200,0.000000,0.0000,214.5200,CIUSSS-ADM,,,33500,25001,0000020003,,,TRUE,H4YKV5Q1C,1,051008
,PROT-PAQUI,0000084,2021/07/15,0.000,6821.1000,341.0550,680.4047,6821.1000,0.000000,0.0000,6821.1000,CIUSSS-ADM,,,33500,13930,0000020003,,,TRUE,W9UP9XHRY,1,051009
,REINE-COUV,0000389,2021/07/15,0.000,8287.9000,414.3950,826.7180,8287.9000,0.000000,0.0000,8287.9000,CIUSSS-ADM,,,33500,25001,0000020003,,,TRUE,DAZQMXWMV,1,051010
,REINE-COUV,0000071,2021/07/15,0.000,6039.2100,301.9605,602.4112,6039.2100,0.000000,0.0000,6039.2100,CIUSSS-ADM,,,33500,09310,0000020003,,,TRUE,FPFYN4Y38,1,051011
,REINE-COUV,0000071,2021/07/15,0.000,22842.6700,1142.1335,2278.5563,22842.6700,0.000000,0.0000,22842.6700,CIUSSS-ADM,,,33500,09650,0000020003,,,TRUE,FPFYN4Y38,1,051011
,MULTI-ENER,0000041,2021/07/15,0.000,600.0000,30.0000,59.8500,600.0000,0.000000,0.0000,600.0000,CIUSSS-ADM,,,33500,15401,0000020003,,,TRUE,9RVMMAUA6,1,051018
,MULTI-ENER,0000649,2021/07/15,0.000,457.6300,22.8815,45.6486,457.6300,0.000000,0.0000,457.6300,CIUSSS-ADM,,,33500,25001,0000020003,,,TRUE,6M935KT2Q,1,051019
,SYST-VILLE,0000037,2021/07/15,0.000,1516.5300,75.8265,151.2739,1516.5300,0.000000,0.0000,1516.5300,CIUSSS-ADM,,,33500,12700,0000020003,,,TRUE,JS9B85JV1,1,051020
,SYST-VILLE,0000038,2021/07/15,0.000,9706.1400,485.3070,968.1875,9706.1400,0.000000,0.0000,9706.1400,CIUSSS-ADM,,,33500,09910,0000020003,,,TRUE,AP1CK2F5I,1,051029
,SCRIPTAM--,0000460,2021/07/15,0.000,5028.0000,251.4000,501.5430,5028.0000,0.000000,0.0000,5028.0000,CSS-ENERGI,,,33200,10000,0000021011,,,TRUE,HBEGI92ZA,1,051039
,SCRIPTAM--,0000502,2021/07/15,0.000,2060.0000,103.0000,205.4850,2060.0000,0.000000,0.0000,2060.0000,CSS-ENERGI,,,33500,10000,0000021011,,,TRUE,8H8CTFLU5,1,051040
,VAL-MAURIC,0000553,2021/07/15,0.000,2300.0000,115.0000,229.4250,2300.0000,0.000000,0.0000,2300.0000,CEGEP-T-R-,,,33500,16000,0000021017,,,TRUE,LV4VS26U1,1,051048
,AF-ELECTRI,0000456,2021/07/15,0.000,14940.0000,747.0000,1490.2650,14940.0000,0.000000,0.0000,14940.0000,CSS-ENERGI,,,33500,16000,0000021011,,,TRUE,6AEVFWJ3L,1,051050
,REGULVAR--,0000604,2021/07/15,0.000,3375.0000,168.7500,336.6563,3375.0000,0.000000,0.0000,3375.0000,CIUSSS-ADM,,,33500,13800,0000021022,,,TRUE,L0PZTZJLZ,1,051051
,CAP-ISOLAT,0000701,2021/07/15,0.000,840.0000,42.0000,83.7900,840.0000,0.000000,0.0000,840.0000,CIUSSS-ADM,,,33500,25001,0000020003,,,TRUE,3OI4ORAFS,1,051115
,REGULVAR--,0000626,2021/07/15,0.000,1513.6900,75.6845,150.9906,1513.6900,0.000000,0.0000,1513.6900,CONSEIL-MA,,,33500,25001,0000020006,,,TRUE,32IU344PN,1,051119
....................3,VAL-MAURIC,0000424,2021/07/15,1.000,0.0000,0.0000,0.0000,0.0000,0.000000,0.0000,0.0000,CIUSSS-MCQ,,,33200,,0000021002,,,TRUE,UQIC23IJJ,1,051005
....................3,SYST-VILLE,0000549,2021/07/15,1.000,0.0000,0.0000,0.0000,0.0000,0.000000,0.0000,0.0000,CIUSSS-ADM,,,33200,,0000020003,,,TRUE,FQSJ5P2K4,1,051006
....................3,SYST-VILLE,0000580,2021/07/15,1.000,0.0000,0.0000,0.0000,0.0000,0.000000,0.0000,0.0000,CIUSSS-ADM,,,33200,,0000020003,,,TRUE,43JMSS5Z5,1,051007
....................3,SYST-VILLE,0000622,2021/07/15,1.000,0.0000,0.0000,0.0000,0.0000,0.000000,0.0000,0.0000,CIUSSS-ADM,,,33200,,0000020003,,,TRUE,H4YKV5Q1C,1,051008
....................3,REINE-COUV,0000389,2021/07/15,1.000,0.0000,0.0000,0.0000,0.0000,0.000000,0.0000,0.0000,CIUSSS-ADM,,,33200,,0000020003,,,TRUE,DAZQMXWMV,1,051010
....................3,MULTI-ENER,0000649,2021/07/15,1.000,0.0000,0.0000,0.0000,0.0000,0.000000,0.0000,0.0000,CIUSSS-ADM,,,33200,,0000020003,,,TRUE,6M935KT2Q,1,051019
....................3,SCRIPTAM--,0000460,2021/07/15,1.000,0.0000,0.0000,0.0000,0.0000,0.000000,0.0000,0.0000,CSS-ENERGI,,,33200,,0000021011,,,TRUE,HBEGI92ZA,1,051039
....................3,SCRIPTAM--,0000502,2021/07/15,1.000,0.0000,0.0000,0.0000,0.0000,0.000000,0.0000,0.0000,CSS-ENERGI,,,33200,,0000021011,,,TRUE,8H8CTFLU5,1,051040
....................3,AF-ELECTRI,0000456,2021/07/15,1.000,0.0000,0.0000,0.0000,0.0000,0.000000,0.0000,0.0000,CSS-ENERGI,,,33200,,0000021011,,,TRUE,6AEVFWJ3L,1,051050
....................3,REGULVAR--,0000604,2021/07/15,1.000,0.0000,0.0000,0.0000,0.0000,0.000000,0.0000,0.0000,CIUSSS-ADM,,,33200,,0000021022,,,TRUE,L0PZTZJLZ,1,051051
....................3,CAP-ISOLAT,0000701,2021/07/15,1.000,0.0000,0.0000,0.0000,0.0000,0.000000,0.0000,0.0000,CIUSSS-ADM,,,33200,,0000020003,,,TRUE,3OI4ORAFS,1,051115
....................3,REGULVAR--,0000626,2021/07/15,1.000,0.0000,0.0000,0.0000,0.0000,0.000000,0.0000,0.0000,CONSEIL-MA,,,33200,,0000020006,,,TRUE,32IU344PN,1,051119
....................4,VAL-MAURIC,0000424,2021/07/15,1.000,0.0000,0.0000,0.0000,0.0000,0.000000,0.0000,0.0000,CIUSSS-MCQ,,,33200,,0000021002,,,TRUE,UQIC23IJJ,1,051005
....................4,SYST-VILLE,0000549,2021/07/15,1.000,0.0000,0.0000,0.0000,0.0000,0.000000,0.0000,0.0000,CIUSSS-ADM,,,33200,,0000020003,,,TRUE,FQSJ5P2K4,1,051006
....................4,SYST-VILLE,0000580,2021/07/15,1.000,0.0000,0.0000,0.0000,0.0000,0.000000,0.0000,0.0000,CIUSSS-ADM,,,33200,,0000020003,,,TRUE,43JMSS5Z5,1,051007
....................4,SYST-VILLE,0000622,2021/07/15,1.000,0.0000,0.0000,0.0000,0.0000,0.000000,0.0000,0.0000,CIUSSS-ADM,,,33200,,0000020003,,,TRUE,H4YKV5Q1C,1,051008
....................4,REINE-COUV,0000389,2021/07/15,1.000,0.0000,0.0000,0.0000,0.0000,0.000000,0.0000,0.0000,CIUSSS-ADM,,,33200,,0000020003,,,TRUE,DAZQMXWMV,1,051010
....................4,MULTI-ENER,0000649,2021/07/15,1.000,0.0000,0.0000,0.0000,0.0000,0.000000,0.0000,0.0000,CIUSSS-ADM,,,33200,,0000020003,,,TRUE,6M935KT2Q,1,051019
....................4,SCRIPTAM--,0000460,2021/07/15,1.000,0.0000,0.0000,0.0000,0.0000,0.000000,0.0000,0.0000,CSS-ENERGI,,,33200,,0000021011,,,TRUE,HBEGI92ZA,1,051039
....................4,SCRIPTAM--,0000502,2021/07/15,1.000,0.0000,0.0000,0.0000,0.0000,0.000000,0.0000,0.0000,CSS-ENERGI,,,33200,,0000021011,,,TRUE,8H8CTFLU5,1,051040
....................4,AF-ELECTRI,0000456,2021/07/15,1.000,0.0000,0.0000,0.0000,0.0000,0.000000,0.0000,0.0000,CSS-ENERGI,,,33200,,0000021011,,,TRUE,6AEVFWJ3L,1,051050
....................4,REGULVAR--,0000604,2021/07/15,1.000,0.0000,0.0000,0.0000,0.0000,0.000000,0.0000,0.0000,CIUSSS-ADM,,,33200,,0000021022,,,TRUE,L0PZTZJLZ,1,051051
....................4,CAP-ISOLAT,0000701,2021/07/15,1.000,0.0000,0.0000,0.0000,0.0000,0.000000,0.0000,0.0000,CIUSSS-ADM,,,33200,,0000020003,,,TRUE,3OI4ORAFS,1,051115
....................4,REGULVAR--,0000626,2021/07/15,1.000,0.0000,0.0000,0.0000,0.0000,0.000000,0.0000,0.0000,CONSEIL-MA,,,33200,,0000020006,,,TRUE,32IU344PN,1,051119
,CLIMATISAT,0000473,2021/07/16,0.000,3442.5000,172.1250,343.3894,3442.5000,0.000000,0.0000,3442.5000,CSS-ENERGI,,,33500,15000,0000021010,,,TRUE,LO7YB4WU6,1,051043
,SIDE-ACOUS,0000459,2021/07/16,0.000,50000.0000,2500.0000,4987.5000,50000.0000,0.000000,0.0000,50000.0000,CSS-ENERGI,,,33500,09200,0000021011,,,TRUE,9YUNPFFAL,1,051047
,ENT-MAXIME,0000284,2021/07/16,0.000,5000.0000,250.0000,498.7500,5000.0000,0.000000,0.0000,5000.0000,MUN-STE-AN,,,33200,02315,0000020028,,,TRUE,WWKSOPZ6X,1,051120
,MARC-COSSE,0000472,2021/07/16,0.000,3600.0000,180.0000,359.1000,3600.0000,0.000000,0.0000,3600.0000,CSS-ENERGI,,,33500,16000,0000021010,,,TRUE,DZLQ5HSWL,1,051130
....................3,CLIMATISAT,0000473,2021/07/16,1.000,0.0000,0.0000,0.0000,0.0000,0.000000,0.0000,0.0000,CSS-ENERGI,,,33200,,0000021010,,,TRUE,LO7YB4WU6,1,051043
....................3,SIDE-ACOUS,0000459,2021/07/16,1.000,0.0000,0.0000,0.0000,0.0000,0.000000,0.0000,0.0000,CSS-ENERGI,,,33200,,0000021011,,,TRUE,9YUNPFFAL,1,051047
....................3,MARC-COSSE,0000472,2021/07/16,4.000,0.0000,0.0000,0.0000,0.0000,0.000000,0.0000,0.0000,CSS-ENERGI,,,33200,,0000021010,,,TRUE,DZLQ5HSWL,1,051130
....................4,CLIMATISAT,0000473,2021/07/16,1.000,0.0000,0.0000,0.0000,0.0000,0.000000,0.0000,0.0000,CSS-ENERGI,,,33200,,0000021010,,,TRUE,LO7YB4WU6,1,051043
....................4,SIDE-ACOUS,0000459,2021/07/16,1.000,0.0000,0.0000,0.0000,0.0000,0.000000,0.0000,0.0000,CSS-ENERGI,,,33200,,0000021011,,,TRUE,9YUNPFFAL,1,051047
....................4,MARC-COSSE,0000472,2021/07/16,1.000,0.0000,0.0000,0.0000,0.0000,0.000000,0.0000,0.0000,CSS-ENERGI,,,33200,,0000021010,,,TRUE,DZLQ5HSWL,1,051130
,AMEUBL-STY,0000495,2021/07/19,0.000,22980.0000,1149.0000,2292.2550,22980.0000,0.000000,0.0000,22980.0000,CSS-ENERGI,,,33500,06400,0000021015,,,TRUE,W5EUM7C7Y,1,051046
....................3,AMEUBL-STY,0000495,2021/07/19,1.000,0.0000,0.0000,0.0000,0.0000,0.000000,0.0000,0.0000,CSS-ENERGI,,,33200,,0000021015,,,TRUE,W5EUM7C7Y,1,051046
....................4,AMEUBL-STY,0000495,2021/07/19,1.000,0.0000,0.0000,0.0000,0.0000,0.000000,0.0000,0.0000,CSS-ENERGI,,,33200,,0000021015,,,TRUE,W5EUM7C7Y,1,051046
,ARCHIMED..,0000018,2021/07/25,0.000,43800.0000,2190.0000,4369.0500,43800.0000,0.000000,0.0000,43800.0000,CIUSSS-ADM,,,33200,10000,0000020003,,,TRUE,BNNE0H3SA,1,051053
,ASP-CONTRO,0000496,2021/07/30,0.000,12600.0000,630.0000,1256.8500,12600.0000,0.000000,0.0000,12600.0000,CSS-ENERGI,,,33500,16000,0000021015,,,TRUE,JBQ5JJ1G9,1,051113
,ACIER-ATR-,0000527,2021/07/30,0.000,40500.0000,2025.0000,4039.8750,40500.0000,0.000000,0.0000,40500.0000,MACH-PRONO,,,33200,03210,0000021018,,,TRUE,W22YFODEP,1,051118
....................3,ASP-CONTRO,0000496,2021/07/30,1.000,0.0000,0.0000,0.0000,0.0000,0.000000,0.0000,0.0000,CSS-ENERGI,,,33200,,0000021015,,,TRUE,JBQ5JJ1G9,1,051113
....................4,ASP-CONTRO,0000496,2021/07/30,1.000,0.0000,0.0000,0.0000,0.0000,0.000000,0.0000,0.0000,CSS-ENERGI,,,33200,,0000021015,,,TRUE,JBQ5JJ1G9,1,051113
,ENT-MAXIME,0000433,2021/07/31,0.000,13200.0000,660.0000,1316.7000,13200.0000,0.000000,0.0000,13200.0000,CIUSSS-MCQ,,,33200,02315,0000021002,,,TRUE,RL3WG738O,1,051108
,NGA-------,0000709,2021/08/01,0.000,407.7500,20.3875,40.6731,407.7500,0.000000,0.0000,407.7500,MACH-PRONO,,,33500,25001,0000021018,X000000718,,FALSE,AHPYI718D,1,
,NGA-------,0000710,2021/08/01,0.000,265.0000,13.2500,26.4338,265.0000,0.000000,0.0000,265.0000,MACH-PRONO,,,33500,25001,0000021018,X000000719,,FALSE,0ZN3YW0HZ,1,
,NGA-------,0000711,2021/08/01,0.000,-1633.8000,-81.6900,-162.9716,-1633.8000,0.000000,0.0000,-1633.8000,MACH-PRONO,,,33500,25001,0000021018,,,TRUE,WD2QUBC21,1,051185
,BOULAY----,0000589,2021/08/01,0.000,13943.7500,697.1875,1390.8891,13943.7500,0.000000,0.0000,13943.7500,CONSEIL-MA,,,33200,25001,0000020006,,,TRUE,CWBCPJKUA,1,051351
....................3,NGA-------,0000709,2021/08/01,1.000,0.0000,0.0000,0.0000,0.0000,0.000000,0.0000,0.0000,MACH-PRONO,,,33200,,0000021018,,,FALSE,AHPYI718D,1,
....................3,NGA-------,0000710,2021/08/01,1.000,0.0000,0.0000,0.0000,0.0000,0.000000,0.0000,0.0000,MACH-PRONO,,,33200,,0000021018,,,FALSE,0ZN3YW0HZ,1,
....................3,NGA-------,0000711,2021/08/01,1.000,0.0000,0.0000,0.0000,0.0000,0.000000,0.0000,0.0000,MACH-PRONO,,,33200,,0000021018,,,TRUE,WD2QUBC21,1,051185
....................3,BOULAY----,0000589,2021/08/01,1.000,0.0000,0.0000,0.0000,0.0000,0.000000,0.0000,0.0000,CONSEIL-MA,,,33200,,0000020006,,,TRUE,CWBCPJKUA,1,051351
....................4,NGA-------,0000709,2021/08/01,1.000,0.0000,0.0000,0.0000,0.0000,0.000000,0.0000,0.0000,MACH-PRONO,,,33200,,0000021018,,,FALSE,AHPYI718D,1,
....................4,NGA-------,0000710,2021/08/01,1.000,0.0000,0.0000,0.0000,0.0000,0.000000,0.0000,0.0000,MACH-PRONO,,,33200,,0000021018,,,FALSE,0ZN3YW0HZ,1,
....................4,NGA-------,0000711,2021/08/01,1.000,0.0000,0.0000,0.0000,0.0000,0.000000,0.0000,0.0000,MACH-PRONO,,,33200,,0000021018,,,TRUE,WD2QUBC21,1,051185
....................4,BOULAY----,0000589,2021/08/01,1.000,0.0000,0.0000,0.0000,0.0000,0.000000,0.0000,0.0000,CONSEIL-MA,,,33200,,0000020006,,,TRUE,CWBCPJKUA,1,051351
,LECUYER---,0000431,2021/08/02,0.000,6378.1800,318.9090,636.2235,6378.1800,0.000000,0.0000,6378.1800,CIUSSS-MCQ,,,33500,03400,0000021002,,,TRUE,HH7693AC5,1,051032
,NORBEC----,0000697,2021/08/02,0.000,18905.8500,945.2925,1885.8585,18905.8500,0.000000,0.0000,18905.8500,CIUSSS-T-R,,,33500,10000,0000021028,,,TRUE,W2N8Y4YX0,1,051033
,NORBEC----,0000697,2021/08/02,0.000,18905.8500,945.2925,1885.8585,18905.8500,0.000000,0.0000,18905.8500,CIUSSS-T-R,,,33500,10000,0000021028,,,TRUE,YIR57TQPR,1,051034
,EBEN-LEMIR,0000677,2021/08/02,0.000,3566.7500,178.3375,355.7833,3566.7500,0.000000,0.0000,3566.7500,MRC-MEKINA,,,33500,06400,0000021027,,,TRUE,YKLOLTLRG,1,051035
,ROGER-BELL,0000445,2021/08/02,0.000,-200.0000,-10.0000,-19.9500,-200.0000,0.000000,0.0000,-200.0000,CIUSSS-MCQ,,,33500,25001,0000020010,,,TRUE,HHSZSXO6T,1,051352
,ROGER-BELL,0000419,2021/08/02,0.000,1200.0000,60.0000,119.7000,1200.0000,0.000000,0.0000,1200.0000,CIUSSS-ADM,,,33500,25001,0000020003,,,TRUE,HFHC3PE7Z,1,051353
,ROGER-BELL,0000621,2021/08/02,0.000,3500.0000,175.0000,349.1250,3500.0000,0.000000,0.0000,3500.0000,CIUSSS-ADM,,,33500,25001,0000020003,,,TRUE,I8YHJNPD3,1,051354
,ROGER-BELL,0000593,2021/08/02,0.000,1500.0000,75.0000,149.6250,1500.0000,0.000000,0.0000,1500.0000,CIUSSS-ADM,,,33500,25001,0000020003,,,TRUE,STXY31H79,1,051355
....................3,NORBEC----,0000697,2021/08/02,1.000,0.0000,0.0000,0.0000,0.0000,0.000000,0.0000,0.0000,CIUSSS-T-R,,,33200,,0000021028,,,TRUE,YIR57TQPR,1,051034
....................3,EBEN-LEMIR,0000677,2021/08/02,1.000,0.0000,0.0000,0.0000,0.0000,0.000000,0.0000,0.0000,MRC-MEKINA,,,33200,,0000021027,,,TRUE,YKLOLTLRG,1,051035
....................3,ROGER-BELL,0000445,2021/08/02,1.000,0.0000,0.0000,0.0000,0.0000,0.000000,0.0000,0.0000,CIUSSS-MCQ,,,33200,,0000020010,,,TRUE,HHSZSXO6T,1,051352
....................3,ROGER-BELL,0000419,2021/08/02,1.000,0.0000,0.0000,0.0000,0.0000,0.000000,0.0000,0.0000,CIUSSS-ADM,,,33200,,0000020003,,,TRUE,HFHC3PE7Z,1,051353
....................3,ROGER-BELL,0000621,2021/08/02,1.000,0.0000,0.0000,0.0000,0.0000,0.000000,0.0000,0.0000,CIUSSS-ADM,,,33200,,0000020003,,,TRUE,I8YHJNPD3,1,051354
....................3,ROGER-BELL,0000593,2021/08/02,1.000,0.0000,0.0000,0.0000,0.0000,0.000000,0.0000,0.0000,CIUSSS-ADM,,,33200,,0000020003,,,TRUE,STXY31H79,1,051355
....................4,NORBEC----,0000697,2021/08/02,1.000,0.0000,0.0000,0.0000,0.0000,0.000000,0.0000,0.0000,CIUSSS-T-R,,,33200,,0000021028,,,TRUE,YIR57TQPR,1,051034
....................4,EBEN-LEMIR,0000677,2021/08/02,1.000,0.0000,0.0000,0.0000,0.0000,0.000000,0.0000,0.0000,MRC-MEKINA,,,33200,,0000021027,,,TRUE,YKLOLTLRG,1,051035
....................4,ROGER-BELL,0000445,2021/08/02,1.000,0.0000,0.0000,0.0000,0.0000,0.000000,0.0000,0.0000,CIUSSS-MCQ,,,33200,,0000020010,,,TRUE,HHSZSXO6T,1,051352
....................4,ROGER-BELL,0000419,2021/08/02,1.000,0.0000,0.0000,0.0000,0.0000,0.000000,0.0000,0.0000,CIUSSS-ADM,,,33200,,0000020003,,,TRUE,HFHC3PE7Z,1,051353
....................4,ROGER-BELL,0000621,2021/08/02,1.000,0.0000,0.0000,0.0000,0.0000,0.000000,0.0000,0.0000,CIUSSS-ADM,,,33200,,0000020003,,,TRUE,I8YHJNPD3,1,051354
....................4,ROGER-BELL,0000593,2021/08/02,1.000,0.0000,0.0000,0.0000,0.0000,0.000000,0.0000,0.0000,CIUSSS-ADM,,,33200,,0000020003,,,TRUE,STXY31H79,1,051355
,GHISLAIN-C,0000158,2021/08/03,0.000,2925.0000,146.2500,291.7688,2925.0000,0.000000,0.0000,2925.0000,C-S-CH-ROY,,,33500,09900,0000020013,,,TRUE,8ZDEAHMP7,1,051176
,LECUYER---,0000431,2021/08/03,0.000,12756.0100,637.8005,1272.4120,12756.0100,0.000000,0.0000,12756.0100,CIUSSS-MCQ,,,33500,03400,0000021002,,,TRUE,3KTSZEFCI,1,051235
,CLIMAT-T-R,0000609,2021/08/03,0.000,4156.2500,207.8125,414.5859,4156.2500,0.000000,0.0000,4156.2500,CIUSSS-ADM,,,33500,15001,0000021022,,,TRUE,96GUVB5KH,1,051578
....................3,LECUYER---,0000431,2021/08/03,1.000,0.0000,0.0000,0.0000,0.0000,0.000000,0.0000,0.0000,CIUSSS-MCQ,,,33200,,0000021002,,,TRUE,3KTSZEFCI,1,051235
....................3,CLIMAT-T-R,0000609,2021/08/03,1.000,0.0000,0.0000,0.0000,0.0000,0.000000,0.0000,0.0000,CIUSSS-ADM,,,33200,,0000021022,,,TRUE,96GUVB5KH,1,051578
....................4,LECUYER---,0000431,2021/08/03,1.000,0.0000,0.0000,0.0000,0.0000,0.000000,0.0000,0.0000,CIUSSS-MCQ,,,33200,,0000021002,,,TRUE,3KTSZEFCI,1,051235
....................4,CLIMAT-T-R,0000609,2021/08/03,1.000,0.0000,0.0000,0.0000,0.0000,0.000000,0.0000,0.0000,CIUSSS-ADM,,,33200,,0000021022,,,TRUE,96GUVB5KH,1,051578
,CIMENTIER-,0000533,2021/08/04,0.000,30000.0000,1500.0000,2992.5000,30000.0000,0.000000,0.0000,30000.0000,MACH-PRONO,,,33500,03100,0000021018,,,TRUE,9WR72EVJB,1,051577
,SCL-METAL-,0000466,2021/08/05,0.000,180.0000,9.0000,17.9550,180.0000,0.000000,0.0000,180.0000,CSS-ENERGI,,,33500,05500,0000021009,,,TRUE,YYAXZF1M9,1,051178
....................3,SCL-METAL-,0000466,2021/08/05,1.000,0.0000,0.0000,0.0000,0.0000,0.000000,0.0000,0.0000,CSS-ENERGI,,,33200,,0000021009,,,TRUE,YYAXZF1M9,1,051178
....................4,SCL-METAL-,0000466,2021/08/05,1.000,0.0000,0.0000,0.0000,0.0000,0.000000,0.0000,0.0000,CSS-ENERGI,,,33200,,0000021009,,,TRUE,YYAXZF1M9,1,051178
,SEVIGNY-EP,0000494,2021/08/06,0.000,6106.0000,305.3000,609.0735,6106.0000,0.000000,0.0000,6106.0000,CIUSSS-ADM,,,33500,09910,0000020003,,,TRUE,GH2UV6KTD,1,051179
,FRANCO----,0000453,2021/08/06,0.000,26291.5000,1314.5750,2622.5771,26291.5000,0.000000,0.0000,26291.5000,CSS-ENERGI,,,33500,07000,0000021011,,,TRUE,UTV0R295D,1,051180
....................3,SEVIGNY-EP,0000494,2021/08/06,1.000,0.0000,0.0000,0.0000,0.0000,0.000000,0.0000,0.0000,CIUSSS-ADM,,,33200,,0000020003,,,TRUE,GH2UV6KTD,1,051179
....................4,SEVIGNY-EP,0000494,2021/08/06,1.000,0.0000,0.0000,0.0000,0.0000,0.000000,0.0000,0.0000,CIUSSS-ADM,,,33200,,0000020003,,,TRUE,GH2UV6KTD,1,051179
,NOUVEL-HOR,0000576,2021/08/09,0.000,711.0000,35.5500,70.9223,711.0000,0.000000,0.0000,711.0000,MUN-ST-ELI,,,33200,08000,0000021021,,,TRUE,HS1O2LUCO,1,051111
,CHARTRAY-R,0000656,2021/08/09,0.000,1935.0000,96.7500,193.0163,1935.0000,0.000000,0.0000,1935.0000,CIUSSS-ADM,,,33500,25001,0000020003,,,TRUE,7N892RHHG,1,051232
,CHARTRAY-R,0000631,2021/08/09,0.000,699.0000,34.9500,69.7253,699.0000,0.000000,0.0000,699.0000,CIUSSS-ADM,,,33500,25001,0000020003,X000000640,,FALSE,DDKICOZ4L,1,
,CHARTRAY-R,0000036,2021/08/09,0.000,13829.1600,691.4580,1379.4587,13829.1600,0.000000,0.0000,13829.1600,CIUSSS-ADM,,,33500,15700,0000020003,,,TRUE,0GLQQB3XT,1,051234
,AMEUBL-STY,0000495,2021/08/09,0.000,45960.0000,2298.0000,4584.5100,45960.0000,0.000000,0.0000,45960.0000,CSS-ENERGI,,,33500,06400,0000021015,,,TRUE,N0XY2UMVL,1,051238
,CHARTRAY-R,0000591,2021/08/09,0.000,7439.7500,371.9875,742.1151,7439.7500,0.000000,0.0000,7439.7500,CIUSSS-ADM,,,33500,25001,0000020003,,,TRUE,H4JJT3GGI,1,051325
....................3,NOUVEL-HOR,0000576,2021/08/09,1.000,0.0000,0.0000,0.0000,0.0000,0.000000,0.0000,0.0000,MUN-ST-ELI,,,33200,,0000021021,,,TRUE,HS1O2LUCO,1,051111
....................3,CHARTRAY-R,0000656,2021/08/09,1.000,0.0000,0.0000,0.0000,0.0000,0.000000,0.0000,0.0000,CIUSSS-ADM,,,33200,,0000020003,,,TRUE,7N892RHHG,1,051232
....................3,CHARTRAY-R,0000631,2021/08/09,1.000,0.0000,0.0000,0.0000,0.0000,0.000000,0.0000,0.0000,CIUSSS-ADM,,,33200,,0000020003,,,FALSE,DDKICOZ4L,1,
....................3,CHARTRAY-R,0000591,2021/08/09,1.000,0.0000,0.0000,0.0000,0.0000,0.000000,0.0000,0.0000,CIUSSS-ADM,,,33200,,0000020003,,,TRUE,H4JJT3GGI,1,051325
....................4,NOUVEL-HOR,0000576,2021/08/09,1.000,0.0000,0.0000,0.0000,0.0000,0.000000,0.0000,0.0000,MUN-ST-ELI,,,33200,,0000021021,,,TRUE,HS1O2LUCO,1,051111
....................4,CHARTRAY-R,0000656,2021/08/09,1.000,0.0000,0.0000,0.0000,0.0000,0.000000,0.0000,0.0000,CIUSSS-ADM,,,33200,,0000020003,,,TRUE,7N892RHHG,1,051232
....................4,CHARTRAY-R,0000631,2021/08/09,1.000,0.0000,0.0000,0.0000,0.0000,0.000000,0.0000,0.0000,CIUSSS-ADM,,,33200,,0000020003,,,FALSE,DDKICOZ4L,1,
....................4,CHARTRAY-R,0000591,2021/08/09,1.000,0.0000,0.0000,0.0000,0.0000,0.000000,0.0000,0.0000,CIUSSS-ADM,,,33200,,0000020003,,,TRUE,H4JJT3GGI,1,051325
,SCL-METAL-,0000739,2021/08/12,0.000,1980.0000,99.0000,197.5050,1980.0000,0.000000,0.0000,1980.0000,CSS-ENERGI,,,33500,05500,0000021015,,,TRUE,0YTGI1WCW,1,051237
,PLOMB-MTCA,0000659,2021/08/12,0.000,267.8400,13.3920,26.7170,267.8400,0.000000,0.0000,267.8400,CSS-ENERGI,,,33500,25001,0000021011,,,TRUE,CUATLN9XY,1,051239
,L-N-BEAUDO,0000652,2021/08/12,0.000,4000.0000,200.0000,399.0000,4000.0000,0.000000,0.0000,4000.0000,MUN-STE-AN,,,33500,04000,0000020028,,,TRUE,CT1HDBZK4,1,051299
....................3,SCL-METAL-,0000739,2021/08/12,1.000,0.0000,0.0000,0.0000,0.0000,0.000000,0.0000,0.0000,CSS-ENERGI,,,33200,,0000021015,,,TRUE,0YTGI1WCW,1,051237
....................3,PLOMB-MTCA,0000659,2021/08/12,1.000,0.0000,0.0000,0.0000,0.0000,0.000000,0.0000,0.0000,CSS-ENERGI,,,33200,,0000021011,,,TRUE,CUATLN9XY,1,051239
....................3,L-N-BEAUDO,0000652,2021/08/12,1.000,0.0000,0.0000,0.0000,0.0000,0.000000,0.0000,0.0000,MUN-STE-AN,,,33200,,0000020028,,,TRUE,CT1HDBZK4,1,051299
....................4,SCL-METAL-,0000739,2021/08/12,1.000,0.0000,0.0000,0.0000,0.0000,0.000000,0.0000,0.0000,CSS-ENERGI,,,33200,,0000021015,,,TRUE,0YTGI1WCW,1,051237
....................4,PLOMB-MTCA,0000659,2021/08/12,1.000,0.0000,0.0000,0.0000,0.0000,0.000000,0.0000,0.0000,CSS-ENERGI,,,33200,,0000021011,,,TRUE,CUATLN9XY,1,051239
....................4,L-N-BEAUDO,0000652,2021/08/12,1.000,0.0000,0.0000,0.0000,0.0000,0.000000,0.0000,0.0000,MUN-STE-AN,,,33200,,0000020028,,,TRUE,CT1HDBZK4,1,051299
,REINE-COUV,0000071,2021/08/13,0.000,13131.9000,656.5950,1309.9070,13131.9000,0.000000,0.0000,13131.9000,CIUSSS-ADM,,,33500,09650,0000020003,,,TRUE,68ANO8WUI,1,051230
,REINE-COUV,0000071,2021/08/13,0.000,6039.2100,301.9605,602.4112,6039.2100,0.000000,0.0000,6039.2100,CIUSSS-ADM,,,33500,09650,0000020003,,,TRUE,84LIAHM91,1,051231
,F-DAIGLE--,0000425,2021/08/16,0.000,815.0000,40.7500,81.2963,815.0000,0.000000,0.0000,815.0000,CIUSSS-MCQ,,,33200,25001,0000021002,,,TRUE,V34RH4KFQ,1,051236
,D-DIONNE--,0000498,2021/08/16,0.000,25220.0000,1261.0000,2515.6950,25220.0000,0.000000,0.0000,25220.0000,CSS-ENERGI,,,33500,09600,0000021015,,,TRUE,MAF7RPE09,1,051291
,D-DIONNE--,0000717,2021/08/16,0.000,395.0000,19.7500,39.4013,395.0000,0.000000,0.0000,395.0000,CEGEP-T-R-,,,33500,25001,0000021017,,,TRUE,B9XKKPYB0,1,051292
,D-DIONNE--,0000497,2021/08/16,0.000,5075.0000,253.7500,506.2313,5075.0000,0.000000,0.0000,5075.0000,CSS-ENERGI,,,33500,09600,0000021015,,,TRUE,EUZ27AG10,1,051293
,F-DAIGLE--,0000753,2021/08/16,0.000,3330.0000,166.5000,332.1675,3330.0000,0.000000,0.0000,3330.0000,CIUSSS-MCQ,,,33200,08110,0000021002,,,TRUE,DNMNF70ZV,1,051324
....................3,D-DIONNE--,0000498,2021/08/16,1.000,0.0000,0.0000,0.0000,0.0000,0.000000,0.0000,0.0000,CSS-ENERGI,,,33200,,0000021015,,,TRUE,MAF7RPE09,1,051291
....................3,D-DIONNE--,0000717,2021/08/16,1.000,0.0000,0.0000,0.0000,0.0000,0.000000,0.0000,0.0000,CEGEP-T-R-,,,33200,,0000021017,,,TRUE,B9XKKPYB0,1,051292
....................3,D-DIONNE--,0000497,2021/08/16,1.000,0.0000,0.0000,0.0000,0.0000,0.000000,0.0000,0.0000,CSS-ENERGI,,,33200,,0000021015,,,TRUE,EUZ27AG10,1,051293
....................3,F-DAIGLE--,0000753,2021/08/16,1.000,0.0000,0.0000,0.0000,0.0000,0.000000,0.0000,0.0000,CIUSSS-MCQ,,,33200,,0000021002,,,TRUE,DNMNF70ZV,1,051324
....................4,D-DIONNE--,0000498,2021/08/16,1.000,0.0000,0.0000,0.0000,0.0000,0.000000,0.0000,0.0000,CSS-ENERGI,,,33200,,0000021015,,,TRUE,MAF7RPE09,1,051291
....................4,D-DIONNE--,0000717,2021/08/16,1.000,0.0000,0.0000,0.0000,0.0000,0.000000,0.0000,0.0000,CEGEP-T-R-,,,33200,,0000021017,,,TRUE,B9XKKPYB0,1,051292
....................4,D-DIONNE--,0000497,2021/08/16,1.000,0.0000,0.0000,0.0000,0.0000,0.000000,0.0000,0.0000,CSS-ENERGI,,,33200,,0000021015,,,TRUE,EUZ27AG10,1,051293
....................4,F-DAIGLE--,0000753,2021/08/16,1.000,0.0000,0.0000,0.0000,0.0000,0.000000,0.0000,0.0000,CIUSSS-MCQ,,,33200,,0000021002,,,TRUE,DNMNF70ZV,1,051324
,ASP-CONTRO,0000496,2021/08/18,0.000,8892.0000,444.6000,886.9770,8892.0000,0.000000,0.0000,8892.0000,CSS-ENERGI,,,33500,16000,0000021015,,,TRUE,44A168YQC,1,051297
,PLOMB-BEAV,0000531,2021/08/18,0.000,17900.0000,895.0000,1785.5250,17900.0000,0.000000,0.0000,17900.0000,MACH-PRONO,,,33500,15401,0000021018,,,TRUE,XBI8VQ7MO,1,051298
,LOCA-MEDIC,0000608,2021/08/18,0.000,615.0000,30.7500,61.3463,615.0000,0.000000,0.0000,615.0000,CIUSSS-ADM,,,33200,12660,0000020003,,,TRUE,67Y18RXUI,1,051305
,PEINT-DUPO,0000476,2021/08/19,0.000,1594.0000,79.7000,159.0015,1594.0000,0.000000,0.0000,1594.0000,CSS-ENERGI,,,33500,09910,0000021010,,,TRUE,8Y19KOL5G,1,051295
....................3,PEINT-DUPO,0000476,2021/08/19,1.000,0.0000,0.0000,0.0000,0.0000,0.000000,0.0000,0.0000,CSS-ENERGI,,,33200,,0000021010,,,TRUE,8Y19KOL5G,1,051295
....................4,PEINT-DUPO,0000476,2021/08/19,1.000,0.0000,0.0000,0.0000,0.0000,0.000000,0.0000,0.0000,CSS-ENERGI,,,33200,,0000021010,,,TRUE,8Y19KOL5G,1,051295
,SYST-VILLE,0000620,2021/08/20,0.000,168.0300,8.4015,16.7610,168.0300,0.000000,0.0000,168.0300,CIUSSS-ADM,,,33500,25001,0000020003,,,TRUE,3VWQTU6IH,1,051322
,SYST-VILLE,0000757,2021/08/20,0.000,818.2100,40.9105,81.6164,818.2100,0.000000,0.0000,818.2100,CIUSSS-ADM,,,33500,25001,0000020003,,,TRUE,CYAIC85BH,1,051323
,ASP-CONTRO,0000654,2021/08/20,0.000,3592.8000,179.6400,358.3818,3592.8000,0.000000,0.0000,3592.8000,CIUSSS-ADM,,,33500,25001,0000020003,,,TRUE,UGBRJGDDH,1,051326
,SEVIGNY-EP,0000517,2021/08/20,0.000,4769.0000,238.4500,475.7078,4769.0000,0.000000,0.0000,4769.0000,CSS-ENERGI,,,33500,03000,0000021015,,,TRUE,BFSPZ0OPA,1,051362
....................3,SYST-VILLE,0000620,2021/08/20,1.000,0.0000,0.0000,0.0000,0.0000,0.000000,0.0000,0.0000,CIUSSS-ADM,,,33200,,0000020003,,,TRUE,3VWQTU6IH,1,051322
....................3,SYST-VILLE,0000757,2021/08/20,1.000,0.0000,0.0000,0.0000,0.0000,0.000000,0.0000,0.0000,CIUSSS-ADM,,,33200,,0000020003,,,TRUE,CYAIC85BH,1,051323
....................3,ASP-CONTRO,0000654,2021/08/20,1.000,0.0000,0.0000,0.0000,0.0000,0.000000,0.0000,0.0000,CIUSSS-ADM,,,33200,,0000020003,,,TRUE,UGBRJGDDH,1,051326
....................3,SEVIGNY-EP,0000517,2021/08/20,1.000,0.0000,0.0000,0.0000,0.0000,0.000000,0.0000,0.0000,CSS-ENERGI,,,33200,,0000021015,,,TRUE,BFSPZ0OPA,1,051362
....................4,SYST-VILLE,0000620,2021/08/20,1.000,0.0000,0.0000,0.0000,0.0000,0.000000,0.0000,0.0000,CIUSSS-ADM,,,33200,,0000020003,,,TRUE,3VWQTU6IH,1,051322
....................4,SYST-VILLE,0000757,2021/08/20,1.000,0.0000,0.0000,0.0000,0.0000,0.000000,0.0000,0.0000,CIUSSS-ADM,,,33200,,0000020003,,,TRUE,CYAIC85BH,1,051323
....................4,ASP-CONTRO,0000654,2021/08/20,1.000,0.0000,0.0000,0.0000,0.0000,0.000000,0.0000,0.0000,CIUSSS-ADM,,,33200,,0000020003,,,TRUE,UGBRJGDDH,1,051326
....................4,SEVIGNY-EP,0000517,2021/08/20,1.000,0.0000,0.0000,0.0000,0.0000,0.000000,0.0000,0.0000,CSS-ENERGI,,,33200,,0000021015,,,TRUE,BFSPZ0OPA,1,051362
,AF-ELECTRI,0000456,2021/08/23,0.000,22410.0000,1120.5000,2235.3975,22410.0000,0.000000,0.0000,22410.0000,CSS-ENERGI,,,33500,16000,0000021011,,,TRUE,O2WXWYHZD,1,051294
,PEINT-DUPO,0000588,2021/08/23,0.000,2592.0000,129.6000,258.5520,2592.0000,0.000000,0.0000,2592.0000,CONSEIL-MA,,,33500,25001,0000020006,,,TRUE,P6W4JKWJM,1,051296
,ASP-CONTRO,0000747,2021/08/23,0.000,716.2900,35.8145,71.4499,716.2900,0.000000,0.0000,716.2900,CIUSSS-ADM,,,33500,25001,0000020003,,,TRUE,48IU88NFU,1,051327
,ASP-CONTRO,0000748,2021/08/23,0.000,819.5600,40.9780,81.7511,819.5600,0.000000,0.0000,819.5600,CIUSSS-ADM,,,33500,25001,0000020003,,,TRUE,XD15B7T3L,1,051328
,ASP-CONTRO,0000749,2021/08/23,0.000,747.0000,37.3500,74.5133,747.0000,0.000000,0.0000,747.0000,CIUSSS-ADM,,,33500,25001,0000020003,,,TRUE,8503LDENI,1,051329
,MULTI-ENER,0000458,2021/08/23,0.000,3800.0000,190.0000,379.0500,3800.0000,0.000000,0.0000,3800.0000,CSS-ENERGI,,,33500,15000,0000021011,,,TRUE,6C4FZFVGB,1,051467
....................3,PEINT-DUPO,0000588,2021/08/23,1.000,0.0000,0.0000,0.0000,0.0000,0.000000,0.0000,0.0000,CONSEIL-MA,,,33200,,0000020006,,,TRUE,P6W4JKWJM,1,051296
....................3,ASP-CONTRO,0000747,2021/08/23,1.000,0.0000,0.0000,0.0000,0.0000,0.000000,0.0000,0.0000,CIUSSS-ADM,,,33200,,0000020003,,,TRUE,48IU88NFU,1,051327
....................3,ASP-CONTRO,0000748,2021/08/23,1.000,0.0000,0.0000,0.0000,0.0000,0.000000,0.0000,0.0000,CIUSSS-ADM,,,33200,,0000020003,,,TRUE,XD15B7T3L,1,051328
....................3,ASP-CONTRO,0000749,2021/08/23,1.000,0.0000,0.0000,0.0000,0.0000,0.000000,0.0000,0.0000,CIUSSS-ADM,,,33200,,0000020003,,,TRUE,8503LDENI,1,051329
....................4,PEINT-DUPO,0000588,2021/08/23,1.000,0.0000,0.0000,0.0000,0.0000,0.000000,0.0000,0.0000,CONSEIL-MA,,,33200,,0000020006,,,TRUE,P6W4JKWJM,1,051296
....................4,ASP-CONTRO,0000747,2021/08/23,1.000,0.0000,0.0000,0.0000,0.0000,0.000000,0.0000,0.0000,CIUSSS-ADM,,,33200,,0000020003,,,TRUE,48IU88NFU,1,051327
....................4,ASP-CONTRO,0000748,2021/08/23,1.000,0.0000,0.0000,0.0000,0.0000,0.000000,0.0000,0.0000,CIUSSS-ADM,,,33200,,0000020003,,,TRUE,XD15B7T3L,1,051328
....................4,ASP-CONTRO,0000749,2021/08/23,1.000,0.0000,0.0000,0.0000,0.0000,0.000000,0.0000,0.0000,CIUSSS-ADM,,,33200,,0000020003,,,TRUE,8503LDENI,1,051329
,MULTI-ENER,0000041,2021/08/24,0.000,1200.0000,60.0000,119.7000,1200.0000,0.000000,0.0000,1200.0000,CIUSSS-ADM,,,33500,15401,0000020003,,,TRUE,M82XXIVJC,1,051303
,MULTI-ENER,0000732,2021/08/24,0.000,3794.5200,189.7260,378.5034,3794.5200,0.000000,0.0000,3794.5200,CSS-ENERGI,,,33500,25001,0000021015,,,TRUE,63BE4BLKI,1,051361
,MULTI-ENER,0000732,2021/08/24,0.000,-1517.1000,-75.8550,-151.3307,-1517.1000,0.000000,0.0000,-1517.1000,CSS-ENERGI,,,33500,25001,0000021015,,,TRUE,63BE4BLKI,1,051361
,SOLIDER---,0000568,2021/08/24,0.000,63000.0000,3150.0000,6284.2500,63000.0000,0.000000,0.0000,63000.0000,MUN-ST-ELI,,,33500,05400,0000021021,,,TRUE,Q4B9CLVVL,1,051367
....................3,MULTI-ENER,0000732,2021/08/24,1.000,0.0000,0.0000,0.0000,0.0000,0.000000,0.0000,0.0000,CSS-ENERGI,,,33200,,0000021015,,,TRUE,63BE4BLKI,1,051361
....................3,SOLIDER---,0000568,2021/08/24,1.000,0.0000,0.0000,0.0000,0.0000,0.000000,0.0000,0.0000,MUN-ST-ELI,,,33200,,0000021021,,,TRUE,Q4B9CLVVL,1,051367
....................4,SOLIDER---,0000568,2021/08/24,1.000,0.0000,0.0000,0.0000,0.0000,0.000000,0.0000,0.0000,MUN-ST-ELI,,,33200,,0000021021,,,TRUE,Q4B9CLVVL,1,051367
....................4,MULTI-ENER,0000732,2021/08/24,1.000,0.0000,0.0000,0.0000,0.0000,0.000000,0.0000,0.0000,CSS-ENERGI,,,33200,,0000021015,,,FALSE,PW71WI7XV,1,
,VAL-MAURIC,0000553,2021/08/25,0.000,4600.0000,230.0000,458.8500,4600.0000,0.000000,0.0000,4600.0000,CEGEP-T-R-,,,33500,16000,0000021017,,,TRUE,EI9MKFUW1,1,051302
,VAL-MAURIC,0000424,2021/08/25,0.000,120000.0000,6000.0000,11970.0000,120000.0000,0.000000,0.0000,120000.0000,CIUSSS-MCQ,,,33500,16000,0000021002,,,TRUE,VUN4QPRTO,1,051304
,PLOMB-MTCA,0000457,2021/08/25,0.000,3540.0000,177.0000,353.1150,3540.0000,0.000000,0.0000,3540.0000,CSS-ENERGI,,,33500,15401,0000021011,,,TRUE,PQJ23PMP6,1,051357
,MARC-COSSE,0000472,2021/08/25,0.000,450.0000,22.5000,44.8875,450.0000,0.000000,0.0000,450.0000,CSS-ENERGI,,,33500,16000,0000021010,,,TRUE,OGGBROQPQ,1,051358
,MARC-COSSE,0000472,2021/08/25,0.000,450.0000,22.5000,44.8875,450.0000,0.000000,0.0000,450.0000,CSS-ENERGI,,,33500,16000,0000021010,,,TRUE,N1IAIDTDO,1,051359
,CLIMATISAT,0000473,2021/08/25,0.000,4207.5000,210.3750,419.6981,4207.5000,0.000000,0.0000,4207.5000,CSS-ENERGI,,,33500,15000,0000021010,,,TRUE,HJJTNMRTF,1,051363
,SYS-MAURIC,0000475,2021/08/25,0.000,440.0000,22.0000,43.8900,440.0000,0.000000,0.0000,440.0000,CSS-ENERGI,,,33500,09200,0000021010,,,TRUE,6KEJ8YPFK,1,051364
,F-DAIGLE--,0000577,2021/08/25,0.000,2043.0000,102.1500,203.7893,2043.0000,0.000000,0.0000,2043.0000,MUN-ST-ELI,,,33200,08000,0000021021,,,TRUE,VB2LUWRYA,1,051368
,F-DAIGLE--,0000577,2021/08/25,0.000,500.0000,25.0000,49.8750,500.0000,0.000000,0.0000,500.0000,MUN-ST-ELI,,,33200,08000,0000021021,,,TRUE,VB2LUWRYA,1,051368
,F-DAIGLE--,0000577,2021/08/25,0.000,516.0000,25.8000,51.4710,516.0000,0.000000,0.0000,516.0000,MUN-ST-ELI,,,33200,08000,0000021021,,,TRUE,VB2LUWRYA,1,051368
....................3,PLOMB-MTCA,0000457,2021/08/25,1.000,0.0000,0.0000,0.0000,0.0000,0.000000,0.0000,0.0000,CSS-ENERGI,,,33200,,0000021011,,,TRUE,PQJ23PMP6,1,051357
....................4,PLOMB-MTCA,0000457,2021/08/25,1.000,0.0000,0.0000,0.0000,0.0000,0.000000,0.0000,0.0000,CSS-ENERGI,,,33200,,0000021011,,,TRUE,PQJ23PMP6,1,051357
,VITR-ASBES,0000506,2021/08/26,0.000,9039.6000,451.9800,901.7001,9039.6000,0.000000,0.0000,9039.6000,CSS-ENERGI,,,33500,08000,0000021015,,,TRUE,K3OGNF9RE,1,051365
,ASP-CONTRO,0000683,2021/08/26,0.000,4095.6700,204.7835,408.5431,4095.6700,0.000000,0.0000,4095.6700,CIUSSS-T-R,,,33500,16000,0000021028,,,TRUE,55Q6NTEGH,1,051366
,ASP-CONTRO,0000683,2021/08/26,0.000,4095.6700,204.7835,408.5431,4095.6700,0.000000,0.0000,4095.6700,CIUSSS-T-R,,,33500,16000,0000021028,,,TRUE,FN8FQC1XW,1,057706
....................3,VITR-ASBES,0000506,2021/08/26,1.000,0.0000,0.0000,0.0000,0.0000,0.000000,0.0000,0.0000,CSS-ENERGI,,,33200,,0000021015,,,TRUE,K3OGNF9RE,1,051365
....................3,ASP-CONTRO,0000683,2021/08/26,1.000,0.0000,0.0000,0.0000,0.0000,0.000000,0.0000,0.0000,CIUSSS-T-R,,,33200,,0000021028,,,TRUE,55Q6NTEGH,1,051366
....................4,VITR-ASBES,0000506,2021/08/26,1.000,0.0000,0.0000,0.0000,0.0000,0.000000,0.0000,0.0000,CSS-ENERGI,,,33200,,0000021015,,,TRUE,K3OGNF9RE,1,051365
....................4,ASP-CONTRO,0000683,2021/08/26,1.000,0.0000,0.0000,0.0000,0.0000,0.000000,0.0000,0.0000,CIUSSS-T-R,,,33200,,0000021028,,,TRUE,55Q6NTEGH,1,051366
,SIDE-ACOUS,0000459,2021/08/27,0.000,13550.0000,677.5000,1351.6125,13550.0000,0.000000,0.0000,13550.0000,CSS-ENERGI,,,33500,09200,0000021011,,,TRUE,PIFUMXPIH,1,051360
,DEMBEC----,0000684,2021/08/27,0.000,52250.0000,2612.5000,5211.9375,52250.0000,0.000000,0.0000,52250.0000,CIUSSS-T-R,,,33500,02220,0000021028,,,TRUE,JO1IPIB3J,1,051459
,SIDE-ACOUS,0000658,2021/08/27,0.000,2993.0000,149.6500,298.5518,2993.0000,0.000000,0.0000,2993.0000,CSS-ENERGI,,,33500,25001,0000021011,,,TRUE,P1W2SVQ88,1,051468
,SIDE-ACOUS,0000663,2021/08/27,0.000,1657.0000,82.8500,165.2858,1657.0000,0.000000,0.0000,1657.0000,CSS-ENERGI,,,33500,25001,0000021011,,,TRUE,YEG0FEFJ3,1,051469
,SIDE-ACOUS,0000751,2021/08/27,0.000,4117.0000,205.8500,410.6708,4117.0000,0.000000,0.0000,4117.0000,CSS-ENERGI,,,33500,25001,0000021011,,,TRUE,D1AE0KDAP,1,051470
....................3,DEMBEC----,0000684,2021/08/27,1.000,0.0000,0.0000,0.0000,0.0000,0.000000,0.0000,0.0000,CIUSSS-T-R,,,33200,,0000021028,,,TRUE,JO1IPIB3J,1,051459
....................3,SIDE-ACOUS,0000658,2021/08/27,1.000,0.0000,0.0000,0.0000,0.0000,0.000000,0.0000,0.0000,CSS-ENERGI,,,33200,,0000021011,,,TRUE,P1W2SVQ88,1,051468
....................3,SIDE-ACOUS,0000663,2021/08/27,1.000,0.0000,0.0000,0.0000,0.0000,0.000000,0.0000,0.0000,CSS-ENERGI,,,33200,,0000021011,,,TRUE,YEG0FEFJ3,1,051469
....................3,SIDE-ACOUS,0000751,2021/08/27,1.000,0.0000,0.0000,0.0000,0.0000,0.000000,0.0000,0.0000,CSS-ENERGI,,,33200,,0000021011,,,TRUE,D1AE0KDAP,1,051470
....................4,DEMBEC----,0000684,2021/08/27,1.000,0.0000,0.0000,0.0000,0.0000,0.000000,0.0000,0.0000,CIUSSS-T-R,,,33200,,0000021028,,,TRUE,JO1IPIB3J,1,051459
....................4,SIDE-ACOUS,0000658,2021/08/27,1.000,0.0000,0.0000,0.0000,0.0000,0.000000,0.0000,0.0000,CSS-ENERGI,,,33200,,0000021011,,,TRUE,P1W2SVQ88,1,051468
....................4,SIDE-ACOUS,0000663,2021/08/27,1.000,0.0000,0.0000,0.0000,0.0000,0.000000,0.0000,0.0000,CSS-ENERGI,,,33200,,0000021011,,,TRUE,YEG0FEFJ3,1,051469
....................4,SIDE-ACOUS,0000751,2021/08/27,1.000,0.0000,0.0000,0.0000,0.0000,0.000000,0.0000,0.0000,CSS-ENERGI,,,33200,,0000021011,,,TRUE,D1AE0KDAP,1,051470
,CONST-RIVA,0000731,2021/08/28,0.000,4851.9400,242.5970,483.9810,4851.9400,0.000000,0.0000,4851.9400,CSS-ENERGI,,,33500,09510,0000021015,,,TRUE,DIOERRBWR,1,051356
,QUINC-PORT,0000733,2021/08/28,0.000,851.0000,42.5500,84.8873,851.0000,0.000000,0.0000,851.0000,CSS-ENERGI,,,33200,25001,0000021015,,,TRUE,ERORMQG2T,1,051462
....................3,CONST-RIVA,0000731,2021/08/28,1.000,0.0000,0.0000,0.0000,0.0000,0.000000,0.0000,0.0000,CSS-ENERGI,,,33200,,0000021015,,,TRUE,DIOERRBWR,1,051356
....................3,QUINC-PORT,0000733,2021/08/28,1.000,0.0000,0.0000,0.0000,0.0000,0.000000,0.0000,0.0000,CSS-ENERGI,,,33200,,0000021015,,,TRUE,ERORMQG2T,1,051462
....................4,CONST-RIVA,0000731,2021/08/28,1.000,0.0000,0.0000,0.0000,0.0000,0.000000,0.0000,0.0000,CSS-ENERGI,,,33200,,0000021015,,,TRUE,DIOERRBWR,1,051356
....................4,QUINC-PORT,0000733,2021/08/28,1.000,0.0000,0.0000,0.0000,0.0000,0.000000,0.0000,0.0000,CSS-ENERGI,,,33200,,0000021015,,,TRUE,ERORMQG2T,1,051462
,ACIER-ATR-,0000713,2021/08/30,0.000,12600.0000,630.0000,1256.8500,12600.0000,0.000000,0.0000,12600.0000,AGT-------,,,33500,03100,0000021013,,,TRUE,1LR72V3W4,1,051404
,ENT-MAXIME,0000284,2021/08/30,0.000,5000.0000,250.0000,498.7500,5000.0000,0.000000,0.0000,5000.0000,MUN-STE-AN,,,33200,02315,0000020028,,,TRUE,J6H8400MB,1,051453
,ENT-MAXIME,0000284,2021/08/30,0.000,10000.0000,500.0000,997.5000,10000.0000,0.000000,0.0000,10000.0000,MUN-STE-AN,,,33500,03100,0000020028,,,TRUE,J6H8400MB,1,051453
,ACIER-ATR-,0000101,2021/08/30,0.000,12955.0000,647.7500,1292.2613,12955.0000,0.000000,0.0000,12955.0000,CONSEIL-MA,,,33500,03100,0000020006,,,TRUE,O5MUDBY8R,1,051454
,ACIER-ATR-,0000101,2021/08/30,0.000,2240.5000,112.0250,223.4899,2240.5000,0.000000,0.0000,2240.5000,CONSEIL-MA,,,33500,03100,0000020006,X000000104,,FALSE,EY0GNCOIE,1,
,ENT-MAXIME,0000525,2021/08/30,0.000,154.0000,7.7000,15.3615,154.0000,0.000000,0.0000,154.0000,MACH-PRONO,,,33200,02070,0000021018,,,TRUE,NF9A2RNSC,1,051456
,ENT-MAXIME,0000525,2021/08/30,0.000,102310.0000,5115.5000,10205.4225,102310.0000,0.000000,0.0000,102310.0000,MACH-PRONO,,,33200,02315,0000021018,,,TRUE,NF9A2RNSC,1,051456
,ENT-MAXIME,0000525,2021/08/30,0.000,-43080.0000,-2154.0000,-4297.2300,-43080.0000,0.000000,0.0000,-43080.0000,MACH-PRONO,,,33200,02315,0000021018,,,TRUE,NF9A2RNSC,1,051456
,ARMECO----,0000619,2021/08/30,0.000,495.0000,24.7500,49.3763,495.0000,0.000000,0.0000,495.0000,CIUSSS-MCQ,,,33200,10000,0000021020,,,TRUE,T6B52P4Z1,1,051460
,RXFLOOR---,0000781,2021/08/30,0.000,3068.6300,153.4315,306.0958,3068.6300,0.000000,0.0000,3068.6300,CPE-ENTRE-,,,33500,25001,0000021029,,,TRUE,XFYPKHT90,1,051499
,ENT-MAXIME,0000433,2021/08/30,0.000,7888.0000,394.4000,786.8280,7888.0000,0.000000,0.0000,7888.0000,CIUSSS-MCQ,,,33200,02315,0000021002,,,TRUE,T4F5WUZJQ,1,051500
,ENT-MAXIME,0000433,2021/08/30,0.000,20712.0000,1035.6000,2066.0220,20712.0000,0.000000,0.0000,20712.0000,CIUSSS-MCQ,,,33500,03100,0000021002,,,TRUE,T4F5WUZJQ,1,051500
,ENT-MAXIME,0000085,2021/08/30,0.000,4752.5000,237.6250,474.0619,4752.5000,0.000000,0.0000,4752.5000,CIUSSS-ADM,,,33200,02300,0000020003,,,TRUE,1ABA200W9,1,051501
....................3,ARMECO----,0000619,2021/08/30,1.000,0.0000,0.0000,0.0000,0.0000,0.000000,0.0000,0.0000,CIUSSS-MCQ,,,33200,,0000021020,,,TRUE,T6B52P4Z1,1,051460
....................3,ENT-MAXIME,0000433,2021/08/30,1.000,0.0000,0.0000,0.0000,0.0000,0.000000,0.0000,0.0000,CIUSSS-MCQ,,,33200,,0000021002,,,TRUE,T4F5WUZJQ,1,051500
....................4,ARMECO----,0000619,2021/08/30,1.000,0.0000,0.0000,0.0000,0.0000,0.000000,0.0000,0.0000,CIUSSS-MCQ,,,33200,,0000021020,,,TRUE,T6B52P4Z1,1,051460
....................4,ENT-MAXIME,0000433,2021/08/30,1.000,0.0000,0.0000,0.0000,0.0000,0.000000,0.0000,0.0000,CIUSSS-MCQ,,,33200,,0000021002,,,TRUE,T4F5WUZJQ,1,051500
,NGA-------,0000524,2021/08/31,0.000,3000.0000,150.0000,299.2500,3000.0000,0.000000,0.0000,3000.0000,MACH-PRONO,,,33200,05500,0000021018,,,TRUE,IMFU0DGJO,1,051457
,MARC-COSSE,0000575,2021/08/31,0.000,4500.0000,225.0000,448.8750,4500.0000,0.000000,0.0000,4500.0000,MUN-ST-ELI,,,33500,16000,0000021021,,,TRUE,UV1G9YRXB,1,051458
,PEINT-DUPO,0000468,2021/08/31,0.000,4492.0000,224.6000,448.0770,4492.0000,0.000000,0.0000,4492.0000,CSS-ENERGI,,,33500,07000,0000021009,,,TRUE,I0DKTIVIA,1,051461
,PEINT-DUPO,0000468,2021/08/31,0.000,1702.0000,85.1000,169.7745,1702.0000,0.000000,0.0000,1702.0000,CSS-ENERGI,,,33500,09910,0000021009,,,TRUE,I0DKTIVIA,1,051461
,PEINTRES-S,0000734,2021/08/31,0.000,1415.0000,70.7500,141.1463,1415.0000,0.000000,0.0000,1415.0000,CSS-ENERGI,,,33500,25001,0000021015,,,TRUE,91S0GKXRF,1,051463
,PEINTRES-S,0000734,2021/08/31,0.000,545.0000,27.2500,54.3638,545.0000,0.000000,0.0000,545.0000,CSS-ENERGI,,,33500,25001,0000021015,,,TRUE,91S0GKXRF,1,051463
,D-MATTEAU-,0000467,2021/08/31,0.000,3400.0000,170.0000,339.1500,3400.0000,0.000000,0.0000,3400.0000,CSS-ENERGI,,,33500,04000,0000021009,,,TRUE,486OT4HIF,1,051464
,PEINTRES-S,0000455,2021/08/31,0.000,14416.0000,720.8000,1437.9960,14416.0000,0.000000,0.0000,14416.0000,CSS-ENERGI,,,33500,09910,0000021011,,,TRUE,RSTB1CIS2,1,051465
,PEINTRES-S,0000499,2021/08/31,0.000,11560.0000,578.0000,1153.1100,11560.0000,0.000000,0.0000,11560.0000,CSS-ENERGI,,,33500,09910,0000021015,,,TRUE,2DU1FBW4I,1,051466
,ELECT-LAUR,0000352,2021/08/31,0.000,3422.5000,171.1250,341.3944,3422.5000,0.000000,0.0000,3422.5000,CONSEIL-MA,,,33500,16000,0000020035,,,TRUE,OYWYUEV11,1,051480
,ELECT-LAUR,0000211,2021/08/31,0.000,-75.1100,-3.7555,-7.4922,-75.1100,0.000000,0.0000,-75.1100,CONSEIL-MA,,,33500,16000,0000020006,,,TRUE,SO9YNFHV3,1,051481
,ELECT-LAUR,0000233,2021/08/31,0.000,25.8800,1.2940,2.5815,25.8800,0.000000,0.0000,25.8800,CONSEIL-MA,,,33500,16000,0000020006,,,TRUE,FGEJ4WJEP,1,051482
,ELECT-LAUR,0000411,2021/08/31,0.000,841.1100,42.0555,83.9007,841.1100,0.000000,0.0000,841.1100,CONSEIL-MA,,,33500,25001,0000020006,,,TRUE,5IFNG8SP3,1,051483
,ELECT-LAUR,0000519,2021/08/31,0.000,22.5000,1.1250,2.2444,22.5000,0.000000,0.0000,22.5000,CONSEIL-MA,,,33500,16000,0000020006,,,TRUE,MO9KRQLLR,1,051484
,ELECT-LAUR,0000486,2021/08/31,0.000,702.9200,35.1460,70.1163,702.9200,0.000000,0.0000,702.9200,CONSEIL-MA,,,33500,25001,0000020006,,,TRUE,FDM9HNHX3,1,051485
,ELECT-LAUR,0000539,2021/08/31,0.000,507.1000,25.3550,50.5832,507.1000,0.000000,0.0000,507.1000,CONSEIL-MA,,,33500,25001,0000020006,,,TRUE,8LAFC09X8,1,051486
,ELECT-LAUR,0000578,2021/08/31,0.000,132.3500,6.6175,13.2019,132.3500,0.000000,0.0000,132.3500,CONSEIL-MA,,,33500,00400,0000020006,,,TRUE,YHOZ8X3NH,1,051487
,ELECT-LAUR,0000585,2021/08/31,0.000,85.2700,4.2635,8.5057,85.2700,0.000000,0.0000,85.2700,CONSEIL-MA,,,33500,25001,0000020006,,,TRUE,SAZDSVEP1,1,051488
,ELECT-LAUR,0000567,2021/08/31,0.000,23.1700,1.1585,2.3112,23.1700,0.000000,0.0000,23.1700,CONSEIL-MA,,,33500,25001,0000020006,,,TRUE,35W2JGTTC,1,051489
,ELECT-LAUR,0000253,2021/08/31,0.000,486.1800,24.3090,48.4965,486.1800,0.000000,0.0000,486.1800,CONSEIL-MA,,,33500,16000,0000020006,,,TRUE,2LG92GYFB,1,051490
,ELECT-LAUR,0000627,2021/08/31,0.000,62.2000,3.1100,6.2045,62.2000,0.000000,0.0000,62.2000,CONSEIL-MA,,,33500,25001,0000020006,,,TRUE,1H3GTA4I5,1,051491
,AUDET-----,0000417,2021/08/31,0.000,24604.6500,1230.2325,2454.3138,24604.6500,0.000000,0.0000,24604.6500,CIUSSS-ADM,,,33500,06400,0000020003,,,TRUE,S8ZE5O5F9,1,051498
,VAL-MAURIC,0000802,2021/08/31,0.000,469.2200,23.4610,46.8047,469.2200,0.000000,0.0000,469.2200,AGT-------,,,33500,16000,0000021013,,,TRUE,D18W9H9QG,1,051555
,CAP-ISOLAT,0000755,2021/08/31,0.000,3040.0000,152.0000,303.2400,3040.0000,0.000000,0.0000,3040.0000,STEMA-PRO-,,,33500,15401,0000021012,,,TRUE,CQ4G494MW,1,051579
....................3,MARC-COSSE,0000575,2021/08/31,1.000,0.0000,0.0000,0.0000,0.0000,0.000000,0.0000,0.0000,MUN-ST-ELI,,,33200,,0000021021,,,TRUE,UV1G9YRXB,1,051458
....................3,PEINTRES-S,0000734,2021/08/31,1.000,0.0000,0.0000,0.0000,0.0000,0.000000,0.0000,0.0000,CSS-ENERGI,,,33200,,0000021015,,,FALSE,2I0TCB2ND,1,
....................3,D-MATTEAU-,0000467,2021/08/31,1.000,0.0000,0.0000,0.0000,0.0000,0.000000,0.0000,0.0000,CSS-ENERGI,,,33200,,0000021009,,,TRUE,486OT4HIF,1,051464
....................3,PEINTRES-S,0000455,2021/08/31,1.000,0.0000,0.0000,0.0000,0.0000,0.000000,0.0000,0.0000,CSS-ENERGI,,,33200,,0000021011,,,TRUE,RSTB1CIS2,1,051465
....................3,VAL-MAURIC,0000802,2021/08/31,1.000,0.0000,0.0000,0.0000,0.0000,0.000000,0.0000,0.0000,AGT-------,,,33200,,0000021013,,,TRUE,D18W9H9QG,1,051555
....................3,CAP-ISOLAT,0000755,2021/08/31,1.000,0.0000,0.0000,0.0000,0.0000,0.000000,0.0000,0.0000,STEMA-PRO-,,,33200,,0000021012,,,TRUE,CQ4G494MW,1,051579
....................4,MARC-COSSE,0000575,2021/08/31,1.000,0.0000,0.0000,0.0000,0.0000,0.000000,0.0000,0.0000,MUN-ST-ELI,,,33200,,0000021021,,,TRUE,UV1G9YRXB,1,051458
....................4,PEINT-DUPO,0000468,2021/08/31,1.000,0.0000,0.0000,0.0000,0.0000,0.000000,0.0000,0.0000,CSS-ENERGI,,,33200,,0000021009,,,TRUE,I0DKTIVIA,1,051461
....................4,PEINTRES-S,0000734,2021/08/31,1.000,0.0000,0.0000,0.0000,0.0000,0.000000,0.0000,0.0000,CSS-ENERGI,,,33200,,0000021015,,,FALSE,2I0TCB2ND,1,
....................4,D-MATTEAU-,0000467,2021/08/31,1.000,0.0000,0.0000,0.0000,0.0000,0.000000,0.0000,0.0000,CSS-ENERGI,,,33200,,0000021009,,,TRUE,486OT4HIF,1,051464
....................4,PEINTRES-S,0000455,2021/08/31,1.000,0.0000,0.0000,0.0000,0.0000,0.000000,0.0000,0.0000,CSS-ENERGI,,,33200,,0000021011,,,TRUE,RSTB1CIS2,1,051465
....................4,VAL-MAURIC,0000802,2021/08/31,1.000,0.0000,0.0000,0.0000,0.0000,0.000000,0.0000,0.0000,AGT-------,,,33200,,0000021013,,,TRUE,D18W9H9QG,1,051555
....................4,CAP-ISOLAT,0000755,2021/08/31,1.000,0.0000,0.0000,0.0000,0.0000,0.000000,0.0000,0.0000,STEMA-PRO-,,,33200,,0000021012,,,TRUE,CQ4G494MW,1,051579
,PEINTRES-S,0000660,2021/09/01,0.000,980.0000,49.0000,97.7550,980.0000,0.000000,0.0000,980.0000,CSS-ENERGI,,,33500,25001,0000021011,,,TRUE,4ROMOKMKI,1,051687
,PEINTRES-S,0000664,2021/09/01,0.000,715.0000,35.7500,71.3213,715.0000,0.000000,0.0000,715.0000,CSS-ENERGI,,,33500,25001,0000021011,,,TRUE,6VRR6RCSC,1,051688
,PEINTRES-S,0000752,2021/09/01,0.000,865.0000,43.2500,86.2838,865.0000,0.000000,0.0000,865.0000,CSS-ENERGI,,,33500,25001,0000021011,,,TRUE,BHIQL9K4A,1,051689
,PEINTRES-S,0000774,2021/09/01,0.000,215.0000,10.7500,21.4463,215.0000,0.000000,0.0000,215.0000,CSS-ENERGI,,,33500,25001,0000021011,,,TRUE,8LHKLTSDO,1,051690
,L-N-BEAUDO,0000674,2021/09/01,0.000,8610.0000,430.5000,858.8475,8610.0000,0.000000,0.0000,8610.0000,MUN-STE-AN,,,33500,25001,0000020028,,,TRUE,Z5VZ47E2H,1,051804
....................3,PEINTRES-S,0000660,2021/09/01,1.000,0.0000,0.0000,0.0000,0.0000,0.000000,0.0000,0.0000,CSS-ENERGI,,,33200,,0000021011,,,TRUE,4ROMOKMKI,1,051687
....................3,PEINTRES-S,0000664,2021/09/01,1.000,0.0000,0.0000,0.0000,0.0000,0.000000,0.0000,0.0000,CSS-ENERGI,,,33200,,0000021011,,,TRUE,6VRR6RCSC,1,051688
....................3,PEINTRES-S,0000752,2021/09/01,1.000,0.0000,0.0000,0.0000,0.0000,0.000000,0.0000,0.0000,CSS-ENERGI,,,33200,,0000021011,,,TRUE,BHIQL9K4A,1,051689
....................3,PEINTRES-S,0000774,2021/09/01,1.000,0.0000,0.0000,0.0000,0.0000,0.000000,0.0000,0.0000,CSS-ENERGI,,,33200,,0000021011,,,TRUE,8LHKLTSDO,1,051690
....................3,L-N-BEAUDO,0000674,2021/09/01,1.000,0.0000,0.0000,0.0000,0.0000,0.000000,0.0000,0.0000,MUN-STE-AN,,,33200,,0000020028,,,TRUE,Z5VZ47E2H,1,051804
....................4,PEINTRES-S,0000660,2021/09/01,1.000,0.0000,0.0000,0.0000,0.0000,0.000000,0.0000,0.0000,CSS-ENERGI,,,33200,,0000021011,,,TRUE,4ROMOKMKI,1,051687
....................4,PEINTRES-S,0000664,2021/09/01,1.000,0.0000,0.0000,0.0000,0.0000,0.000000,0.0000,0.0000,CSS-ENERGI,,,33200,,0000021011,,,TRUE,6VRR6RCSC,1,051688
....................4,PEINTRES-S,0000752,2021/09/01,1.000,0.0000,0.0000,0.0000,0.0000,0.000000,0.0000,0.0000,CSS-ENERGI,,,33200,,0000021011,,,TRUE,BHIQL9K4A,1,051689
....................4,PEINTRES-S,0000774,2021/09/01,1.000,0.0000,0.0000,0.0000,0.0000,0.000000,0.0000,0.0000,CSS-ENERGI,,,33200,,0000021011,,,TRUE,8LHKLTSDO,1,051690
....................4,L-N-BEAUDO,0000674,2021/09/01,1.000,0.0000,0.0000,0.0000,0.0000,0.000000,0.0000,0.0000,MUN-STE-AN,,,33200,,0000020028,,,TRUE,Z5VZ47E2H,1,051804
,CLOTURE-EC,0000736,2021/09/02,0.000,3118.8100,155.9405,311.1013,3118.8100,0.000000,0.0000,3118.8100,CIUSSS-ADM,,,33500,00400,0000020003,,,TRUE,OB22082LN,1,051556
....................3,CLOTURE-EC,0000736,2021/09/02,1.000,0.0000,0.0000,0.0000,0.0000,0.000000,0.0000,0.0000,CIUSSS-ADM,,,33200,,0000020003,,,TRUE,OB22082LN,1,051556
....................4,CLOTURE-EC,0000736,2021/09/02,1.000,0.0000,0.0000,0.0000,0.0000,0.000000,0.0000,0.0000,CIUSSS-ADM,,,33200,,0000020003,,,TRUE,OB22082LN,1,051556
,SCL-METAL-,0000715,2021/09/07,0.000,1472.0000,73.6000,146.8320,1472.0000,0.000000,0.0000,1472.0000,CSS-ENERGI,,,33500,25001,0000021009,,,TRUE,RUFMCVE4B,1,051554
....................3,SCL-METAL-,0000715,2021/09/07,1.000,0.0000,0.0000,0.0000,0.0000,0.000000,0.0000,0.0000,CSS-ENERGI,,,33200,,0000021009,,,TRUE,RUFMCVE4B,1,051554
....................4,SCL-METAL-,0000715,2021/09/07,1.000,0.0000,0.0000,0.0000,0.0000,0.000000,0.0000,0.0000,CSS-ENERGI,,,33200,,0000021009,,,TRUE,RUFMCVE4B,1,051554
,ARMECO----,0000639,2021/09/08,0.000,925.0000,46.2500,92.2688,925.0000,0.000000,0.0000,925.0000,CIUSSS-MCQ,,,33200,08830,0000021020,,,TRUE,3EU5U1ZIL,1,051551
,ARMECO----,0000639,2021/09/08,0.000,-750.0000,-37.5000,-74.8125,-750.0000,0.000000,0.0000,-750.0000,CIUSSS-MCQ,,,33200,08830,0000021020,,,TRUE,3EU5U1ZIL,1,051551
,QUINC-PORT,0000797,2021/09/08,0.000,1250.0000,62.5000,124.6875,1250.0000,0.000000,0.0000,1250.0000,CSS-ENERGI,,,33200,25001,0000021011,,,TRUE,VRX2Q56NL,1,051553
....................3,QUINC-PORT,0000797,2021/09/08,1.000,0.0000,0.0000,0.0000,0.0000,0.000000,0.0000,0.0000,CSS-ENERGI,,,33200,,0000021011,,,TRUE,VRX2Q56NL,1,051553
....................4,QUINC-PORT,0000797,2021/09/08,1.000,0.0000,0.0000,0.0000,0.0000,0.000000,0.0000,0.0000,CSS-ENERGI,,,33200,,0000021011,,,TRUE,VRX2Q56NL,1,051553
,QUINC-PORT,0000791,2021/09/09,0.000,3422.4000,171.1200,341.3844,3422.4000,0.000000,0.0000,3422.4000,CSS-ENERGI,,,33200,25001,0000021011,,,TRUE,SIUAHWXQY,1,051552
,MAC-BEDARD,0000532,2021/09/09,0.000,12500.0000,625.0000,1246.8750,12500.0000,0.000000,0.0000,12500.0000,MACH-PRONO,,,33500,04000,0000021018,,,TRUE,0XR3TH4PL,1,051680
....................3,QUINC-PORT,0000791,2021/09/09,1.000,0.0000,0.0000,0.0000,0.0000,0.000000,0.0000,0.0000,CSS-ENERGI,,,33200,,0000021011,,,TRUE,SIUAHWXQY,1,051552
....................3,MAC-BEDARD,0000532,2021/09/09,1.000,0.0000,0.0000,0.0000,0.0000,0.000000,0.0000,0.0000,MACH-PRONO,,,33200,,0000021018,,,TRUE,0XR3TH4PL,1,051680
....................4,QUINC-PORT,0000791,2021/09/09,1.000,0.0000,0.0000,0.0000,0.0000,0.000000,0.0000,0.0000,CSS-ENERGI,,,33200,,0000021011,,,TRUE,SIUAHWXQY,1,051552
....................4,MAC-BEDARD,0000532,2021/09/09,1.000,0.0000,0.0000,0.0000,0.0000,0.000000,0.0000,0.0000,MACH-PRONO,,,33200,,0000021018,,,TRUE,0XR3TH4PL,1,051680
....................3,COFF-BIONI,0000712,2021/09/10,1.000,0.0000,0.0000,0.0000,0.0000,0.000000,0.0000,0.0000,AGT-------,,,33200,,0000021013,,,FALSE,JBR2N8EV0,1,
....................4,COFF-BIONI,0000712,2021/09/10,1.000,0.0000,0.0000,0.0000,0.0000,0.000000,0.0000,0.0000,AGT-------,,,33200,,0000021013,,,FALSE,JBR2N8EV0,1,
,PEINT-DUPO,0000468,2021/09/16,0.000,4010.0000,200.5000,399.9975,4010.0000,0.000000,0.0000,4010.0000,CSS-ENERGI,,,33500,09910,0000021009,,,TRUE,I9F940E5X,1,051681
,SEVIGNY-EP,0000694,2021/09/17,0.000,15072.0000,753.6000,1503.4320,15072.0000,0.000000,0.0000,15072.0000,CIUSSS-T-R,,,33500,09300,0000021028,,,TRUE,8S756NYHM,1,051673
,REINE-COUV,0000071,2021/09/17,0.000,5060.7000,253.0350,504.8048,5060.7000,0.000000,0.0000,5060.7000,CIUSSS-ADM,,,33500,09650,0000020003,,,TRUE,ESG4I6243,1,051683
,REINE-COUV,0000070,2021/09/17,0.000,14920.0000,746.0000,1488.2700,14920.0000,0.000000,0.0000,14920.0000,CIUSSS-ADM,,,33200,10000,0000020003,,,TRUE,5NTL4D2EA,1,051684
,REINE-COUV,0000071,2021/09/17,0.000,16104.5700,805.2285,1606.4309,16104.5700,0.000000,0.0000,16104.5700,CIUSSS-ADM,,,33500,09650,0000020003,,,TRUE,1BIFSAJW0,1,051758
....................3,SEVIGNY-EP,0000694,2021/09/17,1.000,0.0000,0.0000,0.0000,0.0000,0.000000,0.0000,0.0000,CIUSSS-T-R,,,33200,,0000021028,,,TRUE,8S756NYHM,1,051673
....................3,REINE-COUV,0000070,2021/09/17,1.000,0.0000,0.0000,0.0000,0.0000,0.000000,0.0000,0.0000,CIUSSS-ADM,,,33200,,0000020003,,,TRUE,5NTL4D2EA,1,051684
....................4,SEVIGNY-EP,0000694,2021/09/17,1.000,0.0000,0.0000,0.0000,0.0000,0.000000,0.0000,0.0000,CIUSSS-T-R,,,33200,,0000021028,,,TRUE,8S756NYHM,1,051673
....................4,REINE-COUV,0000070,2021/09/17,1.000,0.0000,0.0000,0.0000,0.0000,0.000000,0.0000,0.0000,CIUSSS-ADM,,,33200,,0000020003,,,TRUE,5NTL4D2EA,1,051684
,QUINC-PORT,0000045,2021/09/18,0.000,1269.0000,63.4500,126.5828,1269.0000,0.000000,0.0000,1269.0000,CIUSSS-ADM,,,33500,08000,0000020003,,,TRUE,SRKRGK0AA,1,051685
,QUINC-PORT,0000045,2021/09/18,0.000,600.0000,30.0000,59.8500,600.0000,0.000000,0.0000,600.0000,CIUSSS-ADM,,,33500,08000,0000020003,,,TRUE,SRKRGK0AA,1,051685
,QUINC-PORT,0000045,2021/09/18,0.000,16300.0000,815.0000,1625.9250,16300.0000,0.000000,0.0000,16300.0000,CIUSSS-ADM,,,33200,08700,0000020003,,,TRUE,SRKRGK0AA,1,051685
,QUINC-PORT,0000045,2021/09/18,0.000,1300.0000,65.0000,129.6750,1300.0000,0.000000,0.0000,1300.0000,CIUSSS-ADM,,,33500,08000,0000020003,,,TRUE,83X9S7AGN,1,051686
,DEMBEC----,0000726,2021/09/20,0.000,21543.7500,1077.1875,2148.9891,21543.7500,0.000000,0.0000,21543.7500,CPE-ENTRE-,,,33500,02220,0000021029,,,TRUE,DEG0FKLRO,1,051682
....................3,DEMBEC----,0000726,2021/09/20,1.000,0.0000,0.0000,0.0000,0.0000,0.000000,0.0000,0.0000,CPE-ENTRE-,,,33200,,0000021029,,,TRUE,DEG0FKLRO,1,051682
....................4,DEMBEC----,0000726,2021/09/20,1.000,0.0000,0.0000,0.0000,0.0000,0.000000,0.0000,0.0000,CPE-ENTRE-,,,33200,,0000021029,,,TRUE,DEG0FKLRO,1,051682
,ASP-CONTRO,0000496,2021/09/21,0.000,10021.5000,501.0750,999.6446,10021.5000,0.000000,0.0000,10021.5000,CSS-ENERGI,,,33500,16000,0000021015,,,TRUE,9B8VOJLX0,1,051886
,REGULVAR--,0000688,2021/09/22,0.000,5938.2000,296.9100,592.3355,5938.2000,0.000000,0.0000,5938.2000,CIUSSS-T-R,,,33500,15000,0000021028,,,TRUE,SA7TJ7AWH,1,051675
,REGULVAR--,0000650,2021/09/22,0.000,8095.5000,404.7750,807.5261,8095.5000,0.000000,0.0000,8095.5000,CIUSSS-ADM,,,33500,13800,0000021026,,,TRUE,FDWC18QAD,1,051679
....................3,REGULVAR--,0000688,2021/09/22,1.000,0.0000,0.0000,0.0000,0.0000,0.000000,0.0000,0.0000,CIUSSS-T-R,,,33200,,0000021028,,,TRUE,SA7TJ7AWH,1,051675
....................3,REGULVAR--,0000650,2021/09/22,1.000,0.0000,0.0000,0.0000,0.0000,0.000000,0.0000,0.0000,CIUSSS-ADM,,,33200,,0000021026,,,TRUE,FDWC18QAD,1,051679
....................4,REGULVAR--,0000688,2021/09/22,1.000,0.0000,0.0000,0.0000,0.0000,0.000000,0.0000,0.0000,CIUSSS-T-R,,,33200,,0000021028,,,TRUE,SA7TJ7AWH,1,051675
....................4,REGULVAR--,0000650,2021/09/22,1.000,0.0000,0.0000,0.0000,0.0000,0.000000,0.0000,0.0000,CIUSSS-ADM,,,33200,,0000021026,,,TRUE,FDWC18QAD,1,051679
,SOLIDER---,0000668,2021/09/23,0.000,500.0000,25.0000,49.8750,500.0000,0.000000,0.0000,500.0000,MRC-MEKINA,,,33500,05500,0000021027,,,TRUE,EG5CX72OB,1,051672
,MULTI-ENER,0000644,2021/09/23,0.000,30200.0000,1510.0000,3012.4500,30200.0000,0.000000,0.0000,30200.0000,CIUSSS-ADM,,,33500,15000,0000021026,,,TRUE,W9P7QCJBN,1,051678
....................3,SOLIDER---,0000668,2021/09/23,1.000,0.0000,0.0000,0.0000,0.0000,0.000000,0.0000,0.0000,MRC-MEKINA,,,33200,,0000021027,,,TRUE,EG5CX72OB,1,051672
....................3,MULTI-ENER,0000644,2021/09/23,1.000,0.0000,0.0000,0.0000,0.0000,0.000000,0.0000,0.0000,CIUSSS-ADM,,,33200,,0000021026,,,TRUE,W9P7QCJBN,1,051678
....................4,SOLIDER---,0000668,2021/09/23,1.000,0.0000,0.0000,0.0000,0.0000,0.000000,0.0000,0.0000,MRC-MEKINA,,,33200,,0000021027,,,TRUE,EG5CX72OB,1,051672
....................4,MULTI-ENER,0000644,2021/09/23,1.000,0.0000,0.0000,0.0000,0.0000,0.000000,0.0000,0.0000,CIUSSS-ADM,,,33200,,0000021026,,,TRUE,W9P7QCJBN,1,051678
,PEINT-DUPO,0000695,2021/09/24,0.000,10000.0000,500.0000,997.5000,10000.0000,0.000000,0.0000,10000.0000,CIUSSS-T-R,,,33500,09910,0000021028,,,TRUE,HD1ZH6C1H,1,051668
,L-N-BEAUDO,0000810,2021/09/24,0.000,1093.0000,54.6500,109.0268,1093.0000,0.000000,0.0000,1093.0000,CIUSSS-T-R,,,33500,04000,0000021028,,,TRUE,BN9F5AAVZ,1,051669
,CLIMATISAT,0000691,2021/09/24,0.000,5793.7500,289.6875,577.9266,5793.7500,0.000000,0.0000,5793.7500,CIUSSS-T-R,,,33500,15000,0000021028,,,TRUE,38YUGX9NN,1,051674
,ENT-ARSENE,0000643,2021/09/24,0.000,38700.0000,1935.0000,3860.3250,38700.0000,0.000000,0.0000,38700.0000,CIUSSS-ADM,,,33500,15401,0000021026,,,TRUE,1W63T70QP,1,051676
....................3,PEINT-DUPO,0000695,2021/09/24,1.000,0.0000,0.0000,0.0000,0.0000,0.000000,0.0000,0.0000,CIUSSS-T-R,,,33200,,0000021028,,,TRUE,HD1ZH6C1H,1,051668
....................3,L-N-BEAUDO,0000810,2021/09/24,1.000,0.0000,0.0000,0.0000,0.0000,0.000000,0.0000,0.0000,CIUSSS-T-R,,,33200,,0000021028,,,TRUE,BN9F5AAVZ,1,051669
....................3,CLIMATISAT,0000691,2021/09/24,1.000,0.0000,0.0000,0.0000,0.0000,0.000000,0.0000,0.0000,CIUSSS-T-R,,,33200,,0000021028,,,TRUE,38YUGX9NN,1,051674
....................3,ENT-ARSENE,0000643,2021/09/24,1.000,0.0000,0.0000,0.0000,0.0000,0.000000,0.0000,0.0000,CIUSSS-ADM,,,33200,,0000021026,,,TRUE,1W63T70QP,1,051676
....................4,PEINT-DUPO,0000695,2021/09/24,1.000,0.0000,0.0000,0.0000,0.0000,0.000000,0.0000,0.0000,CIUSSS-T-R,,,33200,,0000021028,,,TRUE,HD1ZH6C1H,1,051668
....................4,L-N-BEAUDO,0000810,2021/09/24,1.000,0.0000,0.0000,0.0000,0.0000,0.000000,0.0000,0.0000,CIUSSS-T-R,,,33200,,0000021028,,,TRUE,BN9F5AAVZ,1,051669
....................4,CLIMATISAT,0000691,2021/09/24,1.000,0.0000,0.0000,0.0000,0.0000,0.000000,0.0000,0.0000,CIUSSS-T-R,,,33200,,0000021028,,,TRUE,38YUGX9NN,1,051674
....................4,ENT-ARSENE,0000643,2021/09/24,1.000,0.0000,0.0000,0.0000,0.0000,0.000000,0.0000,0.0000,CIUSSS-ADM,,,33200,,0000021026,,,TRUE,1W63T70QP,1,051676
,SCL-METAL-,0000686,2021/09/25,0.000,30000.0000,1500.0000,2992.5000,30000.0000,0.000000,0.0000,30000.0000,CIUSSS-T-R,,,33500,05500,0000021028,,,TRUE,RHS60A40W,1,051670
,VAL-MAURIC,0000645,2021/09/25,0.000,2665.0000,133.2500,265.8338,2665.0000,0.000000,0.0000,2665.0000,CIUSSS-ADM,,,33500,16000,0000021026,,,TRUE,TI0GLEJDU,1,051677
....................3,SCL-METAL-,0000686,2021/09/25,1.000,0.0000,0.0000,0.0000,0.0000,0.000000,0.0000,0.0000,CIUSSS-T-R,,,33200,,0000021028,,,TRUE,RHS60A40W,1,051670
....................3,VAL-MAURIC,0000645,2021/09/25,1.000,0.0000,0.0000,0.0000,0.0000,0.000000,0.0000,0.0000,CIUSSS-ADM,,,33200,,0000021026,,,TRUE,TI0GLEJDU,1,051677
....................4,SCL-METAL-,0000686,2021/09/25,1.000,0.0000,0.0000,0.0000,0.0000,0.000000,0.0000,0.0000,CIUSSS-T-R,,,33200,,0000021028,,,TRUE,RHS60A40W,1,051670
....................4,VAL-MAURIC,0000645,2021/09/25,1.000,0.0000,0.0000,0.0000,0.0000,0.000000,0.0000,0.0000,CIUSSS-ADM,,,33200,,0000021026,,,TRUE,TI0GLEJDU,1,051677
,MULTI-ENER,0000692,2021/09/27,0.000,54000.0000,2700.0000,5386.5000,54000.0000,0.000000,0.0000,54000.0000,CIUSSS-T-R,,,33500,15401,0000021028,,,TRUE,QYUALLCIW,1,051671
,MULTI-ENER,0000041,2021/09/27,0.000,12339.3900,616.9695,1230.8542,12339.3900,0.000000,0.0000,12339.3900,CIUSSS-ADM,,,33500,15401,0000020003,,,TRUE,P8GLEMX8U,1,051691
,MULTI-ENER,0000644,2021/09/27,0.000,335.7200,16.7860,33.4881,335.7200,0.000000,0.0000,335.7200,CIUSSS-ADM,,,33500,15000,0000021026,,,TRUE,GTMVIZJAJ,1,051763
....................3,MULTI-ENER,0000692,2021/09/27,1.000,0.0000,0.0000,0.0000,0.0000,0.000000,0.0000,0.0000,CIUSSS-T-R,,,33200,,0000021028,,,TRUE,QYUALLCIW,1,051671
....................4,MULTI-ENER,0000692,2021/09/27,1.000,0.0000,0.0000,0.0000,0.0000,0.000000,0.0000,0.0000,CIUSSS-T-R,,,33200,,0000021028,,,TRUE,QYUALLCIW,1,051671
,COFF-BIONI,0000712,2021/09/28,0.000,33338.8900,1666.9445,3325.5543,33338.8900,0.000000,0.0000,33338.8900,AGT-------,,,33500,03100,0000021013,,,TRUE,I7ZLGOEGB,1,051755
,CIMENTIER-,0000533,2021/09/28,0.000,7000.0000,350.0000,698.2500,7000.0000,0.000000,0.0000,7000.0000,MACH-PRONO,,,33500,03100,0000021018,,,TRUE,QMQ7SR28T,1,051761
,CIMENTIER-,0000533,2021/09/28,0.000,2000.0000,100.0000,199.5000,2000.0000,0.000000,0.0000,2000.0000,MACH-PRONO,,,33500,03100,0000021018,,,TRUE,QMQ7SR28T,1,051761
,CIMENTIER-,0000533,2021/09/28,0.000,1000.0000,50.0000,99.7500,1000.0000,0.000000,0.0000,1000.0000,MACH-PRONO,,,33500,03100,0000021018,,,TRUE,QMQ7SR28T,1,051761
,CIMENTIER-,0000775,2021/09/28,0.000,1500.0000,75.0000,149.6250,1500.0000,0.000000,0.0000,1500.0000,MACH-PRONO,,,33500,03100,0000021018,,,TRUE,2N1HCW5EO,1,051762
....................3,CIMENTIER-,0000533,2021/09/28,1.000,0.0000,0.0000,0.0000,0.0000,0.000000,0.0000,0.0000,MACH-PRONO,,,33200,,0000021018,,,TRUE,QMQ7SR28T,1,051761
....................3,CIMENTIER-,0000775,2021/09/28,1.000,0.0000,0.0000,0.0000,0.0000,0.000000,0.0000,0.0000,MACH-PRONO,,,33200,,0000021018,,,TRUE,2N1HCW5EO,1,051762
....................4,CIMENTIER-,0000533,2021/09/28,1.000,0.0000,0.0000,0.0000,0.0000,0.000000,0.0000,0.0000,MACH-PRONO,,,33200,,0000021018,,,TRUE,QMQ7SR28T,1,051761
....................4,CIMENTIER-,0000775,2021/09/28,1.000,0.0000,0.0000,0.0000,0.0000,0.000000,0.0000,0.0000,MACH-PRONO,,,33200,,0000021018,,,TRUE,2N1HCW5EO,1,051762
,ACIER-ATR-,0000713,2021/09/29,0.000,16820.0000,841.0000,1677.7950,16820.0000,0.000000,0.0000,16820.0000,AGT-------,,,33500,03100,0000021013,,,TRUE,DK2FPQ8DP,1,051756
,ACIER-ATR-,0000713,2021/09/29,0.000,11044.0000,552.2000,1101.6390,11044.0000,0.000000,0.0000,11044.0000,AGT-------,,,33500,03100,0000021013,,,TRUE,DK2FPQ8DP,1,051756
,GOUT-PT-QC,0000295,2021/09/29,0.000,1765.4000,88.2700,176.0987,1765.4000,0.000000,0.0000,1765.4000,CSS-CH-ROY,,,33200,05500,0000020013,,,TRUE,3BLJB074D,1,051760
,FORAGE-CBF,0000759,2021/09/29,0.000,54845.0000,2742.2500,5470.7888,54845.0000,0.000000,0.0000,54845.0000,CPE-CHEZ-M,,,33500,03000,0000021030,,,TRUE,CTCVDWDB2,1,051803
....................3,ACIER-ATR-,0000713,2021/09/29,1.000,0.0000,0.0000,0.0000,0.0000,0.000000,0.0000,0.0000,AGT-------,,,33200,,0000021013,,,TRUE,DK2FPQ8DP,1,051756
....................3,GOUT-PT-QC,0000295,2021/09/29,1.000,0.0000,0.0000,0.0000,0.0000,0.000000,0.0000,0.0000,CSS-CH-ROY,,,33200,,0000020013,,,TRUE,3BLJB074D,1,051760
....................3,FORAGE-CBF,0000759,2021/09/29,1.000,0.0000,0.0000,0.0000,0.0000,0.000000,0.0000,0.0000,CPE-CHEZ-M,,,33200,,0000021030,,,TRUE,CTCVDWDB2,1,051803
....................4,ACIER-ATR-,0000713,2021/09/29,1.000,0.0000,0.0000,0.0000,0.0000,0.000000,0.0000,0.0000,AGT-------,,,33200,,0000021013,,,TRUE,DK2FPQ8DP,1,051756
....................4,GOUT-PT-QC,0000295,2021/09/29,1.000,0.0000,0.0000,0.0000,0.0000,0.000000,0.0000,0.0000,CSS-CH-ROY,,,33200,,0000020013,,,TRUE,3BLJB074D,1,051760
....................4,FORAGE-CBF,0000759,2021/09/29,1.000,0.0000,0.0000,0.0000,0.0000,0.000000,0.0000,0.0000,CPE-CHEZ-M,,,33200,,0000021030,,,TRUE,CTCVDWDB2,1,051803
,F-DAIGLE--,0000702,2021/09/30,0.000,4275.0000,213.7500,426.4313,4275.0000,0.000000,0.0000,4275.0000,STEMA-PRO-,,,33200,08000,0000021012,,,TRUE,MISGE1RBD,1,051757
,F-DAIGLE--,0000702,2021/09/30,0.000,75.0000,3.7500,7.4813,75.0000,0.000000,0.0000,75.0000,STEMA-PRO-,,,33200,08000,0000021012,,,TRUE,MISGE1RBD,1,051757
,F-DAIGLE--,0000702,2021/09/30,0.000,190.0000,9.5000,18.9525,190.0000,0.000000,0.0000,190.0000,STEMA-PRO-,,,33200,08000,0000021012,,,TRUE,MISGE1RBD,1,051757
,F-DAIGLE--,0000702,2021/09/30,0.000,29.0000,1.4500,2.8928,29.0000,0.000000,0.0000,29.0000,STEMA-PRO-,,,33200,08000,0000021012,,,TRUE,MISGE1RBD,1,051757
,F-DAIGLE--,0000702,2021/09/30,0.000,180.0000,9.0000,17.9550,180.0000,0.000000,0.0000,180.0000,STEMA-PRO-,,,33200,08000,0000021012,,,TRUE,MISGE1RBD,1,051757
,F-DAIGLE--,0000702,2021/09/30,0.000,30.0000,1.5000,2.9925,30.0000,0.000000,0.0000,30.0000,STEMA-PRO-,,,33200,08000,0000021012,,,TRUE,MISGE1RBD,1,051757
,ARMECO----,0000693,2021/09/30,0.000,1075.0000,53.7500,107.2313,1075.0000,0.000000,0.0000,1075.0000,CIUSSS-T-R,,,33200,10000,0000021028,,,TRUE,G4IMJN66C,1,051764
,ENT-MAXIME,0000832,2021/09/30,0.000,6468.0000,323.4000,645.1830,6468.0000,0.000000,0.0000,6468.0000,CIUSSS-MCQ,,,33500,25001,0000021002,,,TRUE,GWTG3IBGD,1,051805
,ENT-MAXIME,0000727,2021/09/30,0.000,3900.0000,195.0000,389.0250,3900.0000,0.000000,0.0000,3900.0000,CPE-ENTRE-,,,33500,02300,0000021029,,,TRUE,GN30T6EAU,1,051885
,ENT-MAXIME,0000727,2021/09/30,0.000,3764.5000,188.2250,375.5089,3764.5000,0.000000,0.0000,3764.5000,CPE-ENTRE-,,,33500,02775,0000021029,,,TRUE,GN30T6EAU,1,051885
,CAP-ISOLAT,0000646,2021/09/30,0.000,13356.0000,667.8000,1332.2610,13356.0000,0.000000,0.0000,13356.0000,CIUSSS-ADM,,,33500,15000,0000021026,,,TRUE,D692YDVIA,1,051887
,CAP-ISOLAT,0000798,2021/09/30,0.000,5188.2500,259.4125,517.5279,5188.2500,0.000000,0.0000,5188.2500,MACH-PRONO,,,33500,25001,0000021018,,,TRUE,M0GEFRTP9,1,051888
....................3,F-DAIGLE--,0000702,2021/09/30,1.000,5.0000,0.2500,0.4988,5.0000,0.000000,0.0000,5.0000,STEMA-PRO-,,,33200,,0000021012,,,TRUE,MISGE1RBD,1,051757
....................3,ARMECO----,0000693,2021/09/30,1.000,0.0000,0.0000,0.0000,0.0000,0.000000,0.0000,0.0000,CIUSSS-T-R,,,33200,,0000021028,,,TRUE,G4IMJN66C,1,051764
....................3,ENT-MAXIME,0000832,2021/09/30,1.000,0.0000,0.0000,0.0000,0.0000,0.000000,0.0000,0.0000,CIUSSS-MCQ,,,33200,,0000021002,,,TRUE,GWTG3IBGD,1,051805
....................3,ENT-MAXIME,0000727,2021/09/30,1.000,0.0000,0.0000,0.0000,0.0000,0.000000,0.0000,0.0000,CPE-ENTRE-,,,33200,,0000021029,,,TRUE,GN30T6EAU,1,051885
....................3,CAP-ISOLAT,0000646,2021/09/30,1.000,0.0000,0.0000,0.0000,0.0000,0.000000,0.0000,0.0000,CIUSSS-ADM,,,33200,,0000021026,,,TRUE,D692YDVIA,1,051887
....................3,CAP-ISOLAT,0000798,2021/09/30,1.000,0.0000,0.0000,0.0000,0.0000,0.000000,0.0000,0.0000,MACH-PRONO,,,33200,,0000021018,,,TRUE,M0GEFRTP9,1,051888
....................4,F-DAIGLE--,0000702,2021/09/30,1.000,0.0000,0.0000,0.0000,0.0000,0.000000,0.0000,0.0000,STEMA-PRO-,,,33200,,0000021012,,,TRUE,MISGE1RBD,1,051757
....................4,ARMECO----,0000693,2021/09/30,1.000,0.0000,0.0000,0.0000,0.0000,0.000000,0.0000,0.0000,CIUSSS-T-R,,,33200,,0000021028,,,TRUE,G4IMJN66C,1,051764
....................4,ENT-MAXIME,0000832,2021/09/30,1.000,0.0000,0.0000,0.0000,0.0000,0.000000,0.0000,0.0000,CIUSSS-MCQ,,,33200,,0000021002,,,TRUE,GWTG3IBGD,1,051805
....................4,ENT-MAXIME,0000727,2021/09/30,1.000,0.0000,0.0000,0.0000,0.0000,0.000000,0.0000,0.0000,CPE-ENTRE-,,,33200,,0000021029,,,TRUE,GN30T6EAU,1,051885
....................4,CAP-ISOLAT,0000646,2021/09/30,1.000,0.0000,0.0000,0.0000,0.0000,0.000000,0.0000,0.0000,CIUSSS-ADM,,,33200,,0000021026,,,TRUE,D692YDVIA,1,051887
....................4,CAP-ISOLAT,0000798,2021/09/30,1.000,0.0000,0.0000,0.0000,0.0000,0.000000,0.0000,0.0000,MACH-PRONO,,,33200,,0000021018,,,TRUE,M0GEFRTP9,1,051888
,REINE-COUV,0000071,2021/10/01,0.000,2015.0000,100.7500,200.9963,2015.0000,0.000000,0.0000,2015.0000,CIUSSS-ADM,,,33500,09310,0000020003,,,TRUE,H80IYNG05,1,051759
,REINE-COUV,0000070,2021/10/01,0.000,10650.0000,532.5000,1062.3375,10650.0000,0.000000,0.0000,10650.0000,CIUSSS-ADM,,,33200,10000,0000020003,,,TRUE,Z7TI20O2Y,1,051797
,AUDET-----,0000417,2021/10/01,0.000,24604.6500,1230.2325,2454.3138,24604.6500,0.000000,0.0000,24604.6500,CIUSSS-ADM,,,33500,06400,0000020003,,,TRUE,VP6I4XD8S,1,051966
,STORE-EVOL,0000204,2021/10/01,0.000,5975.0000,298.7500,596.0063,5975.0000,0.000000,0.0000,5975.0000,C-S-CH-ROY,,,33200,12000,0000020013,,,TRUE,3FKVIWBA0,1,052021
,ASP-CONTRO,0000039,2021/10/01,0.000,17550.0000,877.5000,1750.6125,17550.0000,0.000000,0.0000,17550.0000,CIUSSS-ADM,,,33500,16000,0000020003,,,TRUE,E87KOCC8J,1,052241
....................3,STORE-EVOL,0000204,2021/10/01,1.000,0.0000,0.0000,0.0000,0.0000,0.000000,0.0000,0.0000,C-S-CH-ROY,,,33200,,0000020013,,,TRUE,3FKVIWBA0,1,052021
....................4,STORE-EVOL,0000204,2021/10/01,1.000,0.0000,0.0000,0.0000,0.0000,0.000000,0.0000,0.0000,C-S-CH-ROY,,,33200,,0000020013,,,TRUE,3FKVIWBA0,1,052021
,MEI-------,0000616,2021/10/05,0.000,7800.0000,390.0000,778.0500,7800.0000,0.000000,0.0000,7800.0000,9149-7818-,,,33500,03000,0000019040,,,TRUE,93KSWZX0C,1,051807
,MEI-------,0000616,2021/10/05,0.000,622.0500,31.1025,62.0495,622.0500,0.000000,0.0000,622.0500,9149-7818-,,,33500,03000,0000019040,,,TRUE,93KSWZX0C,1,051807
,MEI-------,0000616,2021/10/05,0.000,82.5000,4.1250,8.2294,82.5000,0.000000,0.0000,82.5000,9149-7818-,,,33500,03000,0000019040,,,TRUE,93KSWZX0C,1,051807
,D-MATTEAU-,0000500,2021/10/05,0.000,19500.0000,975.0000,1945.1250,19500.0000,0.000000,0.0000,19500.0000,CSS-ENERGI,,,33500,04000,0000021015,,,TRUE,VHVU2N1X2,1,051891
....................3,MEI-------,0000616,2021/10/05,1.000,0.0000,0.0000,0.0000,0.0000,0.000000,0.0000,0.0000,9149-7818-,,,33200,,0000019040,,,TRUE,93KSWZX0C,1,051807
....................3,D-MATTEAU-,0000500,2021/10/05,1.000,0.0000,0.0000,0.0000,0.0000,0.000000,0.0000,0.0000,CSS-ENERGI,,,33200,,0000021015,,,TRUE,VHVU2N1X2,1,051891
....................4,MEI-------,0000616,2021/10/05,1.000,0.0000,0.0000,0.0000,0.0000,0.000000,0.0000,0.0000,9149-7818-,,,33200,,0000019040,,,TRUE,93KSWZX0C,1,051807
....................4,D-MATTEAU-,0000500,2021/10/05,1.000,0.0000,0.0000,0.0000,0.0000,0.000000,0.0000,0.0000,CSS-ENERGI,,,33200,,0000021015,,,TRUE,VHVU2N1X2,1,051891
,ENT-MAXIME,0000794,2021/10/06,0.000,1551.0000,77.5500,154.7123,1551.0000,0.000000,0.0000,1551.0000,CIUSSS-MCQ,,,33500,25001,0000021002,,,TRUE,CS1O6A2IJ,1,051806
,ENT-MAXIME,0000794,2021/10/06,0.000,5137.0000,256.8500,512.4158,5137.0000,0.000000,0.0000,5137.0000,CIUSSS-MCQ,,,33500,25001,0000021002,,,TRUE,CS1O6A2IJ,1,051806
,ENT-MAXIME,0000794,2021/10/06,0.000,-250.0000,-12.5000,-24.9375,-250.0000,0.000000,0.0000,-250.0000,CIUSSS-MCQ,,,33500,25001,0000021002,,,TRUE,CS1O6A2IJ,1,051806
....................3,ENT-MAXIME,0000794,2021/10/06,1.000,0.0000,0.0000,0.0000,0.0000,0.000000,0.0000,0.0000,CIUSSS-MCQ,,,33200,,0000021002,,,TRUE,CS1O6A2IJ,1,051806
....................4,ENT-MAXIME,0000794,2021/10/06,1.000,0.0000,0.0000,0.0000,0.0000,0.000000,0.0000,0.0000,CIUSSS-MCQ,,,33200,,0000021002,,,TRUE,CS1O6A2IJ,1,051806
,FRANCO----,0000799,2021/10/07,0.000,4750.0000,237.5000,473.8125,4750.0000,0.000000,0.0000,4750.0000,MACH-PRONO,,,33500,07000,0000021018,,,TRUE,MK01U1H2D,1,051802
....................3,FRANCO----,0000799,2021/10/07,1.000,0.0000,0.0000,0.0000,0.0000,0.000000,0.0000,0.0000,MACH-PRONO,,,33200,,0000021018,,,TRUE,MK01U1H2D,1,051802
....................4,FRANCO----,0000799,2021/10/07,1.000,0.0000,0.0000,0.0000,0.0000,0.000000,0.0000,0.0000,MACH-PRONO,,,33200,,0000021018,,,TRUE,MK01U1H2D,1,051802
,REINE-COUV,0000561,2021/10/08,0.000,279.9400,13.9970,27.9240,279.9400,0.000000,0.0000,279.9400,CIUSSS-ADM,,,33500,25001,0000020003,,,TRUE,X0ZO9TI31,1,051798
,SCIAGE-ROB,0000840,2021/10/08,0.000,1190.0000,59.5000,118.7025,1190.0000,0.000000,0.0000,1190.0000,CPE-ENTRE-,,,33500,25001,0000021029,,,TRUE,J8W1F8NAJ,1,052014
....................3,REINE-COUV,0000561,2021/10/08,1.000,0.0000,0.0000,0.0000,0.0000,0.000000,0.0000,0.0000,CIUSSS-ADM,,,33200,,0000020003,,,TRUE,X0ZO9TI31,1,051798
....................3,SCIAGE-ROB,0000840,2021/10/08,1.000,0.0000,0.0000,0.0000,0.0000,0.000000,0.0000,0.0000,CPE-ENTRE-,,,33200,,0000021029,,,TRUE,J8W1F8NAJ,1,052014
....................4,REINE-COUV,0000561,2021/10/08,1.000,0.0000,0.0000,0.0000,0.0000,0.000000,0.0000,0.0000,CIUSSS-ADM,,,33200,,0000020003,,,TRUE,X0ZO9TI31,1,051798
....................4,SCIAGE-ROB,0000840,2021/10/08,1.000,0.0000,0.0000,0.0000,0.0000,0.000000,0.0000,0.0000,CPE-ENTRE-,,,33200,,0000021029,,,TRUE,J8W1F8NAJ,1,052014
,PEINT-DUPO,0000529,2021/10/13,0.000,5275.0000,263.7500,526.1813,5275.0000,0.000000,0.0000,5275.0000,MACH-PRONO,,,33500,09910,0000021018,,,TRUE,0HEEV4MCO,1,051890
,CLIMAT-T-R,0000807,2021/10/13,0.000,8100.0000,405.0000,807.9750,8100.0000,0.000000,0.0000,8100.0000,MRC-MEKINA,,,33500,25001,0000021027,,,TRUE,RXEKJEGVT,1,052248
,CLIMAT-T-R,0000807,2021/10/13,0.000,4914.5000,245.7250,490.2214,4914.5000,0.000000,0.0000,4914.5000,MRC-MEKINA,,,33500,25001,0000021027,,,TRUE,RXEKJEGVT,1,052248
....................3,PEINT-DUPO,0000529,2021/10/13,1.000,0.0000,0.0000,0.0000,0.0000,0.000000,0.0000,0.0000,MACH-PRONO,,,33200,,0000021018,,,TRUE,0HEEV4MCO,1,051890
....................3,CLIMAT-T-R,0000807,2021/10/13,1.000,0.0000,0.0000,0.0000,0.0000,0.000000,0.0000,0.0000,MRC-MEKINA,,,33200,,0000021027,,,TRUE,RXEKJEGVT,1,052248
....................4,PEINT-DUPO,0000529,2021/10/13,1.000,0.0000,0.0000,0.0000,0.0000,0.000000,0.0000,0.0000,MACH-PRONO,,,33200,,0000021018,,,TRUE,0HEEV4MCO,1,051890
....................4,CLIMAT-T-R,0000807,2021/10/13,1.000,0.0000,0.0000,0.0000,0.0000,0.000000,0.0000,0.0000,MRC-MEKINA,,,33200,,0000021027,,,TRUE,RXEKJEGVT,1,052248
,COMETAL---,0000682,2021/10/15,0.000,1720.0000,86.0000,171.5700,1720.0000,0.000000,0.0000,1720.0000,MRC-MEKINA,,,33200,15401,0000021027,,,TRUE,4RV82LAEF,1,051964
,COMETAL---,0000682,2021/10/15,0.000,-425.0000,-21.2500,-42.3938,-425.0000,0.000000,0.0000,-425.0000,MRC-MEKINA,,,33200,15401,0000021027,,,TRUE,4RV82LAEF,1,051964
,SCL-METAL-,0000466,2021/10/15,0.000,44450.0000,2222.5000,4433.8875,44450.0000,0.000000,0.0000,44450.0000,CSS-ENERGI,,,33200,05500,0000021009,,,TRUE,4AZF6LM8T,1,051990
....................3,COMETAL---,0000682,2021/10/15,1.000,0.0000,0.0000,0.0000,0.0000,0.000000,0.0000,0.0000,MRC-MEKINA,,,33200,,0000021027,,,TRUE,4RV82LAEF,1,051964
....................4,COMETAL---,0000682,2021/10/15,1.000,0.0000,0.0000,0.0000,0.0000,0.000000,0.0000,0.0000,MRC-MEKINA,,,33200,,0000021027,,,TRUE,4RV82LAEF,1,051964
,AF-ELECTRI,0000796,2021/10/19,0.000,6308.5600,315.4280,629.2789,6308.5600,0.000000,0.0000,6308.5600,CSS-ENERGI,,,33500,25001,0000021011,,,TRUE,DCGY05YNU,1,051961
,VAILLANCOU,0000569,2021/10/19,0.000,81860.0000,4093.0000,8165.5350,81860.0000,0.000000,0.0000,81860.0000,MUN-ST-ELI,,,33500,07330,0000021021,,,TRUE,GKQZC768F,1,051962
,VAILLANCOU,0000569,2021/10/19,0.000,4240.0000,212.0000,422.9400,4240.0000,0.000000,0.0000,4240.0000,MUN-ST-ELI,,,33500,07330,0000021021,,,TRUE,GKQZC768F,1,051962
,VAILLANCOU,0000569,2021/10/19,0.000,1000.0000,50.0000,99.7500,1000.0000,0.000000,0.0000,1000.0000,MUN-ST-ELI,,,33500,07330,0000021021,,,TRUE,GKQZC768F,1,051962
,AF-ELECTRI,0000795,2021/10/19,0.000,1656.0000,82.8000,165.1860,1656.0000,0.000000,0.0000,1656.0000,CSS-ENERGI,,,33500,25001,0000021011,,,TRUE,CRTENKWAU,1,051963
,PORTES-RO-,0000546,2021/10/19,0.000,48986.0000,2449.3000,4886.3535,48986.0000,0.000000,0.0000,48986.0000,MACH-PRONO,,,33500,08370,0000021018,,,TRUE,R69XW84EX,1,052013
....................3,AF-ELECTRI,0000796,2021/10/19,1.000,0.0000,0.0000,0.0000,0.0000,0.000000,0.0000,0.0000,CSS-ENERGI,,,33200,,0000021011,,,TRUE,DCGY05YNU,1,051961
....................3,VAILLANCOU,0000569,2021/10/19,1.000,0.0000,0.0000,0.0000,0.0000,0.000000,0.0000,0.0000,MUN-ST-ELI,,,33200,,0000021021,,,TRUE,GKQZC768F,1,051962
....................3,AF-ELECTRI,0000795,2021/10/19,1.000,0.0000,0.0000,0.0000,0.0000,0.000000,0.0000,0.0000,CSS-ENERGI,,,33200,,0000021011,,,TRUE,CRTENKWAU,1,051963
....................3,PORTES-RO-,0000546,2021/10/19,1.000,0.0000,0.0000,0.0000,0.0000,0.000000,0.0000,0.0000,MACH-PRONO,,,33200,,0000021018,,,TRUE,R69XW84EX,1,052013
....................4,AF-ELECTRI,0000796,2021/10/19,1.000,0.0000,0.0000,0.0000,0.0000,0.000000,0.0000,0.0000,CSS-ENERGI,,,33200,,0000021011,,,TRUE,DCGY05YNU,1,051961
....................4,VAILLANCOU,0000569,2021/10/19,1.000,0.0000,0.0000,0.0000,0.0000,0.000000,0.0000,0.0000,MUN-ST-ELI,,,33200,,0000021021,,,TRUE,GKQZC768F,1,051962
....................4,AF-ELECTRI,0000795,2021/10/19,1.000,0.0000,0.0000,0.0000,0.0000,0.000000,0.0000,0.0000,CSS-ENERGI,,,33200,,0000021011,,,TRUE,CRTENKWAU,1,051963
....................4,PORTES-RO-,0000546,2021/10/19,1.000,0.0000,0.0000,0.0000,0.0000,0.000000,0.0000,0.0000,MACH-PRONO,,,33200,,0000021018,,,TRUE,R69XW84EX,1,052013
,REINE-COUV,0000070,2021/10/21,0.000,12430.0000,621.5000,1239.8925,12430.0000,0.000000,0.0000,12430.0000,CIUSSS-ADM,,,33200,10000,0000020003,,,TRUE,8MDG81957,1,051965
,AUDET-----,0000417,2021/10/21,0.000,94160.0000,4708.0000,9392.4600,94160.0000,0.000000,0.0000,94160.0000,CIUSSS-ADM,,,33500,06400,0000020003,,,TRUE,MV2B8DFNM,1,051967
,REGULVAR--,0000688,2021/10/21,0.000,20783.7000,1039.1850,2073.1741,20783.7000,0.000000,0.0000,20783.7000,CIUSSS-T-R,,,33500,15000,0000021028,,,TRUE,PTTMR37JA,1,051969
,VAILLANCOU,0000846,2021/10/21,0.000,8750.0000,437.5000,872.8125,8750.0000,0.000000,0.0000,8750.0000,MUN-ST-ELI,,,33500,25001,0000021021,,,TRUE,KO7P97E2Z,1,051970
,REGULVAR--,0000650,2021/10/21,0.000,8095.5000,404.7750,807.5261,8095.5000,0.000000,0.0000,8095.5000,CIUSSS-ADM,,,33500,13800,0000021026,,,TRUE,7EV8GU0JX,1,051998
....................3,VAILLANCOU,0000846,2021/10/21,1.000,0.0000,0.0000,0.0000,0.0000,0.000000,0.0000,0.0000,MUN-ST-ELI,,,33200,,0000021021,,,TRUE,KO7P97E2Z,1,051970
....................4,VAILLANCOU,0000846,2021/10/21,1.000,0.0000,0.0000,0.0000,0.0000,0.000000,0.0000,0.0000,MUN-ST-ELI,,,33200,,0000021021,,,TRUE,KO7P97E2Z,1,051970
,MARC-COSSE,0000575,2021/10/22,0.000,4500.0000,225.0000,448.8750,4500.0000,0.000000,0.0000,4500.0000,MUN-ST-ELI,,,33500,16000,0000021021,,,TRUE,DM9SKEQ80,1,051971
,MULTI-ENER,0000644,2021/10/22,0.000,44200.0000,2210.0000,4408.9500,44200.0000,0.000000,0.0000,44200.0000,CIUSSS-ADM,,,33500,15000,0000021026,,,TRUE,RT5CLLOSU,1,051991
,MULTI-ENER,0000828,2021/10/22,0.000,1112.0500,55.6025,110.9270,1112.0500,0.000000,0.0000,1112.0500,CIUSSS-ADM,,,33500,25001,0000021026,,,TRUE,KG09VEYP7,1,051992
....................3,MULTI-ENER,0000828,2021/10/22,1.000,0.0000,0.0000,0.0000,0.0000,0.000000,0.0000,0.0000,CIUSSS-ADM,,,33200,,0000021026,,,TRUE,KG09VEYP7,1,051992
....................4,MULTI-ENER,0000828,2021/10/22,1.000,0.0000,0.0000,0.0000,0.0000,0.000000,0.0000,0.0000,CIUSSS-ADM,,,33200,,0000021026,,,TRUE,KG09VEYP7,1,051992
,VAL-MAURIC,0000645,2021/10/25,0.000,5000.0000,250.0000,498.7500,5000.0000,0.000000,0.0000,5000.0000,CIUSSS-ADM,,,33500,16000,0000021026,,,TRUE,051RX6627,1,051968
,VAL-MAURIC,0000625,2021/10/25,0.000,56500.0000,2825.0000,5635.8750,56500.0000,0.000000,0.0000,56500.0000,CIUSSS-MCQ,,,33500,25001,0000021002,,,TRUE,27AYP3904,1,051972
,VAL-MAURIC,0000831,2021/10/25,0.000,310.0000,15.5000,30.9225,310.0000,0.000000,0.0000,310.0000,CIUSSS-MCQ,,,33500,25001,0000021002,,,TRUE,Q02ZOQGVA,1,051973
,CLIMATISAT,0000784,2021/10/25,0.000,22104.0000,1105.2000,2204.8740,22104.0000,0.000000,0.0000,22104.0000,CIUSSS-MCQ,,,33500,15000,0000021032,,,TRUE,RA5LAVZWP,1,051993
,MORAND-EXC,0000716,2021/10/25,0.000,3680.0000,184.0000,367.0800,3680.0000,0.000000,0.0000,3680.0000,CSS-ENERGI,,,33500,25001,0000021009,,,TRUE,TMDZR04LN,1,051994
,MORAND-EXC,0000471,2021/10/25,0.000,29000.0000,1450.0000,2892.7500,29000.0000,0.000000,0.0000,29000.0000,CSS-ENERGI,,,33500,03000,0000021009,,,TRUE,YF6QY53BA,1,051995
,VITR-ASBES,0000159,2021/10/25,0.000,14999.7000,749.9850,1496.2201,14999.7000,0.000000,0.0000,14999.7000,C-S-CH-ROY,,,33500,08520,0000020013,,,TRUE,NKVQA86F0,1,052017
,PEINT-DUPO,0000695,2021/10/25,0.000,7200.0000,360.0000,718.2000,7200.0000,0.000000,0.0000,7200.0000,CIUSSS-T-R,,,33500,09910,0000021028,,,TRUE,QBZZKKWE7,1,052034
,VAL-MAURIC,0000679,2021/10/25,0.000,600.0000,30.0000,59.8500,600.0000,0.000000,0.0000,600.0000,MRC-MEKINA,,,33500,16000,0000021027,,,TRUE,2EKUDH12I,1,052193
,TISSUS-DEC,0000803,2021/10/25,0.000,1190.0000,59.5000,118.7025,1190.0000,0.000000,0.0000,1190.0000,CSS-ENERGI,,,33500,25001,0000021010,,,TRUE,KZ1T5ILA8,1,052196
....................3,VAL-MAURIC,0000625,2021/10/25,1.000,0.0000,0.0000,0.0000,0.0000,0.000000,0.0000,0.0000,CIUSSS-MCQ,,,33200,,0000021002,,,TRUE,27AYP3904,1,051972
....................3,VAL-MAURIC,0000831,2021/10/25,1.000,0.0000,0.0000,0.0000,0.0000,0.000000,0.0000,0.0000,CIUSSS-MCQ,,,33200,,0000021002,,,TRUE,Q02ZOQGVA,1,051973
....................3,CLIMATISAT,0000784,2021/10/25,1.000,0.0000,0.0000,0.0000,0.0000,0.000000,0.0000,0.0000,CIUSSS-MCQ,,,33200,,0000021032,,,TRUE,RA5LAVZWP,1,051993
....................3,MORAND-EXC,0000716,2021/10/25,1.000,0.0000,0.0000,0.0000,0.0000,0.000000,0.0000,0.0000,CSS-ENERGI,,,33200,,0000021009,,,TRUE,TMDZR04LN,1,051994
....................3,MORAND-EXC,0000471,2021/10/25,1.000,0.0000,0.0000,0.0000,0.0000,0.000000,0.0000,0.0000,CSS-ENERGI,,,33200,,0000021009,,,TRUE,YF6QY53BA,1,051995
....................3,VAL-MAURIC,0000679,2021/10/25,1.000,0.0000,0.0000,0.0000,0.0000,0.000000,0.0000,0.0000,MRC-MEKINA,,,33200,,0000021027,,,TRUE,2EKUDH12I,1,052193
....................3,TISSUS-DEC,0000803,2021/10/25,1.000,0.0000,0.0000,0.0000,0.0000,0.000000,0.0000,0.0000,CSS-ENERGI,,,33200,,0000021010,,,TRUE,KZ1T5ILA8,1,052196
....................4,VAL-MAURIC,0000625,2021/10/25,1.000,0.0000,0.0000,0.0000,0.0000,0.000000,0.0000,0.0000,CIUSSS-MCQ,,,33200,,0000021002,,,TRUE,27AYP3904,1,051972
....................4,VAL-MAURIC,0000831,2021/10/25,1.000,0.0000,0.0000,0.0000,0.0000,0.000000,0.0000,0.0000,CIUSSS-MCQ,,,33200,,0000021002,,,TRUE,Q02ZOQGVA,1,051973
....................4,CLIMATISAT,0000784,2021/10/25,1.000,0.0000,0.0000,0.0000,0.0000,0.000000,0.0000,0.0000,CIUSSS-MCQ,,,33200,,0000021032,,,TRUE,RA5LAVZWP,1,051993
....................4,MORAND-EXC,0000716,2021/10/25,1.000,0.0000,0.0000,0.0000,0.0000,0.000000,0.0000,0.0000,CSS-ENERGI,,,33200,,0000021009,,,TRUE,TMDZR04LN,1,051994
....................4,MORAND-EXC,0000471,2021/10/25,1.000,0.0000,0.0000,0.0000,0.0000,0.000000,0.0000,0.0000,CSS-ENERGI,,,33200,,0000021009,,,TRUE,YF6QY53BA,1,051995
....................4,TISSUS-DEC,0000803,2021/10/25,1.000,0.0000,0.0000,0.0000,0.0000,0.000000,0.0000,0.0000,CSS-ENERGI,,,33200,,0000021010,,,TRUE,KZ1T5ILA8,1,052196
,ENT-ARSENE,0000643,2021/10/26,0.000,18882.0000,944.1000,1883.4795,18882.0000,0.000000,0.0000,18882.0000,CIUSSS-ADM,,,33500,15401,0000021026,,,TRUE,SJO9DVR6E,1,051996
,MULTI-ENER,0000692,2021/10/27,0.000,54000.0000,2700.0000,5386.5000,54000.0000,0.000000,0.0000,54000.0000,CIUSSS-T-R,,,33500,15000,0000021028,,,TRUE,JBXRC84KV,1,051953
,QUINC-PORT,0000792,2021/10/27,0.000,1864.0400,93.2020,185.9380,1864.0400,0.000000,0.0000,1864.0400,CSS-ENERGI,,,33200,25001,0000021011,,,TRUE,W7KFE87S1,1,051999
,REINE-COUV,0000071,2021/10/27,0.000,1807.4000,90.3700,180.2882,1807.4000,0.000000,0.0000,1807.4000,CIUSSS-ADM,,,33500,09650,0000020003,,,TRUE,VBRUY38U8,1,052018
,REINE-COUV,0000071,2021/10/27,0.000,1337.3600,66.8680,133.4017,1337.3600,0.000000,0.0000,1337.3600,CIUSSS-ADM,,,33500,09310,0000020003,,,TRUE,7PFBNIPNJ,1,052019
,REINE-COUV,0000071,2021/10/27,0.000,9013.5500,450.6775,899.1016,9013.5500,0.000000,0.0000,9013.5500,CIUSSS-ADM,,,33500,09650,0000020003,,,TRUE,7PFBNIPNJ,1,052019
,REINE-COUV,0000750,2021/10/27,0.000,739.2200,36.9610,73.7372,739.2200,0.000000,0.0000,739.2200,CIUSSS-ADM,,,33500,25001,0000020003,,,TRUE,9HD9QT9MB,1,052020
,MULTI-ENER,0000856,2021/10/27,0.000,-193.0300,-9.6515,-19.2547,-193.0300,0.000000,0.0000,-193.0300,CIUSSS-ADM,,,33500,25001,0000020003,,,TRUE,YZDZXBNNF,1,052022
,MULTI-ENER,0000826,2021/10/27,0.000,578.0300,28.9015,57.6585,578.0300,0.000000,0.0000,578.0300,CIUSSS-ADM,,,33500,25001,0000020003,,,TRUE,D3AUVJJT9,1,052023
,MULTI-ENER,0000692,2021/10/27,0.000,103000.0000,5150.0000,10274.2500,103000.0000,0.000000,0.0000,103000.0000,CIUSSS-T-R,,,33500,15000,0000021028,,,TRUE,9SY2ND5DQ,1,052031
....................3,QUINC-PORT,0000792,2021/10/27,1.000,0.0000,0.0000,0.0000,0.0000,0.000000,0.0000,0.0000,CSS-ENERGI,,,33200,,0000021011,,,TRUE,W7KFE87S1,1,051999
....................3,REINE-COUV,0000750,2021/10/27,1.000,0.0000,0.0000,0.0000,0.0000,0.000000,0.0000,0.0000,CIUSSS-ADM,,,33200,,0000020003,,,TRUE,9HD9QT9MB,1,052020
....................3,MULTI-ENER,0000856,2021/10/27,1.000,0.0000,0.0000,0.0000,0.0000,0.000000,0.0000,0.0000,CIUSSS-ADM,,,33200,,0000020003,,,TRUE,YZDZXBNNF,1,052022
....................3,MULTI-ENER,0000826,2021/10/27,1.000,0.0000,0.0000,0.0000,0.0000,0.000000,0.0000,0.0000,CIUSSS-ADM,,,33200,,0000020003,,,TRUE,D3AUVJJT9,1,052023
....................4,QUINC-PORT,0000792,2021/10/27,1.000,0.0000,0.0000,0.0000,0.0000,0.000000,0.0000,0.0000,CSS-ENERGI,,,33200,,0000021011,,,TRUE,W7KFE87S1,1,051999
....................4,REINE-COUV,0000750,2021/10/27,1.000,0.0000,0.0000,0.0000,0.0000,0.000000,0.0000,0.0000,CIUSSS-ADM,,,33200,,0000020003,,,TRUE,9HD9QT9MB,1,052020
....................4,MULTI-ENER,0000856,2021/10/27,1.000,0.0000,0.0000,0.0000,0.0000,0.000000,0.0000,0.0000,CIUSSS-ADM,,,33200,,0000020003,,,TRUE,YZDZXBNNF,1,052022
....................4,MULTI-ENER,0000826,2021/10/27,1.000,0.0000,0.0000,0.0000,0.0000,0.000000,0.0000,0.0000,CIUSSS-ADM,,,33200,,0000020003,,,TRUE,D3AUVJJT9,1,052023
,VITR-ASBES,0000506,2021/10/28,0.000,1004.4000,50.2200,100.1889,1004.4000,0.000000,0.0000,1004.4000,CSS-ENERGI,,,33500,08000,0000021015,,,TRUE,K648BQBFG,1,052001
,E.M.U.----,0000640,2021/10/28,0.000,350.0000,17.5000,34.9125,350.0000,0.000000,0.0000,350.0000,MACH-PRONO,,,33500,25001,0000021018,,,TRUE,IU8YPRQ3V,1,052012
,CIMENTIER-,0000834,2021/10/28,0.000,19000.0000,950.0000,1895.2500,19000.0000,0.000000,0.0000,19000.0000,AGT-------,,,33500,03000,0000021013,,,TRUE,1VOQW27JW,1,052024
,CIMENTIER-,0000834,2021/10/28,0.000,4000.0000,200.0000,399.0000,4000.0000,0.000000,0.0000,4000.0000,AGT-------,,,33500,03000,0000021013,,,TRUE,1VOQW27JW,1,052024
....................3,E.M.U.----,0000640,2021/10/28,1.000,0.0000,0.0000,0.0000,0.0000,0.000000,0.0000,0.0000,MACH-PRONO,,,33200,,0000021018,,,TRUE,IU8YPRQ3V,1,052012
....................3,CIMENTIER-,0000834,2021/10/28,1.000,0.0000,0.0000,0.0000,0.0000,0.000000,0.0000,0.0000,AGT-------,,,33200,,0000021013,,,TRUE,1VOQW27JW,1,052024
....................4,E.M.U.----,0000640,2021/10/28,1.000,0.0000,0.0000,0.0000,0.0000,0.000000,0.0000,0.0000,MACH-PRONO,,,33200,,0000021018,,,TRUE,IU8YPRQ3V,1,052012
....................4,CIMENTIER-,0000834,2021/10/28,1.000,0.0000,0.0000,0.0000,0.0000,0.000000,0.0000,0.0000,AGT-------,,,33200,,0000021013,,,TRUE,1VOQW27JW,1,052024
,PLOMB-CRT-,0000838,2021/10/29,0.000,5409.0000,270.4500,539.5478,5409.0000,0.000000,0.0000,5409.0000,CPE-ENTRE-,,,33500,25001,0000021029,,,TRUE,W6Z1UM5NJ,1,052016
,SIDE-ACOUS,0000800,2021/10/29,0.000,43000.0000,2150.0000,4289.2500,43000.0000,0.000000,0.0000,43000.0000,AGT-------,,,33500,09200,0000021013,,,TRUE,MS1SPD1Z5,1,052025
,ACIER-ATR-,0000760,2021/10/29,0.000,47700.0000,2385.0000,4758.0750,47700.0000,0.000000,0.0000,47700.0000,CPE-CHEZ-M,,,33500,03000,0000021030,,,TRUE,CQKPXYFB1,1,052026
,ACIER-ATR-,0000713,2021/10/29,0.000,7969.5000,398.4750,794.9576,7969.5000,0.000000,0.0000,7969.5000,AGT-------,,,33500,03100,0000021013,,,TRUE,GEMQX740H,1,052030
,CLIMATISAT,0000473,2021/10/29,0.000,850.0000,42.5000,84.7875,850.0000,0.000000,0.0000,850.0000,CSS-ENERGI,,,33500,15000,0000021010,,,TRUE,AUP6YCXSR,1,052246
,CLIMATISAT,0000813,2021/10/29,0.000,3294.7100,164.7355,328.6473,3294.7100,0.000000,0.0000,3294.7100,CSS-ENERGI,,,33500,25001,0000021010,,,TRUE,EBHW1BF8T,1,052247
....................3,PLOMB-CRT-,0000838,2021/10/29,1.000,0.0000,0.0000,0.0000,0.0000,0.000000,0.0000,0.0000,CPE-ENTRE-,,,33200,,0000021029,,,TRUE,W6Z1UM5NJ,1,052016
....................3,SIDE-ACOUS,0000800,2021/10/29,1.000,0.0000,0.0000,0.0000,0.0000,0.000000,0.0000,0.0000,AGT-------,,,33200,,0000021013,,,TRUE,MS1SPD1Z5,1,052025
....................3,ACIER-ATR-,0000760,2021/10/29,1.000,0.0000,0.0000,0.0000,0.0000,0.000000,0.0000,0.0000,CPE-CHEZ-M,,,33200,,0000021030,,,TRUE,CQKPXYFB1,1,052026
....................3,CLIMATISAT,0000813,2021/10/29,1.000,0.0000,0.0000,0.0000,0.0000,0.000000,0.0000,0.0000,CSS-ENERGI,,,33200,,0000021010,,,TRUE,EBHW1BF8T,1,052247
....................4,PLOMB-CRT-,0000838,2021/10/29,1.000,0.0000,0.0000,0.0000,0.0000,0.000000,0.0000,0.0000,CPE-ENTRE-,,,33200,,0000021029,,,TRUE,W6Z1UM5NJ,1,052016
....................4,SIDE-ACOUS,0000800,2021/10/29,1.000,0.0000,0.0000,0.0000,0.0000,0.000000,0.0000,0.0000,AGT-------,,,33200,,0000021013,,,TRUE,MS1SPD1Z5,1,052025
....................4,ACIER-ATR-,0000760,2021/10/29,1.000,0.0000,0.0000,0.0000,0.0000,0.000000,0.0000,0.0000,CPE-CHEZ-M,,,33200,,0000021030,,,TRUE,CQKPXYFB1,1,052026
....................4,CLIMATISAT,0000813,2021/10/29,1.000,0.0000,0.0000,0.0000,0.0000,0.000000,0.0000,0.0000,CSS-ENERGI,,,33200,,0000021010,,,TRUE,EBHW1BF8T,1,052247
,ENT-MAXIME,0000727,2021/10/30,0.000,10730.3000,536.5150,1070.3474,10730.3000,0.000000,0.0000,10730.3000,CPE-ENTRE-,,,33500,02315,0000021029,,,TRUE,VJ82V7FNS,1,052015
,ENT-MAXIME,0000833,2021/10/30,0.000,15600.0000,780.0000,1556.1000,15600.0000,0.000000,0.0000,15600.0000,CPE-CHEZ-M,,,33500,02300,0000021030,,,TRUE,23HL4M9GG,1,052027
,ENT-MAXIME,0000820,2021/10/30,0.000,3100.0000,155.0000,309.2250,3100.0000,0.000000,0.0000,3100.0000,SIX-PINTS-,,,33500,02220,0000021035,,,TRUE,K24AH2MJF,1,052028
,ENT-MAXIME,0000820,2021/10/30,0.000,9980.0000,499.0000,995.5050,9980.0000,0.000000,0.0000,9980.0000,SIX-PINTS-,,,33500,02315,0000021035,,,TRUE,K24AH2MJF,1,052028
,ENT-MAXIME,0000820,2021/10/30,0.000,16403.0000,820.1500,1636.1993,16403.0000,0.000000,0.0000,16403.0000,SIX-PINTS-,,,33500,02315,0000021035,,,TRUE,K24AH2MJF,1,052028
,ENT-MAXIME,0000820,2021/10/30,0.000,1500.0000,75.0000,149.6250,1500.0000,0.000000,0.0000,1500.0000,SIX-PINTS-,,,33500,02315,0000021035,,,TRUE,K24AH2MJF,1,052028
,ENT-MAXIME,0000820,2021/10/30,0.000,1225.0000,61.2500,122.1938,1225.0000,0.000000,0.0000,1225.0000,SIX-PINTS-,,,33500,02315,0000021035,,,TRUE,K24AH2MJF,1,052028
,ENT-MAXIME,0000820,2021/10/30,0.000,6640.0000,332.0000,662.3400,6640.0000,0.000000,0.0000,6640.0000,SIX-PINTS-,,,33500,02315,0000021035,,,TRUE,K24AH2MJF,1,052028
,ENT-MAXIME,0000820,2021/10/30,0.000,6965.0000,348.2500,694.7588,6965.0000,0.000000,0.0000,6965.0000,SIX-PINTS-,,,33500,02315,0000021035,,,TRUE,K24AH2MJF,1,052028
,ENT-MAXIME,0000820,2021/10/30,0.000,1500.0000,75.0000,149.6250,1500.0000,0.000000,0.0000,1500.0000,SIX-PINTS-,,,33500,02315,0000021035,,,TRUE,K24AH2MJF,1,052028
,ENT-MAXIME,0000820,2021/10/30,0.000,2700.6000,135.0300,269.3849,2700.6000,0.000000,0.0000,2700.6000,SIX-PINTS-,,,33500,02315,0000021035,,,TRUE,K24AH2MJF,1,052028
,ENT-MAXIME,0000820,2021/10/30,0.000,5056.1300,252.8065,504.3490,5056.1300,0.000000,0.0000,5056.1300,SIX-PINTS-,,,33500,03100,0000021035,,,TRUE,K24AH2MJF,1,052028
,ENT-MAXIME,0000809,2021/10/30,0.000,2050.0000,102.5000,204.4875,2050.0000,0.000000,0.0000,2050.0000,STEMA-PRO-,,,33500,02220,0000021012,,,TRUE,E5FBDM2IG,1,052029
,ENT-MAXIME,0000809,2021/10/30,0.000,4860.0000,243.0000,484.7850,4860.0000,0.000000,0.0000,4860.0000,STEMA-PRO-,,,33500,02315,0000021012,,,TRUE,E5FBDM2IG,1,052029
,ENT-MAXIME,0000809,2021/10/30,0.000,675.0000,33.7500,67.3313,675.0000,0.000000,0.0000,675.0000,STEMA-PRO-,,,33500,02315,0000021012,,,TRUE,E5FBDM2IG,1,052029
,ENT-MAXIME,0000809,2021/10/30,0.000,183.0000,9.1500,18.2543,183.0000,0.000000,0.0000,183.0000,STEMA-PRO-,,,33500,03100,0000021012,,,TRUE,E5FBDM2IG,1,052029
,ENT-MAXIME,0000809,2021/10/30,0.000,2645.0000,132.2500,263.8388,2645.0000,0.000000,0.0000,2645.0000,STEMA-PRO-,,,33500,03100,0000021012,,,TRUE,E5FBDM2IG,1,052029
,ENT-MAXIME,0000687,2021/10/30,0.000,9990.0000,499.5000,996.5025,9990.0000,0.000000,0.0000,9990.0000,CIUSSS-T-R,,,33500,03000,0000021028,,,TRUE,VRN4KB9M4,1,052032
,ENT-MAXIME,0000669,2021/10/30,0.000,14785.0000,739.2500,1474.8038,14785.0000,0.000000,0.0000,14785.0000,MRC-MEKINA,,,33500,02300,0000021027,,,TRUE,2J4QO8AMD,1,052033
....................3,ENT-MAXIME,0000833,2021/10/30,1.000,0.0000,0.0000,0.0000,0.0000,0.000000,0.0000,0.0000,CPE-CHEZ-M,,,33200,,0000021030,,,TRUE,23HL4M9GG,1,052027
....................3,ENT-MAXIME,0000820,2021/10/30,1.000,0.0000,0.0000,0.0000,0.0000,0.000000,0.0000,0.0000,SIX-PINTS-,,,33200,,0000021035,,,TRUE,K24AH2MJF,1,052028
....................3,ENT-MAXIME,0000809,2021/10/30,1.000,0.0000,0.0000,0.0000,0.0000,0.000000,0.0000,0.0000,STEMA-PRO-,,,33200,,0000021012,,,TRUE,E5FBDM2IG,1,052029
....................3,ENT-MAXIME,0000687,2021/10/30,1.000,0.0000,0.0000,0.0000,0.0000,0.000000,0.0000,0.0000,CIUSSS-T-R,,,33200,,0000021028,,,TRUE,VRN4KB9M4,1,052032
....................3,ENT-MAXIME,0000669,2021/10/30,1.000,0.0000,0.0000,0.0000,0.0000,0.000000,0.0000,0.0000,MRC-MEKINA,,,33200,,0000021027,,,TRUE,2J4QO8AMD,1,052033
....................4,ENT-MAXIME,0000833,2021/10/30,1.000,0.0000,0.0000,0.0000,0.0000,0.000000,0.0000,0.0000,CPE-CHEZ-M,,,33200,,0000021030,,,TRUE,23HL4M9GG,1,052027
....................4,ENT-MAXIME,0000820,2021/10/30,1.000,0.0000,0.0000,0.0000,0.0000,0.000000,0.0000,0.0000,SIX-PINTS-,,,33200,,0000021035,,,TRUE,K24AH2MJF,1,052028
....................4,ENT-MAXIME,0000809,2021/10/30,1.000,0.0000,0.0000,0.0000,0.0000,0.000000,0.0000,0.0000,STEMA-PRO-,,,33200,,0000021012,,,TRUE,E5FBDM2IG,1,052029
....................4,ENT-MAXIME,0000687,2021/10/30,1.000,0.0000,0.0000,0.0000,0.0000,0.000000,0.0000,0.0000,CIUSSS-T-R,,,33200,,0000021028,,,TRUE,VRN4KB9M4,1,052032
....................4,ENT-MAXIME,0000669,2021/10/30,1.000,0.0000,0.0000,0.0000,0.0000,0.000000,0.0000,0.0000,MRC-MEKINA,,,33200,,0000021027,,,TRUE,2J4QO8AMD,1,052033
,JDM-COUVER,0000528,2021/10/31,0.000,29849.0000,1492.4500,2977.4378,29849.0000,0.000000,0.0000,29849.0000,MACH-PRONO,,,33500,07330,0000021018,,,TRUE,T16HFU6UI,1,052000
,COMETAL---,0000772,2021/10/31,0.000,775.0000,38.7500,77.3063,775.0000,0.000000,0.0000,775.0000,CPE-CHEZ-M,,,33500,05500,0000021030,,,TRUE,YYZI68J0B,1,052194
,COMETAL---,0000772,2021/10/31,0.000,445.0000,22.2500,44.3888,445.0000,0.000000,0.0000,445.0000,CPE-CHEZ-M,,,33200,10000,0000021030,,,TRUE,TMU5IH12T,1,052195
....................3,COMETAL---,0000772,2021/10/31,1.000,0.0000,0.0000,0.0000,0.0000,0.000000,0.0000,0.0000,CPE-CHEZ-M,,,33200,,0000021030,,,TRUE,YYZI68J0B,1,052194
....................4,COMETAL---,0000772,2021/10/31,1.000,0.0000,0.0000,0.0000,0.0000,0.000000,0.0000,0.0000,CPE-CHEZ-M,,,33200,,0000021030,,,TRUE,TMU5IH12T,1,052195
,CLIMAT-T-R,0000812,2021/11/01,0.000,3455.0000,172.7500,344.6363,3455.0000,0.000000,0.0000,3455.0000,STEMA-PRO-,,,33500,15000,0000021012,,,TRUE,9NHX1SRTC,1,052250
,CLIMAT-T-R,0000812,2021/11/01,0.000,-564.0000,-28.2000,-56.2590,-564.0000,0.000000,0.0000,-564.0000,STEMA-PRO-,,,33500,15000,0000021012,,,TRUE,9NHX1SRTC,1,052250
,CLIMAT-T-R,0000812,2021/11/01,0.000,146.6300,7.3315,14.6263,146.6300,0.000000,0.0000,146.6300,STEMA-PRO-,,,33500,15000,0000021012,,,TRUE,9NHX1SRTC,1,052250
,E.M.U.----,0000550,2021/11/01,0.000,31442.5000,1572.1250,3136.3894,31442.5000,0.000000,0.0000,31442.5000,MACH-PRONO,,,33500,11160,0000021018,,,TRUE,IYCJ0SMJM,1,052254
,ENT-MAXIME,0000830,2021/11/01,0.000,1598.8500,79.9425,159.4853,1598.8500,0.000000,0.0000,1598.8500,CPE-CHEZ-M,,,33500,07000,0000021030,,,TRUE,SEL6NIT0J,1,052395
,DEMBEC----,0000653,2021/11/01,0.000,4143.7500,207.1875,413.3391,4143.7500,0.000000,0.0000,4143.7500,CIUSSS-ADM,,,33500,02220,0000021026,,,TRUE,9GABG6H12,1,052414
,ASP-CONTRO,0000683,2021/11/01,0.000,11171.2400,558.5620,1114.3312,11171.2400,0.000000,0.0000,11171.2400,CIUSSS-T-R,,,33500,16000,0000021028,,,TRUE,UMB05LM0M,1,052415
....................3,CLIMAT-T-R,0000812,2021/11/01,1.000,0.0000,0.0000,0.0000,0.0000,0.000000,0.0000,0.0000,STEMA-PRO-,,,33200,,0000021012,,,FALSE,72QJGV76D,1,
....................3,ENT-MAXIME,0000830,2021/11/01,1.000,0.0000,0.0000,0.0000,0.0000,0.000000,0.0000,0.0000,CPE-CHEZ-M,,,33200,,0000021030,,,TRUE,SEL6NIT0J,1,052395
....................3,DEMBEC----,0000653,2021/11/01,1.000,0.0000,0.0000,0.0000,0.0000,0.000000,0.0000,0.0000,CIUSSS-ADM,,,33200,,0000021026,,,TRUE,9GABG6H12,1,052414
....................4,CLIMAT-T-R,0000812,2021/11/01,1.000,0.0000,0.0000,0.0000,0.0000,0.000000,0.0000,0.0000,STEMA-PRO-,,,33200,,0000021012,,,FALSE,72QJGV76D,1,
....................4,ENT-MAXIME,0000830,2021/11/01,1.000,0.0000,0.0000,0.0000,0.0000,0.000000,0.0000,0.0000,CPE-CHEZ-M,,,33200,,0000021030,,,TRUE,SEL6NIT0J,1,052395
....................4,DEMBEC----,0000653,2021/11/01,1.000,0.0000,0.0000,0.0000,0.0000,0.000000,0.0000,0.0000,CIUSSS-ADM,,,33200,,0000021026,,,TRUE,9GABG6H12,1,052414
,ROGER-BELL,0000788,2021/11/03,0.000,19900.0000,995.0000,1985.0250,19900.0000,0.000000,0.0000,19900.0000,CIUSSS-MCQ,,,33500,07330,0000021032,,,TRUE,UO5GOHXBN,1,051989
,ROGER-BELL,0000788,2021/11/03,0.000,800.0000,40.0000,79.8000,800.0000,0.000000,0.0000,800.0000,CIUSSS-MCQ,,,33500,07330,0000021032,,,TRUE,UO5GOHXBN,1,051989
,ENT-MAXIME,0000861,2021/11/03,0.000,1925.0000,96.2500,192.0188,1925.0000,0.000000,0.0000,1925.0000,CPE-ENTRE-,,,33500,03000,0000021029,,,TRUE,JJJ5D6M59,1,052166
....................3,ROGER-BELL,0000788,2021/11/03,1.000,0.0000,0.0000,0.0000,0.0000,0.000000,0.0000,0.0000,CIUSSS-MCQ,,,33200,,0000021032,,,TRUE,UO5GOHXBN,1,051989
....................3,ENT-MAXIME,0000861,2021/11/03,1.000,0.0000,0.0000,0.0000,0.0000,0.000000,0.0000,0.0000,CPE-ENTRE-,,,33200,,0000021029,,,TRUE,JJJ5D6M59,1,052166
....................4,ENT-MAXIME,0000861,2021/11/03,1.000,0.0000,0.0000,0.0000,0.0000,0.000000,0.0000,0.0000,CPE-ENTRE-,,,33200,,0000021029,,,TRUE,JJJ5D6M59,1,052166
,E.M.U.----,0000550,2021/11/06,0.000,4224.0000,211.2000,421.3440,4224.0000,0.000000,0.0000,4224.0000,MACH-PRONO,,,33500,11160,0000021018,,,TRUE,GNB9L56AS,1,052253
,ROGER-BELL,0000655,2021/11/10,0.000,17500.0000,875.0000,1745.6250,17500.0000,0.000000,0.0000,17500.0000,CIUSSS-ADM,,,33500,07330,0000021026,,,TRUE,LWV6JRK0F,1,052244
,ROGER-BELL,0000867,2021/11/10,0.000,4285.0000,214.2500,427.4288,4285.0000,0.000000,0.0000,4285.0000,CIUSSS-ADM,,,33500,25001,0000021026,,,TRUE,KIV58HBNT,1,052245
,ROGER-BELL,0000811,2021/11/10,0.000,124168.0000,6208.4000,12385.7580,124168.0000,0.000000,0.0000,124168.0000,AGT-------,,,33500,07330,0000021013,,,TRUE,IZWS6B9Y3,1,052251
,ROGER-BELL,0000811,2021/11/10,0.000,6245.3600,312.2680,622.9747,6245.3600,0.000000,0.0000,6245.3600,AGT-------,,,33500,07330,0000021013,,,TRUE,IZWS6B9Y3,1,052251
....................3,ROGER-BELL,0000655,2021/11/10,1.000,0.0000,0.0000,0.0000,0.0000,0.000000,0.0000,0.0000,CIUSSS-ADM,,,33200,,0000021026,,,TRUE,LWV6JRK0F,1,052244
....................3,ROGER-BELL,0000867,2021/11/10,1.000,0.0000,0.0000,0.0000,0.0000,0.000000,0.0000,0.0000,CIUSSS-ADM,,,33200,,0000021026,,,TRUE,KIV58HBNT,1,052245
....................3,ROGER-BELL,0000811,2021/11/10,1.000,0.0000,0.0000,0.0000,0.0000,0.000000,0.0000,0.0000,AGT-------,,,33200,,0000021013,,,TRUE,IZWS6B9Y3,1,052251
....................4,ROGER-BELL,0000655,2021/11/10,1.000,0.0000,0.0000,0.0000,0.0000,0.000000,0.0000,0.0000,CIUSSS-ADM,,,33200,,0000021026,,,TRUE,LWV6JRK0F,1,052244
....................4,ROGER-BELL,0000867,2021/11/10,1.000,0.0000,0.0000,0.0000,0.0000,0.000000,0.0000,0.0000,CIUSSS-ADM,,,33200,,0000021026,,,TRUE,KIV58HBNT,1,052245
....................4,ROGER-BELL,0000811,2021/11/10,1.000,0.0000,0.0000,0.0000,0.0000,0.000000,0.0000,0.0000,AGT-------,,,33200,,0000021013,,,TRUE,IZWS6B9Y3,1,052251
,SIS-------,0000872,2021/11/11,0.000,610.0000,30.5000,60.8475,610.0000,0.000000,0.0000,610.0000,CIUSSS-ADM,,,33500,25001,0000020003,,,TRUE,8L9SU0C7G,1,052413
....................3,RGF-------,0000864,2021/11/11,1.000,0.0000,0.0000,0.0000,0.0000,0.000000,0.0000,0.0000,AGT-------,,,33200,,0000021013,,,FALSE,XDSG1V4QD,1,
....................3,F-DAIGLE--,0000577,2021/11/11,1.000,0.0000,0.0000,0.0000,0.0000,0.000000,0.0000,0.0000,MUN-ST-ELI,,,33200,,0000021021,,,FALSE,J8L2YDI24,1,
....................3,SIS-------,0000872,2021/11/11,1.000,0.0000,0.0000,0.0000,0.0000,0.000000,0.0000,0.0000,CIUSSS-ADM,,,33200,,0000020003,,,TRUE,8L9SU0C7G,1,052413
....................4,RGF-------,0000864,2021/11/11,1.000,0.0000,0.0000,0.0000,0.0000,0.000000,0.0000,0.0000,AGT-------,,,33200,,0000021013,,,FALSE,XDSG1V4QD,1,
....................4,F-DAIGLE--,0000577,2021/11/11,1.000,0.0000,0.0000,0.0000,0.0000,0.000000,0.0000,0.0000,MUN-ST-ELI,,,33200,,0000021021,,,FALSE,J8L2YDI24,1,
....................4,SIS-------,0000872,2021/11/11,1.000,0.0000,0.0000,0.0000,0.0000,0.000000,0.0000,0.0000,CIUSSS-ADM,,,33200,,0000020003,,,TRUE,8L9SU0C7G,1,052413
,ENTRE-A-M-,0000823,2021/11/15,0.000,643.0900,32.1545,64.1482,643.0900,0.000000,0.0000,643.0900,MUN-HEROUX,,,33500,08000,0000021034,,,TRUE,WKPLDL0PL,1,052416
,ENTRE-A-M-,0000823,2021/11/15,0.000,296.0900,14.8045,29.5350,296.0900,0.000000,0.0000,296.0900,MUN-HEROUX,,,33500,08000,0000021034,,,TRUE,WKPLDL0PL,1,052416
,ENTRE-A-M-,0000823,2021/11/15,0.000,55.0000,2.7500,5.4863,55.0000,0.000000,0.0000,55.0000,MUN-HEROUX,,,33500,08000,0000021034,,,TRUE,WKPLDL0PL,1,052416
,ENTRE-A-M-,0000823,2021/11/15,0.000,1788.4200,89.4210,178.3949,1788.4200,0.000000,0.0000,1788.4200,MUN-HEROUX,,,33500,08500,0000021034,,,TRUE,WKPLDL0PL,1,052416
....................3,ENTRE-A-M-,0000823,2021/11/15,1.000,0.0000,0.0000,0.0000,0.0000,0.000000,0.0000,0.0000,MUN-HEROUX,,,33200,,0000021034,,,TRUE,WKPLDL0PL,1,052416
....................4,ENTRE-A-M-,0000823,2021/11/15,1.000,0.0000,0.0000,0.0000,0.0000,0.000000,0.0000,0.0000,MUN-HEROUX,,,33200,,0000021034,,,TRUE,WKPLDL0PL,1,052416
,ASP-CONTRO,0000881,2021/11/18,0.000,5642.5900,282.1295,562.8484,5642.5900,0.000000,0.0000,5642.5900,CPE-ENTRE-,,,33500,25001,0000021029,,,TRUE,I9ZUOB472,1,052687
....................3,ASP-CONTRO,0000881,2021/11/18,1.000,0.0000,0.0000,0.0000,0.0000,0.000000,0.0000,0.0000,CPE-ENTRE-,,,33200,,0000021029,,,TRUE,I9ZUOB472,1,052687
....................4,ASP-CONTRO,0000881,2021/11/18,1.000,0.0000,0.0000,0.0000,0.0000,0.000000,0.0000,0.0000,CPE-ENTRE-,,,33200,,0000021029,,,TRUE,I9ZUOB472,1,052687
,AUDET-----,0000417,2021/11/20,0.000,38520.0000,1926.0000,3842.3700,38520.0000,0.000000,0.0000,38520.0000,CIUSSS-ADM,,,33500,06400,0000020003,,,TRUE,DSFY9X4PB,1,052419
,REGULVAR--,0000118,2021/11/22,0.000,2163.0000,108.1500,215.7593,2163.0000,0.000000,0.0000,2163.0000,CONSEIL-MA,,,33500,15400,0000020006,,,TRUE,AQEJA9TT7,1,052334
,REGULVAR--,0000118,2021/11/22,0.000,1000.0000,50.0000,99.7500,1000.0000,0.000000,0.0000,1000.0000,CONSEIL-MA,,,33500,15400,0000020006,,,TRUE,AQEJA9TT7,1,052334
,REGULVAR--,0000626,2021/11/22,0.000,168.1900,8.4095,16.7770,168.1900,0.000000,0.0000,168.1900,CONSEIL-MA,,,33500,25001,0000020006,,,TRUE,0BBU8RYQN,1,052335
,F-DAIGLE--,0000877,2021/11/22,0.000,40.0000,2.0000,3.9900,40.0000,0.000000,0.0000,40.0000,AGT-------,,,33200,00400,0000021013,,,TRUE,4HW3OSMMJ,1,052393
,F-DAIGLE--,0000877,2021/11/22,0.000,5525.0000,276.2500,551.1188,5525.0000,0.000000,0.0000,5525.0000,AGT-------,,,33200,08000,0000021013,,,TRUE,4HW3OSMMJ,1,052393
,PLOMB-2000,0000763,2021/11/22,0.000,17972.6200,898.6310,1792.7688,17972.6200,0.000000,0.0000,17972.6200,CPE-CHEZ-M,,,33500,15401,0000021030,,,TRUE,XSG96QT6F,1,052394
,AUDET-----,0000623,2021/11/22,0.000,-106.4100,-5.3205,-10.6144,-106.4100,0.000000,0.0000,-106.4100,CIUSSS-ADM,,,33500,25001,0000020003,,,TRUE,30ON8Q00E,1,052402
,AUDET-----,0000516,2021/11/22,0.000,562.5000,28.1250,56.1094,562.5000,0.000000,0.0000,562.5000,CIUSSS-ADM,,,33500,25001,0000020003,,,TRUE,J4P5W3VDF,1,052403
,AUDET-----,0000729,2021/11/22,0.000,-584.5100,-29.2255,-58.3049,-584.5100,0.000000,0.0000,-584.5100,CIUSSS-ADM,,,33500,25001,0000020003,,,TRUE,0ZJ4VL3AT,1,052404
,AUDET-----,0000485,2021/11/22,0.000,4350.0000,217.5000,433.9125,4350.0000,0.000000,0.0000,4350.0000,CIUSSS-ADM,,,33500,25001,0000020003,,,TRUE,SR3ZQ4QYU,1,052405
,REGULVAR--,0000650,2021/11/22,0.000,9714.6000,485.7300,969.0314,9714.6000,0.000000,0.0000,9714.6000,CIUSSS-ADM,,,33500,13800,0000021026,,,TRUE,0553MV9N8,1,052409
,REGULVAR--,0000785,2021/11/22,0.000,2689.2000,134.4600,268.2477,2689.2000,0.000000,0.0000,2689.2000,CIUSSS-MCQ,,,33500,13800,0000021032,,,TRUE,OQO5CP60N,1,052410
,REGULVAR--,0000688,2021/11/22,0.000,5938.2000,296.9100,592.3355,5938.2000,0.000000,0.0000,5938.2000,CIUSSS-T-R,,,33500,15000,0000021028,,,TRUE,MQUD1XP56,1,052411
,REGULVAR--,0000785,2021/11/22,0.000,2689.2000,134.4600,268.2477,2689.2000,0.000000,0.0000,2689.2000,CIUSSS-MCQ,,,33500,13800,0000021032,,,TRUE,W8DJDBRJ9,1,061819
,ASP-CONTRO,0000039,2021/11/22,0.000,5071.7700,253.5885,505.9091,5071.7700,0.000000,0.0000,5071.7700,CIUSSS-ADM,,,33500,16000,0000020003,,,TRUE,XB42CMSK4,1,052457
....................3,F-DAIGLE--,0000877,2021/11/22,1.000,0.0000,0.0000,0.0000,0.0000,0.000000,0.0000,0.0000,AGT-------,,,33200,,0000021013,,,TRUE,4HW3OSMMJ,1,052393
....................3,PLOMB-2000,0000763,2021/11/22,1.000,0.0000,0.0000,0.0000,0.0000,0.000000,0.0000,0.0000,CPE-CHEZ-M,,,33200,,0000021030,,,TRUE,XSG96QT6F,1,052394
....................3,AUDET-----,0000623,2021/11/22,1.000,0.0000,0.0000,0.0000,0.0000,0.000000,0.0000,0.0000,CIUSSS-ADM,,,33200,,0000020003,,,TRUE,30ON8Q00E,1,052402
....................3,AUDET-----,0000516,2021/11/22,1.000,0.0000,0.0000,0.0000,0.0000,0.000000,0.0000,0.0000,CIUSSS-ADM,,,33200,,0000020003,,,TRUE,J4P5W3VDF,1,052403
....................3,AUDET-----,0000729,2021/11/22,1.000,0.0000,0.0000,0.0000,0.0000,0.000000,0.0000,0.0000,CIUSSS-ADM,,,33200,,0000020003,,,TRUE,0ZJ4VL3AT,1,052404
....................3,AUDET-----,0000485,2021/11/22,1.000,0.0000,0.0000,0.0000,0.0000,0.000000,0.0000,0.0000,CIUSSS-ADM,,,33200,,0000020003,,,TRUE,SR3ZQ4QYU,1,052405
....................3,REGULVAR--,0000785,2021/11/22,1.000,0.0000,0.0000,0.0000,0.0000,0.000000,0.0000,0.0000,CIUSSS-MCQ,,,33200,,0000021032,,,TRUE,OQO5CP60N,1,052410
....................4,F-DAIGLE--,0000877,2021/11/22,1.000,0.0000,0.0000,0.0000,0.0000,0.000000,0.0000,0.0000,AGT-------,,,33200,,0000021013,,,TRUE,4HW3OSMMJ,1,052393
....................4,PLOMB-2000,0000763,2021/11/22,1.000,0.0000,0.0000,0.0000,0.0000,0.000000,0.0000,0.0000,CPE-CHEZ-M,,,33200,,0000021030,,,TRUE,XSG96QT6F,1,052394
....................4,AUDET-----,0000623,2021/11/22,1.000,0.0000,0.0000,0.0000,0.0000,0.000000,0.0000,0.0000,CIUSSS-ADM,,,33200,,0000020003,,,TRUE,30ON8Q00E,1,052402
....................4,AUDET-----,0000516,2021/11/22,1.000,0.0000,0.0000,0.0000,0.0000,0.000000,0.0000,0.0000,CIUSSS-ADM,,,33200,,0000020003,,,TRUE,J4P5W3VDF,1,052403
....................4,AUDET-----,0000729,2021/11/22,1.000,0.0000,0.0000,0.0000,0.0000,0.000000,0.0000,0.0000,CIUSSS-ADM,,,33200,,0000020003,,,TRUE,0ZJ4VL3AT,1,052404
....................4,AUDET-----,0000485,2021/11/22,1.000,0.0000,0.0000,0.0000,0.0000,0.000000,0.0000,0.0000,CIUSSS-ADM,,,33200,,0000020003,,,TRUE,SR3ZQ4QYU,1,052405
....................4,REGULVAR--,0000785,2021/11/22,1.000,0.0000,0.0000,0.0000,0.0000,0.000000,0.0000,0.0000,CIUSSS-MCQ,,,33200,,0000021032,,,TRUE,OQO5CP60N,1,052410
,GROUPE-CAN,0000886,2021/11/23,0.000,254000.0000,12700.0000,25336.5000,254000.0000,0.000000,0.0000,254000.0000,MERCIER-TG,,,33500,05500,0000021039,,,TRUE,I5S7DC15G,1,052354
,MULTI-ENER,0000644,2021/11/23,0.000,22400.0000,1120.0000,2234.4000,22400.0000,0.000000,0.0000,22400.0000,CIUSSS-ADM,,,33500,15000,0000021026,,,TRUE,XV3AMCVSV,1,052418
,SCL-METAL-,0000254,2021/11/23,0.000,39660.0000,1983.0000,3956.0850,39660.0000,0.000000,0.0000,39660.0000,MUN-STE-AN,,,33500,05500,0000020028,,,TRUE,Y44GXRKOO,1,052458
....................3,SCL-METAL-,0000254,2021/11/23,1.000,0.0000,0.0000,0.0000,0.0000,0.000000,0.0000,0.0000,MUN-STE-AN,,,33200,,0000020028,,,TRUE,Y44GXRKOO,1,052458
....................4,SCL-METAL-,0000254,2021/11/23,1.000,0.0000,0.0000,0.0000,0.0000,0.000000,0.0000,0.0000,MUN-STE-AN,,,33200,,0000020028,,,TRUE,Y44GXRKOO,1,052458
,ENT-MAXIME,0000085,2021/11/24,0.000,9505.0000,475.2500,948.1238,9505.0000,0.000000,0.0000,9505.0000,CIUSSS-ADM,,,33200,02300,0000020003,,,TRUE,12XGG7C9Q,1,052391
,ENT-MAXIME,0000727,2021/11/24,0.000,8952.7000,447.6350,893.0318,8952.7000,0.000000,0.0000,8952.7000,CPE-ENTRE-,,,33500,02315,0000021029,,,TRUE,FPRKOO8VZ,1,052392
,ENT-MAXIME,0000727,2021/11/24,0.000,1135.5000,56.7750,113.2661,1135.5000,0.000000,0.0000,1135.5000,CPE-ENTRE-,,,33500,02775,0000021029,,,TRUE,FPRKOO8VZ,1,052392
,ENT-MAXIME,0000727,2021/11/24,0.000,642.1000,32.1050,64.0495,642.1000,0.000000,0.0000,642.1000,CPE-ENTRE-,,,33500,03000,0000021029,,,TRUE,FPRKOO8VZ,1,052392
,ENT-MAXIME,0000833,2021/11/24,0.000,46800.0000,2340.0000,4668.3000,46800.0000,0.000000,0.0000,46800.0000,CPE-CHEZ-M,,,33500,02300,0000021030,,,TRUE,0AKTTJDU1,1,052396
,ENT-MAXIME,0000809,2021/11/24,0.000,1750.0000,87.5000,174.5625,1750.0000,0.000000,0.0000,1750.0000,STEMA-PRO-,,,33500,03000,0000021012,,,TRUE,BG4HKU3V8,1,052397
,ENT-MAXIME,0000809,2021/11/24,0.000,5192.0000,259.6000,517.9020,5192.0000,0.000000,0.0000,5192.0000,STEMA-PRO-,,,33500,03100,0000021012,,,TRUE,BG4HKU3V8,1,052397
,ENT-MAXIME,0000820,2021/11/24,0.000,897.2100,44.8605,89.4967,897.2100,0.000000,0.0000,897.2100,SIX-PINTS-,,,33500,02315,0000021035,,,TRUE,YI4APRCJ1,1,052398
,ENT-MAXIME,0000820,2021/11/24,0.000,8812.6200,440.6310,879.0588,8812.6200,0.000000,0.0000,8812.6200,SIX-PINTS-,,,33500,03100,0000021035,,,TRUE,YI4APRCJ1,1,052398
,ENT-MAXIME,0000820,2021/11/24,0.000,19746.1100,987.3055,1969.6745,19746.1100,0.000000,0.0000,19746.1100,SIX-PINTS-,,,33500,03100,0000021035,,,TRUE,YI4APRCJ1,1,052398
,ENT-MAXIME,0000820,2021/11/24,0.000,23411.0000,1170.5500,2335.2473,23411.0000,0.000000,0.0000,23411.0000,SIX-PINTS-,,,33500,03100,0000021035,,,TRUE,YI4APRCJ1,1,052398
,ENT-MAXIME,0000525,2021/11/24,0.000,14846.0000,742.3000,1480.8885,14846.0000,0.000000,0.0000,14846.0000,MACH-PRONO,,,33200,02070,0000021018,,,TRUE,HJ611KSNT,1,052400
,QUINOX----,0000873,2021/11/24,0.000,1926.8000,96.3400,192.1983,1926.8000,0.000000,0.0000,1926.8000,CPE-ENTRE-,,,33500,25001,0000021029,,,TRUE,EDKTF2NVG,1,052401
,PEINT-DUPO,0000885,2021/11/24,0.000,-117.0000,-5.8500,-11.6708,-117.0000,0.000000,0.0000,-117.0000,CSS-ENERGI,,,33500,25001,0000021009,,,TRUE,KMYTJUK5Z,1,052407
,ENT-MAXIME,0000687,2021/11/24,0.000,7400.0000,370.0000,738.1500,7400.0000,0.000000,0.0000,7400.0000,CIUSSS-T-R,,,33500,03000,0000021028,,,TRUE,J2557UZBB,1,052421
,ENT-MAXIME,0000687,2021/11/24,0.000,4850.0000,242.5000,483.7875,4850.0000,0.000000,0.0000,4850.0000,CIUSSS-T-R,,,33500,03000,0000021028,,,TRUE,J2557UZBB,1,052421
,ENT-MAXIME,0000687,2021/11/24,0.000,27710.0000,1385.5000,2764.0725,27710.0000,0.000000,0.0000,27710.0000,CIUSSS-T-R,,,33500,03000,0000021028,,,TRUE,J2557UZBB,1,052421
,ENT-MAXIME,0000687,2021/11/24,0.000,-25000.0000,-1250.0000,-2493.7500,-25000.0000,0.000000,0.0000,-25000.0000,CIUSSS-T-R,,,33500,03000,0000021028,,,TRUE,J2557UZBB,1,052421
,ENT-MAXIME,0000687,2021/11/24,0.000,15010.0000,750.5000,1497.2475,15010.0000,0.000000,0.0000,15010.0000,CIUSSS-T-R,,,33500,10000,0000021028,,,TRUE,J2557UZBB,1,052421
,SEMEX-----,0000767,2021/11/24,0.000,2552.9900,127.6495,254.6608,2552.9900,0.000000,0.0000,2552.9900,CPE-CHEZ-M,,,33500,06400,0000021030,,,TRUE,EJWOH5G75,1,052709
....................3,PEINT-DUPO,0000885,2021/11/24,1.000,0.0000,0.0000,0.0000,0.0000,0.000000,0.0000,0.0000,CSS-ENERGI,,,33200,,0000021009,,,TRUE,KMYTJUK5Z,1,052407
....................3,SEMEX-----,0000767,2021/11/24,1.000,0.0000,0.0000,0.0000,0.0000,0.000000,0.0000,0.0000,CPE-CHEZ-M,,,33200,,0000021030,,,TRUE,EJWOH5G75,1,052709
....................4,PEINT-DUPO,0000885,2021/11/24,1.000,0.0000,0.0000,0.0000,0.0000,0.000000,0.0000,0.0000,CSS-ENERGI,,,33200,,0000021009,,,TRUE,KMYTJUK5Z,1,052407
....................4,SEMEX-----,0000767,2021/11/24,1.000,0.0000,0.0000,0.0000,0.0000,0.000000,0.0000,0.0000,CPE-CHEZ-M,,,33200,,0000021030,,,TRUE,EJWOH5G75,1,052709
,ENT-ARSENE,0000643,2021/11/25,0.000,34020.0000,1701.0000,3393.4950,34020.0000,0.000000,0.0000,34020.0000,CIUSSS-ADM,,,33500,15401,0000021026,,,TRUE,PERT5BLTN,1,052399
,CLIMATISAT,0000784,2021/11/25,0.000,11052.0000,552.6000,1102.4370,11052.0000,0.000000,0.0000,11052.0000,CIUSSS-MCQ,,,33500,15000,0000021032,,,TRUE,HSMMQDGXH,1,052406
,VAL-MAURIC,0000645,2021/11/25,0.000,5200.0000,260.0000,518.7000,5200.0000,0.000000,0.0000,5200.0000,CIUSSS-ADM,,,33500,16000,0000021026,,,TRUE,M95TDCUOZ,1,052408
,CLIMATISAT,0000691,2021/11/25,0.000,23175.0000,1158.7500,2311.7063,23175.0000,0.000000,0.0000,23175.0000,CIUSSS-T-R,,,33500,15000,0000021028,,,TRUE,KZKI6HDQR,1,052412
,MULTI-ENER,0000692,2021/11/25,0.000,3500.0000,175.0000,349.1250,3500.0000,0.000000,0.0000,3500.0000,CIUSSS-T-R,,,33500,15000,0000021028,,,TRUE,5JH8A858W,1,052420
,MULTI-ENER,0000692,2021/11/25,0.000,6000.0000,300.0000,598.5000,6000.0000,0.000000,0.0000,6000.0000,CIUSSS-T-R,,,33500,15401,0000021028,,,TRUE,5JH8A858W,1,052420
,SOLIDER---,0000668,2021/11/25,0.000,39500.0000,1975.0000,3940.1250,39500.0000,0.000000,0.0000,39500.0000,MRC-MEKINA,,,33500,05500,0000021027,,,TRUE,TLL8CANBQ,1,052422
,AUBIN-PELL,0000880,2021/11/25,0.000,14200.0000,710.0000,1416.4500,14200.0000,0.000000,0.0000,14200.0000,AGT-------,,,33500,15000,0000021013,,,TRUE,1EGVLU6EV,1,052423
,BARETTE-ST,0000758,2021/11/25,0.000,10912.5800,545.6290,1088.5299,10912.5800,0.000000,0.0000,10912.5800,CPE-CHEZ-M,,,33200,07330,0000021030,,,TRUE,AAAQ220AN,1,052477
....................3,AUBIN-PELL,0000880,2021/11/25,1.000,0.0000,0.0000,0.0000,0.0000,0.000000,0.0000,0.0000,AGT-------,,,33200,,0000021013,,,TRUE,1EGVLU6EV,1,052423
....................3,BARETTE-ST,0000758,2021/11/25,1.000,0.0000,0.0000,0.0000,0.0000,0.000000,0.0000,0.0000,CPE-CHEZ-M,,,33200,,0000021030,,,TRUE,AAAQ220AN,1,052477
....................4,AUBIN-PELL,0000880,2021/11/25,1.000,0.0000,0.0000,0.0000,0.0000,0.000000,0.0000,0.0000,AGT-------,,,33200,,0000021013,,,TRUE,1EGVLU6EV,1,052423
....................4,BARETTE-ST,0000758,2021/11/25,1.000,0.0000,0.0000,0.0000,0.0000,0.000000,0.0000,0.0000,CPE-CHEZ-M,,,33200,,0000021030,,,TRUE,AAAQ220AN,1,052477
,PLOMB-2000,0000763,2021/11/29,0.000,123.5600,6.1780,12.3251,123.5600,0.000000,0.0000,123.5600,CPE-CHEZ-M,,,33500,15401,0000021030,,,TRUE,TI8PSN78P,1,052643
,INTEGRAIR-,0000033,2021/11/30,0.000,1465.8800,73.2940,146.2215,1465.8800,0.000000,0.0000,1465.8800,CIUSSS-ADM,,,33500,13800,0000020003,,,TRUE,KP514OL4Q,1,052390
,PLOMB-CRT-,0000707,2021/11/30,0.000,8464.5000,423.2250,844.3339,8464.5000,0.000000,0.0000,8464.5000,CPE-ENTRE-,,,33500,15401,0000021029,,,TRUE,KDERFB65M,1,052455
,ASP-CONTRO,0000039,2021/11/30,0.000,51401.2300,2570.0615,5127.2727,51401.2300,0.000000,0.0000,51401.2300,CIUSSS-ADM,,,33500,16000,0000020003,,,TRUE,9K397DCMJ,1,052456
,SIDE-ACOUS,0000800,2021/11/30,0.000,56700.0000,2835.0000,5655.8250,56700.0000,0.000000,0.0000,56700.0000,AGT-------,,,33500,09200,0000021013,,,TRUE,MU4UULSMF,1,052459
,ASP-CONTRO,0000683,2021/11/30,0.000,68871.7700,3443.5885,6869.9591,68871.7700,0.000000,0.0000,68871.7700,CIUSSS-T-R,,,33500,16000,0000021028,,,TRUE,014NE1DVT,1,052460
,CONST-RIVA,0000696,2021/11/30,0.000,3025.6200,151.2810,301.8056,3025.6200,0.000000,0.0000,3025.6200,CIUSSS-T-R,,,33500,09200,0000021028,,,TRUE,FSV8LMZ5K,1,052461
,CONST-RIVA,0000673,2021/11/30,0.000,7491.1900,374.5595,747.2462,7491.1900,0.000000,0.0000,7491.1900,MRC-MEKINA,,,33500,09200,0000021027,,,TRUE,GQ7XM7K13,1,052462
,CONST-RIVA,0000673,2021/11/30,0.000,1588.5600,79.4280,158.4589,1588.5600,0.000000,0.0000,1588.5600,MRC-MEKINA,,,33500,09200,0000021027,,,TRUE,GQ7XM7K13,1,052462
,CONST-RIVA,0000673,2021/11/30,0.000,966.9200,48.3460,96.4503,966.9200,0.000000,0.0000,966.9200,MRC-MEKINA,,,33500,09200,0000021027,,,TRUE,GQ7XM7K13,1,052462
,LAVIGNE-EN,0000762,2021/11/30,0.000,1206.7500,60.3375,120.3733,1206.7500,0.000000,0.0000,1206.7500,CPE-CHEZ-M,,,33500,16000,0000021030,,,TRUE,VIO9N0N2T,1,052642
,ACIER-ATR-,0000527,2021/11/30,0.000,38020.5000,1901.0250,3792.5449,38020.5000,0.000000,0.0000,38020.5000,MACH-PRONO,,,33200,03210,0000021018,,,TRUE,CUDS1PXG4,1,052644
,PLOMB-CRT-,0000838,2021/11/30,0.000,4815.0000,240.7500,480.2963,4815.0000,0.000000,0.0000,4815.0000,CPE-ENTRE-,,,33500,25001,0000021029,,,TRUE,YZZ7I542U,1,052651
,ISOL-TRIFL,0000690,2021/11/30,0.000,500.0000,25.0000,49.8750,500.0000,0.000000,0.0000,500.0000,CIUSSS-T-R,,,33500,15000,0000021028,,,TRUE,N10YA922V,1,052685
,CAP-ISOLAT,0000646,2021/11/30,0.000,19404.0000,970.2000,1935.5490,19404.0000,0.000000,0.0000,19404.0000,CIUSSS-ADM,,,33500,15000,0000021026,,,TRUE,J84I1VW2G,1,052713
....................3,PLOMB-CRT-,0000707,2021/11/30,1.000,0.0000,0.0000,0.0000,0.0000,0.000000,0.0000,0.0000,CPE-ENTRE-,,,33200,,0000021029,,,TRUE,KDERFB65M,1,052455
....................3,LAVIGNE-EN,0000762,2021/11/30,1.000,0.0000,0.0000,0.0000,0.0000,0.000000,0.0000,0.0000,CPE-CHEZ-M,,,33200,,0000021030,,,TRUE,VIO9N0N2T,1,052642
....................3,ISOL-TRIFL,0000690,2021/11/30,1.000,0.0000,0.0000,0.0000,0.0000,0.000000,0.0000,0.0000,CIUSSS-T-R,,,33200,,0000021028,,,TRUE,N10YA922V,1,052685
....................4,PLOMB-CRT-,0000707,2021/11/30,1.000,0.0000,0.0000,0.0000,0.0000,0.000000,0.0000,0.0000,CPE-ENTRE-,,,33200,,0000021029,,,TRUE,KDERFB65M,1,052455
....................4,LAVIGNE-EN,0000762,2021/11/30,1.000,0.0000,0.0000,0.0000,0.0000,0.000000,0.0000,0.0000,CPE-CHEZ-M,,,33200,,0000021030,,,TRUE,VIO9N0N2T,1,052642
....................4,ISOL-TRIFL,0000690,2021/11/30,1.000,0.0000,0.0000,0.0000,0.0000,0.000000,0.0000,0.0000,CIUSSS-T-R,,,33200,,0000021028,,,TRUE,N10YA922V,1,052685
,METOFAB---,0000896,2021/12/01,0.000,1600.0000,80.0000,159.6000,1600.0000,0.000000,0.0000,1600.0000,CIUSSS-MCQ,,,33200,25001,0000021002,,,TRUE,VVIBPSLUR,1,052742
,CLOTURE-EC,0000892,2021/12/01,0.000,255.0000,12.7500,25.4363,255.0000,0.000000,0.0000,255.0000,CIUSSS-ADM,,,33500,02820,0000020003,,,TRUE,RH2PKVOHZ,1,052906
,ASP-CONTRO,0000496,2021/12/01,0.000,3501.5000,175.0750,349.2746,3501.5000,0.000000,0.0000,3501.5000,CSS-ENERGI,,,33500,16000,0000021015,,,TRUE,0514IWD9R,1,052912
,CLIMAT-T-R,0000807,2021/12/01,0.000,3253.6300,162.6815,324.5496,3253.6300,0.000000,0.0000,3253.6300,MRC-MEKINA,,,33500,25001,0000021027,,,TRUE,HUTM8WPGB,1,052949
,CLIMAT-T-R,0000780,2021/12/01,0.000,34872.5000,1743.6250,3478.5319,34872.5000,0.000000,0.0000,34872.5000,MRC-MEKINA,,,33500,25001,0000021027,,,TRUE,ZA4R1QSEG,1,052950
,DEMBEC----,0000653,2021/12/01,0.000,12431.2500,621.5625,1240.0172,12431.2500,0.000000,0.0000,12431.2500,CIUSSS-ADM,,,33500,02220,0000021026,,,TRUE,UZXG5L39M,1,052964
,DEMBEC----,0000871,2021/12/01,0.000,3708.7500,185.4375,369.9478,3708.7500,0.000000,0.0000,3708.7500,CIUSSS-ADM,,,33500,25001,0000021026,,,TRUE,823ZA5P2N,1,052965
,VITR-ASBES,0000156,2021/12/01,0.000,5500.0000,275.0000,548.6250,5500.0000,0.000000,0.0000,5500.0000,CIUSSS-ADM,,,33500,08000,0000020003,,,TRUE,2WJU87CH1,1,052971
....................3,METOFAB---,0000896,2021/12/01,1.000,0.0000,0.0000,0.0000,0.0000,0.000000,0.0000,0.0000,CIUSSS-MCQ,,,33200,,0000021002,,,TRUE,VVIBPSLUR,1,052742
....................3,CLOTURE-EC,0000892,2021/12/01,1.000,0.0000,0.0000,0.0000,0.0000,0.000000,0.0000,0.0000,CIUSSS-ADM,,,33200,,0000020003,,,TRUE,RH2PKVOHZ,1,052906
....................3,CLIMAT-T-R,0000780,2021/12/01,1.000,0.0000,0.0000,0.0000,0.0000,0.000000,0.0000,0.0000,MRC-MEKINA,,,33200,,0000021027,,,TRUE,ZA4R1QSEG,1,052950
....................3,DEMBEC----,0000871,2021/12/01,1.000,0.0000,0.0000,0.0000,0.0000,0.000000,0.0000,0.0000,CIUSSS-ADM,,,33200,,0000021026,,,TRUE,823ZA5P2N,1,052965
....................4,METOFAB---,0000896,2021/12/01,1.000,0.0000,0.0000,0.0000,0.0000,0.000000,0.0000,0.0000,CIUSSS-MCQ,,,33200,,0000021002,,,TRUE,VVIBPSLUR,1,052742
....................4,CLOTURE-EC,0000892,2021/12/01,1.000,0.0000,0.0000,0.0000,0.0000,0.000000,0.0000,0.0000,CIUSSS-ADM,,,33200,,0000020003,,,TRUE,RH2PKVOHZ,1,052906
....................4,CLIMAT-T-R,0000780,2021/12/01,1.000,0.0000,0.0000,0.0000,0.0000,0.000000,0.0000,0.0000,MRC-MEKINA,,,33200,,0000021027,,,TRUE,ZA4R1QSEG,1,052950
....................4,DEMBEC----,0000871,2021/12/01,1.000,0.0000,0.0000,0.0000,0.0000,0.000000,0.0000,0.0000,CIUSSS-ADM,,,33200,,0000021026,,,TRUE,823ZA5P2N,1,052965
,ASP-CONTRO,0000756,2021/12/03,0.000,874.7200,43.7360,87.2533,874.7200,0.000000,0.0000,874.7200,CSS-ENERGI,,,33500,25001,0000021015,,,TRUE,T1ENEYD3W,1,052718
,ASP-CONTRO,0000745,2021/12/03,0.000,426.0000,21.3000,42.4935,426.0000,0.000000,0.0000,426.0000,CSS-ENERGI,,,33500,25001,0000021015,,,TRUE,PZD8RRR6T,1,052719
,BARETTE-ST,0000255,2021/12/03,0.000,1225.0000,61.2500,122.1938,1225.0000,0.000000,0.0000,1225.0000,MUN-STE-AN,,,33500,06100,0000020028,,,TRUE,J1HQ6C6Y8,1,052720
,ASP-CONTRO,0000895,2021/12/03,0.000,805.4900,40.2745,80.3476,805.4900,0.000000,0.0000,805.4900,CIUSSS-T-R,,,33500,25001,0000021028,,,TRUE,MDZLWOUFN,1,052721
....................3,ASP-CONTRO,0000756,2021/12/03,1.000,0.0000,0.0000,0.0000,0.0000,0.000000,0.0000,0.0000,CSS-ENERGI,,,33200,,0000021015,,,TRUE,T1ENEYD3W,1,052718
....................3,ASP-CONTRO,0000745,2021/12/03,1.000,0.0000,0.0000,0.0000,0.0000,0.000000,0.0000,0.0000,CSS-ENERGI,,,33200,,0000021015,,,TRUE,PZD8RRR6T,1,052719
....................3,BARETTE-ST,0000255,2021/12/03,1.000,0.0000,0.0000,0.0000,0.0000,0.000000,0.0000,0.0000,MUN-STE-AN,,,33200,,0000020028,,,TRUE,J1HQ6C6Y8,1,052720
....................3,ASP-CONTRO,0000895,2021/12/03,1.000,0.0000,0.0000,0.0000,0.0000,0.000000,0.0000,0.0000,CIUSSS-T-R,,,33200,,0000021028,,,TRUE,MDZLWOUFN,1,052721
....................4,ASP-CONTRO,0000756,2021/12/03,1.000,0.0000,0.0000,0.0000,0.0000,0.000000,0.0000,0.0000,CSS-ENERGI,,,33200,,0000021015,,,TRUE,T1ENEYD3W,1,052718
....................4,ASP-CONTRO,0000745,2021/12/03,1.000,0.0000,0.0000,0.0000,0.0000,0.000000,0.0000,0.0000,CSS-ENERGI,,,33200,,0000021015,,,TRUE,PZD8RRR6T,1,052719
....................4,BARETTE-ST,0000255,2021/12/03,1.000,0.0000,0.0000,0.0000,0.0000,0.000000,0.0000,0.0000,MUN-STE-AN,,,33200,,0000020028,,,TRUE,J1HQ6C6Y8,1,052720
....................4,ASP-CONTRO,0000895,2021/12/03,1.000,0.0000,0.0000,0.0000,0.0000,0.000000,0.0000,0.0000,CIUSSS-T-R,,,33200,,0000021028,,,TRUE,MDZLWOUFN,1,052721
,BARETTE-ST,0000758,2021/12/04,0.000,31787.4200,1589.3710,3170.7951,31787.4200,0.000000,0.0000,31787.4200,CPE-CHEZ-M,,,33200,07330,0000021030,,,TRUE,M21YNED5M,1,052645
,ARCOTEC---,0000698,2021/12/06,0.000,5365.0000,268.2500,535.1588,5365.0000,0.000000,0.0000,5365.0000,CIUSSS-T-R,,,33200,08000,0000021028,,,TRUE,NX5J2O1PX,1,052975
....................3,ARCOTEC---,0000698,2021/12/06,1.000,0.0000,0.0000,0.0000,0.0000,0.000000,0.0000,0.0000,CIUSSS-T-R,,,33200,,0000021028,,,TRUE,NX5J2O1PX,1,052975
....................4,ARCOTEC---,0000698,2021/12/06,1.000,0.0000,0.0000,0.0000,0.0000,0.000000,0.0000,0.0000,CIUSSS-T-R,,,33200,,0000021028,,,TRUE,NX5J2O1PX,1,052975
,SCL-METAL-,0000891,2021/12/08,0.000,-790.8000,-39.5400,-78.8823,-790.8000,0.000000,0.0000,-790.8000,CIUSSS-T-R,,,33500,25001,0000021028,,,TRUE,2ZS6V8JUG,1,052977
....................3,SCL-METAL-,0000891,2021/12/08,1.000,0.0000,0.0000,0.0000,0.0000,0.000000,0.0000,0.0000,CIUSSS-T-R,,,33200,,0000021028,,,TRUE,2ZS6V8JUG,1,052977
....................4,SCL-METAL-,0000891,2021/12/08,1.000,0.0000,0.0000,0.0000,0.0000,0.000000,0.0000,0.0000,CIUSSS-T-R,,,33200,,0000021028,,,TRUE,2ZS6V8JUG,1,052977
,F-DAIGLE--,0000894,2021/12/09,0.000,2725.0000,136.2500,271.8188,2725.0000,0.000000,0.0000,2725.0000,AGT-------,,,33200,08000,0000021013,,,TRUE,9IAI3CGV0,1,052725
....................3,F-DAIGLE--,0000894,2021/12/09,1.000,0.0000,0.0000,0.0000,0.0000,0.000000,0.0000,0.0000,AGT-------,,,33200,,0000021013,,,TRUE,9IAI3CGV0,1,052725
....................4,F-DAIGLE--,0000894,2021/12/09,1.000,0.0000,0.0000,0.0000,0.0000,0.000000,0.0000,0.0000,AGT-------,,,33200,,0000021013,,,TRUE,9IAI3CGV0,1,052725
,SOLIDER---,0000903,2021/12/10,0.000,1500.0000,75.0000,149.6250,1500.0000,0.000000,0.0000,1500.0000,MRC-MEKINA,,,33500,25001,0000021027,,,TRUE,85QBL7Z0I,1,052722
,SOLIDER---,0000903,2021/12/10,0.000,1189.2500,59.4625,118.6277,1189.2500,0.000000,0.0000,1189.2500,MRC-MEKINA,,,33500,25001,0000021027,,,TRUE,85QBL7Z0I,1,052722
,ENT-MAXIME,0000902,2021/12/10,0.000,2638.8900,131.9445,263.2293,2638.8900,0.000000,0.0000,2638.8900,CONSEIL-MA,,,33500,25001,0000020006,,,TRUE,UYOSF368H,1,052747
....................3,ENT-MAXIME,0000902,2021/12/10,1.000,0.0000,0.0000,0.0000,0.0000,0.000000,0.0000,0.0000,CONSEIL-MA,,,33200,,0000020006,,,TRUE,UYOSF368H,1,052747
....................4,ENT-MAXIME,0000902,2021/12/10,1.000,0.0000,0.0000,0.0000,0.0000,0.000000,0.0000,0.0000,CONSEIL-MA,,,33200,,0000020006,,,TRUE,UYOSF368H,1,052747
,PEINT-DUPO,0000676,2021/12/13,0.000,1500.0000,75.0000,149.6250,1500.0000,0.000000,0.0000,1500.0000,MRC-MEKINA,,,33500,09910,0000021027,,,TRUE,2S8DO03DG,1,052723
,ARMECO----,0000773,2021/12/13,0.000,395.0000,19.7500,39.4013,395.0000,0.000000,0.0000,395.0000,CPE-CHEZ-M,,,33200,10000,0000021030,,,TRUE,BEMAE5G67,1,052724
,SCL-METAL-,0000686,2021/12/13,0.000,64880.0000,3244.0000,6471.7800,64880.0000,0.000000,0.0000,64880.0000,CIUSSS-T-R,,,33500,05500,0000021028,,,TRUE,HVBE49IBF,1,052976
....................3,PEINT-DUPO,0000676,2021/12/13,1.000,0.0000,0.0000,0.0000,0.0000,0.000000,0.0000,0.0000,MRC-MEKINA,,,33200,,0000021027,,,TRUE,2S8DO03DG,1,052723
....................3,ARMECO----,0000773,2021/12/13,1.000,0.0000,0.0000,0.0000,0.0000,0.000000,0.0000,0.0000,CPE-CHEZ-M,,,33200,,0000021030,,,TRUE,BEMAE5G67,1,052724
....................4,PEINT-DUPO,0000676,2021/12/13,1.000,0.0000,0.0000,0.0000,0.0000,0.000000,0.0000,0.0000,MRC-MEKINA,,,33200,,0000021027,,,TRUE,2S8DO03DG,1,052723
....................4,ARMECO----,0000773,2021/12/13,1.000,0.0000,0.0000,0.0000,0.0000,0.000000,0.0000,0.0000,CPE-CHEZ-M,,,33200,,0000021030,,,TRUE,BEMAE5G67,1,052724
,GROUPE-SAN,0000730,2021/12/14,0.000,11140.0000,557.0000,1111.2150,11140.0000,0.000000,0.0000,11140.0000,CIUSSS-ADM,,,33500,25001,0000020003,,,TRUE,GQ8QAJBCP,1,052732
,ROGER-BELL,0000723,2021/12/14,0.000,8750.0000,437.5000,872.8125,8750.0000,0.000000,0.0000,8750.0000,CPE-ENTRE-,,,33500,07500,0000021029,,,TRUE,S2NKHACHB,1,052740
,ROGER-BELL,0000858,2021/12/14,0.000,350.0000,17.5000,34.9125,350.0000,0.000000,0.0000,350.0000,CPE-ENTRE-,,,33500,25001,0000021029,,,TRUE,MV42IHEJT,1,052741
....................3,GROUPE-SAN,0000730,2021/12/14,1.000,0.0000,0.0000,0.0000,0.0000,0.000000,0.0000,0.0000,CIUSSS-ADM,,,33200,,0000020003,,,TRUE,GQ8QAJBCP,1,052732
....................3,ROGER-BELL,0000723,2021/12/14,1.000,0.0000,0.0000,0.0000,0.0000,0.000000,0.0000,0.0000,CPE-ENTRE-,,,33200,,0000021029,,,TRUE,S2NKHACHB,1,052740
....................3,ROGER-BELL,0000858,2021/12/14,1.000,0.0000,0.0000,0.0000,0.0000,0.000000,0.0000,0.0000,CPE-ENTRE-,,,33200,,0000021029,,,TRUE,MV42IHEJT,1,052741
....................4,GROUPE-SAN,0000730,2021/12/14,1.000,0.0000,0.0000,0.0000,0.0000,0.000000,0.0000,0.0000,CIUSSS-ADM,,,33200,,0000020003,,,TRUE,GQ8QAJBCP,1,052732
....................4,ROGER-BELL,0000723,2021/12/14,1.000,0.0000,0.0000,0.0000,0.0000,0.000000,0.0000,0.0000,CPE-ENTRE-,,,33200,,0000021029,,,TRUE,S2NKHACHB,1,052740
....................4,ROGER-BELL,0000858,2021/12/14,1.000,0.0000,0.0000,0.0000,0.0000,0.000000,0.0000,0.0000,CPE-ENTRE-,,,33200,,0000021029,,,TRUE,MV42IHEJT,1,052741
,ENT-MAXIME,0000906,2021/12/15,0.000,2555.2500,127.7625,254.8862,2555.2500,0.000000,0.0000,2555.2500,CIUSSS-T-R,,,33500,25001,0000021028,,,TRUE,7PR9WTQSD,1,052726
,AMEUBL-STY,0000629,2021/12/15,0.000,2390.0000,119.5000,238.4025,2390.0000,0.000000,0.0000,2390.0000,ARBEC-BOIS,,,33500,06400,0000021014,,,TRUE,FNBKRTNUE,1,052728
,ENT-ARSENE,0000815,2021/12/15,0.000,4005.0000,200.2500,399.4988,4005.0000,0.000000,0.0000,4005.0000,CIUSSS-MCQ,,,33500,15401,0000021020,,,TRUE,WGYJ2HJK5,1,052729
,ENT-MAXIME,0000687,2021/12/15,0.000,4995.0000,249.7500,498.2513,4995.0000,0.000000,0.0000,4995.0000,CIUSSS-T-R,,,33500,10000,0000021028,,,TRUE,BOKQ8BORK,1,052731
,ACIER-RAY-,0000897,2021/12/15,0.000,149.0000,7.4500,14.8628,149.0000,0.000000,0.0000,149.0000,CPE-ENTRE-,,,33200,25001,0000021029,,,TRUE,RELO9YTWU,1,052734
,VAL-MAURIC,0000607,2021/12/15,0.000,81318.6000,4065.9300,8111.5304,81318.6000,0.000000,0.0000,81318.6000,CIUSSS-MCQ,,,33500,25001,0000021002,,,TRUE,RMZSOFV7C,1,052736
,VAL-MAURIC,0000835,2021/12/15,0.000,-13773.0300,-688.6515,-1373.8597,-13773.0300,0.000000,0.0000,-13773.0300,CIUSSS-MCQ,,,33500,25001,0000021002,,,TRUE,5QEYHEFLV,1,052737
,VAL-MAURIC,0000793,2021/12/15,0.000,917.1000,45.8550,91.4807,917.1000,0.000000,0.0000,917.1000,CIUSSS-MCQ,,,33500,25001,0000021002,,,TRUE,W7EOBHP6Q,1,052738
,VAL-MAURIC,0000849,2021/12/15,0.000,531.0000,26.5500,52.9673,531.0000,0.000000,0.0000,531.0000,CIUSSS-MCQ,,,33500,25001,0000021002,,,TRUE,IQIDTVGHU,1,052739
,ENT-MAXIME,0000890,2021/12/15,0.000,9408.0500,470.4025,938.4530,9408.0500,0.000000,0.0000,9408.0500,CPE-CHEZ-M,,,33500,25001,0000021030,,,TRUE,VG637L5NU,1,052748
,ENT-ARSENE,0000643,2021/12/15,0.000,2646.0000,132.3000,263.9385,2646.0000,0.000000,0.0000,2646.0000,CIUSSS-ADM,,,33500,15401,0000021026,,,TRUE,SRN05G1LR,1,052914
....................3,ENT-MAXIME,0000906,2021/12/15,1.000,0.0000,0.0000,0.0000,0.0000,0.000000,0.0000,0.0000,CIUSSS-T-R,,,33200,,0000021028,,,TRUE,7PR9WTQSD,1,052726
....................3,AMEUBL-STY,0000629,2021/12/15,1.000,0.0000,0.0000,0.0000,0.0000,0.000000,0.0000,0.0000,ARBEC-BOIS,,,33200,,0000021014,,,TRUE,FNBKRTNUE,1,052728
....................3,ENT-ARSENE,0000815,2021/12/15,1.000,0.0000,0.0000,0.0000,0.0000,0.000000,0.0000,0.0000,CIUSSS-MCQ,,,33200,,0000021020,,,TRUE,WGYJ2HJK5,1,052729
....................3,ACIER-RAY-,0000897,2021/12/15,1.000,0.0000,0.0000,0.0000,0.0000,0.000000,0.0000,0.0000,CPE-ENTRE-,,,33200,,0000021029,,,TRUE,RELO9YTWU,1,052734
....................3,VAL-MAURIC,0000607,2021/12/15,1.000,0.0000,0.0000,0.0000,0.0000,0.000000,0.0000,0.0000,CIUSSS-MCQ,,,33200,,0000021002,,,TRUE,RMZSOFV7C,1,052736
....................3,VAL-MAURIC,0000835,2021/12/15,1.000,0.0000,0.0000,0.0000,0.0000,0.000000,0.0000,0.0000,CIUSSS-MCQ,,,33200,,0000021002,,,TRUE,5QEYHEFLV,1,052737
....................3,VAL-MAURIC,0000793,2021/12/15,1.000,0.0000,0.0000,0.0000,0.0000,0.000000,0.0000,0.0000,CIUSSS-MCQ,,,33200,,0000021002,,,TRUE,W7EOBHP6Q,1,052738
....................3,VAL-MAURIC,0000849,2021/12/15,1.000,0.0000,0.0000,0.0000,0.0000,0.000000,0.0000,0.0000,CIUSSS-MCQ,,,33200,,0000021002,,,TRUE,IQIDTVGHU,1,052739
....................3,ENT-MAXIME,0000890,2021/12/15,1.000,0.0000,0.0000,0.0000,0.0000,0.000000,0.0000,0.0000,CPE-CHEZ-M,,,33200,,0000021030,,,TRUE,VG637L5NU,1,052748
....................4,ENT-MAXIME,0000906,2021/12/15,1.000,0.0000,0.0000,0.0000,0.0000,0.000000,0.0000,0.0000,CIUSSS-T-R,,,33200,,0000021028,,,TRUE,7PR9WTQSD,1,052726
....................4,AMEUBL-STY,0000629,2021/12/15,1.000,0.0000,0.0000,0.0000,0.0000,0.000000,0.0000,0.0000,ARBEC-BOIS,,,33200,,0000021014,,,TRUE,FNBKRTNUE,1,052728
....................4,ENT-ARSENE,0000815,2021/12/15,1.000,0.0000,0.0000,0.0000,0.0000,0.000000,0.0000,0.0000,CIUSSS-MCQ,,,33200,,0000021020,,,TRUE,WGYJ2HJK5,1,052729
....................4,ACIER-RAY-,0000897,2021/12/15,1.000,0.0000,0.0000,0.0000,0.0000,0.000000,0.0000,0.0000,CPE-ENTRE-,,,33200,,0000021029,,,TRUE,RELO9YTWU,1,052734
....................4,VAL-MAURIC,0000607,2021/12/15,1.000,0.0000,0.0000,0.0000,0.0000,0.000000,0.0000,0.0000,CIUSSS-MCQ,,,33200,,0000021002,,,TRUE,RMZSOFV7C,1,052736
....................4,VAL-MAURIC,0000835,2021/12/15,1.000,0.0000,0.0000,0.0000,0.0000,0.000000,0.0000,0.0000,CIUSSS-MCQ,,,33200,,0000021002,,,TRUE,5QEYHEFLV,1,052737
....................4,VAL-MAURIC,0000793,2021/12/15,1.000,0.0000,0.0000,0.0000,0.0000,0.000000,0.0000,0.0000,CIUSSS-MCQ,,,33200,,0000021002,,,TRUE,W7EOBHP6Q,1,052738
....................4,VAL-MAURIC,0000849,2021/12/15,1.000,0.0000,0.0000,0.0000,0.0000,0.000000,0.0000,0.0000,CIUSSS-MCQ,,,33200,,0000021002,,,TRUE,IQIDTVGHU,1,052739
....................4,ENT-MAXIME,0000890,2021/12/15,1.000,0.0000,0.0000,0.0000,0.0000,0.000000,0.0000,0.0000,CPE-CHEZ-M,,,33200,,0000021030,,,TRUE,VG637L5NU,1,052748
,CIMENTIER-,0000904,2021/12/16,0.000,3750.0000,187.5000,374.0625,3750.0000,0.000000,0.0000,3750.0000,AGT-------,,,33500,03000,0000021013,,,TRUE,LJVKZOQWJ,1,052746
,ASP-CONTRO,0000683,2021/12/16,0.000,27232.3400,1361.6170,2716.4259,27232.3400,0.000000,0.0000,27232.3400,CIUSSS-T-R,,,33500,16000,0000021028,,,TRUE,63UEYP8AL,1,052901
,COUVRE-PLA,0000675,2021/12/16,0.000,2500.0000,125.0000,249.3750,2500.0000,0.000000,0.0000,2500.0000,MRC-MEKINA,,,33500,09300,0000021027,,,TRUE,S13QGNHKG,1,052902
,BOISVERT--,0000911,2021/12/16,0.000,600.0000,30.0000,59.8500,600.0000,0.000000,0.0000,600.0000,CPE-ENTRE-,,,33500,00400,0000021029,,,TRUE,S3D1V9O0D,1,052905
,REGULVAR--,0000785,2021/12/16,0.000,10756.8000,537.8400,1072.9908,10756.8000,0.000000,0.0000,10756.8000,CIUSSS-MCQ,,,33500,13800,0000021032,,,TRUE,QXMN6G4HG,1,052911
,SCIAGE-ROB,0000721,2021/12/16,0.000,1110.0000,55.5000,110.7225,1110.0000,0.000000,0.0000,1110.0000,CPE-ENTRE-,,,33500,02220,0000021029,,,TRUE,TGGK1Z26T,1,052920
....................3,CIMENTIER-,0000904,2021/12/16,1.000,0.0000,0.0000,0.0000,0.0000,0.000000,0.0000,0.0000,AGT-------,,,33200,,0000021013,,,TRUE,LJVKZOQWJ,1,052746
....................3,COUVRE-PLA,0000675,2021/12/16,1.000,0.0000,0.0000,0.0000,0.0000,0.000000,0.0000,0.0000,MRC-MEKINA,,,33200,,0000021027,,,TRUE,S13QGNHKG,1,052902
....................3,BOISVERT--,0000911,2021/12/16,1.000,0.0000,0.0000,0.0000,0.0000,0.000000,0.0000,0.0000,CPE-ENTRE-,,,33200,,0000021029,,,TRUE,S3D1V9O0D,1,052905
....................3,SCIAGE-ROB,0000721,2021/12/16,1.000,0.0000,0.0000,0.0000,0.0000,0.000000,0.0000,0.0000,CPE-ENTRE-,,,33200,,0000021029,,,TRUE,TGGK1Z26T,1,052920
....................4,CIMENTIER-,0000904,2021/12/16,1.000,0.0000,0.0000,0.0000,0.0000,0.000000,0.0000,0.0000,AGT-------,,,33200,,0000021013,,,TRUE,LJVKZOQWJ,1,052746
....................4,COUVRE-PLA,0000675,2021/12/16,1.000,0.0000,0.0000,0.0000,0.0000,0.000000,0.0000,0.0000,MRC-MEKINA,,,33200,,0000021027,,,TRUE,S13QGNHKG,1,052902
....................4,BOISVERT--,0000911,2021/12/16,1.000,0.0000,0.0000,0.0000,0.0000,0.000000,0.0000,0.0000,CPE-ENTRE-,,,33200,,0000021029,,,TRUE,S3D1V9O0D,1,052905
....................4,SCIAGE-ROB,0000721,2021/12/16,1.000,0.0000,0.0000,0.0000,0.0000,0.000000,0.0000,0.0000,CPE-ENTRE-,,,33200,,0000021029,,,TRUE,TGGK1Z26T,1,052920
,CLIMATISAT,0000691,2021/12/17,0.000,11587.5000,579.3750,1155.8531,11587.5000,0.000000,0.0000,11587.5000,CIUSSS-T-R,,,33500,15000,0000021028,,,TRUE,L40Y0L2LY,1,052730
,REGULVAR--,0000688,2021/12/17,0.000,1633.0100,81.6505,162.8927,1633.0100,0.000000,0.0000,1633.0100,CIUSSS-T-R,,,33500,15000,0000021028,,,TRUE,Z4EC93IM1,1,052904
,JEAN-CARON,0000786,2021/12/17,0.000,7402.5000,370.1250,738.3994,7402.5000,0.000000,0.0000,7402.5000,CIUSSS-MCQ,,,33500,16000,0000021032,,,TRUE,VO7WY6QHS,1,052915
,QUINOX----,0000857,2021/12/17,0.000,55437.2800,2771.8640,5529.8687,55437.2800,0.000000,0.0000,55437.2800,AGT-------,,,33500,09651,0000021013,,,TRUE,76TOXT7JR,1,052916
,PLOMB-CRT-,0000845,2021/12/17,0.000,1228.5000,61.4250,122.5429,1228.5000,0.000000,0.0000,1228.5000,CPE-ENTRE-,,,33500,25001,0000021029,,,TRUE,PGDS5ER69,1,052917
,PLOMB-CRT-,0000870,2021/12/17,0.000,-1292.7200,-64.6360,-128.9488,-1292.7200,0.000000,0.0000,-1292.7200,CPE-ENTRE-,,,33500,25001,0000021029,,,TRUE,A0LWO257W,1,052918
,PLOMB-CRT-,0000707,2021/12/17,0.000,12307.5000,615.3750,1227.6731,12307.5000,0.000000,0.0000,12307.5000,CPE-ENTRE-,,,33500,15401,0000021029,,,TRUE,Q980WHHWX,1,052919
....................3,JEAN-CARON,0000786,2021/12/17,1.000,0.0000,0.0000,0.0000,0.0000,0.000000,0.0000,0.0000,CIUSSS-MCQ,,,33200,,0000021032,,,TRUE,VO7WY6QHS,1,052915
....................3,QUINOX----,0000857,2021/12/17,1.000,0.0000,0.0000,0.0000,0.0000,0.000000,0.0000,0.0000,AGT-------,,,33200,,0000021013,,,TRUE,76TOXT7JR,1,052916
....................3,PLOMB-CRT-,0000845,2021/12/17,1.000,0.0000,0.0000,0.0000,0.0000,0.000000,0.0000,0.0000,CPE-ENTRE-,,,33200,,0000021029,,,TRUE,PGDS5ER69,1,052917
....................3,PLOMB-CRT-,0000870,2021/12/17,1.000,0.0000,0.0000,0.0000,0.0000,0.000000,0.0000,0.0000,CPE-ENTRE-,,,33200,,0000021029,,,TRUE,A0LWO257W,1,052918
....................4,JEAN-CARON,0000786,2021/12/17,1.000,0.0000,0.0000,0.0000,0.0000,0.000000,0.0000,0.0000,CIUSSS-MCQ,,,33200,,0000021032,,,TRUE,VO7WY6QHS,1,052915
....................4,QUINOX----,0000857,2021/12/17,1.000,0.0000,0.0000,0.0000,0.0000,0.000000,0.0000,0.0000,AGT-------,,,33200,,0000021013,,,TRUE,76TOXT7JR,1,052916
....................4,PLOMB-CRT-,0000845,2021/12/17,1.000,0.0000,0.0000,0.0000,0.0000,0.000000,0.0000,0.0000,CPE-ENTRE-,,,33200,,0000021029,,,TRUE,PGDS5ER69,1,052917
....................4,PLOMB-CRT-,0000870,2021/12/17,1.000,0.0000,0.0000,0.0000,0.0000,0.000000,0.0000,0.0000,CPE-ENTRE-,,,33200,,0000021029,,,TRUE,A0LWO257W,1,052918
,ISOL-TRIFL,0000690,2021/12/18,0.000,900.0000,45.0000,89.7750,900.0000,0.000000,0.0000,900.0000,CIUSSS-T-R,,,33500,15000,0000021028,,,TRUE,8LC31E9KU,1,052727
,ISOL-TRIFL,0000783,2021/12/18,0.000,15000.0000,750.0000,1496.2500,15000.0000,0.000000,0.0000,15000.0000,CIUSSS-MCQ,,,33500,15080,0000021032,,,TRUE,G68F64EXY,1,052913
....................3,ISOL-TRIFL,0000783,2021/12/18,1.000,0.0000,0.0000,0.0000,0.0000,0.000000,0.0000,0.0000,CIUSSS-MCQ,,,33200,,0000021032,,,TRUE,G68F64EXY,1,052913
....................4,ISOL-TRIFL,0000783,2021/12/18,1.000,0.0000,0.0000,0.0000,0.0000,0.000000,0.0000,0.0000,CIUSSS-MCQ,,,33200,,0000021032,,,TRUE,G68F64EXY,1,052913
,MULTI-ENER,0000898,2021/12/20,0.000,1212.5000,60.6250,120.9469,1212.5000,0.000000,0.0000,1212.5000,CIUSSS-MCQ,,,33500,25001,0000021002,,,TRUE,YKGISH4UY,1,052909
,EBEN-LEMIR,0000677,2021/12/20,0.000,10701.0000,535.0500,1067.4248,10701.0000,0.000000,0.0000,10701.0000,MRC-MEKINA,,,33500,06400,0000021027,,,TRUE,Y4PUQ3UIE,1,052947
....................3,MULTI-ENER,0000898,2021/12/20,1.000,0.0000,0.0000,0.0000,0.0000,0.000000,0.0000,0.0000,CIUSSS-MCQ,,,33200,,0000021002,,,TRUE,YKGISH4UY,1,052909
....................4,MULTI-ENER,0000898,2021/12/20,1.000,0.0000,0.0000,0.0000,0.0000,0.000000,0.0000,0.0000,CIUSSS-MCQ,,,33200,,0000021002,,,TRUE,YKGISH4UY,1,052909
,CONST-RIVA,0000696,2021/12/26,0.000,1891.0000,94.5500,188.6273,1891.0000,0.000000,0.0000,1891.0000,CIUSSS-T-R,,,33500,09200,0000021028,,,TRUE,TTDMWEV0Q,1,052903
,INTEGRAIR-,0000033,2021/12/31,0.000,7879.1200,393.9560,785.9422,7879.1200,0.000000,0.0000,7879.1200,CIUSSS-ADM,,,33500,13800,0000020003,,,TRUE,4JY6A2K48,1,052735
,MARC-COSSE,0000575,2021/12/31,0.000,1440.0000,72.0000,143.6400,1440.0000,0.000000,0.0000,1440.0000,MUN-ST-ELI,,,33500,16000,0000021021,,,TRUE,JTGOSGJOL,1,052946
,MARC-COSSE,0000575,2021/12/31,0.000,1257.0000,62.8500,125.3858,1257.0000,0.000000,0.0000,1257.0000,MUN-ST-ELI,,,33500,16000,0000021021,,,TRUE,QLYM2G6M7,1,052948
,PROT-PAQUI,0000084,2022/01/01,0.000,2067.0000,103.3500,206.1833,2067.0000,0.000000,0.0000,2067.0000,CIUSSS-ADM,,,33500,13930,0000020003,,,TRUE,NAIAYP5TF,1,052910
,QUINOX----,0000857,2022/01/01,0.000,55437.2800,2771.8640,5529.8687,55437.2800,0.000000,0.0000,55437.2800,AGT-------,,,33500,09651,0000021013,X000000866,,FALSE,UMO6D8XCP,1,
,ARMATECH-I,0000046,2022/01/01,0.000,36.0000,1.8000,3.5910,36.0000,0.000000,0.0000,36.0000,CIUSSS-ADM,,,33200,05500,0000020003,,,TRUE,SU4XYTQ46,1,053258
,L-N-BEAUDO,0000423,2022/01/03,0.000,12375.0000,618.7500,1234.4063,12375.0000,0.000000,0.0000,12375.0000,CIUSSS-MCQ,,,33500,04000,0000021002,,,TRUE,68T47XRDF,1,052907
,L-N-BEAUDO,0000909,2022/01/03,0.000,2117.5000,105.8750,211.2206,2117.5000,0.000000,0.0000,2117.5000,CIUSSS-MCQ,,,33500,25001,0000021002,,,TRUE,7BMTJC988,1,052908
....................3,L-N-BEAUDO,0000423,2022/01/03,1.000,0.0000,0.0000,0.0000,0.0000,0.000000,0.0000,0.0000,CIUSSS-MCQ,,,33200,,0000021002,,,TRUE,68T47XRDF,1,052907
....................3,L-N-BEAUDO,0000909,2022/01/03,1.000,0.0000,0.0000,0.0000,0.0000,0.000000,0.0000,0.0000,CIUSSS-MCQ,,,33200,,0000021002,,,TRUE,7BMTJC988,1,052908
....................4,L-N-BEAUDO,0000423,2022/01/03,1.000,0.0000,0.0000,0.0000,0.0000,0.000000,0.0000,0.0000,CIUSSS-MCQ,,,33200,,0000021002,,,TRUE,68T47XRDF,1,052907
....................4,L-N-BEAUDO,0000909,2022/01/03,1.000,0.0000,0.0000,0.0000,0.0000,0.000000,0.0000,0.0000,CIUSSS-MCQ,,,33200,,0000021002,,,TRUE,7BMTJC988,1,052908
,DES-GRES--,0000908,2022/01/06,0.000,1500.0000,75.0000,149.6250,1500.0000,0.000000,0.0000,1500.0000,CPE-ENTRE-,,,33500,03000,0000021029,,,TRUE,X47HPSJHE,1,053053
,DES-GRES--,0000908,2022/01/06,0.000,1500.0000,75.0000,149.6250,1500.0000,0.000000,0.0000,1500.0000,CPE-ENTRE-,,,33500,03000,0000021029,,,TRUE,X47HPSJHE,1,053053
,QUINC-FERC,0000681,2022/01/11,0.000,990.0000,49.5000,98.7525,990.0000,0.000000,0.0000,990.0000,MRC-MEKINA,,,33200,08000,0000021027,,,TRUE,BC8XKU5MZ,1,053036
....................3,QUINC-FERC,0000681,2022/01/11,1.000,0.0000,0.0000,0.0000,0.0000,0.000000,0.0000,0.0000,MRC-MEKINA,,,33200,,0000021027,,,TRUE,BC8XKU5MZ,1,053036
....................4,QUINC-FERC,0000681,2022/01/11,1.000,0.0000,0.0000,0.0000,0.0000,0.000000,0.0000,0.0000,MRC-MEKINA,,,33200,,0000021027,,,TRUE,BC8XKU5MZ,1,053036
,ACIER-RAY-,0000910,2022/01/12,0.000,470.0000,23.5000,46.8825,470.0000,0.000000,0.0000,470.0000,CPE-ENTRE-,,,33200,06100,0000021029,,,TRUE,YNN514FRQ,1,052982
,DB-FONDATI,0000814,2022/01/12,0.000,23975.0000,1198.7500,2391.5063,23975.0000,0.000000,0.0000,23975.0000,CPE-ENTRE-,,,33500,03000,0000021029,,,TRUE,1ICP55PBF,1,052983
,DB-FONDATI,0000825,2022/01/12,0.000,55000.0000,2750.0000,5486.2500,55000.0000,0.000000,0.0000,55000.0000,CPE-CHEZ-M,,,33500,03000,0000021030,,,TRUE,MIF0JX7EH,1,052985
....................3,ACIER-RAY-,0000910,2022/01/12,1.000,0.0000,0.0000,0.0000,0.0000,0.000000,0.0000,0.0000,CPE-ENTRE-,,,33200,,0000021029,,,TRUE,YNN514FRQ,1,052982
....................3,DB-FONDATI,0000814,2022/01/12,1.000,0.0000,0.0000,0.0000,0.0000,0.000000,0.0000,0.0000,CPE-ENTRE-,,,33200,,0000021029,,,TRUE,1ICP55PBF,1,052983
....................3,DB-FONDATI,0000825,2022/01/12,1.000,0.0000,0.0000,0.0000,0.0000,0.000000,0.0000,0.0000,CPE-CHEZ-M,,,33200,,0000021030,,,TRUE,MIF0JX7EH,1,052985
....................4,ACIER-RAY-,0000910,2022/01/12,1.000,0.0000,0.0000,0.0000,0.0000,0.000000,0.0000,0.0000,CPE-ENTRE-,,,33200,,0000021029,,,TRUE,YNN514FRQ,1,052982
....................4,DB-FONDATI,0000814,2022/01/12,1.000,0.0000,0.0000,0.0000,0.0000,0.000000,0.0000,0.0000,CPE-ENTRE-,,,33200,,0000021029,,,TRUE,1ICP55PBF,1,052983
....................4,DB-FONDATI,0000825,2022/01/12,1.000,0.0000,0.0000,0.0000,0.0000,0.000000,0.0000,0.0000,CPE-CHEZ-M,,,33200,,0000021030,,,TRUE,MIF0JX7EH,1,052985
,DEMBEC----,0000684,2022/01/17,0.000,2750.0000,137.5000,274.3125,2750.0000,0.000000,0.0000,2750.0000,CIUSSS-T-R,,,33500,02220,0000021028,,,TRUE,1ECP52USN,1,052984
,F-DAIGLE--,0000725,2022/01/17,0.000,5750.0000,287.5000,573.5625,5750.0000,0.000000,0.0000,5750.0000,CPE-ENTRE-,,,33200,08100,0000021029,,,TRUE,HOQTOJZOQ,1,053079
,CIMENTIER-,0000834,2022/01/18,0.000,3500.0000,175.0000,349.1250,3500.0000,0.000000,0.0000,3500.0000,AGT-------,,,33500,03000,0000021013,,,TRUE,4X0DW4AHY,1,052986
,NOUVEL-HOR,0000728,2022/01/18,0.000,14300.0000,715.0000,1426.4250,14300.0000,0.000000,0.0000,14300.0000,CPE-ENTRE-,,,33200,08500,0000021029,,,TRUE,6UM79NP01,1,053052
....................3,NOUVEL-HOR,0000728,2022/01/18,1.000,0.0000,0.0000,0.0000,0.0000,0.000000,0.0000,0.0000,CPE-ENTRE-,,,33200,,0000021029,,,TRUE,6UM79NP01,1,053052
....................4,NOUVEL-HOR,0000728,2022/01/18,1.000,0.0000,0.0000,0.0000,0.0000,0.000000,0.0000,0.0000,CPE-ENTRE-,,,33200,,0000021029,,,TRUE,6UM79NP01,1,053052
,F-DAIGLE--,0000912,2022/01/19,0.000,175.8000,8.7900,17.5361,175.8000,0.000000,0.0000,175.8000,CPE-ENTRE-,,,33200,25001,0000021029,,,TRUE,JRLW8KFYI,1,053051
....................3,F-DAIGLE--,0000912,2022/01/19,1.000,0.0000,0.0000,0.0000,0.0000,0.000000,0.0000,0.0000,CPE-ENTRE-,,,33200,,0000021029,,,TRUE,JRLW8KFYI,1,053051
....................4,F-DAIGLE--,0000912,2022/01/19,1.000,0.0000,0.0000,0.0000,0.0000,0.000000,0.0000,0.0000,CPE-ENTRE-,,,33200,,0000021029,,,TRUE,JRLW8KFYI,1,053051
,JDM-COUVER,0000678,2022/01/21,0.000,7650.0000,382.5000,763.0875,7650.0000,0.000000,0.0000,7650.0000,MRC-MEKINA,,,33500,07330,0000021027,,,TRUE,5LPU0CGM4,1,053035
....................3,JDM-COUVER,0000678,2022/01/21,1.000,0.0000,0.0000,0.0000,0.0000,0.000000,0.0000,0.0000,MRC-MEKINA,,,33200,,0000021027,,,TRUE,5LPU0CGM4,1,053035
....................4,JDM-COUVER,0000678,2022/01/21,1.000,0.0000,0.0000,0.0000,0.0000,0.000000,0.0000,0.0000,MRC-MEKINA,,,33200,,0000021027,,,TRUE,5LPU0CGM4,1,053035
,MULTI-ENER,0000644,2022/01/24,0.000,90000.0000,4500.0000,8977.5000,90000.0000,0.000000,0.0000,90000.0000,CIUSSS-ADM,,,33500,15000,0000021026,,,TRUE,66C4MY9DT,1,053126
,JEAN-CARON,0000786,2022/01/24,0.000,5922.0000,296.1000,590.7195,5922.0000,0.000000,0.0000,5922.0000,CIUSSS-MCQ,,,33500,16000,0000021032,,,TRUE,Z45EH42PV,1,053127
,SOLIDER---,0000900,2022/01/25,0.000,1952.2100,97.6105,194.7329,1952.2100,0.000000,0.0000,1952.2100,AGT-------,,,33500,05500,0000021013,,,TRUE,6WTGUUDDR,1,053072
,VAL-MAURIC,0000679,2022/01/25,0.000,6000.0000,300.0000,598.5000,6000.0000,0.000000,0.0000,6000.0000,MRC-MEKINA,,,33500,16000,0000021027,,,TRUE,ALZO6Y3GG,1,053075
,VAL-MAURIC,0000875,2022/01/25,0.000,-175.0000,-8.7500,-17.4563,-175.0000,0.000000,0.0000,-175.0000,MRC-MEKINA,,,33500,25001,0000021027,,,TRUE,8MQBIEAVI,1,053076
,REGULVAR--,0000688,2022/01/25,0.000,4305.1900,215.2595,429.4427,4305.1900,0.000000,0.0000,4305.1900,CIUSSS-T-R,,,33500,15000,0000021028,,,TRUE,ALQ0GJ9VO,1,053077
,VAL-MAURIC,0000625,2022/01/25,0.000,67717.0000,3385.8500,6754.7708,67717.0000,0.000000,0.0000,67717.0000,CIUSSS-MCQ,,,33500,25001,0000021002,,,TRUE,AW6LY9TWE,1,053084
,VAL-MAURIC,0000424,2022/01/25,0.000,142000.0000,7100.0000,14164.5000,142000.0000,0.000000,0.0000,142000.0000,CIUSSS-MCQ,,,33500,16000,0000021002,,,TRUE,94K5D0IHA,1,053085
,BRETON-PLO,0000705,2022/01/25,0.000,6822.0000,341.1000,680.4945,6822.0000,0.000000,0.0000,6822.0000,CPE-ENTRE-,,,33500,15001,0000021029,,,TRUE,TLBDO2AR4,1,053114
,REGULVAR--,0000650,2022/01/25,0.000,3238.2000,161.9100,323.0105,3238.2000,0.000000,0.0000,3238.2000,CIUSSS-ADM,,,33500,13800,0000021026,,,TRUE,8JH1DIVKA,1,053125
,ENT-ARSENE,0000643,2022/01/25,0.000,810.0000,40.5000,80.7975,810.0000,0.000000,0.0000,810.0000,CIUSSS-ADM,,,33500,15401,0000021026,,,TRUE,H3LCYALAB,1,053128
,CLIMATISAT,0000691,2022/01/25,0.000,11587.5000,579.3750,1155.8531,11587.5000,0.000000,0.0000,11587.5000,CIUSSS-T-R,,,33500,15000,0000021028,,,TRUE,CN1BDJOU1,1,053171
,VAL-MAURIC,0000645,2022/01/25,0.000,7550.0000,377.5000,753.1125,7550.0000,0.000000,0.0000,7550.0000,CIUSSS-ADM,,,33500,16000,0000021026,,,TRUE,J9F2HA8IV,1,053227
,VAL-MAURIC,0000843,2022/01/25,0.000,1408.0000,70.4000,140.4480,1408.0000,0.000000,0.0000,1408.0000,CIUSSS-ADM,,,33500,25001,0000021026,,,TRUE,M9XB29IFX,1,053228
,QUINOX----,0000857,2022/01/25,0.000,16908.9600,845.4480,1686.6688,16908.9600,0.000000,0.0000,16908.9600,AGT-------,,,33500,09651,0000021013,,,TRUE,1XW3BBMT1,1,053248
....................3,SOLIDER---,0000900,2022/01/25,1.000,0.0000,0.0000,0.0000,0.0000,0.000000,0.0000,0.0000,AGT-------,,,33200,,0000021013,,,TRUE,6WTGUUDDR,1,053072
....................3,VAL-MAURIC,0000875,2022/01/25,1.000,0.0000,0.0000,0.0000,0.0000,0.000000,0.0000,0.0000,MRC-MEKINA,,,33200,,0000021027,,,TRUE,8MQBIEAVI,1,053076
....................3,BRETON-PLO,0000705,2022/01/25,1.000,0.0000,0.0000,0.0000,0.0000,0.000000,0.0000,0.0000,CPE-ENTRE-,,,33200,,0000021029,,,TRUE,TLBDO2AR4,1,053114
....................3,VAL-MAURIC,0000843,2022/01/25,1.000,0.0000,0.0000,0.0000,0.0000,0.000000,0.0000,0.0000,CIUSSS-ADM,,,33200,,0000021026,,,TRUE,M9XB29IFX,1,053228
....................4,SOLIDER---,0000900,2022/01/25,1.000,0.0000,0.0000,0.0000,0.0000,0.000000,0.0000,0.0000,AGT-------,,,33200,,0000021013,,,TRUE,6WTGUUDDR,1,053072
....................4,VAL-MAURIC,0000679,2022/01/25,1.000,0.0000,0.0000,0.0000,0.0000,0.000000,0.0000,0.0000,MRC-MEKINA,,,33200,,0000021027,,,TRUE,ALZO6Y3GG,1,053075
....................4,VAL-MAURIC,0000875,2022/01/25,1.000,0.0000,0.0000,0.0000,0.0000,0.000000,0.0000,0.0000,MRC-MEKINA,,,33200,,0000021027,,,TRUE,8MQBIEAVI,1,053076
....................4,BRETON-PLO,0000705,2022/01/25,1.000,0.0000,0.0000,0.0000,0.0000,0.000000,0.0000,0.0000,CPE-ENTRE-,,,33200,,0000021029,,,TRUE,TLBDO2AR4,1,053114
....................4,VAL-MAURIC,0000843,2022/01/25,1.000,0.0000,0.0000,0.0000,0.0000,0.000000,0.0000,0.0000,CIUSSS-ADM,,,33200,,0000021026,,,TRUE,M9XB29IFX,1,053228
,F-DAIGLE--,0000725,2022/01/26,0.000,2100.0000,105.0000,209.4750,2100.0000,0.000000,0.0000,2100.0000,CPE-ENTRE-,,,33200,08100,0000021029,,,TRUE,XDIA8AYTG,1,053078
,F-DAIGLE--,0000854,2022/01/26,0.000,1330.0000,66.5000,132.6675,1330.0000,0.000000,0.0000,1330.0000,CPE-ENTRE-,,,33500,25001,0000021029,,,TRUE,ZUSZ4C5IB,1,053080
....................3,F-DAIGLE--,0000725,2022/01/26,1.000,0.0000,0.0000,0.0000,0.0000,0.000000,0.0000,0.0000,CPE-ENTRE-,,,33200,,0000021029,,,TRUE,XDIA8AYTG,1,053078
....................3,F-DAIGLE--,0000854,2022/01/26,1.000,0.0000,0.0000,0.0000,0.0000,0.000000,0.0000,0.0000,CPE-ENTRE-,,,33200,,0000021029,,,TRUE,ZUSZ4C5IB,1,053080
....................4,F-DAIGLE--,0000725,2022/01/26,1.000,0.0000,0.0000,0.0000,0.0000,0.000000,0.0000,0.0000,CPE-ENTRE-,,,33200,,0000021029,,,TRUE,XDIA8AYTG,1,053078
....................4,F-DAIGLE--,0000854,2022/01/26,1.000,0.0000,0.0000,0.0000,0.0000,0.000000,0.0000,0.0000,CPE-ENTRE-,,,33200,,0000021029,,,TRUE,ZUSZ4C5IB,1,053080
,MULTI-ENER,0000692,2022/01/27,0.000,1500.0000,75.0000,149.6250,1500.0000,0.000000,0.0000,1500.0000,CIUSSS-T-R,,,33500,15401,0000021028,,,TRUE,6Y0KU913I,1,053073
,MULTI-ENER,0000893,2022/01/27,0.000,629.0800,31.4540,62.7507,629.0800,0.000000,0.0000,629.0800,CIUSSS-T-R,,,33500,25001,0000021028,,,TRUE,48H6DO3X7,1,053074
,MULTI-ENER,0000787,2022/01/27,0.000,5000.0000,250.0000,498.7500,5000.0000,0.000000,0.0000,5000.0000,CIUSSS-MCQ,,,33500,15401,0000021032,,,TRUE,LRZE4PQ20,1,053124
,ENTRE-A-M-,0000703,2022/01/27,0.000,574.6100,28.7305,57.3173,574.6100,0.000000,0.0000,574.6100,STEMA-PRO-,,,33200,08000,0000021012,,,TRUE,2V4GQWN2F,1,053180
....................3,MULTI-ENER,0000893,2022/01/27,1.000,0.0000,0.0000,0.0000,0.0000,0.000000,0.0000,0.0000,CIUSSS-T-R,,,33200,,0000021028,,,TRUE,48H6DO3X7,1,053074
....................3,MULTI-ENER,0000787,2022/01/27,1.000,0.0000,0.0000,0.0000,0.0000,0.000000,0.0000,0.0000,CIUSSS-MCQ,,,33200,,0000021032,,,TRUE,LRZE4PQ20,1,053124
....................3,ENTRE-A-M-,0000703,2022/01/27,1.000,0.0000,0.0000,0.0000,0.0000,0.000000,0.0000,0.0000,STEMA-PRO-,,,33200,,0000021012,,,TRUE,2V4GQWN2F,1,053180
....................4,MULTI-ENER,0000893,2022/01/27,1.000,0.0000,0.0000,0.0000,0.0000,0.000000,0.0000,0.0000,CIUSSS-T-R,,,33200,,0000021028,,,TRUE,48H6DO3X7,1,053074
....................4,MULTI-ENER,0000787,2022/01/27,1.000,0.0000,0.0000,0.0000,0.0000,0.000000,0.0000,0.0000,CIUSSS-MCQ,,,33200,,0000021032,,,TRUE,LRZE4PQ20,1,053124
....................4,ENTRE-A-M-,0000703,2022/01/27,1.000,0.0000,0.0000,0.0000,0.0000,0.000000,0.0000,0.0000,STEMA-PRO-,,,33200,,0000021012,,,TRUE,2V4GQWN2F,1,053180
,CONST-RIVA,0000673,2022/01/30,0.000,6279.1700,313.9585,626.3472,6279.1700,0.000000,0.0000,6279.1700,MRC-MEKINA,,,33500,09200,0000021027,,,TRUE,4E8246092,1,053169
,CONST-RIVA,0000696,2022/01/30,0.000,6429.4400,321.4720,641.3366,6429.4400,0.000000,0.0000,6429.4400,CIUSSS-T-R,,,33500,09200,0000021028,,,TRUE,AMQ1DQWZR,1,053170
,CONST-RIVA,0000852,2022/01/30,0.000,2458.0500,122.9025,245.1905,2458.0500,0.000000,0.0000,2458.0500,CPE-ENTRE-,,,33500,25001,0000021029,,,TRUE,0FOHEZJAJ,1,053177
,CONST-RIVA,0000740,2022/01/30,0.000,9500.0100,475.0005,947.6260,9500.0100,0.000000,0.0000,9500.0100,CPE-ENTRE-,,,33500,09500,0000021029,,,TRUE,CPZ55GJA4,1,053178
,CONST-RIVA,0000696,2022/01/30,0.000,6429.4400,321.4720,641.3366,6429.4400,0.000000,0.0000,6429.4400,CIUSSS-T-R,,,33500,09200,0000021028,,,TRUE,YO54RJVEQ,1,057704
....................3,CONST-RIVA,0000852,2022/01/30,1.000,0.0000,0.0000,0.0000,0.0000,0.000000,0.0000,0.0000,CPE-ENTRE-,,,33200,,0000021029,,,TRUE,0FOHEZJAJ,1,053177
....................3,CONST-RIVA,0000740,2022/01/30,1.000,0.0000,0.0000,0.0000,0.0000,0.000000,0.0000,0.0000,CPE-ENTRE-,,,33200,,0000021029,,,TRUE,CPZ55GJA4,1,053178
....................4,CONST-RIVA,0000852,2022/01/30,1.000,0.0000,0.0000,0.0000,0.0000,0.000000,0.0000,0.0000,CPE-ENTRE-,,,33200,,0000021029,,,TRUE,0FOHEZJAJ,1,053177
....................4,CONST-RIVA,0000740,2022/01/30,1.000,0.0000,0.0000,0.0000,0.0000,0.000000,0.0000,0.0000,CPE-ENTRE-,,,33200,,0000021029,,,TRUE,CPZ55GJA4,1,053178
,PLOMB-CRT-,0000707,2022/01/31,0.000,29866.5000,1493.3250,2979.1834,29866.5000,0.000000,0.0000,29866.5000,CPE-ENTRE-,,,33500,15401,0000021029,,,TRUE,NPVIKECNQ,1,053081
,PLOMB-CRT-,0000838,2022/01/31,0.000,3591.0000,179.5500,358.2023,3591.0000,0.000000,0.0000,3591.0000,CPE-ENTRE-,,,33500,25001,0000021029,,,TRUE,D03BJYS0L,1,053082
,PLOMB-CRT-,0000914,2022/01/31,0.000,-8960.6500,-448.0325,-893.8248,-8960.6500,0.000000,0.0000,-8960.6500,CPE-ENTRE-,,,33500,25001,0000021029,,,TRUE,X4WZ9Q7X4,1,053083
,REGULVAR--,0000650,2022/01/31,0.000,3238.2000,0.0000,0.0000,3238.2000,0.000000,0.0000,3238.2000,CIUSSS-ADM,,,33500,13800,0000021026,X000000659,,FALSE,W8I5FF1N8,1,
,REGULVAR--,0000650,2022/01/31,0.000,-3238.2000,0.0000,0.0000,-3238.2000,0.000000,0.0000,-3238.2000,CIUSSS-ADM,,,33500,13800,0000021026,X000000659,,FALSE,W8I5FF1N8,1,
,ASP-CONTRO,0000683,2022/01/31,0.000,21960.0000,1098.0000,2190.5100,21960.0000,0.000000,0.0000,21960.0000,CIUSSS-T-R,,,33500,16000,0000021028,,,TRUE,CK3EJH7DC,1,053172
,ASP-CONTRO,0000915,2022/01/31,0.000,193.2600,9.6630,19.2777,193.2600,0.000000,0.0000,193.2600,CPE-ENTRE-,,,33500,25001,0000021029,,,TRUE,JKVE6THJL,1,053174
,ASP-CONTRO,0000708,2022/01/31,0.000,24350.0000,1217.5000,2428.9125,24350.0000,0.000000,0.0000,24350.0000,CPE-ENTRE-,,,33500,16000,0000021029,,,TRUE,VQGUSYBTB,1,053175
,ASP-CONTRO,0000708,2022/01/31,0.000,2515.6000,125.7800,250.9311,2515.6000,0.000000,0.0000,2515.6000,CPE-ENTRE-,,,33500,16300,0000021029,,,TRUE,VQGUSYBTB,1,053175
,ASP-CONTRO,0000916,2022/01/31,0.000,1287.5200,64.3760,128.4301,1287.5200,0.000000,0.0000,1287.5200,CPE-ENTRE-,,,33500,25001,0000021029,,,TRUE,LX1EBPJNS,1,053176
,F-DAIGLE--,0000927,2022/01/31,0.000,1385.0000,69.2500,138.1538,1385.0000,0.000000,0.0000,1385.0000,AGT-------,,,33200,10000,0000021013,,,TRUE,ZD5DICA8S,1,053179
,ENTRE-A-M-,0000703,2022/01/31,0.000,1149.2100,57.4605,114.6337,1149.2100,0.000000,0.0000,1149.2100,STEMA-PRO-,,,33200,08000,0000021012,,,TRUE,XHIA1DPDS,1,053181
,COMETAL---,0000771,2022/01/31,0.000,1310.0000,65.5000,130.6725,1310.0000,0.000000,0.0000,1310.0000,CPE-CHEZ-M,,,33500,05500,0000021030,,,TRUE,MVNHNK9E2,1,053239
,ISOL-TRIFL,0000839,2022/01/31,0.000,2700.0000,135.0000,269.3250,2700.0000,0.000000,0.0000,2700.0000,CPE-ENTRE-,,,33500,15260,0000021029,,,TRUE,MWS59DZF1,1,053240
....................3,PLOMB-CRT-,0000914,2022/01/31,1.000,0.0000,0.0000,0.0000,0.0000,0.000000,0.0000,0.0000,CPE-ENTRE-,,,33200,,0000021029,,,TRUE,X4WZ9Q7X4,1,053083
....................3,ASP-CONTRO,0000915,2022/01/31,1.000,0.0000,0.0000,0.0000,0.0000,0.000000,0.0000,0.0000,CPE-ENTRE-,,,33200,,0000021029,,,TRUE,JKVE6THJL,1,053174
....................3,ASP-CONTRO,0000708,2022/01/31,1.000,0.0000,0.0000,0.0000,0.0000,0.000000,0.0000,0.0000,CPE-ENTRE-,,,33200,,0000021029,,,TRUE,VQGUSYBTB,1,053175
....................3,ASP-CONTRO,0000916,2022/01/31,1.000,0.0000,0.0000,0.0000,0.0000,0.000000,0.0000,0.0000,CPE-ENTRE-,,,33200,,0000021029,,,TRUE,LX1EBPJNS,1,053176
....................3,F-DAIGLE--,0000927,2022/01/31,1.000,0.0000,0.0000,0.0000,0.0000,0.000000,0.0000,0.0000,AGT-------,,,33200,,0000021013,,,TRUE,ZD5DICA8S,1,053179
....................3,COMETAL---,0000771,2022/01/31,1.000,0.0000,0.0000,0.0000,0.0000,0.000000,0.0000,0.0000,CPE-CHEZ-M,,,33200,,0000021030,,,TRUE,MVNHNK9E2,1,053239
....................3,ISOL-TRIFL,0000839,2022/01/31,1.000,0.0000,0.0000,0.0000,0.0000,0.000000,0.0000,0.0000,CPE-ENTRE-,,,33200,,0000021029,,,TRUE,MWS59DZF1,1,053240
....................4,PLOMB-CRT-,0000914,2022/01/31,1.000,0.0000,0.0000,0.0000,0.0000,0.000000,0.0000,0.0000,CPE-ENTRE-,,,33200,,0000021029,,,TRUE,X4WZ9Q7X4,1,053083
....................4,ASP-CONTRO,0000915,2022/01/31,1.000,0.0000,0.0000,0.0000,0.0000,0.000000,0.0000,0.0000,CPE-ENTRE-,,,33200,,0000021029,,,TRUE,JKVE6THJL,1,053174
....................4,ASP-CONTRO,0000708,2022/01/31,1.000,0.0000,0.0000,0.0000,0.0000,0.000000,0.0000,0.0000,CPE-ENTRE-,,,33200,,0000021029,,,TRUE,VQGUSYBTB,1,053175
....................4,ASP-CONTRO,0000916,2022/01/31,1.000,0.0000,0.0000,0.0000,0.0000,0.000000,0.0000,0.0000,CPE-ENTRE-,,,33200,,0000021029,,,TRUE,LX1EBPJNS,1,053176
....................4,F-DAIGLE--,0000927,2022/01/31,1.000,0.0000,0.0000,0.0000,0.0000,0.000000,0.0000,0.0000,AGT-------,,,33200,,0000021013,,,TRUE,ZD5DICA8S,1,053179
....................4,COMETAL---,0000771,2022/01/31,1.000,0.0000,0.0000,0.0000,0.0000,0.000000,0.0000,0.0000,CPE-CHEZ-M,,,33200,,0000021030,,,TRUE,MVNHNK9E2,1,053239
....................4,ISOL-TRIFL,0000839,2022/01/31,1.000,0.0000,0.0000,0.0000,0.0000,0.000000,0.0000,0.0000,CPE-ENTRE-,,,33200,,0000021029,,,TRUE,MWS59DZF1,1,053240
,FERRAILLEU,0000776,2022/02/01,0.000,19960.0000,998.0000,1991.0100,19960.0000,0.000000,0.0000,19960.0000,CPE-ENTRE-,,,33500,03000,0000021029,,,TRUE,87R31TDC2,1,053260
,AUBIN-PELL,0000880,2022/02/01,0.000,44450.0000,2222.5000,4433.8875,44450.0000,0.000000,0.0000,44450.0000,AGT-------,,,33500,15000,0000021013,,,TRUE,YMV6SZD6Q,1,053264
,CLIMAT-T-R,0000780,2022/02/01,0.000,13555.0000,677.7500,1352.1113,13555.0000,0.000000,0.0000,13555.0000,MRC-MEKINA,,,33500,25001,0000021027,,,TRUE,2ZSQSSQYU,1,053269
,CAP-ISOLAT,0000646,2022/02/01,0.000,3870.0000,193.5000,386.0325,3870.0000,0.000000,0.0000,3870.0000,CIUSSS-ADM,,,33500,15000,0000021026,,,TRUE,E0P8RG62Q,1,053271
....................3,FERRAILLEU,0000776,2022/02/01,1.000,0.0000,0.0000,0.0000,0.0000,0.000000,0.0000,0.0000,CPE-ENTRE-,,,33200,,0000021029,,,TRUE,87R31TDC2,1,053260
....................4,FERRAILLEU,0000776,2022/02/01,1.000,0.0000,0.0000,0.0000,0.0000,0.000000,0.0000,0.0000,CPE-ENTRE-,,,33200,,0000021029,,,TRUE,87R31TDC2,1,053260
,PLOMB-MTCA,0000859,2022/02/02,0.000,10950.0000,547.5000,1092.2625,10950.0000,0.000000,0.0000,10950.0000,MRC-MEKINA,,,33500,15401,0000021027,,,TRUE,RUAY4APL9,1,053173
,PLOMB-MTCA,0000859,2022/02/02,0.000,822.0000,41.1000,81.9945,822.0000,0.000000,0.0000,822.0000,MRC-MEKINA,,,33500,15401,0000021027,,,TRUE,RUAY4APL9,1,053173
,PLOMB-MTCA,0000859,2022/02/02,0.000,170.0000,8.5000,16.9575,170.0000,0.000000,0.0000,170.0000,MRC-MEKINA,,,33500,25001,0000021027,,,TRUE,RUAY4APL9,1,053173
,F-DAIGLE--,0000725,2022/02/02,0.000,2165.0000,108.2500,215.9588,2165.0000,0.000000,0.0000,2165.0000,CPE-ENTRE-,,,33200,08100,0000021029,,,TRUE,ZY0PMD2R2,1,053265
,F-DAIGLE--,0000854,2022/02/02,0.000,1230.0000,61.5000,122.6925,1230.0000,0.000000,0.0000,1230.0000,CPE-ENTRE-,,,33500,25001,0000021029,,,TRUE,4EEMTA712,1,053266
,F-DAIGLE--,0000932,2022/02/02,0.000,140.0000,7.0000,13.9650,140.0000,0.000000,0.0000,140.0000,CPE-ENTRE-,,,33200,25001,0000021029,,,TRUE,UZZIGVIPI,1,053540
....................3,PLOMB-MTCA,0000859,2022/02/02,1.000,0.0000,0.0000,0.0000,0.0000,0.000000,0.0000,0.0000,MRC-MEKINA,,,33200,,0000021027,,,TRUE,RUAY4APL9,1,053173
....................4,PLOMB-MTCA,0000859,2022/02/02,1.000,0.0000,0.0000,0.0000,0.0000,0.000000,0.0000,0.0000,MRC-MEKINA,,,33200,,0000021027,,,TRUE,RUAY4APL9,1,053173
,RXFLOOR---,0000781,2022/02/03,0.000,3700.6000,185.0300,369.1349,3700.6000,0.000000,0.0000,3700.6000,CPE-ENTRE-,,,33500,25001,0000021029,,,TRUE,P1TPGCHY5,1,053267
....................3,RXFLOOR---,0000781,2022/02/03,1.000,0.0000,0.0000,0.0000,0.0000,0.000000,0.0000,0.0000,CPE-ENTRE-,,,33200,,0000021029,,,TRUE,P1TPGCHY5,1,053267
....................4,RXFLOOR---,0000781,2022/02/03,1.000,0.0000,0.0000,0.0000,0.0000,0.000000,0.0000,0.0000,CPE-ENTRE-,,,33200,,0000021029,,,TRUE,P1TPGCHY5,1,053267
,F-DAIGLE--,0000854,2022/02/09,0.000,336.0000,16.8000,33.5160,336.0000,0.000000,0.0000,336.0000,CPE-ENTRE-,,,33500,25001,0000021029,,,TRUE,DBB1VATLV,1,053274
,F-DAIGLE--,0000725,2022/02/14,0.000,15882.1000,794.1050,1584.2395,15882.1000,0.000000,0.0000,15882.1000,CPE-ENTRE-,,,33200,08100,0000021029,,,TRUE,UFX01592N,1,053276
,F-DAIGLE--,0000848,2022/02/14,0.000,139.7000,6.9850,13.9351,139.7000,0.000000,0.0000,139.7000,CPE-ENTRE-,,,33200,25001,0000021029,,,TRUE,P8CAMCY4F,1,053277
....................3,F-DAIGLE--,0000848,2022/02/14,1.000,0.0000,0.0000,0.0000,0.0000,0.000000,0.0000,0.0000,CPE-ENTRE-,,,33200,,0000021029,,,TRUE,P8CAMCY4F,1,053277
....................4,F-DAIGLE--,0000848,2022/02/14,1.000,0.0000,0.0000,0.0000,0.0000,0.000000,0.0000,0.0000,CPE-ENTRE-,,,33200,,0000021029,,,TRUE,P8CAMCY4F,1,053277
,ABRIS-----,0000931,2022/02/15,0.000,500.0000,25.0000,49.8750,500.0000,0.000000,0.0000,500.0000,AGT-------,,,33500,10000,0000021013,,,TRUE,8O32WKEXD,1,053253
,ABRIS-----,0000931,2022/02/15,0.000,495.0000,24.7500,49.3763,495.0000,0.000000,0.0000,495.0000,AGT-------,,,33500,10000,0000021013,,,TRUE,YRQ1FTO9N,1,053254
,ABRIS-----,0000931,2022/02/15,0.000,35.9900,1.7995,3.5900,35.9900,0.000000,0.0000,35.9900,AGT-------,,,33500,10000,0000021013,,,TRUE,YRQ1FTO9N,1,053254
,ABRIS-----,0000931,2022/02/15,0.000,1035.0000,51.7500,103.2413,1035.0000,0.000000,0.0000,1035.0000,AGT-------,,,33500,10000,0000021013,,,TRUE,YRQ1FTO9N,1,053254
,FRANCO----,0000743,2022/02/15,0.000,1898.0000,94.9000,189.3255,1898.0000,0.000000,0.0000,1898.0000,CPE-ENTRE-,,,33500,07200,0000021029,,,TRUE,BCXBAEZIA,1,053275
,FRANCO----,0000743,2022/02/15,0.000,1272.0000,63.6000,126.8820,1272.0000,0.000000,0.0000,1272.0000,CPE-ENTRE-,,,33500,07200,0000021029,,,TRUE,BCXBAEZIA,1,053275
,FRANCO----,0000743,2022/02/15,0.000,572.0000,28.6000,57.0570,572.0000,0.000000,0.0000,572.0000,CPE-ENTRE-,,,33500,07200,0000021029,,,TRUE,BCXBAEZIA,1,053275
....................3,FRANCO----,0000743,2022/02/15,1.000,0.0000,0.0000,0.0000,0.0000,0.000000,0.0000,0.0000,CPE-ENTRE-,,,33200,,0000021029,,,TRUE,BCXBAEZIA,1,053275
....................4,FRANCO----,0000743,2022/02/15,1.000,0.0000,0.0000,0.0000,0.0000,0.000000,0.0000,0.0000,CPE-ENTRE-,,,33200,,0000021029,,,TRUE,BCXBAEZIA,1,053275
,ST-ARNAUD-,0000947,2022/02/17,0.000,175.0000,8.7500,17.4563,175.0000,0.000000,0.0000,175.0000,MUN-HEROUX,,,33500,00400,0000021034,,,TRUE,R7P7AR1UO,1,053261
,ST-ARNAUD-,0000947,2022/02/17,0.000,860.0000,43.0000,85.7850,860.0000,0.000000,0.0000,860.0000,MUN-HEROUX,,,33500,05510,0000021034,,,TRUE,R7P7AR1UO,1,053261
,CIMENTIER-,0000766,2022/02/17,0.000,5900.0000,295.0000,588.5250,5900.0000,0.000000,0.0000,5900.0000,CPE-CHEZ-M,,,33500,03000,0000021030,,,TRUE,K1TZYC2QY,1,053268
....................3,ST-ARNAUD-,0000947,2022/02/17,1.000,0.0000,0.0000,0.0000,0.0000,0.000000,0.0000,0.0000,MUN-HEROUX,,,33200,,0000021034,,,TRUE,R7P7AR1UO,1,053261
....................3,CIMENTIER-,0000766,2022/02/17,1.000,0.0000,0.0000,0.0000,0.0000,0.000000,0.0000,0.0000,CPE-CHEZ-M,,,33200,,0000021030,,,TRUE,K1TZYC2QY,1,053268
....................4,ST-ARNAUD-,0000947,2022/02/17,1.000,0.0000,0.0000,0.0000,0.0000,0.000000,0.0000,0.0000,MUN-HEROUX,,,33200,,0000021034,,,TRUE,R7P7AR1UO,1,053261
....................4,CIMENTIER-,0000766,2022/02/17,1.000,0.0000,0.0000,0.0000,0.0000,0.000000,0.0000,0.0000,CPE-CHEZ-M,,,33200,,0000021030,,,TRUE,K1TZYC2QY,1,053268
,PEINT-DUPO,0000676,2022/02/21,0.000,1000.0000,50.0000,99.7500,1000.0000,0.000000,0.0000,1000.0000,MRC-MEKINA,,,33500,09910,0000021027,,,TRUE,MK8LJ4XRU,1,053270
,JEAN-CARON,0000786,2022/02/21,0.000,740.2500,37.0125,73.8399,740.2500,0.000000,0.0000,740.2500,CIUSSS-MCQ,,,33500,16000,0000021032,,,TRUE,Z13UO0SQC,1,053272
,REGULVAR--,0000688,2022/02/21,0.000,2969.1000,148.4550,296.1677,2969.1000,0.000000,0.0000,2969.1000,CIUSSS-T-R,,,33500,15000,0000021028,,,TRUE,0N178J82V,1,053440
,PLOMB-2000,0000763,2022/02/21,0.000,10920.5900,546.0295,1089.3289,10920.5900,0.000000,0.0000,10920.5900,CPE-CHEZ-M,,,33500,15401,0000021030,,,TRUE,UTOGPIX2N,1,053442
,REGULVAR--,0000926,2022/02/21,0.000,1769.4000,88.4700,176.4977,1769.4000,0.000000,0.0000,1769.4000,CSS-CH-ROY,,,33500,15000,0000021041,,,TRUE,KV1AA3MAX,1,053448
,MULTI-ENER,0000644,2022/02/21,0.000,6200.0000,310.0000,618.4500,6200.0000,0.000000,0.0000,6200.0000,CIUSSS-ADM,,,33500,15000,0000021026,,,TRUE,EGTM6T2VL,1,053463
,REGULVAR--,0000650,2022/02/21,0.000,6476.4000,323.8200,646.0209,6476.4000,0.000000,0.0000,6476.4000,CIUSSS-ADM,,,33500,13800,0000021026,,,TRUE,1C4CL8VYA,1,053545
....................3,REGULVAR--,0000926,2022/02/21,1.000,0.0000,0.0000,0.0000,0.0000,0.000000,0.0000,0.0000,CSS-CH-ROY,,,33200,,0000021041,,,TRUE,KV1AA3MAX,1,053448
....................4,REGULVAR--,0000926,2022/02/21,1.000,0.0000,0.0000,0.0000,0.0000,0.000000,0.0000,0.0000,CSS-CH-ROY,,,33200,,0000021041,,,TRUE,KV1AA3MAX,1,053448
,BOULAY----,0000934,2022/02/22,0.000,4998.6000,249.9300,498.6104,4998.6000,0.000000,0.0000,4998.6000,AGT-------,,,33500,05500,0000021013,,,TRUE,KK4FQTF0K,1,053273
,FNX-INNOV-,0000884,2022/02/22,0.000,18150.0000,907.5000,1810.4625,18150.0000,0.000000,0.0000,18150.0000,MERCIER---,,,33200,00400,0000021039,,,TRUE,N9SK753XK,1,053548
,FNX-INNOV-,0000964,2022/02/22,0.000,8540.0000,427.0000,851.8650,8540.0000,0.000000,0.0000,8540.0000,MERCIER-TG,,,33500,00400,0000021039,,,TRUE,553E0WPDE,1,053549
....................3,BOULAY----,0000934,2022/02/22,1.000,0.0000,0.0000,0.0000,0.0000,0.000000,0.0000,0.0000,AGT-------,,,33200,,0000021013,,,TRUE,KK4FQTF0K,1,053273
....................3,FNX-INNOV-,0000884,2022/02/22,1.000,0.0000,0.0000,0.0000,0.0000,0.000000,0.0000,0.0000,MERCIER---,,,33200,,0000021039,,,TRUE,N9SK753XK,1,053548
....................3,FNX-INNOV-,0000964,2022/02/22,1.000,0.0000,0.0000,0.0000,0.0000,0.000000,0.0000,0.0000,MERCIER-TG,,,33200,,0000021039,,,TRUE,553E0WPDE,1,053549
....................4,BOULAY----,0000934,2022/02/22,1.000,0.0000,0.0000,0.0000,0.0000,0.000000,0.0000,0.0000,AGT-------,,,33200,,0000021013,,,TRUE,KK4FQTF0K,1,053273
....................4,FNX-INNOV-,0000884,2022/02/22,1.000,0.0000,0.0000,0.0000,0.0000,0.000000,0.0000,0.0000,MERCIER---,,,33200,,0000021039,,,TRUE,N9SK753XK,1,053548
....................4,FNX-INNOV-,0000964,2022/02/22,1.000,0.0000,0.0000,0.0000,0.0000,0.000000,0.0000,0.0000,MERCIER-TG,,,33200,,0000021039,,,TRUE,553E0WPDE,1,053549
,QUINC-PORT,0000907,2022/02/23,0.000,2611.0000,130.5500,260.4473,2611.0000,0.000000,0.0000,2611.0000,CIUSSS-ADM,,,33500,08710,0000020003,,,TRUE,J6XJ7OG0V,1,053418
,BLP-ARPENT,0000538,2022/02/23,0.000,1200.0000,60.0000,119.7000,1200.0000,0.000000,0.0000,1200.0000,AGT-------,,,33200,00400,0000021013,,,TRUE,TWX9P9MDY,1,053452
,F-DAIGLE--,0000769,2022/02/23,0.000,11558.0000,577.9000,1152.9105,11558.0000,0.000000,0.0000,11558.0000,CPE-CHEZ-M,,,33200,08000,0000021030,,,TRUE,NMHQQ3CUP,1,053473
,QUINC-FERC,0000681,2022/02/23,0.000,5510.0000,275.5000,549.6225,5510.0000,0.000000,0.0000,5510.0000,MRC-MEKINA,,,33200,08000,0000021027,,,TRUE,W8TL70PJH,1,053537
,QUINC-FERC,0000681,2022/02/23,0.000,720.0000,36.0000,71.8200,720.0000,0.000000,0.0000,720.0000,MRC-MEKINA,,,33200,08000,0000021027,,,TRUE,W8TL70PJH,1,053537
,F-DAIGLE--,0000725,2022/02/23,0.000,792.9000,39.6450,79.0918,792.9000,0.000000,0.0000,792.9000,CPE-ENTRE-,,,33200,08100,0000021029,,,TRUE,86KY0SSAV,1,053538
....................3,QUINC-PORT,0000907,2022/02/23,1.000,0.0000,0.0000,0.0000,0.0000,0.000000,0.0000,0.0000,CIUSSS-ADM,,,33200,,0000020003,,,TRUE,J6XJ7OG0V,1,053418
....................3,BLP-ARPENT,0000538,2022/02/23,1.000,0.0000,0.0000,0.0000,0.0000,0.000000,0.0000,0.0000,AGT-------,,,33200,,0000021013,,,TRUE,TWX9P9MDY,1,053452
....................3,F-DAIGLE--,0000769,2022/02/23,1.000,0.0000,0.0000,0.0000,0.0000,0.000000,0.0000,0.0000,CPE-CHEZ-M,,,33200,,0000021030,,,TRUE,NMHQQ3CUP,1,053473
....................4,QUINC-PORT,0000907,2022/02/23,1.000,0.0000,0.0000,0.0000,0.0000,0.000000,0.0000,0.0000,CIUSSS-ADM,,,33200,,0000020003,,,TRUE,J6XJ7OG0V,1,053418
....................4,BLP-ARPENT,0000538,2022/02/23,1.000,0.0000,0.0000,0.0000,0.0000,0.000000,0.0000,0.0000,AGT-------,,,33200,,0000021013,,,TRUE,TWX9P9MDY,1,053452
....................4,F-DAIGLE--,0000769,2022/02/23,1.000,0.0000,0.0000,0.0000,0.0000,0.000000,0.0000,0.0000,CPE-CHEZ-M,,,33200,,0000021030,,,TRUE,NMHQQ3CUP,1,053473
,ASP-CONTRO,0000972,2022/02/24,0.000,1829.7500,91.4875,182.5176,1829.7500,0.000000,0.0000,1829.7500,CIUSSS-ADM,,,33500,25001,0000020003,,,TRUE,BGV2ATDLI,1,053421
,ASP-CONTRO,0000973,2022/02/24,0.000,1288.0000,64.4000,128.4780,1288.0000,0.000000,0.0000,1288.0000,CIUSSS-ADM,,,33500,25001,0000020003,,,TRUE,E2KJVP9U1,1,053422
,ASP-CONTRO,0000976,2022/02/24,0.000,1373.2500,68.6625,136.9817,1373.2500,0.000000,0.0000,1373.2500,CIUSSS-ADM,,,33500,25001,0000020003,,,TRUE,RWGT1V6Z3,1,053423
,ASP-CONTRO,0000975,2022/02/24,0.000,560.2300,28.0115,55.8829,560.2300,0.000000,0.0000,560.2300,CIUSSS-ADM,,,33500,25001,0000020003,,,TRUE,Q41RVL5M7,1,053425
,ASP-CONTRO,0000971,2022/02/24,0.000,2916.8000,145.8400,290.9508,2916.8000,0.000000,0.0000,2916.8000,CIUSSS-ADM,,,33500,25001,0000020003,,,TRUE,6R60FHQO4,1,053427
,SOUDURE-CL,0000819,2022/02/24,0.000,22000.0000,1100.0000,2194.5000,22000.0000,0.000000,0.0000,22000.0000,CPE-ENTRE-,,,33500,05500,0000021029,,,TRUE,4DJS8QL66,1,053429
,SOUDURE-CL,0000819,2022/02/24,0.000,4000.0000,200.0000,399.0000,4000.0000,0.000000,0.0000,4000.0000,CPE-ENTRE-,,,33500,05500,0000021029,,,TRUE,4DJS8QL66,1,053429
,DEMBEC----,0000924,2022/02/24,0.000,94187.5000,4709.3750,9395.2031,94187.5000,0.000000,0.0000,94187.5000,CSS-CH-ROY,,,33500,02070,0000021041,,,TRUE,1CLKLY0E0,1,053444
....................3,ASP-CONTRO,0000972,2022/02/24,1.000,0.0000,0.0000,0.0000,0.0000,0.000000,0.0000,0.0000,CIUSSS-ADM,,,33200,,0000020003,,,TRUE,BGV2ATDLI,1,053421
....................3,ASP-CONTRO,0000973,2022/02/24,1.000,0.0000,0.0000,0.0000,0.0000,0.000000,0.0000,0.0000,CIUSSS-ADM,,,33200,,0000020003,,,TRUE,E2KJVP9U1,1,053422
....................3,ASP-CONTRO,0000976,2022/02/24,1.000,0.0000,0.0000,0.0000,0.0000,0.000000,0.0000,0.0000,CIUSSS-ADM,,,33200,,0000020003,,,TRUE,RWGT1V6Z3,1,053423
....................3,ASP-CONTRO,0000975,2022/02/24,1.000,0.0000,0.0000,0.0000,0.0000,0.000000,0.0000,0.0000,CIUSSS-ADM,,,33200,,0000020003,,,TRUE,Q41RVL5M7,1,053425
....................3,ASP-CONTRO,0000971,2022/02/24,1.000,0.0000,0.0000,0.0000,0.0000,0.000000,0.0000,0.0000,CIUSSS-ADM,,,33200,,0000020003,,,TRUE,6R60FHQO4,1,053427
....................3,SOUDURE-CL,0000819,2022/02/24,1.000,0.0000,0.0000,0.0000,0.0000,0.000000,0.0000,0.0000,CPE-ENTRE-,,,33200,,0000021029,,,TRUE,4DJS8QL66,1,053429
....................3,DEMBEC----,0000924,2022/02/24,1.000,0.0000,0.0000,0.0000,0.0000,0.000000,0.0000,0.0000,CSS-CH-ROY,,,33200,,0000021041,,,TRUE,1CLKLY0E0,1,053444
....................4,ASP-CONTRO,0000972,2022/02/24,1.000,0.0000,0.0000,0.0000,0.0000,0.000000,0.0000,0.0000,CIUSSS-ADM,,,33200,,0000020003,,,TRUE,BGV2ATDLI,1,053421
....................4,ASP-CONTRO,0000973,2022/02/24,1.000,0.0000,0.0000,0.0000,0.0000,0.000000,0.0000,0.0000,CIUSSS-ADM,,,33200,,0000020003,,,TRUE,E2KJVP9U1,1,053422
....................4,ASP-CONTRO,0000976,2022/02/24,1.000,0.0000,0.0000,0.0000,0.0000,0.000000,0.0000,0.0000,CIUSSS-ADM,,,33200,,0000020003,,,TRUE,RWGT1V6Z3,1,053423
....................4,ASP-CONTRO,0000975,2022/02/24,1.000,0.0000,0.0000,0.0000,0.0000,0.000000,0.0000,0.0000,CIUSSS-ADM,,,33200,,0000020003,,,TRUE,Q41RVL5M7,1,053425
....................4,ASP-CONTRO,0000971,2022/02/24,1.000,0.0000,0.0000,0.0000,0.0000,0.000000,0.0000,0.0000,CIUSSS-ADM,,,33200,,0000020003,,,TRUE,6R60FHQO4,1,053427
....................4,SOUDURE-CL,0000819,2022/02/24,1.000,0.0000,0.0000,0.0000,0.0000,0.000000,0.0000,0.0000,CPE-ENTRE-,,,33200,,0000021029,,,TRUE,4DJS8QL66,1,053429
....................4,DEMBEC----,0000924,2022/02/24,1.000,0.0000,0.0000,0.0000,0.0000,0.000000,0.0000,0.0000,CSS-CH-ROY,,,33200,,0000021041,,,TRUE,1CLKLY0E0,1,053444
,VAL-MAURIC,0000424,2022/02/25,0.000,18000.0000,900.0000,1795.5000,18000.0000,0.000000,0.0000,18000.0000,CIUSSS-MCQ,,,33500,16000,0000021002,,,TRUE,CIOCBD7DF,1,053428
,PEINT-DUPO,0000741,2022/02/25,0.000,6955.0000,347.7500,693.7613,6955.0000,0.000000,0.0000,6955.0000,CPE-ENTRE-,,,33500,09910,0000021029,,,TRUE,I0VH5O97N,1,053433
,PEINT-DUPO,0000741,2022/02/25,0.000,245.0000,12.2500,24.4388,245.0000,0.000000,0.0000,245.0000,CPE-ENTRE-,,,33500,09910,0000021029,,,TRUE,I0VH5O97N,1,053433
,CLIMATISAT,0000691,2022/02/25,0.000,11587.5000,579.3750,1155.8531,11587.5000,0.000000,0.0000,11587.5000,CIUSSS-T-R,,,33500,15000,0000021028,,,TRUE,6I090LF0A,1,053439
,VAL-MAURIC,0000679,2022/02/25,0.000,10700.0000,535.0000,1067.3250,10700.0000,0.000000,0.0000,10700.0000,MRC-MEKINA,,,33500,16000,0000021027,,,TRUE,C2JQ2SVR1,1,053441
,CLIMATISAT,0000919,2022/02/25,0.000,2508.7500,125.4375,250.2478,2508.7500,0.000000,0.0000,2508.7500,CSS-CH-ROY,,,33500,15905,0000021041,,,TRUE,WQVUMA99R,1,053447
,VAL-MAURIC,0000645,2022/02/25,0.000,5250.0000,262.5000,523.6875,5250.0000,0.000000,0.0000,5250.0000,CIUSSS-ADM,,,33500,16000,0000021026,,,TRUE,0VV6KR5E0,1,053449
,VAL-MAURIC,0000868,2022/02/25,0.000,1006.0000,50.3000,100.3485,1006.0000,0.000000,0.0000,1006.0000,CIUSSS-ADM,,,33500,25001,0000021026,,,TRUE,D40CC6G3T,1,053450
,VITR-ASBES,0000905,2022/02/25,0.000,42812.9000,2140.6450,4270.5868,42812.9000,0.000000,0.0000,42812.9000,AGT-------,,,33500,08000,0000021013,,,TRUE,FVY96IEJC,1,053451
....................3,PEINT-DUPO,0000741,2022/02/25,1.000,0.0000,0.0000,0.0000,0.0000,0.000000,0.0000,0.0000,CPE-ENTRE-,,,33200,,0000021029,,,TRUE,I0VH5O97N,1,053433
....................3,CLIMATISAT,0000919,2022/02/25,1.000,0.0000,0.0000,0.0000,0.0000,0.000000,0.0000,0.0000,CSS-CH-ROY,,,33200,,0000021041,,,TRUE,WQVUMA99R,1,053447
....................3,VAL-MAURIC,0000868,2022/02/25,1.000,0.0000,0.0000,0.0000,0.0000,0.000000,0.0000,0.0000,CIUSSS-ADM,,,33200,,0000021026,,,TRUE,D40CC6G3T,1,053450
....................3,VITR-ASBES,0000905,2022/02/25,1.000,0.0000,0.0000,0.0000,0.0000,0.000000,0.0000,0.0000,AGT-------,,,33200,,0000021013,,,TRUE,FVY96IEJC,1,053451
....................4,PEINT-DUPO,0000741,2022/02/25,1.000,0.0000,0.0000,0.0000,0.0000,0.000000,0.0000,0.0000,CPE-ENTRE-,,,33200,,0000021029,,,TRUE,I0VH5O97N,1,053433
....................4,CLIMATISAT,0000919,2022/02/25,1.000,0.0000,0.0000,0.0000,0.0000,0.000000,0.0000,0.0000,CSS-CH-ROY,,,33200,,0000021041,,,TRUE,WQVUMA99R,1,053447
....................4,VAL-MAURIC,0000868,2022/02/25,1.000,0.0000,0.0000,0.0000,0.0000,0.000000,0.0000,0.0000,CIUSSS-ADM,,,33200,,0000021026,,,TRUE,D40CC6G3T,1,053450
....................4,VITR-ASBES,0000905,2022/02/25,1.000,0.0000,0.0000,0.0000,0.0000,0.000000,0.0000,0.0000,AGT-------,,,33200,,0000021013,,,TRUE,FVY96IEJC,1,053451
,PLOMB-CRT-,0000707,2022/02/28,0.000,8253.0000,412.6500,823.2368,8253.0000,0.000000,0.0000,8253.0000,CPE-ENTRE-,,,33500,15401,0000021029,,,TRUE,5U0GJ9SY4,1,053419
,PLOMB-CRT-,0000838,2022/02/28,0.000,1994.0000,99.7000,198.9015,1994.0000,0.000000,0.0000,1994.0000,CPE-ENTRE-,,,33500,25001,0000021029,,,TRUE,MVCIFHXZA,1,053420
,ASP-CONTRO,0000708,2022/02/28,0.000,16322.0000,816.1000,1628.1195,16322.0000,0.000000,0.0000,16322.0000,CPE-ENTRE-,,,33200,13850,0000021029,,,TRUE,58P3HNDUU,1,053424
,ASP-CONTRO,0000708,2022/02/28,0.000,11625.4000,581.2700,1159.6337,11625.4000,0.000000,0.0000,11625.4000,CPE-ENTRE-,,,33500,16300,0000021029,,,TRUE,58P3HNDUU,1,053424
,ASP-CONTRO,0000708,2022/02/28,0.000,3552.6000,177.6300,354.3719,3552.6000,0.000000,0.0000,3552.6000,CPE-ENTRE-,,,33500,16500,0000021029,,,TRUE,58P3HNDUU,1,053424
,BRETON-PLO,0000705,2022/02/28,0.000,36136.8000,1806.8400,3604.6458,36136.8000,0.000000,0.0000,36136.8000,CPE-ENTRE-,,,33500,15001,0000021029,,,TRUE,HHVC3UWBH,1,053430
,CONST-RIVA,0000740,2022/02/28,0.000,20900.0000,1045.0000,2084.7750,20900.0000,0.000000,0.0000,20900.0000,CPE-ENTRE-,,,33500,09500,0000021029,,,TRUE,XDW6MPESC,1,053434
,CONST-RIVA,0000959,2022/02/28,0.000,1654.6600,82.7330,165.0523,1654.6600,0.000000,0.0000,1654.6600,CPE-ENTRE-,,,33500,25001,0000021029,,,TRUE,7AHE87HXR,1,053435
,ACIER-ATR-,0000760,2022/02/28,0.000,18990.0000,949.5000,1894.2525,18990.0000,0.000000,0.0000,18990.0000,CPE-CHEZ-M,,,33500,03000,0000021030,,,TRUE,LB0M7BG03,1,053436
,SIDE-ACOUS,0000761,2022/02/28,0.000,20000.0000,1000.0000,1995.0000,20000.0000,0.000000,0.0000,20000.0000,CPE-CHEZ-M,,,33500,09200,0000021030,,,TRUE,IWAGE804J,1,053437
,ASP-CONTRO,0000683,2022/02/28,0.000,32335.6900,1616.7845,3225.4851,32335.6900,0.000000,0.0000,32335.6900,CIUSSS-T-R,,,33500,16000,0000021028,,,TRUE,CRSAOVYCL,1,053438
,CONST-RIVA,0000673,2022/02/28,0.000,3442.2200,172.1110,343.3614,3442.2200,0.000000,0.0000,3442.2200,MRC-MEKINA,,,33500,09200,0000021027,,,TRUE,DVBPX6DVB,1,053443
,CONST-RIVA,0000673,2022/02/28,0.000,4846.2800,242.3140,483.4164,4846.2800,0.000000,0.0000,4846.2800,MRC-MEKINA,,,33500,09200,0000021027,,,TRUE,DVBPX6DVB,1,053443
,ENT-ARSENE,0000643,2022/02/28,0.000,792.0000,39.6000,79.0020,792.0000,0.000000,0.0000,792.0000,CIUSSS-ADM,,,33500,15401,0000021026,,,TRUE,GDQZUBEBV,1,053445
,ENT-ARSENE,0000805,2022/02/28,0.000,1344.8600,67.2430,134.1498,1344.8600,0.000000,0.0000,1344.8600,CIUSSS-ADM,,,33500,25001,0000021026,,,TRUE,EZU6IA5MG,1,053446
,QUINOX----,0000857,2022/02/28,0.000,16305.4000,815.2700,1626.4637,16305.4000,0.000000,0.0000,16305.4000,AGT-------,,,33500,09651,0000021013,,,TRUE,ZT0VGYIK6,1,053453
,F-DAIGLE--,0000963,2022/02/28,0.000,342.0000,17.1000,34.1145,342.0000,0.000000,0.0000,342.0000,CPE-ENTRE-,,,33200,25001,0000021029,,,TRUE,YYY8I6SQX,1,053472
,F-DAIGLE--,0000948,2022/02/28,0.000,420.0000,21.0000,41.8950,420.0000,0.000000,0.0000,420.0000,AGT-------,,,33200,08000,0000021013,,,TRUE,QIQUZ7VJ7,1,053474
,F-DAIGLE--,0000948,2022/02/28,0.000,53.4000,2.6700,5.3267,53.4000,0.000000,0.0000,53.4000,AGT-------,,,33200,08000,0000021013,,,TRUE,QIQUZ7VJ7,1,053474
,F-DAIGLE--,0000948,2022/02/28,0.000,71.7000,3.5850,7.1521,71.7000,0.000000,0.0000,71.7000,AGT-------,,,33200,08000,0000021013,,,TRUE,QIQUZ7VJ7,1,053474
,F-DAIGLE--,0000948,2022/02/28,0.000,17.9000,0.8950,1.7855,17.9000,0.000000,0.0000,17.9000,AGT-------,,,33200,08000,0000021013,,,TRUE,QIQUZ7VJ7,1,053474
,F-DAIGLE--,0000948,2022/02/28,0.000,98.2000,4.9100,9.7955,98.2000,0.000000,0.0000,98.2000,AGT-------,,,33200,08000,0000021013,,,TRUE,QIQUZ7VJ7,1,053474
,F-DAIGLE--,0000948,2022/02/28,0.000,186.3000,9.3150,18.5834,186.3000,0.000000,0.0000,186.3000,AGT-------,,,33200,08000,0000021013,,,TRUE,QIQUZ7VJ7,1,053474
,F-DAIGLE--,0000932,2022/02/28,0.000,340.0000,17.0000,33.9150,340.0000,0.000000,0.0000,340.0000,CPE-ENTRE-,,,33200,25001,0000021029,,,TRUE,SU68DWHEW,1,053539
,F-DAIGLE--,0000932,2022/02/28,0.000,40.0000,2.0000,3.9900,40.0000,0.000000,0.0000,40.0000,CPE-ENTRE-,,,33200,25001,0000021029,,,TRUE,SU68DWHEW,1,053539
,QUINOX----,0000857,2022/02/28,0.000,29119.2100,1455.9605,2904.6412,29119.2100,0.000000,0.0000,29119.2100,AGT-------,,,33500,09651,0000021013,,,TRUE,4V16TAWQ0,1,053546
,EDC-CONSTR,0000083,2022/02/28,0.000,4200.0000,210.0000,418.9500,4200.0000,0.000000,0.0000,4200.0000,CIUSSS-ADM,,,33200,02220,0000020003,,,TRUE,5X46OI6DV,1,053665
....................3,CONST-RIVA,0000959,2022/02/28,1.000,0.0000,0.0000,0.0000,0.0000,0.000000,0.0000,0.0000,CPE-ENTRE-,,,33200,,0000021029,,,TRUE,7AHE87HXR,1,053435
....................3,SIDE-ACOUS,0000761,2022/02/28,1.000,0.0000,0.0000,0.0000,0.0000,0.000000,0.0000,0.0000,CPE-CHEZ-M,,,33200,,0000021030,,,TRUE,IWAGE804J,1,053437
....................3,CONST-RIVA,0000673,2022/02/28,1.000,0.0000,0.0000,0.0000,0.0000,0.000000,0.0000,0.0000,MRC-MEKINA,,,33200,,0000021027,,,TRUE,DVBPX6DVB,1,053443
....................3,ENT-ARSENE,0000805,2022/02/28,1.000,0.0000,0.0000,0.0000,0.0000,0.000000,0.0000,0.0000,CIUSSS-ADM,,,33200,,0000021026,,,TRUE,EZU6IA5MG,1,053446
....................3,F-DAIGLE--,0000963,2022/02/28,1.000,0.0000,0.0000,0.0000,0.0000,0.000000,0.0000,0.0000,CPE-ENTRE-,,,33200,,0000021029,,,TRUE,YYY8I6SQX,1,053472
....................3,F-DAIGLE--,0000948,2022/02/28,1.000,0.0000,0.0000,0.0000,0.0000,0.000000,0.0000,0.0000,AGT-------,,,33200,,0000021013,,,TRUE,QIQUZ7VJ7,1,053474
....................3,F-DAIGLE--,0000932,2022/02/28,1.000,0.0000,0.0000,0.0000,0.0000,0.000000,0.0000,0.0000,CPE-ENTRE-,,,33200,,0000021029,,,TRUE,SU68DWHEW,1,053539
....................4,CONST-RIVA,0000959,2022/02/28,1.000,0.0000,0.0000,0.0000,0.0000,0.000000,0.0000,0.0000,CPE-ENTRE-,,,33200,,0000021029,,,TRUE,7AHE87HXR,1,053435
....................4,SIDE-ACOUS,0000761,2022/02/28,1.000,0.0000,0.0000,0.0000,0.0000,0.000000,0.0000,0.0000,CPE-CHEZ-M,,,33200,,0000021030,,,TRUE,IWAGE804J,1,053437
....................4,CONST-RIVA,0000673,2022/02/28,1.000,0.0000,0.0000,0.0000,0.0000,0.000000,0.0000,0.0000,MRC-MEKINA,,,33200,,0000021027,,,TRUE,DVBPX6DVB,1,053443
....................4,ENT-ARSENE,0000805,2022/02/28,1.000,0.0000,0.0000,0.0000,0.0000,0.000000,0.0000,0.0000,CIUSSS-ADM,,,33200,,0000021026,,,TRUE,EZU6IA5MG,1,053446
....................4,F-DAIGLE--,0000963,2022/02/28,1.000,0.0000,0.0000,0.0000,0.0000,0.000000,0.0000,0.0000,CPE-ENTRE-,,,33200,,0000021029,,,TRUE,YYY8I6SQX,1,053472
....................4,F-DAIGLE--,0000948,2022/02/28,1.000,0.0000,0.0000,0.0000,0.0000,0.000000,0.0000,0.0000,AGT-------,,,33200,,0000021013,,,TRUE,QIQUZ7VJ7,1,053474
....................4,F-DAIGLE--,0000932,2022/02/28,1.000,0.0000,0.0000,0.0000,0.0000,0.000000,0.0000,0.0000,CPE-ENTRE-,,,33200,,0000021029,,,TRUE,SU68DWHEW,1,053539
,ASP-CONTRO,0000980,2022/03/03,0.000,528.0000,26.4000,52.6680,528.0000,0.000000,0.0000,528.0000,CIUSSS-T-R,,,33500,25001,0000021028,,,TRUE,GWBGPKSQH,1,053561
....................3,ASP-CONTRO,0000980,2022/03/03,1.000,0.0000,0.0000,0.0000,0.0000,0.000000,0.0000,0.0000,CIUSSS-T-R,,,33200,,0000021028,,,TRUE,GWBGPKSQH,1,053561
....................4,ASP-CONTRO,0000980,2022/03/03,1.000,0.0000,0.0000,0.0000,0.0000,0.000000,0.0000,0.0000,CIUSSS-T-R,,,33200,,0000021028,,,TRUE,GWBGPKSQH,1,053561
,SEMEX-----,0000767,2022/03/07,0.000,3147.0100,157.3505,313.9142,3147.0100,0.000000,0.0000,3147.0100,CPE-CHEZ-M,,,33500,06400,0000021030,,,TRUE,PMQV9C5IG,1,053414
,D-DIONNE--,0000847,2022/03/07,0.000,1123.0000,56.1500,112.0193,1123.0000,0.000000,0.0000,1123.0000,CPE-ENTRE-,,,33500,25001,0000021029,,,TRUE,ZEONQ6ZZV,1,053558
,D-DIONNE--,0000706,2022/03/07,0.000,18000.0000,900.0000,1795.5000,18000.0000,0.000000,0.0000,18000.0000,CPE-ENTRE-,,,33500,09650,0000021029,,,TRUE,PM9SE8JJT,1,053559
....................3,D-DIONNE--,0000847,2022/03/07,1.000,0.0000,0.0000,0.0000,0.0000,0.000000,0.0000,0.0000,CPE-ENTRE-,,,33200,,0000021029,,,TRUE,ZEONQ6ZZV,1,053558
....................3,D-DIONNE--,0000706,2022/03/07,1.000,0.0000,0.0000,0.0000,0.0000,0.000000,0.0000,0.0000,CPE-ENTRE-,,,33200,,0000021029,,,TRUE,PM9SE8JJT,1,053559
....................4,D-DIONNE--,0000847,2022/03/07,1.000,0.0000,0.0000,0.0000,0.0000,0.000000,0.0000,0.0000,CPE-ENTRE-,,,33200,,0000021029,,,TRUE,ZEONQ6ZZV,1,053558
....................4,D-DIONNE--,0000706,2022/03/07,1.000,0.0000,0.0000,0.0000,0.0000,0.000000,0.0000,0.0000,CPE-ENTRE-,,,33200,,0000021029,,,TRUE,PM9SE8JJT,1,053559
,SYST-VILLE,0000974,2022/03/08,0.000,1750.0000,87.5000,174.5625,1750.0000,0.000000,0.0000,1750.0000,CIUSSS-ADM,,,33500,25001,0000020003,,,TRUE,ED6CLUS8U,1,053560
....................3,SYST-VILLE,0000974,2022/03/08,1.000,0.0000,0.0000,0.0000,0.0000,0.000000,0.0000,0.0000,CIUSSS-ADM,,,33200,,0000020003,,,TRUE,ED6CLUS8U,1,053560
....................4,SYST-VILLE,0000974,2022/03/08,1.000,0.0000,0.0000,0.0000,0.0000,0.000000,0.0000,0.0000,CIUSSS-ADM,,,33200,,0000020003,,,TRUE,ED6CLUS8U,1,053560
,ENTRE-A-M-,0000955,2022/03/09,0.000,622.5300,31.1265,62.0974,622.5300,0.000000,0.0000,622.5300,STEMA-PRO-,,,33200,08500,0000021012,,,TRUE,JLMSFMJZB,1,053557
,ENTRE-A-M-,0000955,2022/03/09,0.000,661.9100,33.0955,66.0255,661.9100,0.000000,0.0000,661.9100,STEMA-PRO-,,,33200,08500,0000021012,,,TRUE,JLMSFMJZB,1,053557
,F-DAIGLE--,0000969,2022/03/09,0.000,328.2000,16.4100,32.7380,328.2000,0.000000,0.0000,328.2000,CPE-ENTRE-,,,33200,25001,0000021029,,,TRUE,S7LODWS00,1,053562
....................3,ABRIS-----,0000931,2022/03/09,1.000,0.0000,0.0000,0.0000,0.0000,0.000000,0.0000,0.0000,AGT-------,,,33200,,0000021013,,,FALSE,2ACO9DAQZ,1,
....................3,ENTRE-A-M-,0000955,2022/03/09,1.000,0.0000,0.0000,0.0000,0.0000,0.000000,0.0000,0.0000,STEMA-PRO-,,,33200,,0000021012,,,TRUE,JLMSFMJZB,1,053557
....................3,F-DAIGLE--,0000969,2022/03/09,1.000,0.0000,0.0000,0.0000,0.0000,0.000000,0.0000,0.0000,CPE-ENTRE-,,,33200,,0000021029,,,TRUE,S7LODWS00,1,053562
....................4,ABRIS-----,0000931,2022/03/09,1.000,0.0000,0.0000,0.0000,0.0000,0.000000,0.0000,0.0000,AGT-------,,,33200,,0000021013,,,FALSE,2ACO9DAQZ,1,
....................4,ENTRE-A-M-,0000955,2022/03/09,1.000,0.0000,0.0000,0.0000,0.0000,0.000000,0.0000,0.0000,STEMA-PRO-,,,33200,,0000021012,,,TRUE,JLMSFMJZB,1,053557
....................4,F-DAIGLE--,0000969,2022/03/09,1.000,0.0000,0.0000,0.0000,0.0000,0.000000,0.0000,0.0000,CPE-ENTRE-,,,33200,,0000021029,,,TRUE,S7LODWS00,1,053562
,COUVRE-PLA,0000882,2022/03/10,0.000,570.0000,28.5000,56.8575,570.0000,0.000000,0.0000,570.0000,MRC-MEKINA,,,33500,25001,0000021027,,,TRUE,4CMWGBFN8,1,053628
,COUVRE-PLA,0000675,2022/03/10,0.000,6095.0000,304.7500,607.9763,6095.0000,0.000000,0.0000,6095.0000,MRC-MEKINA,,,33500,09300,0000021027,,,TRUE,02SNDAWO9,1,053629
....................3,COUVRE-PLA,0000882,2022/03/10,1.000,0.0000,0.0000,0.0000,0.0000,0.000000,0.0000,0.0000,MRC-MEKINA,,,33200,,0000021027,,,TRUE,4CMWGBFN8,1,053628
....................4,COUVRE-PLA,0000882,2022/03/10,1.000,0.0000,0.0000,0.0000,0.0000,0.000000,0.0000,0.0000,MRC-MEKINA,,,33200,,0000021027,,,TRUE,4CMWGBFN8,1,053628
,M-MILETTE-,0000850,2022/03/11,0.000,450.0000,22.5000,44.8875,450.0000,0.000000,0.0000,450.0000,MUN-HEROUX,,,33500,05510,0000021034,,,TRUE,5QJB1VCY7,1,053555
,M-MILETTE-,0000850,2022/03/11,0.000,8414.0500,420.7025,839.3015,8414.0500,0.000000,0.0000,8414.0500,MUN-HEROUX,,,33500,05510,0000021034,,,TRUE,TRMR486JN,1,053556
....................3,M-MILETTE-,0000850,2022/03/11,1.000,0.0000,0.0000,0.0000,0.0000,0.000000,0.0000,0.0000,MUN-HEROUX,,,33200,,0000021034,,,TRUE,5QJB1VCY7,1,053555
....................4,M-MILETTE-,0000850,2022/03/11,1.000,0.0000,0.0000,0.0000,0.0000,0.000000,0.0000,0.0000,MUN-HEROUX,,,33200,,0000021034,,,TRUE,5QJB1VCY7,1,053555
,PEINT-DUPO,0000928,2022/03/14,0.000,2431.0000,121.5500,242.4923,2431.0000,0.000000,0.0000,2431.0000,AGT-------,,,33500,09910,0000021013,,,TRUE,PMWRTEKK3,1,053627
,PEINT-DUPO,0000928,2022/03/14,0.000,2609.0000,130.4500,260.2478,2609.0000,0.000000,0.0000,2609.0000,AGT-------,,,33500,09910,0000021013,,,TRUE,PMWRTEKK3,1,053627
,FORME-CONC,0000851,2022/03/14,0.000,19475.0000,973.7500,1942.6313,19475.0000,0.000000,0.0000,19475.0000,CPE-ENTRE-,,,33500,25001,0000021029,,,TRUE,F3BBDIBL7,1,053666
,FORME-CONC,0000851,2022/03/14,0.000,1270.0000,63.5000,126.6825,1270.0000,0.000000,0.0000,1270.0000,CPE-ENTRE-,,,33500,25001,0000021029,,,TRUE,2XX3G6FWM,1,053667
....................3,PEINT-DUPO,0000928,2022/03/14,1.000,0.0000,0.0000,0.0000,0.0000,0.000000,0.0000,0.0000,AGT-------,,,33200,,0000021013,,,TRUE,PMWRTEKK3,1,053627
....................3,FORME-CONC,0000851,2022/03/14,1.000,0.0000,0.0000,0.0000,0.0000,0.000000,0.0000,0.0000,CPE-ENTRE-,,,33200,,0000021029,,,TRUE,F3BBDIBL7,1,053666
....................4,PEINT-DUPO,0000928,2022/03/14,1.000,0.0000,0.0000,0.0000,0.0000,0.000000,0.0000,0.0000,AGT-------,,,33200,,0000021013,,,TRUE,PMWRTEKK3,1,053627
....................4,FORME-CONC,0000851,2022/03/14,1.000,0.0000,0.0000,0.0000,0.0000,0.000000,0.0000,0.0000,CPE-ENTRE-,,,33200,,0000021029,,,TRUE,F3BBDIBL7,1,053666
....................3,TOITURE-MA,0000970,2022/03/15,1.000,0.0000,0.0000,0.0000,0.0000,0.000000,0.0000,0.0000,CPE-CHEZ-M,,,33200,,0000021030,,,FALSE,W4KX5O27A,1,
....................4,TOITURE-MA,0000970,2022/03/15,1.000,0.0000,0.0000,0.0000,0.0000,0.000000,0.0000,0.0000,CPE-CHEZ-M,,,33200,,0000021030,,,FALSE,W4KX5O27A,1,
,FRANCO----,0000699,2022/03/21,0.000,2864.0000,143.2000,285.6840,2864.0000,0.000000,0.0000,2864.0000,CIUSSS-T-R,,,33500,07000,0000021028,,,TRUE,VJHOIBDR6,1,053679
,FRANCO----,0000699,2022/03/21,0.000,972.0000,48.6000,96.9570,972.0000,0.000000,0.0000,972.0000,CIUSSS-T-R,,,33500,07000,0000021028,,,TRUE,VJHOIBDR6,1,053679
,FRANCO----,0000699,2022/03/21,0.000,2604.0000,130.2000,259.7490,2604.0000,0.000000,0.0000,2604.0000,CIUSSS-T-R,,,33500,07000,0000021028,,,TRUE,VJHOIBDR6,1,053679
,FOCUS-----,0001010,2022/03/23,0.000,28727.0800,1436.3540,2865.5262,28727.0800,0.000000,0.0000,28727.0800,AGT-------,,,33500,10600,0000021013,,,TRUE,QQNVYVE7R,1,053623
,REGULVAR--,0000785,2022/03/23,0.000,6723.0000,336.1500,670.6193,6723.0000,0.000000,0.0000,6723.0000,CIUSSS-MCQ,,,33500,13800,0000021032,,,TRUE,87CDYY4NQ,1,053722
,F-DAIGLE--,0000769,2022/03/23,0.000,23934.0000,1196.7000,2387.4165,23934.0000,0.000000,0.0000,23934.0000,CPE-CHEZ-M,,,33200,08000,0000021030,,,TRUE,8OLUNF63X,1,053756
,F-DAIGLE--,0000769,2022/03/23,0.000,796.0000,39.8000,79.4010,796.0000,0.000000,0.0000,796.0000,CPE-CHEZ-M,,,33200,08000,0000021030,,,TRUE,8OLUNF63X,1,053756
....................3,FOCUS-----,0001010,2022/03/23,1.000,0.0000,0.0000,0.0000,0.0000,0.000000,0.0000,0.0000,AGT-------,,,33200,,0000021013,,,TRUE,QQNVYVE7R,1,053623
....................4,FOCUS-----,0001010,2022/03/23,1.000,0.0000,0.0000,0.0000,0.0000,0.000000,0.0000,0.0000,AGT-------,,,33200,,0000021013,,,TRUE,QQNVYVE7R,1,053623
,AUBIN-PELL,0001000,2022/03/24,0.000,14700.0000,735.0000,1466.3250,14700.0000,0.000000,0.0000,14700.0000,AGT-------,,,33500,15000,0000021013,,,TRUE,SZZHXMBJY,1,053653
,AUBIN-PELL,0000999,2022/03/24,0.000,10650.0000,532.5000,1062.3375,10650.0000,0.000000,0.0000,10650.0000,AGT-------,,,33500,15000,0000021013,,,TRUE,VEWFBEKBX,1,053654
....................3,AUBIN-PELL,0000999,2022/03/24,1.000,0.0000,0.0000,0.0000,0.0000,0.000000,0.0000,0.0000,AGT-------,,,33200,,0000021013,,,TRUE,VEWFBEKBX,1,053654
....................3,QUINOX----,0000949,2022/03/24,1.000,0.0000,0.0000,0.0000,0.0000,0.000000,0.0000,0.0000,AGT-------,,,33200,,0000021013,,,FALSE,W0M1PH4UT,1,
....................4,AUBIN-PELL,0001000,2022/03/24,1.000,0.0000,0.0000,0.0000,0.0000,0.000000,0.0000,0.0000,AGT-------,,,33200,,0000021013,,,TRUE,SZZHXMBJY,1,053653
....................4,AUBIN-PELL,0001000,2022/03/24,1.000,0.0000,0.0000,0.0000,0.0000,0.000000,0.0000,0.0000,AGT-------,,,33200,,0000021013,,,TRUE,SZZHXMBJY,1,053653
....................4,AUBIN-PELL,0000999,2022/03/24,1.000,0.0000,0.0000,0.0000,0.0000,0.000000,0.0000,0.0000,AGT-------,,,33200,,0000021013,,,TRUE,VEWFBEKBX,1,053654
....................4,QUINOX----,0000949,2022/03/24,1.000,0.0000,0.0000,0.0000,0.0000,0.000000,0.0000,0.0000,AGT-------,,,33200,,0000021013,,,FALSE,W0M1PH4UT,1,
,BRETON-PLO,0000705,2022/03/25,0.000,6166.8000,308.3400,615.1383,6166.8000,0.000000,0.0000,6166.8000,CPE-ENTRE-,,,33500,15001,0000021029,,,TRUE,P9VGQZDK1,1,053655
,MULTI-ENER,0000041,2022/03/25,0.000,3251.6100,162.5805,324.3481,3251.6100,0.000000,0.0000,3251.6100,CIUSSS-ADM,,,33500,15401,0000020003,,,TRUE,9J1DDBGTX,1,053662
,VAL-MAURIC,0000424,2022/03/25,0.000,36000.0000,1800.0000,3591.0000,36000.0000,0.000000,0.0000,36000.0000,CIUSSS-MCQ,,,33500,16000,0000021002,,,TRUE,IVXK8FS6C,1,053663
,VAL-MAURIC,0000842,2022/03/25,0.000,2081.0000,104.0500,207.5798,2081.0000,0.000000,0.0000,2081.0000,CIUSSS-MCQ,,,33500,25001,0000021002,,,TRUE,W6MRH9VOU,1,053664
,SIDE-ACOUS,0000761,2022/03/25,0.000,30000.0000,1500.0000,2992.5000,30000.0000,0.000000,0.0000,30000.0000,CPE-CHEZ-M,,,33500,09200,0000021030,,,TRUE,GYS0G5QOW,1,053674
,GOUT-PT-QC,0000671,2022/03/25,0.000,1335.4000,66.7700,133.2062,1335.4000,0.000000,0.0000,1335.4000,MRC-MEKINA,,,33500,09651,0000021027,,,TRUE,4XQYDUHJQ,1,053675
,CLIMATISAT,0000764,2022/03/25,0.000,81720.0000,4086.0000,8151.5700,81720.0000,0.000000,0.0000,81720.0000,CPE-CHEZ-M,,,33500,15000,0000021030,,,TRUE,D9P6SG5Z4,1,053677
,CLIMATISAT,0000691,2022/03/25,0.000,11587.5000,579.3750,1155.8531,11587.5000,0.000000,0.0000,11587.5000,CIUSSS-T-R,,,33500,15000,0000021028,,,TRUE,JDL21CXWY,1,053678
,CLIMATISAT,0000784,2022/03/25,0.000,11052.0000,552.6000,1102.4370,11052.0000,0.000000,0.0000,11052.0000,CIUSSS-MCQ,,,33500,15000,0000021032,,,TRUE,54GJ9T12F,1,053726
,CLIMATISAT,0000919,2022/03/25,0.000,15052.5000,752.6250,1501.4869,15052.5000,0.000000,0.0000,15052.5000,CSS-CH-ROY,,,33500,15905,0000021041,,,TRUE,P9XCX6DOU,1,053727
,GOUT-PT-QC,0000824,2022/03/25,0.000,1285.4000,64.2700,128.2187,1285.4000,0.000000,0.0000,1285.4000,MUN-HEROUX,,,33500,05500,0000021034,,,TRUE,WLPXP3T69,1,053728
,DEMBEC----,0000924,2022/03/25,0.000,94187.5000,4709.3750,9395.2031,94187.5000,0.000000,0.0000,94187.5000,CSS-CH-ROY,,,33500,02070,0000021041,,,TRUE,WC7WR3Q9W,1,053730
,DEMBEC----,0000992,2022/03/25,0.000,-36750.0000,-1837.5000,-3665.8125,-36750.0000,0.000000,0.0000,-36750.0000,CSS-CH-ROY,,,33500,25001,0000021041,,,TRUE,TP3YJ5NLF,1,053731
,VAL-MAURIC,0000679,2022/03/25,0.000,4300.0000,215.0000,428.9250,4300.0000,0.000000,0.0000,4300.0000,MRC-MEKINA,,,33500,16000,0000021027,,,TRUE,KBH3C25FD,1,053860
....................3,VAL-MAURIC,0000842,2022/03/25,1.000,0.0000,0.0000,0.0000,0.0000,0.000000,0.0000,0.0000,CIUSSS-MCQ,,,33200,,0000021002,,,TRUE,W6MRH9VOU,1,053664
....................3,GOUT-PT-QC,0000671,2022/03/25,1.000,0.0000,0.0000,0.0000,0.0000,0.000000,0.0000,0.0000,MRC-MEKINA,,,33200,,0000021027,,,TRUE,4XQYDUHJQ,1,053675
....................3,CLIMATISAT,0000764,2022/03/25,1.000,0.0000,0.0000,0.0000,0.0000,0.000000,0.0000,0.0000,CPE-CHEZ-M,,,33200,,0000021030,,,TRUE,D9P6SG5Z4,1,053677
....................3,GOUT-PT-QC,0000824,2022/03/25,1.000,0.0000,0.0000,0.0000,0.0000,0.000000,0.0000,0.0000,MUN-HEROUX,,,33200,,0000021034,,,TRUE,WLPXP3T69,1,053728
....................3,DEMBEC----,0000992,2022/03/25,1.000,0.0000,0.0000,0.0000,0.0000,0.000000,0.0000,0.0000,CSS-CH-ROY,,,33200,,0000021041,,,TRUE,TP3YJ5NLF,1,053731
....................4,VAL-MAURIC,0000842,2022/03/25,1.000,0.0000,0.0000,0.0000,0.0000,0.000000,0.0000,0.0000,CIUSSS-MCQ,,,33200,,0000021002,,,TRUE,W6MRH9VOU,1,053664
....................4,GOUT-PT-QC,0000671,2022/03/25,1.000,0.0000,0.0000,0.0000,0.0000,0.000000,0.0000,0.0000,MRC-MEKINA,,,33200,,0000021027,,,TRUE,4XQYDUHJQ,1,053675
....................4,CLIMATISAT,0000764,2022/03/25,1.000,0.0000,0.0000,0.0000,0.0000,0.000000,0.0000,0.0000,CPE-CHEZ-M,,,33200,,0000021030,,,TRUE,D9P6SG5Z4,1,053677
....................4,GOUT-PT-QC,0000824,2022/03/25,1.000,0.0000,0.0000,0.0000,0.0000,0.000000,0.0000,0.0000,MUN-HEROUX,,,33200,,0000021034,,,TRUE,WLPXP3T69,1,053728
....................4,DEMBEC----,0000992,2022/03/25,1.000,0.0000,0.0000,0.0000,0.0000,0.000000,0.0000,0.0000,CSS-CH-ROY,,,33200,,0000021041,,,TRUE,TP3YJ5NLF,1,053731
,PEINT-DUPO,0000853,2022/03/27,0.000,793.0000,39.6500,79.1018,793.0000,0.000000,0.0000,793.0000,CPE-ENTRE-,,,33500,25001,0000021029,,,TRUE,G3UY62PDH,1,053656
....................3,PEINT-DUPO,0000853,2022/03/27,1.000,0.0000,0.0000,0.0000,0.0000,0.000000,0.0000,0.0000,CPE-ENTRE-,,,33200,,0000021029,,,TRUE,G3UY62PDH,1,053656
....................4,PEINT-DUPO,0000853,2022/03/27,1.000,0.0000,0.0000,0.0000,0.0000,0.000000,0.0000,0.0000,CPE-ENTRE-,,,33200,,0000021029,,,TRUE,G3UY62PDH,1,053656
,VITR-ASBES,0000801,2022/03/28,0.000,12000.0000,600.0000,1197.0000,12000.0000,0.000000,0.0000,12000.0000,CPE-CHEZ-M,,,33500,08000,0000021030,,,TRUE,B6178HD9J,1,053676
,CANAC-----,0000997,2022/03/28,0.000,12425.6000,621.2800,1239.4536,12425.6000,0.000000,0.0000,12425.6000,LIBERE-TOI,,,33200,06100,0000022005,,,TRUE,VNMYA8AKN,1,053714
,CANAC-----,0000997,2022/03/28,0.000,14554.8600,727.7430,1451.8473,14554.8600,0.000000,0.0000,14554.8600,LIBERE-TOI,,,33200,06100,0000022005,,,TRUE,7CPC1UUCH,1,053718
,CANAC-----,0000997,2022/03/28,0.000,16172.3600,808.6180,1613.1929,16172.3600,0.000000,0.0000,16172.3600,LIBERE-TOI,,,33200,06100,0000022005,,,TRUE,USNXISFR6,1,053719
,ASP-CONTRO,0000708,2022/03/28,0.000,25200.0000,1260.0000,2513.7000,25200.0000,0.000000,0.0000,25200.0000,CPE-ENTRE-,,,33500,16500,0000021029,,,TRUE,BJZSMV8JS,1,053825
,ASP-CONTRO,0000683,2022/03/28,0.000,42750.0000,2137.5000,4264.3125,42750.0000,0.000000,0.0000,42750.0000,CIUSSS-T-R,,,33500,16000,0000021028,,,TRUE,RK5HJ2ATD,1,053857
....................3,VITR-ASBES,0000801,2022/03/28,1.000,0.0000,0.0000,0.0000,0.0000,0.000000,0.0000,0.0000,CPE-CHEZ-M,,,33200,,0000021030,,,TRUE,B6178HD9J,1,053676
....................3,CANAC-----,0000997,2022/03/28,1.000,0.0000,0.0000,0.0000,0.0000,0.000000,0.0000,0.0000,LIBERE-TOI,,,33200,,0000022005,,,TRUE,VNMYA8AKN,1,053714
....................4,VITR-ASBES,0000801,2022/03/28,1.000,0.0000,0.0000,0.0000,0.0000,0.000000,0.0000,0.0000,CPE-CHEZ-M,,,33200,,0000021030,,,TRUE,B6178HD9J,1,053676
....................4,CANAC-----,0000997,2022/03/28,1.000,0.0000,0.0000,0.0000,0.0000,0.000000,0.0000,0.0000,LIBERE-TOI,,,33200,,0000022005,,,TRUE,VNMYA8AKN,1,053714
,CANAC-----,0000997,2022/03/29,0.000,13339.3800,666.9690,1330.6032,13339.3800,0.000000,0.0000,13339.3800,LIBERE-TOI,,,33200,06100,0000022005,,,TRUE,IOT1QXVAM,1,053715
,CANAC-----,0000997,2022/03/29,0.000,5412.7500,270.6375,539.9218,5412.7500,0.000000,0.0000,5412.7500,LIBERE-TOI,,,33200,06100,0000022005,,,TRUE,FZ8MWND74,1,053716
,CONST-RIVA,0000696,2022/03/30,0.000,6807.6200,340.3810,679.0601,6807.6200,0.000000,0.0000,6807.6200,CIUSSS-T-R,,,33500,09200,0000021028,,,TRUE,SC6038DCX,1,053638
,ARMECO----,0001002,2022/03/30,0.000,495.0000,24.7500,49.3763,495.0000,0.000000,0.0000,495.0000,CPE-ENTRE-,,,33200,06400,0000021029,,,TRUE,OAX1NP2N0,1,053660
,FORME-CONC,0000722,2022/03/30,0.000,29300.0000,1465.0000,2922.6750,29300.0000,0.000000,0.0000,29300.0000,CPE-ENTRE-,,,33500,06400,0000021029,,,TRUE,9X3KZ7154,1,053661
,CONST-RIVA,0000673,2022/03/30,0.000,502.3300,25.1165,50.1074,502.3300,0.000000,0.0000,502.3300,MRC-MEKINA,,,33500,09200,0000021027,,,TRUE,8VHXV68WP,1,053670
,PEINT-DUPO,0000676,2022/03/30,0.000,712.0000,35.6000,71.0220,712.0000,0.000000,0.0000,712.0000,MRC-MEKINA,,,33500,09910,0000021027,,,TRUE,03ZATOBUV,1,053671
,PEINT-DUPO,0000983,2022/03/30,0.000,672.0000,33.6000,67.0320,672.0000,0.000000,0.0000,672.0000,MRC-MEKINA,,,33500,25001,0000021027,,,TRUE,NNBRT35KW,1,053672
,CANAC-----,0000997,2022/03/30,0.000,12804.8700,640.2435,1277.2858,12804.8700,0.000000,0.0000,12804.8700,LIBERE-TOI,,,33200,06100,0000022005,,,TRUE,EYCYSTX85,1,053717
....................3,CONST-RIVA,0000696,2022/03/30,1.000,0.0000,0.0000,0.0000,0.0000,0.000000,0.0000,0.0000,CIUSSS-T-R,,,33200,,0000021028,,,TRUE,SC6038DCX,1,053638
....................3,ARMECO----,0001002,2022/03/30,1.000,0.0000,0.0000,0.0000,0.0000,0.000000,0.0000,0.0000,CPE-ENTRE-,,,33200,,0000021029,,,TRUE,OAX1NP2N0,1,053660
....................3,FORME-CONC,0000722,2022/03/30,1.000,0.0000,0.0000,0.0000,0.0000,0.000000,0.0000,0.0000,CPE-ENTRE-,,,33200,,0000021029,,,TRUE,9X3KZ7154,1,053661
....................3,PEINT-DUPO,0000983,2022/03/30,1.000,0.0000,0.0000,0.0000,0.0000,0.000000,0.0000,0.0000,MRC-MEKINA,,,33200,,0000021027,,,TRUE,NNBRT35KW,1,053672
....................4,CONST-RIVA,0000696,2022/03/30,1.000,0.0000,0.0000,0.0000,0.0000,0.000000,0.0000,0.0000,CIUSSS-T-R,,,33200,,0000021028,,,TRUE,SC6038DCX,1,053638
....................4,ARMECO----,0001002,2022/03/30,1.000,0.0000,0.0000,0.0000,0.0000,0.000000,0.0000,0.0000,CPE-ENTRE-,,,33200,,0000021029,,,TRUE,OAX1NP2N0,1,053660
....................4,FORME-CONC,0000722,2022/03/30,1.000,0.0000,0.0000,0.0000,0.0000,0.000000,0.0000,0.0000,CPE-ENTRE-,,,33200,,0000021029,,,TRUE,9X3KZ7154,1,053661
....................4,PEINT-DUPO,0000983,2022/03/30,1.000,0.0000,0.0000,0.0000,0.0000,0.000000,0.0000,0.0000,MRC-MEKINA,,,33200,,0000021027,,,TRUE,NNBRT35KW,1,053672
,PLOMB-CRT-,0000707,2022/03/31,0.000,8883.0000,444.1500,886.0793,8883.0000,0.000000,0.0000,8883.0000,CPE-ENTRE-,,,33500,15401,0000021029,,,TRUE,LKOBMFCPS,1,053657
,PLOMB-CRT-,0000845,2022/03/31,0.000,630.3000,31.5150,62.8724,630.3000,0.000000,0.0000,630.3000,CPE-ENTRE-,,,33500,25001,0000021029,,,TRUE,6BVBS58E9,1,053658
,PLOMB-CRT-,0000933,2022/03/31,0.000,14179.0700,708.9535,1414.3622,14179.0700,0.000000,0.0000,14179.0700,CPE-ENTRE-,,,33500,25001,0000021029,,,TRUE,12Z3YIQZU,1,053659
,MULTI-ENER,0000692,2022/03/31,0.000,2500.0000,125.0000,249.3750,2500.0000,0.000000,0.0000,2500.0000,CIUSSS-T-R,,,33500,15401,0000021028,,,TRUE,W7CU801XN,1,053673
,CANAC-----,0000997,2022/03/31,0.000,11186.4000,559.3200,1115.8434,11186.4000,0.000000,0.0000,11186.4000,LIBERE-TOI,,,33200,06100,0000022005,,,TRUE,HIC6SLAK5,1,053720
,CANAC-----,0000997,2022/03/31,0.000,13963.4400,698.1720,1392.8531,13963.4400,0.000000,0.0000,13963.4400,LIBERE-TOI,,,33200,06100,0000022005,,,TRUE,UKWBPHSND,1,053721
,PLOMB-CRT-,0000923,2022/03/31,0.000,41346.0000,2067.3000,4124.2635,41346.0000,0.000000,0.0000,41346.0000,CSS-CH-ROY,,,33500,15401,0000021041,,,TRUE,1JKUWSIN1,1,053729
,SIDE-ACOUS,0000978,2022/03/31,0.000,48800.0000,2440.0000,4867.8000,48800.0000,0.000000,0.0000,48800.0000,AGT-------,,,33500,09200,0000021013,,,TRUE,R25NPFPLJ,1,053824
,ASP-CONTRO,0001014,2022/03/31,0.000,5424.9800,271.2490,541.1418,5424.9800,0.000000,0.0000,5424.9800,CIUSSS-T-R,,,33500,25001,0000021028,,,TRUE,JY68HPVL8,1,053858
,CLIMATISAT,0001017,2022/03/31,0.000,1407.1800,70.3590,140.3662,1407.1800,0.000000,0.0000,1407.1800,CIUSSS-T-R,,,33500,25001,0000021028,,,TRUE,LEOYQO8AQ,1,053859
,CLIMATISAT,0001017,2022/03/31,0.000,1322.2600,66.1130,131.8954,1322.2600,0.000000,0.0000,1322.2600,CIUSSS-T-R,,,33500,25001,0000021028,,,TRUE,LEOYQO8AQ,1,053859
,CLIMAT-T-R,0000780,2022/03/31,0.000,12547.5000,627.3750,1251.6131,12547.5000,0.000000,0.0000,12547.5000,MRC-MEKINA,,,33500,25001,0000021027,,,TRUE,P7U82JSBR,1,053861
,CLIMAT-T-R,0000865,2022/03/31,0.000,1378.0000,68.9000,137.4555,1378.0000,0.000000,0.0000,1378.0000,MRC-MEKINA,,,33500,25001,0000021027,,,TRUE,6ZB5FRVHD,1,053862
....................3,PLOMB-CRT-,0000933,2022/03/31,1.000,0.0000,0.0000,0.0000,0.0000,0.000000,0.0000,0.0000,CPE-ENTRE-,,,33200,,0000021029,,,TRUE,12Z3YIQZU,1,053659
....................3,PLOMB-CRT-,0000923,2022/03/31,1.000,0.0000,0.0000,0.0000,0.0000,0.000000,0.0000,0.0000,CSS-CH-ROY,,,33200,,0000021041,,,TRUE,1JKUWSIN1,1,053729
....................3,SIDE-ACOUS,0000978,2022/03/31,1.000,0.0000,0.0000,0.0000,0.0000,0.000000,0.0000,0.0000,AGT-------,,,33200,,0000021013,,,TRUE,R25NPFPLJ,1,053824
....................3,ASP-CONTRO,0001014,2022/03/31,1.000,0.0000,0.0000,0.0000,0.0000,0.000000,0.0000,0.0000,CIUSSS-T-R,,,33200,,0000021028,,,TRUE,JY68HPVL8,1,053858
....................3,CLIMAT-T-R,0000865,2022/03/31,1.000,0.0000,0.0000,0.0000,0.0000,0.000000,0.0000,0.0000,MRC-MEKINA,,,33200,,0000021027,,,TRUE,6ZB5FRVHD,1,053862
....................4,PLOMB-CRT-,0000933,2022/03/31,1.000,0.0000,0.0000,0.0000,0.0000,0.000000,0.0000,0.0000,CPE-ENTRE-,,,33200,,0000021029,,,TRUE,12Z3YIQZU,1,053659
....................4,PLOMB-CRT-,0000923,2022/03/31,1.000,0.0000,0.0000,0.0000,0.0000,0.000000,0.0000,0.0000,CSS-CH-ROY,,,33200,,0000021041,,,TRUE,1JKUWSIN1,1,053729
....................4,SIDE-ACOUS,0000978,2022/03/31,1.000,0.0000,0.0000,0.0000,0.0000,0.000000,0.0000,0.0000,AGT-------,,,33200,,0000021013,,,TRUE,R25NPFPLJ,1,053824
....................4,ASP-CONTRO,0001014,2022/03/31,1.000,0.0000,0.0000,0.0000,0.0000,0.000000,0.0000,0.0000,CIUSSS-T-R,,,33200,,0000021028,,,TRUE,JY68HPVL8,1,053858
....................4,CLIMAT-T-R,0000865,2022/03/31,1.000,0.0000,0.0000,0.0000,0.0000,0.000000,0.0000,0.0000,MRC-MEKINA,,,33200,,0000021027,,,TRUE,6ZB5FRVHD,1,053862
,L-N-BEAUDO,0000423,2022/04/01,0.000,4125.0000,206.2500,411.4688,4125.0000,0.000000,0.0000,4125.0000,CIUSSS-MCQ,,,33500,04000,0000021002,,,TRUE,8ID7AHC9U,1,053828
,L-N-BEAUDO,0000704,2022/04/01,0.000,6100.0000,305.0000,608.4750,6100.0000,0.000000,0.0000,6100.0000,CPE-ENTRE-,,,33500,04000,0000021029,,,TRUE,EQ0OJGMKZ,1,053829
,ISOL-TRIFL,0000839,2022/04/01,0.000,2800.0000,140.0000,279.3000,2800.0000,0.000000,0.0000,2800.0000,CPE-ENTRE-,,,33500,15260,0000021029,,,TRUE,6IB0S481H,1,054073
,ASP-CONTRO,0000683,2022/04/01,0.000,15000.0000,750.0000,1496.2500,15000.0000,0.000000,0.0000,15000.0000,CIUSSS-T-R,,,33500,16000,0000021028,,,TRUE,1M4S6AS4J,1,054107
,ISOL-TRIFL,0000690,2022/04/01,0.000,15000.0000,750.0000,1496.2500,15000.0000,0.000000,0.0000,15000.0000,CIUSSS-T-R,,,33500,15000,0000021028,,,TRUE,RBB06LBNR,1,054111
....................3,DES-GRES--,0000908,2022/04/01,1.000,0.0000,0.0000,0.0000,0.0000,0.000000,0.0000,0.0000,CPE-ENTRE-,,,33200,,0000021029,,,FALSE,1R9WB3Q8F,1,
....................3,L-N-BEAUDO,0000704,2022/04/01,1.000,0.0000,0.0000,0.0000,0.0000,0.000000,0.0000,0.0000,CPE-ENTRE-,,,33200,,0000021029,,,TRUE,EQ0OJGMKZ,1,053829
....................4,DES-GRES--,0000908,2022/04/01,1.000,0.0000,0.0000,0.0000,0.0000,0.000000,0.0000,0.0000,CPE-ENTRE-,,,33200,,0000021029,,,FALSE,1R9WB3Q8F,1,
....................4,L-N-BEAUDO,0000704,2022/04/01,1.000,0.0000,0.0000,0.0000,0.0000,0.000000,0.0000,0.0000,CPE-ENTRE-,,,33200,,0000021029,,,TRUE,EQ0OJGMKZ,1,053829
,REINE-COUV,0000995,2022/04/05,0.000,2339.1000,116.9550,233.3252,2339.1000,0.000000,0.0000,2339.1000,CIUSSS-ADM,,,33500,25001,0000020003,,,TRUE,O63LRT67A,1,053826
,REINE-COUV,0000738,2022/04/05,0.000,791.7800,39.5890,78.9801,791.7800,0.000000,0.0000,791.7800,CIUSSS-ADM,,,33500,25001,0000020003,,,TRUE,X79OW2V1V,1,053827
....................3,REINE-COUV,0000995,2022/04/05,1.000,0.0000,0.0000,0.0000,0.0000,0.000000,0.0000,0.0000,CIUSSS-ADM,,,33200,,0000020003,,,TRUE,O63LRT67A,1,053826
....................3,REINE-COUV,0000738,2022/04/05,1.000,0.0000,0.0000,0.0000,0.0000,0.000000,0.0000,0.0000,CIUSSS-ADM,,,33200,,0000020003,,,TRUE,X79OW2V1V,1,053827
....................4,REINE-COUV,0000995,2022/04/05,1.000,0.0000,0.0000,0.0000,0.0000,0.000000,0.0000,0.0000,CIUSSS-ADM,,,33200,,0000020003,,,TRUE,O63LRT67A,1,053826
....................4,REINE-COUV,0000738,2022/04/05,1.000,0.0000,0.0000,0.0000,0.0000,0.000000,0.0000,0.0000,CIUSSS-ADM,,,33200,,0000020003,,,TRUE,X79OW2V1V,1,053827
,DEMBEC----,0000726,2022/04/08,0.000,7181.2500,359.0625,716.3297,7181.2500,0.000000,0.0000,7181.2500,CPE-ENTRE-,,,33500,02220,0000021029,,,TRUE,G7ON4AWQI,1,053941
,SCIAGE-ROB,0000721,2022/04/11,0.000,847.5000,42.3750,84.5381,847.5000,0.000000,0.0000,847.5000,CPE-ENTRE-,,,33500,02220,0000021029,,,TRUE,5SE64GIBG,1,054011
,F-DAIGLE--,0000769,2022/04/12,0.000,10161.0000,508.0500,1013.5598,10161.0000,0.000000,0.0000,10161.0000,CPE-CHEZ-M,,,33200,08000,0000021030,,,TRUE,BTTMJIXJP,1,053942
,CANAC-----,0000997,2022/04/13,0.000,69998.0400,3499.9020,6982.3045,69998.0400,0.000000,0.0000,69998.0400,LIBERE-TOI,,,33200,06100,0000022005,,,TRUE,T6VA98XMG,1,053923
,NOUVEL-HOR,0000961,2022/04/14,0.000,785.0000,39.2500,78.3038,785.0000,0.000000,0.0000,785.0000,CPE-ENTRE-,,,33200,25001,0000021029,,,TRUE,RV54C87UW,1,053865
....................3,NOUVEL-HOR,0000961,2022/04/14,1.000,0.0000,0.0000,0.0000,0.0000,0.000000,0.0000,0.0000,CPE-ENTRE-,,,33200,,0000021029,,,TRUE,RV54C87UW,1,053865
....................4,NOUVEL-HOR,0000961,2022/04/14,1.000,0.0000,0.0000,0.0000,0.0000,0.000000,0.0000,0.0000,CPE-ENTRE-,,,33200,,0000021029,,,TRUE,RV54C87UW,1,053865
,ROGER-BELL,0000768,2022/04/19,0.000,14250.0000,712.5000,1421.4375,14250.0000,0.000000,0.0000,14250.0000,CPE-CHEZ-M,,,33500,07330,0000021030,,,TRUE,KQG5HDB49,1,053973
,ROGER-BELL,0000768,2022/04/19,0.000,-2500.0000,-125.0000,-249.3750,-2500.0000,0.000000,0.0000,-2500.0000,CPE-CHEZ-M,,,33500,07330,0000021030,,,TRUE,KQG5HDB49,1,053973
,JEAN-CARON,0000786,2022/04/21,0.000,50.0000,2.5000,4.9875,50.0000,0.000000,0.0000,50.0000,CIUSSS-MCQ,,,33500,00400,0000021032,,,TRUE,NEE9SL9NS,1,053871
,JEAN-CARON,0000786,2022/04/21,0.000,2335.2500,116.7625,232.9412,2335.2500,0.000000,0.0000,2335.2500,CIUSSS-MCQ,,,33500,16000,0000021032,,,TRUE,NEE9SL9NS,1,053871
,REGULVAR--,0000926,2022/04/21,0.000,7077.6000,353.8800,705.9906,7077.6000,0.000000,0.0000,7077.6000,CSS-CH-ROY,,,33500,15000,0000021041,,,TRUE,MIUM1M4W0,1,054078
,MULTI-ENER,0000787,2022/04/22,0.000,500.0000,25.0000,49.8750,500.0000,0.000000,0.0000,500.0000,CIUSSS-MCQ,,,33500,15401,0000021032,,,TRUE,A4W7NBP82,1,054080
,QUINOX----,0000778,2022/04/24,0.000,46984.4000,2349.2200,4686.6939,46984.4000,0.000000,0.0000,46984.4000,CPE-CHEZ-M,,,33500,09651,0000021030,,,TRUE,TKF2THQQS,1,054102
....................3,QUINOX----,0000778,2022/04/24,1.000,0.0000,0.0000,0.0000,0.0000,0.000000,0.0000,0.0000,CPE-CHEZ-M,,,33200,,0000021030,,,TRUE,TKF2THQQS,1,054102
....................4,QUINOX----,0000778,2022/04/24,1.000,0.0000,0.0000,0.0000,0.0000,0.000000,0.0000,0.0000,CPE-CHEZ-M,,,33200,,0000021030,,,TRUE,TKF2THQQS,1,054102
,PEINT-DUPO,0001039,2022/04/25,0.000,1653.0000,82.6500,164.8868,1653.0000,0.000000,0.0000,1653.0000,AGT-------,,,33500,09910,0000021013,,,TRUE,ECXAPA67R,1,054000
,AF-ELECTRI,0000922,2022/04/25,0.000,16804.1300,840.2065,1676.2120,16804.1300,0.000000,0.0000,16804.1300,CSS-CH-ROY,,,33500,16000,0000021041,,,TRUE,4MIAAFTVV,1,054076
,CLIMATISAT,0000691,2022/04/25,0.000,10428.7500,521.4375,1040.2678,10428.7500,0.000000,0.0000,10428.7500,CIUSSS-T-R,,,33500,15000,0000021028,,,TRUE,MHV1S8D3W,1,054104
,ENT-MAXIME,0000967,2022/04/25,0.000,10718.8000,535.9400,1069.2003,10718.8000,0.000000,0.0000,10718.8000,LIBERE-TOI,,,33500,02300,0000022005,,,TRUE,SNDYJHX6L,1,054105
,ENT-MAXIME,0000967,2022/04/25,0.000,21500.0000,1075.0000,2144.6250,21500.0000,0.000000,0.0000,21500.0000,LIBERE-TOI,,,33500,02800,0000022005,,,TRUE,SNDYJHX6L,1,054105
,DEMBEC----,0001008,2022/04/25,0.000,71975.0000,3598.7500,7179.5063,71975.0000,0.000000,0.0000,71975.0000,CIUSSS-T-R,,,33500,25001,0000021028,,,TRUE,QK6LDKUDR,1,054114
,D-MATTEAU-,0001018,2022/04/25,0.000,2400.0000,120.0000,239.4000,2400.0000,0.000000,0.0000,2400.0000,MUN-HEROUX,,,33500,07460,0000021034,,,TRUE,L5ZO6YO62,1,054177
,CLIMATISAT,0000691,2022/04/25,0.000,10428.7500,521.4375,1040.2678,10428.7500,0.000000,0.0000,10428.7500,CIUSSS-T-R,,,33500,15000,0000021028,,,TRUE,EGAOV9LUA,1,057705
....................3,AF-ELECTRI,0000922,2022/04/25,1.000,0.0000,0.0000,0.0000,0.0000,0.000000,0.0000,0.0000,CSS-CH-ROY,,,33200,,0000021041,,,TRUE,4MIAAFTVV,1,054076
....................3,DEMBEC----,0001008,2022/04/25,1.000,0.0000,0.0000,0.0000,0.0000,0.000000,0.0000,0.0000,CIUSSS-T-R,,,33200,,0000021028,,,TRUE,QK6LDKUDR,1,054114
....................3,D-MATTEAU-,0001018,2022/04/25,1.000,0.0000,0.0000,0.0000,0.0000,0.000000,0.0000,0.0000,MUN-HEROUX,,,33200,,0000021034,,,TRUE,L5ZO6YO62,1,054177
....................4,AF-ELECTRI,0000922,2022/04/25,1.000,0.0000,0.0000,0.0000,0.0000,0.000000,0.0000,0.0000,CSS-CH-ROY,,,33200,,0000021041,,,TRUE,4MIAAFTVV,1,054076
....................4,DEMBEC----,0001008,2022/04/25,1.000,0.0000,0.0000,0.0000,0.0000,0.000000,0.0000,0.0000,CIUSSS-T-R,,,33200,,0000021028,,,TRUE,QK6LDKUDR,1,054114
....................4,D-MATTEAU-,0001018,2022/04/25,1.000,0.0000,0.0000,0.0000,0.0000,0.000000,0.0000,0.0000,MUN-HEROUX,,,33200,,0000021034,,,TRUE,L5ZO6YO62,1,054177
,FORME-CONC,0000808,2022/04/26,0.000,80000.0000,4000.0000,7980.0000,80000.0000,0.000000,0.0000,80000.0000,CPE-CHEZ-M,,,33500,06400,0000021030,,,TRUE,DZ33SVMTW,1,053974
,VITR-ASBES,0000801,2022/04/26,0.000,14400.0000,720.0000,1436.4000,14400.0000,0.000000,0.0000,14400.0000,CPE-CHEZ-M,,,33500,08000,0000021030,,,TRUE,I8KWHXGNV,1,054106
,CONST-RIVA,0000740,2022/04/27,0.000,3800.0400,190.0020,379.0540,3800.0400,0.000000,0.0000,3800.0400,CPE-ENTRE-,,,33500,09500,0000021029,,,TRUE,0LURLX2R5,1,054074
,CONST-RIVA,0000696,2022/04/27,0.000,1811.2300,90.5615,180.6702,1811.2300,0.000000,0.0000,1811.2300,CIUSSS-T-R,,,33500,09200,0000021028,,,TRUE,T94OSCQJY,1,054108
,CONST-RIVA,0000696,2022/04/27,0.000,2316.6800,115.8340,231.0888,2316.6800,0.000000,0.0000,2316.6800,CIUSSS-T-R,,,33500,09200,0000021028,,,TRUE,T94OSCQJY,1,054108
,CONST-RIVA,0000696,2022/04/27,0.000,1545.1200,77.2560,154.1257,1545.1200,0.000000,0.0000,1545.1200,CIUSSS-T-R,,,33500,09200,0000021028,,,TRUE,T94OSCQJY,1,054108
,SIDE-ACOUS,0000761,2022/04/27,0.000,25000.0000,1250.0000,2493.7500,25000.0000,0.000000,0.0000,25000.0000,CPE-CHEZ-M,,,33500,09200,0000021030,,,TRUE,9YUO4709B,1,054109
....................3,BLP-ARPENT,0001007,2022/04/27,1.000,0.0000,0.0000,0.0000,0.0000,0.000000,0.0000,0.0000,LIBERE-TOI,,,33200,,0000022005,,,FALSE,UVVXG0926,1,
....................4,BLP-ARPENT,0001007,2022/04/27,1.000,0.0000,0.0000,0.0000,0.0000,0.000000,0.0000,0.0000,LIBERE-TOI,,,33200,,0000022005,,,FALSE,UVVXG0926,1,
,PEINT-DUPO,0001039,2022/04/28,0.000,1653.0000,82.6500,164.8868,1653.0000,0.000000,0.0000,1653.0000,AGT-------,,,33500,09910,0000021013,,,TRUE,LMNRFZTQ2,1,054001
,PEINT-DUPO,0001038,2022/04/28,0.000,6500.0000,325.0000,648.3750,6500.0000,0.000000,0.0000,6500.0000,AGT-------,,,33500,09910,0000021013,,,TRUE,P9FQCRXFO,1,054002
,PEINT-DUPO,0001039,2022/04/28,0.000,1653.0000,82.6500,164.8868,1653.0000,0.000000,0.0000,1653.0000,AGT-------,,,33500,09910,0000021013,,,TRUE,XPJW8ZETZ,1,054003
,ROGER-BELL,0000960,2022/04/28,0.000,1500.0000,75.0000,149.6250,1500.0000,0.000000,0.0000,1500.0000,CPE-ENTRE-,,,33500,25001,0000021029,,,TRUE,UFXJ5RN3F,1,054005
,QUINOX----,0000873,2022/04/28,0.000,1068.2000,53.4100,106.5530,1068.2000,0.000000,0.0000,1068.2000,CPE-ENTRE-,,,33500,25001,0000021029,,,TRUE,BTB6ZYM25,1,054006
,QUINOX----,0000873,2022/04/28,0.000,1773.0000,88.6500,176.8568,1773.0000,0.000000,0.0000,1773.0000,CPE-ENTRE-,,,33500,25001,0000021029,,,TRUE,BTB6ZYM25,1,054006
,QUINOX----,0000873,2022/04/28,0.000,3100.0000,155.0000,309.2250,3100.0000,0.000000,0.0000,3100.0000,CPE-ENTRE-,,,33500,25001,0000021029,,,TRUE,BTB6ZYM25,1,054006
,QUINOX----,0000873,2022/04/28,0.000,7500.0000,375.0000,748.1250,7500.0000,0.000000,0.0000,7500.0000,CPE-ENTRE-,,,33500,25001,0000021029,,,TRUE,BTB6ZYM25,1,054006
,QUINOX----,0000873,2022/04/28,0.000,3900.0000,195.0000,389.0250,3900.0000,0.000000,0.0000,3900.0000,CPE-ENTRE-,,,33500,25001,0000021029,,,TRUE,BTB6ZYM25,1,054006
,QUINOX----,0000863,2022/04/28,0.000,-4400.0000,-220.0000,-438.9000,-4400.0000,0.000000,0.0000,-4400.0000,CPE-ENTRE-,,,33500,25001,0000021029,,,TRUE,KPSVE2KUR,1,054007
,QUINOX----,0000744,2022/04/28,0.000,5500.0000,275.0000,548.6250,5500.0000,0.000000,0.0000,5500.0000,CPE-ENTRE-,,,33500,07620,0000021029,,,TRUE,WL2GOW3Z7,1,054008
,QUINOX----,0000744,2022/04/28,0.000,39579.2100,1978.9605,3948.0262,39579.2100,0.000000,0.0000,39579.2100,CPE-ENTRE-,,,33500,09651,0000021029,,,TRUE,WL2GOW3Z7,1,054008
,JEAN-CARON,0000606,2022/04/28,0.000,8262.0000,413.1000,824.1345,8262.0000,0.000000,0.0000,8262.0000,CIUSSS-ADM,,,33500,16000,0000021022,,,TRUE,ALWR6IN8M,1,054012
,VAL-MAURIC,0000424,2022/04/28,0.000,27000.0000,1350.0000,2693.2500,27000.0000,0.000000,0.0000,27000.0000,CIUSSS-MCQ,,,33500,16000,0000021002,,,TRUE,DBAM3P8IL,1,054013
,VAL-MAURIC,0000913,2022/04/28,0.000,15396.0000,769.8000,1535.7510,15396.0000,0.000000,0.0000,15396.0000,CIUSSS-MCQ,,,33500,25001,0000021002,,,TRUE,SLL4QZDAY,1,054014
,VAL-MAURIC,0001001,2022/04/28,0.000,9625.0000,481.2500,960.0938,9625.0000,0.000000,0.0000,9625.0000,CIUSSS-MCQ,,,33500,25001,0000021002,,,TRUE,Y8OI12282,1,054015
,F-DAIGLE--,0001043,2022/04/28,0.000,332.0000,16.6000,33.1170,332.0000,0.000000,0.0000,332.0000,CPE-ENTRE-,,,33200,25001,0000021029,,,TRUE,VR9EB7GNV,1,054024
,EUGENE-CLO,0000685,2022/04/28,0.000,2412.5000,120.6250,240.6469,2412.5000,0.000000,0.0000,2412.5000,CIUSSS-T-R,,,33500,07000,0000021028,,,TRUE,MJ35YDC8R,1,054110
,ACIER-RAY-,0001023,2022/04/28,0.000,2848.0000,142.4000,284.0880,2848.0000,0.000000,0.0000,2848.0000,LIBERE-TOI,,,33200,06110,0000022005,,,TRUE,6FAC4GRS0,1,054112
....................3,ROGER-BELL,0000960,2022/04/28,1.000,0.0000,0.0000,0.0000,0.0000,0.000000,0.0000,0.0000,CPE-ENTRE-,,,33200,,0000021029,,,TRUE,UFXJ5RN3F,1,054005
....................3,QUINOX----,0000873,2022/04/28,1.000,0.0000,0.0000,0.0000,0.0000,0.000000,0.0000,0.0000,CPE-ENTRE-,,,33200,,0000021029,,,TRUE,BTB6ZYM25,1,054006
....................3,QUINOX----,0000863,2022/04/28,1.000,0.0000,0.0000,0.0000,0.0000,0.000000,0.0000,0.0000,CPE-ENTRE-,,,33200,,0000021029,,,TRUE,KPSVE2KUR,1,054007
....................3,QUINOX----,0000744,2022/04/28,1.000,0.0000,0.0000,0.0000,0.0000,0.000000,0.0000,0.0000,CPE-ENTRE-,,,33200,,0000021029,,,TRUE,WL2GOW3Z7,1,054008
....................3,VAL-MAURIC,0000913,2022/04/28,1.000,0.0000,0.0000,0.0000,0.0000,0.000000,0.0000,0.0000,CIUSSS-MCQ,,,33200,,0000021002,,,TRUE,SLL4QZDAY,1,054014
....................3,VAL-MAURIC,0001001,2022/04/28,1.000,0.0000,0.0000,0.0000,0.0000,0.000000,0.0000,0.0000,CIUSSS-MCQ,,,33200,,0000021002,,,TRUE,Y8OI12282,1,054015
....................3,F-DAIGLE--,0001043,2022/04/28,1.000,0.0000,0.0000,0.0000,0.0000,0.000000,0.0000,0.0000,CPE-ENTRE-,,,33200,,0000021029,,,TRUE,VR9EB7GNV,1,054024
....................3,EUGENE-CLO,0000685,2022/04/28,1.000,0.0000,0.0000,0.0000,0.0000,0.000000,0.0000,0.0000,CIUSSS-T-R,,,33200,,0000021028,,,TRUE,MJ35YDC8R,1,054110
....................3,ACIER-RAY-,0001023,2022/04/28,1.000,0.0000,0.0000,0.0000,0.0000,0.000000,0.0000,0.0000,LIBERE-TOI,,,33200,,0000022005,,,TRUE,6FAC4GRS0,1,054112
....................4,ROGER-BELL,0000960,2022/04/28,1.000,0.0000,0.0000,0.0000,0.0000,0.000000,0.0000,0.0000,CPE-ENTRE-,,,33200,,0000021029,,,TRUE,UFXJ5RN3F,1,054005
....................4,QUINOX----,0000873,2022/04/28,1.000,0.0000,0.0000,0.0000,0.0000,0.000000,0.0000,0.0000,CPE-ENTRE-,,,33200,,0000021029,,,TRUE,BTB6ZYM25,1,054006
....................4,QUINOX----,0000863,2022/04/28,1.000,0.0000,0.0000,0.0000,0.0000,0.000000,0.0000,0.0000,CPE-ENTRE-,,,33200,,0000021029,,,TRUE,KPSVE2KUR,1,054007
....................4,QUINOX----,0000744,2022/04/28,1.000,0.0000,0.0000,0.0000,0.0000,0.000000,0.0000,0.0000,CPE-ENTRE-,,,33200,,0000021029,,,TRUE,WL2GOW3Z7,1,054008
....................4,VAL-MAURIC,0000913,2022/04/28,1.000,0.0000,0.0000,0.0000,0.0000,0.000000,0.0000,0.0000,CIUSSS-MCQ,,,33200,,0000021002,,,TRUE,SLL4QZDAY,1,054014
....................4,VAL-MAURIC,0001001,2022/04/28,1.000,0.0000,0.0000,0.0000,0.0000,0.000000,0.0000,0.0000,CIUSSS-MCQ,,,33200,,0000021002,,,TRUE,Y8OI12282,1,054015
....................4,F-DAIGLE--,0001043,2022/04/28,1.000,0.0000,0.0000,0.0000,0.0000,0.000000,0.0000,0.0000,CPE-ENTRE-,,,33200,,0000021029,,,TRUE,VR9EB7GNV,1,054024
....................4,EUGENE-CLO,0000685,2022/04/28,1.000,0.0000,0.0000,0.0000,0.0000,0.000000,0.0000,0.0000,CIUSSS-T-R,,,33200,,0000021028,,,TRUE,MJ35YDC8R,1,054110
....................4,ACIER-RAY-,0001023,2022/04/28,1.000,0.0000,0.0000,0.0000,0.0000,0.000000,0.0000,0.0000,LIBERE-TOI,,,33200,,0000022005,,,TRUE,6FAC4GRS0,1,054112
,REINE-COUV,0000430,2022/04/29,0.000,1345.0000,67.2500,134.1638,1345.0000,0.000000,0.0000,1345.0000,CIUSSS-MCQ,,,33500,09600,0000021002,,,TRUE,KH0QUVV8M,1,054075
,REGULVAR--,0000785,2022/04/29,0.000,4033.8000,201.6900,402.3716,4033.8000,0.000000,0.0000,4033.8000,CIUSSS-MCQ,,,33500,13800,0000021032,,,TRUE,PXY61CKPW,1,054087
,PEINTRES-S,0000953,2022/04/29,0.000,10577.6000,528.8800,1055.1156,10577.6000,0.000000,0.0000,10577.6000,CPE-CHEZ-M,,,33500,09910,0000021030,,,TRUE,AYSVRTWY7,1,054103
,REGULVAR--,0001050,2022/04/29,0.000,353.2000,17.6600,35.2317,353.2000,0.000000,0.0000,353.2000,CIUSSS-ADM,,,33500,25001,0000021026,,,TRUE,XKRAXJJ87,1,054175
,REGULVAR--,0000987,2022/04/29,0.000,3003.7500,150.1875,299.6241,3003.7500,0.000000,0.0000,3003.7500,CIUSSS-MCQ,,,33500,25001,0000021032,,,TRUE,V0E1Y7XOT,1,054176
,LAVIGNE-EN,0000986,2022/04/29,0.000,420.2400,21.0120,41.9189,420.2400,0.000000,0.0000,420.2400,CPE-CHEZ-M,,,33500,25001,0000021030,,,TRUE,4F695Q4N2,1,054234
,REGULVAR--,0001016,2022/04/29,0.000,1927.6900,96.3845,192.2871,1927.6900,0.000000,0.0000,1927.6900,CIUSSS-T-R,,,33500,25001,0000021028,,,TRUE,7O5B5KN8W,1,054236
,LAVIGNE-EN,0000762,2022/04/29,0.000,50000.0000,2500.0000,4987.5000,50000.0000,0.000000,0.0000,50000.0000,CPE-CHEZ-M,,,33500,16000,0000021030,,,TRUE,TN9MTLX5L,1,054237
....................3,REINE-COUV,0000430,2022/04/29,1.000,0.0000,0.0000,0.0000,0.0000,0.000000,0.0000,0.0000,CIUSSS-MCQ,,,33200,,0000021002,,,TRUE,KH0QUVV8M,1,054075
....................3,PEINTRES-S,0000953,2022/04/29,1.000,0.0000,0.0000,0.0000,0.0000,0.000000,0.0000,0.0000,CPE-CHEZ-M,,,33200,,0000021030,,,TRUE,AYSVRTWY7,1,054103
....................3,REGULVAR--,0001050,2022/04/29,1.000,0.0000,0.0000,0.0000,0.0000,0.000000,0.0000,0.0000,CIUSSS-ADM,,,33200,,0000021026,,,TRUE,XKRAXJJ87,1,054175
....................3,REGULVAR--,0000987,2022/04/29,1.000,0.0000,0.0000,0.0000,0.0000,0.000000,0.0000,0.0000,CIUSSS-MCQ,,,33200,,0000021032,,,TRUE,V0E1Y7XOT,1,054176
....................3,LAVIGNE-EN,0000986,2022/04/29,1.000,0.0000,0.0000,0.0000,0.0000,0.000000,0.0000,0.0000,CPE-CHEZ-M,,,33200,,0000021030,,,TRUE,4F695Q4N2,1,054234
....................3,REGULVAR--,0001016,2022/04/29,1.000,0.0000,0.0000,0.0000,0.0000,0.000000,0.0000,0.0000,CIUSSS-T-R,,,33200,,0000021028,,,TRUE,7O5B5KN8W,1,054236
....................4,REINE-COUV,0000430,2022/04/29,1.000,0.0000,0.0000,0.0000,0.0000,0.000000,0.0000,0.0000,CIUSSS-MCQ,,,33200,,0000021002,,,TRUE,KH0QUVV8M,1,054075
....................4,PEINTRES-S,0000953,2022/04/29,1.000,0.0000,0.0000,0.0000,0.0000,0.000000,0.0000,0.0000,CPE-CHEZ-M,,,33200,,0000021030,,,TRUE,AYSVRTWY7,1,054103
....................4,REGULVAR--,0001050,2022/04/29,1.000,0.0000,0.0000,0.0000,0.0000,0.000000,0.0000,0.0000,CIUSSS-ADM,,,33200,,0000021026,,,TRUE,XKRAXJJ87,1,054175
....................4,REGULVAR--,0000987,2022/04/29,1.000,0.0000,0.0000,0.0000,0.0000,0.000000,0.0000,0.0000,CIUSSS-MCQ,,,33200,,0000021032,,,TRUE,V0E1Y7XOT,1,054176
....................4,LAVIGNE-EN,0000986,2022/04/29,1.000,0.0000,0.0000,0.0000,0.0000,0.000000,0.0000,0.0000,CPE-CHEZ-M,,,33200,,0000021030,,,TRUE,4F695Q4N2,1,054234
....................4,REGULVAR--,0001016,2022/04/29,1.000,0.0000,0.0000,0.0000,0.0000,0.000000,0.0000,0.0000,CIUSSS-T-R,,,33200,,0000021028,,,TRUE,7O5B5KN8W,1,054236
,SIDE-ACOUS,0000978,2022/04/30,0.000,35000.0000,1750.0000,3491.2500,35000.0000,0.000000,0.0000,35000.0000,AGT-------,,,33500,09200,0000021013,,,TRUE,VZ7TPI6PV,1,054072
,PLOMB-CRT-,0000979,2022/04/30,0.000,6764.7600,338.2380,674.7848,6764.7600,0.000000,0.0000,6764.7600,CSS-CH-ROY,,,33500,25001,0000021041,,,TRUE,FRTPEOGEV,1,054077
,PLOMB-CRT-,0000923,2022/04/30,0.000,35842.5000,1792.1250,3575.2894,35842.5000,0.000000,0.0000,35842.5000,CSS-CH-ROY,,,33500,15401,0000021041,,,TRUE,NSLZJLBK9,1,054079
,ISOL-TRIFL,0000839,2022/04/30,0.000,700.0000,35.0000,69.8250,700.0000,0.000000,0.0000,700.0000,CPE-ENTRE-,,,33500,15260,0000021029,,,TRUE,1OXEO11W0,1,054231
....................3,SIDE-ACOUS,0001025,2022/04/30,1.000,0.0000,0.0000,0.0000,0.0000,0.000000,0.0000,0.0000,AGT-------,,,33200,,0000021013,,,FALSE,72VVGU0V8,1,
....................3,PLOMB-CRT-,0000979,2022/04/30,1.000,0.0000,0.0000,0.0000,0.0000,0.000000,0.0000,0.0000,CSS-CH-ROY,,,33200,,0000021041,,,TRUE,FRTPEOGEV,1,054077
....................4,SIDE-ACOUS,0001025,2022/04/30,1.000,0.0000,0.0000,0.0000,0.0000,0.000000,0.0000,0.0000,AGT-------,,,33200,,0000021013,,,FALSE,72VVGU0V8,1,
....................4,PLOMB-CRT-,0000979,2022/04/30,1.000,0.0000,0.0000,0.0000,0.0000,0.000000,0.0000,0.0000,CSS-CH-ROY,,,33200,,0000021041,,,TRUE,FRTPEOGEV,1,054077
,PLOMB-2000,0000763,2022/05/01,0.000,11224.2400,561.2120,1119.6179,11224.2400,0.000000,0.0000,11224.2400,CPE-CHEZ-M,,,33500,15401,0000021030,,,TRUE,91ANPICDJ,1,054599
,L-N-BEAUDO,0000704,2022/05/03,0.000,1500.0000,75.0000,149.6250,1500.0000,0.000000,0.0000,1500.0000,CPE-ENTRE-,,,33500,04000,0000021029,,,TRUE,H7VS8E1OX,1,054230
,F-DAIGLE--,0001024,2022/05/03,0.000,1290.0000,64.5000,128.6775,1290.0000,0.000000,0.0000,1290.0000,AGT-------,,,33200,08000,0000021013,,,TRUE,35QPQLRWB,1,054233
,F-DAIGLE--,0001024,2022/05/03,0.000,1580.0000,79.0000,157.6050,1580.0000,0.000000,0.0000,1580.0000,AGT-------,,,33200,08000,0000021013,,,TRUE,35QPQLRWB,1,054233
,F-DAIGLE--,0001024,2022/05/03,0.000,2310.0000,115.5000,230.4225,2310.0000,0.000000,0.0000,2310.0000,AGT-------,,,33200,08000,0000021013,,,TRUE,35QPQLRWB,1,054233
,EBEN-LEMIR,0001021,2022/05/03,0.000,27850.0000,1392.5000,2778.0375,27850.0000,0.000000,0.0000,27850.0000,LIBERE-TOI,,,33500,06400,0000022005,,,TRUE,HCOHU0AQ6,1,054235
....................3,EBEN-LEMIR,0001021,2022/05/03,1.000,0.0000,0.0000,0.0000,0.0000,0.000000,0.0000,0.0000,LIBERE-TOI,,,33200,,0000022005,,,TRUE,HCOHU0AQ6,1,054235
....................4,EBEN-LEMIR,0001021,2022/05/03,1.000,0.0000,0.0000,0.0000,0.0000,0.000000,0.0000,0.0000,LIBERE-TOI,,,33200,,0000022005,,,TRUE,HCOHU0AQ6,1,054235
,TECH-ALARM,0001040,2022/05/11,0.000,190.4000,9.5200,18.9924,190.4000,0.000000,0.0000,190.4000,CIUSSS-ADM,,,33500,25001,0000020003,,,TRUE,YI062TY2Q,1,054232
....................3,TECH-ALARM,0001040,2022/05/11,1.000,0.0000,0.0000,0.0000,0.0000,0.000000,0.0000,0.0000,CIUSSS-ADM,,,33200,,0000020003,,,TRUE,YI062TY2Q,1,054232
....................4,TECH-ALARM,0001040,2022/05/11,1.000,0.0000,0.0000,0.0000,0.0000,0.000000,0.0000,0.0000,CIUSSS-ADM,,,33200,,0000020003,,,TRUE,YI062TY2Q,1,054232
,REINE-COUV,0000770,2022/05/18,0.000,18469.8300,923.4915,1842.3655,18469.8300,0.000000,0.0000,18469.8300,CPE-CHEZ-M,,,33500,09600,0000021030,,,TRUE,5W6ESRYO6,1,054310
....................3,REINE-COUV,0000770,2022/05/18,1.000,0.0000,0.0000,0.0000,0.0000,0.000000,0.0000,0.0000,CPE-CHEZ-M,,,33200,,0000021030,,,TRUE,5W6ESRYO6,1,054310
....................4,REINE-COUV,0000770,2022/05/18,1.000,0.0000,0.0000,0.0000,0.0000,0.000000,0.0000,0.0000,CPE-CHEZ-M,,,33200,,0000021030,,,TRUE,5W6ESRYO6,1,054310
,JEAN-CARON,0000606,2022/05/20,0.000,12393.0000,619.6500,1236.2018,12393.0000,0.000000,0.0000,12393.0000,CIUSSS-ADM,,,33500,16000,0000021022,,,TRUE,J7XF1SPJO,1,054448
,ROGER-BELL,0001066,2022/05/20,0.000,23500.0000,1175.0000,2344.1250,23500.0000,0.000000,0.0000,23500.0000,CIUSSS-T-R,,,33500,25001,0000021028,,,TRUE,G379M5GRG,1,054485
....................3,JEAN-CARON,0000606,2022/05/20,1.000,0.0000,0.0000,0.0000,0.0000,0.000000,0.0000,0.0000,CIUSSS-ADM,,,33200,,0000021022,,,TRUE,J7XF1SPJO,1,054448
....................3,ROGER-BELL,0001066,2022/05/20,1.000,0.0000,0.0000,0.0000,0.0000,0.000000,0.0000,0.0000,CIUSSS-T-R,,,33200,,0000021028,,,TRUE,G379M5GRG,1,054485
....................4,JEAN-CARON,0000606,2022/05/20,1.000,0.0000,0.0000,0.0000,0.0000,0.000000,0.0000,0.0000,CIUSSS-ADM,,,33200,,0000021022,,,TRUE,J7XF1SPJO,1,054448
....................4,ROGER-BELL,0001066,2022/05/20,1.000,0.0000,0.0000,0.0000,0.0000,0.000000,0.0000,0.0000,CIUSSS-T-R,,,33200,,0000021028,,,TRUE,G379M5GRG,1,054485
,ENT-MAXIME,0000833,2022/05/23,0.000,7800.0000,390.0000,778.0500,7800.0000,0.000000,0.0000,7800.0000,CPE-CHEZ-M,,,33500,02300,0000021030,,,TRUE,0TK8KJERK,1,054489
,ENT-MAXIME,0000967,2022/05/23,0.000,64312.8000,3215.6400,6415.2018,64312.8000,0.000000,0.0000,64312.8000,LIBERE-TOI,,,33500,02300,0000022005,,,TRUE,4G09YK2OE,1,054499
,ENT-MAXIME,0000967,2022/05/23,0.000,2565.0000,128.2500,255.8588,2565.0000,0.000000,0.0000,2565.0000,LIBERE-TOI,,,33500,02800,0000022005,,,TRUE,4G09YK2OE,1,054499
,REGULVAR--,0000926,2022/05/24,0.000,7077.6000,353.8800,705.9906,7077.6000,0.000000,0.0000,7077.6000,CSS-CH-ROY,,,33500,15000,0000021041,,,TRUE,1EBKSADKV,1,054368
,AF-ELECTRI,0000922,2022/05/24,0.000,4481.1000,224.0550,446.9897,4481.1000,0.000000,0.0000,4481.1000,CSS-CH-ROY,,,33500,16000,0000021041,,,TRUE,0YNR53YSK,1,054373
,D-DIONNE--,0000706,2022/05/24,0.000,5225.0000,261.2500,521.1938,5225.0000,0.000000,0.0000,5225.0000,CPE-ENTRE-,,,33500,09310,0000021029,,,TRUE,Y1BIHN3ZT,1,054416
,D-DIONNE--,0000706,2022/05/24,0.000,11522.0000,576.1000,1149.3195,11522.0000,0.000000,0.0000,11522.0000,CPE-ENTRE-,,,33500,09650,0000021029,,,TRUE,Y1BIHN3ZT,1,054416
,REGULVAR--,0000604,2022/05/24,0.000,18562.5000,928.1250,1851.6094,18562.5000,0.000000,0.0000,18562.5000,CIUSSS-ADM,,,33500,13800,0000021022,,,TRUE,LJ88FKISQ,1,054449
,REGULVAR--,0000688,2022/05/24,0.000,717.5200,35.8760,71.5726,717.5200,0.000000,0.0000,717.5200,CIUSSS-T-R,,,33500,15000,0000021028,,,TRUE,H84A9S0AG,1,054480
,REGULVAR--,0000688,2022/05/24,0.000,11876.4000,593.8200,1184.6709,11876.4000,0.000000,0.0000,11876.4000,CIUSSS-T-R,,,33500,15000,0000021028,,,TRUE,K9OY6XYHY,1,054481
,SOUDURE---,0000954,2022/05/24,0.000,43000.0000,2150.0000,4289.2500,43000.0000,0.000000,0.0000,43000.0000,MUN-STE-AN,,,33500,05500,0000020028,,,TRUE,HXDH9QC78,1,054484
,CORFLEX---,0001067,2022/05/24,0.000,6475.0000,323.7500,645.8813,6475.0000,0.000000,0.0000,6475.0000,LIBERE-TOI,,,33500,10000,0000022005,,,TRUE,4ZRG1GYIR,1,054496
,ENT-ARSENE,0001012,2022/05/24,0.000,3742.2300,187.1115,373.2874,3742.2300,0.000000,0.0000,3742.2300,CIUSSS-ADM,,,33500,25001,0000021026,,,TRUE,558FH7P92,1,054607
,ENT-ARSENE,0000945,2022/05/24,0.000,1800.0000,90.0000,179.5500,1800.0000,0.000000,0.0000,1800.0000,LIBERE-TOI,,,33500,15100,0000022005,,,TRUE,9MTREKSM4,1,054609
....................3,SOUDURE---,0000954,2022/05/24,1.000,0.0000,0.0000,0.0000,0.0000,0.000000,0.0000,0.0000,MUN-STE-AN,,,33200,,0000020028,,,TRUE,HXDH9QC78,1,054484
....................3,CORFLEX---,0001067,2022/05/24,1.000,0.0000,0.0000,0.0000,0.0000,0.000000,0.0000,0.0000,LIBERE-TOI,,,33200,,0000022005,,,TRUE,4ZRG1GYIR,1,054496
....................3,ENT-ARSENE,0001012,2022/05/24,1.000,0.0000,0.0000,0.0000,0.0000,0.000000,0.0000,0.0000,CIUSSS-ADM,,,33200,,0000021026,,,TRUE,558FH7P92,1,054607
....................4,SOUDURE---,0000954,2022/05/24,1.000,0.0000,0.0000,0.0000,0.0000,0.000000,0.0000,0.0000,MUN-STE-AN,,,33200,,0000020028,,,TRUE,HXDH9QC78,1,054484
....................4,CORFLEX---,0001067,2022/05/24,1.000,0.0000,0.0000,0.0000,0.0000,0.000000,0.0000,0.0000,LIBERE-TOI,,,33200,,0000022005,,,TRUE,4ZRG1GYIR,1,054496
....................4,ENT-ARSENE,0001012,2022/05/24,1.000,0.0000,0.0000,0.0000,0.0000,0.000000,0.0000,0.0000,CIUSSS-ADM,,,33200,,0000021026,,,TRUE,558FH7P92,1,054607
,CLIMATISAT,0000919,2022/05/25,0.000,27596.2500,1379.8125,2752.7259,27596.2500,0.000000,0.0000,27596.2500,CSS-CH-ROY,,,33500,15905,0000021041,,,TRUE,XJ26XZM91,1,054367
,PEINT-DUPO,0000920,2022/05/25,0.000,7200.0000,360.0000,718.2000,7200.0000,0.000000,0.0000,7200.0000,CSS-CH-ROY,,,33500,09900,0000021041,,,TRUE,KD51BOGPZ,1,054369
,ASP-CONTRO,0000708,2022/05/25,0.000,9950.1400,497.5070,992.5265,9950.1400,0.000000,0.0000,9950.1400,CPE-ENTRE-,,,33500,13850,0000021029,,,TRUE,DB1LJHMKF,1,054429
,PEINT-DUPO,0000695,2022/05/25,0.000,10000.0000,500.0000,997.5000,10000.0000,0.000000,0.0000,10000.0000,CIUSSS-T-R,,,33500,09910,0000021028,,,TRUE,G5R7EZ75R,1,054483
,DIPSO-----,0000966,2022/05/25,0.000,44775.0000,2238.7500,4466.3063,44775.0000,0.000000,0.0000,44775.0000,LIBERE-TOI,,,33200,03400,0000022005,,,TRUE,UQF3X7WKV,1,054490
,PLOMB-2000,0000763,2022/05/25,0.000,19202.9900,960.1495,1915.4983,19202.9900,0.000000,0.0000,19202.9900,CPE-CHEZ-M,,,33500,15401,0000021030,,,TRUE,BL1SU4M0W,1,054491
,SOLIDER---,0000951,2022/05/25,0.000,10000.0000,500.0000,997.5000,10000.0000,0.000000,0.0000,10000.0000,LIBERE-TOI,,,33500,05120,0000022005,,,TRUE,DR2IAIP48,1,054492
,VITR-ASBES,0000905,2022/05/25,0.000,23053.1000,1152.6550,2299.5467,23053.1000,0.000000,0.0000,23053.1000,AGT-------,,,33500,08000,0000021013,,,TRUE,BEQ4088DG,1,054601
....................3,PEINT-DUPO,0000920,2022/05/25,4.000,0.0000,0.0000,0.0000,0.0000,0.000000,0.0000,0.0000,CSS-CH-ROY,,,33200,,0000021041,,,TRUE,KD51BOGPZ,1,054369
....................3,DIPSO-----,0000966,2022/05/25,1.000,0.0000,0.0000,0.0000,0.0000,0.000000,0.0000,0.0000,LIBERE-TOI,,,33200,,0000022005,,,TRUE,UQF3X7WKV,1,054490
....................3,SOLIDER---,0000951,2022/05/25,1.000,0.0000,0.0000,0.0000,0.0000,0.000000,0.0000,0.0000,LIBERE-TOI,,,33200,,0000022005,,,TRUE,DR2IAIP48,1,054492
....................4,PEINT-DUPO,0000920,2022/05/25,1.000,0.0000,0.0000,0.0000,0.0000,0.000000,0.0000,0.0000,CSS-CH-ROY,,,33200,,0000021041,,,TRUE,KD51BOGPZ,1,054369
....................4,DIPSO-----,0000966,2022/05/25,1.000,0.0000,0.0000,0.0000,0.0000,0.000000,0.0000,0.0000,LIBERE-TOI,,,33200,,0000022005,,,TRUE,UQF3X7WKV,1,054490
....................4,SOLIDER---,0000951,2022/05/25,1.000,0.0000,0.0000,0.0000,0.0000,0.000000,0.0000,0.0000,LIBERE-TOI,,,33200,,0000022005,,,TRUE,DR2IAIP48,1,054492
,QUINOX----,0000778,2022/05/26,0.000,45754.9500,2287.7475,4564.0563,45754.9500,0.000000,0.0000,45754.9500,CPE-CHEZ-M,,,33500,09651,0000021030,,,TRUE,VA8P7CAMB,1,054482
,PLOMB-CRT-,0000979,2022/05/30,0.000,751.6400,37.5820,74.9761,751.6400,0.000000,0.0000,751.6400,CSS-CH-ROY,,,33500,25001,0000021041,,,TRUE,2C3IR0WSC,1,054370
,PLOMB-CRT-,0000923,2022/05/30,0.000,8759.5000,437.9750,873.7601,8759.5000,0.000000,0.0000,8759.5000,CSS-CH-ROY,,,33500,15401,0000021041,,,TRUE,UJ684VZV4,1,054371
,PLOMB-CRT-,0000923,2022/05/30,0.000,1647.0000,82.3500,164.2883,1647.0000,0.000000,0.0000,1647.0000,CSS-CH-ROY,,,33500,15401,0000021041,,,TRUE,1W8LOZYHH,1,054372
,PLOMB-CRT-,0000845,2022/05/30,0.000,206.5300,10.3265,20.6014,206.5300,0.000000,0.0000,206.5300,CPE-ENTRE-,,,33500,25001,0000021029,,,TRUE,OMEUB8Q0W,1,054417
,FORAGE-CBF,0000977,2022/05/30,0.000,24520.0000,1226.0000,2445.8700,24520.0000,0.000000,0.0000,24520.0000,LIBERE-TOI,,,33500,14240,0000022005,,,TRUE,9M056YFJ1,1,054486
,FORME-CONC,0000808,2022/05/30,0.000,7500.0000,375.0000,748.1250,7500.0000,0.000000,0.0000,7500.0000,CPE-CHEZ-M,,,33500,06400,0000021030,,,TRUE,NE0HYOJMJ,1,054487
,SIDE-ACOUS,0000978,2022/05/30,0.000,21000.0000,1050.0000,2094.7500,21000.0000,0.000000,0.0000,21000.0000,AGT-------,,,33500,09200,0000021013,,,TRUE,YZJ1C1LKA,1,054602
,CONST-RIVA,0001071,2022/05/30,0.000,1156.5400,57.8270,115.3649,1156.5400,0.000000,0.0000,1156.5400,CPE-ENTRE-,,,33500,25001,0000021029,,,TRUE,AHWRL3EBH,1,054606
,ACIER-ATR-,0000935,2022/05/30,0.000,64800.0000,3240.0000,6463.8000,64800.0000,0.000000,0.0000,64800.0000,LIBERE-TOI,,,33500,03000,0000022005,,,TRUE,NWPOVQN2N,1,054608
,CONST-REGI,0001006,2022/05/30,0.000,102500.0000,5125.0000,10224.3750,102500.0000,0.000000,0.0000,102500.0000,LIBERE-TOI,,,33500,03000,0000022005,,,TRUE,MM0A23E6P,1,054732
,ACIER-ATR-,0000760,2022/05/30,0.000,2970.0000,148.5000,296.2575,2970.0000,0.000000,0.0000,2970.0000,CPE-CHEZ-M,,,33500,03000,0000021030,,,TRUE,E7QNSII7E,1,054735
,D-DIONNE--,0000706,2022/05/30,0.000,528.0000,26.4000,52.6680,528.0000,0.000000,0.0000,528.0000,CPE-ENTRE-,,,33500,09650,0000021029,,,TRUE,V9VP6MGJH,1,054784
,CONST-RIVA,0000740,2022/05/30,0.000,799.9500,39.9975,79.7950,799.9500,0.000000,0.0000,799.9500,CPE-ENTRE-,,,33500,09500,0000021029,,,TRUE,1JEZKZPWK,1,054791
,CONST-RIVA,0000740,2022/05/30,0.000,3000.0000,150.0000,299.2500,3000.0000,0.000000,0.0000,3000.0000,CPE-ENTRE-,,,33500,09510,0000021029,,,TRUE,1JEZKZPWK,1,054791
....................3,FORAGE-CBF,0000977,2022/05/30,1.000,0.0000,0.0000,0.0000,0.0000,0.000000,0.0000,0.0000,LIBERE-TOI,,,33200,,0000022005,,,TRUE,9M056YFJ1,1,054486
....................3,FORME-CONC,0000808,2022/05/30,1.000,0.0000,0.0000,0.0000,0.0000,0.000000,0.0000,0.0000,CPE-CHEZ-M,,,33200,,0000021030,,,TRUE,NE0HYOJMJ,1,054487
....................3,CONST-RIVA,0001071,2022/05/30,1.000,0.0000,0.0000,0.0000,0.0000,0.000000,0.0000,0.0000,CPE-ENTRE-,,,33200,,0000021029,,,TRUE,AHWRL3EBH,1,054606
....................3,ACIER-ATR-,0000935,2022/05/30,1.000,0.0000,0.0000,0.0000,0.0000,0.000000,0.0000,0.0000,LIBERE-TOI,,,33200,,0000022005,,,TRUE,NWPOVQN2N,1,054608
....................3,CONST-REGI,0001006,2022/05/30,1.000,0.0000,0.0000,0.0000,0.0000,0.000000,0.0000,0.0000,LIBERE-TOI,,,33200,,0000022005,,,TRUE,MM0A23E6P,1,054732
....................4,FORAGE-CBF,0000977,2022/05/30,1.000,0.0000,0.0000,0.0000,0.0000,0.000000,0.0000,0.0000,LIBERE-TOI,,,33200,,0000022005,,,TRUE,9M056YFJ1,1,054486
....................4,FORME-CONC,0000808,2022/05/30,1.000,0.0000,0.0000,0.0000,0.0000,0.000000,0.0000,0.0000,CPE-CHEZ-M,,,33200,,0000021030,,,TRUE,NE0HYOJMJ,1,054487
....................4,CONST-RIVA,0001071,2022/05/30,1.000,0.0000,0.0000,0.0000,0.0000,0.000000,0.0000,0.0000,CPE-ENTRE-,,,33200,,0000021029,,,TRUE,AHWRL3EBH,1,054606
....................4,ACIER-ATR-,0000935,2022/05/30,1.000,0.0000,0.0000,0.0000,0.0000,0.000000,0.0000,0.0000,LIBERE-TOI,,,33200,,0000022005,,,TRUE,NWPOVQN2N,1,054608
....................4,CONST-REGI,0001006,2022/05/30,1.000,0.0000,0.0000,0.0000,0.0000,0.000000,0.0000,0.0000,LIBERE-TOI,,,33200,,0000022005,,,TRUE,MM0A23E6P,1,054732
,PLOMB-CRT-,0001069,2022/05/31,0.000,1328.3300,66.4165,132.5009,1328.3300,0.000000,0.0000,1328.3300,CPE-ENTRE-,,,33500,25001,0000021029,,,TRUE,MVV9V1D1O,1,054418
,PLOMB-CRT-,0001069,2022/05/31,0.000,147.5900,7.3795,14.7221,147.5900,0.000000,0.0000,147.5900,CPE-ENTRE-,,,33500,25001,0000021029,,,TRUE,FQB5YEJ3V,1,054419
,PLOMB-CRT-,0000933,2022/05/31,0.000,1575.4500,78.7725,157.1511,1575.4500,0.000000,0.0000,1575.4500,CPE-ENTRE-,,,33500,25001,0000021029,,,TRUE,CERWWLSW1,1,054420
,PLOMB-CRT-,0000836,2022/05/31,0.000,108.8200,5.4410,10.8548,108.8200,0.000000,0.0000,108.8200,CPE-ENTRE-,,,33500,25001,0000021029,,,TRUE,5H4SEA4YZ,1,054421
,PLOMB-CRT-,0000838,2022/05/31,0.000,1756.5500,87.8275,175.2159,1756.5500,0.000000,0.0000,1756.5500,CPE-ENTRE-,,,33500,25001,0000021029,,,TRUE,J5MP7CHIV,1,054422
,PLOMB-CRT-,0000707,2022/05/31,0.000,7980.0000,399.0000,796.0050,7980.0000,0.000000,0.0000,7980.0000,CPE-ENTRE-,,,33500,15401,0000021029,,,TRUE,5355BNB6Y,1,054423
,PLOMB-CRT-,0000707,2022/05/31,0.000,4045.5000,202.2750,403.5386,4045.5000,0.000000,0.0000,4045.5000,CPE-ENTRE-,,,33500,15401,0000021029,,,TRUE,5AOEHSY9D,1,054424
,GOUT-PT-QC,0000817,2022/05/31,0.000,1624.4000,81.2200,162.0339,1624.4000,0.000000,0.0000,1624.4000,CPE-ENTRE-,,,33500,05500,0000021029,,,TRUE,TGAG1GDG5,1,054425
,PEINT-DUPO,0000741,2022/05/31,0.000,8303.0000,415.1500,828.2243,8303.0000,0.000000,0.0000,8303.0000,CPE-ENTRE-,,,33500,09910,0000021029,,,TRUE,DX6OGPDE1,1,054426
,PEINT-DUPO,0001042,2022/05/31,0.000,609.0000,30.4500,60.7478,609.0000,0.000000,0.0000,609.0000,CPE-ENTRE-,,,33500,25001,0000021029,,,TRUE,EVJVFVTDK,1,054427
,ASP-CONTRO,0000708,2022/05/31,0.000,5986.2600,299.3130,597.1294,5986.2600,0.000000,0.0000,5986.2600,CPE-ENTRE-,,,33500,13850,0000021029,,,TRUE,K405SGIA6,1,054428
,BRETON-PLO,0000705,2022/05/31,0.000,7381.8000,369.0900,736.3346,7381.8000,0.000000,0.0000,7381.8000,CPE-ENTRE-,,,33500,15001,0000021029,,,TRUE,RI5ZTNYFR,1,054430
,QUINOX----,0000988,2022/05/31,0.000,3693.6600,184.6830,368.4426,3693.6600,0.000000,0.0000,3693.6600,CPE-ENTRE-,,,33500,25001,0000021029,,,TRUE,9GCL6F7SK,1,054431
,QUINOX----,0000744,2022/05/31,0.000,4420.7900,221.0395,440.9738,4420.7900,0.000000,0.0000,4420.7900,CPE-ENTRE-,,,33500,09651,0000021029,,,TRUE,5EYPLDL8F,1,054432
,PEINT-DUPO,0001004,2022/05/31,0.000,1381.0000,69.0500,137.7548,1381.0000,0.000000,0.0000,1381.0000,AGT-------,,,33500,09910,0000021013,,,TRUE,VVK3DD9RP,1,054433
,PEINT-DUPO,0001037,2022/05/31,0.000,13133.0000,656.6500,1310.0168,13133.0000,0.000000,0.0000,13133.0000,AGT-------,,,33500,09910,0000021013,,,TRUE,MQNJP19W8,1,054434
,PEINT-DUPO,0001039,2022/05/31,0.000,4000.0000,200.0000,399.0000,4000.0000,0.000000,0.0000,4000.0000,AGT-------,,,33500,09910,0000021013,,,TRUE,OFUGHROZE,1,054435
,PEINT-DUPO,0001038,2022/05/31,0.000,11240.0000,562.0000,1121.1900,11240.0000,0.000000,0.0000,11240.0000,AGT-------,,,33500,09910,0000021013,,,TRUE,YBGFW6B87,1,054436
,PEINT-DUPO,0000630,2022/05/31,0.000,11944.0000,597.2000,1191.4140,11944.0000,0.000000,0.0000,11944.0000,CIUSSS-MCQ,,,33500,09910,0000021002,,,TRUE,64XMTA7LE,1,054437
,VAL-MAURIC,0000424,2022/05/31,0.000,27000.0000,1350.0000,2693.2500,27000.0000,0.000000,0.0000,27000.0000,CIUSSS-MCQ,,,33500,16000,0000021002,,,TRUE,V8IL85UO9,1,054438
,VAL-MAURIC,0001076,2022/05/31,0.000,207.0000,10.3500,20.6483,207.0000,0.000000,0.0000,207.0000,CIUSSS-MCQ,,,33500,25001,0000021002,,,TRUE,RQAWEO42C,1,054439
,VAL-MAURIC,0000424,2022/05/31,0.000,73000.0000,3650.0000,7281.7500,73000.0000,0.000000,0.0000,73000.0000,CIUSSS-MCQ,,,33500,16000,0000021002,,,TRUE,Z9FG5CTFR,1,054440
,VAL-MAURIC,0001074,2022/05/31,0.000,1632.0000,81.6000,162.7920,1632.0000,0.000000,0.0000,1632.0000,CIUSSS-MCQ,,,33500,25001,0000021002,,,TRUE,U05BKJX8X,1,054441
,VITR-ASBES,0000724,2022/05/31,0.000,13918.0000,695.9000,1388.3205,13918.0000,0.000000,0.0000,13918.0000,CPE-ENTRE-,,,33500,08100,0000021029,,,TRUE,6ILLGV8FV,1,054603
,FORME-CONC,0000722,2022/05/31,0.000,11925.0000,596.2500,1189.5188,11925.0000,0.000000,0.0000,11925.0000,CPE-ENTRE-,,,33500,06400,0000021029,,,TRUE,NFNCILVKD,1,054604
,ISOL-TRIFL,0000839,2022/05/31,0.000,200.0000,10.0000,19.9500,200.0000,0.000000,0.0000,200.0000,CPE-ENTRE-,,,33500,15260,0000021029,,,TRUE,UN0VF9CN6,1,054605
,VITR-ASBES,0000801,2022/05/31,0.000,12000.0000,600.0000,1197.0000,12000.0000,0.000000,0.0000,12000.0000,CPE-CHEZ-M,,,33500,08000,0000021030,,,TRUE,H92S6SWN4,1,054610
,LAVIGNE-EN,0000762,2022/05/31,0.000,15000.0000,750.0000,1496.2500,15000.0000,0.000000,0.0000,15000.0000,CPE-CHEZ-M,,,33500,16000,0000021030,,,TRUE,BUXC450XK,1,054677
....................3,PLOMB-CRT-,0001069,2022/05/31,1.000,0.0000,0.0000,0.0000,0.0000,0.000000,0.0000,0.0000,CPE-ENTRE-,,,33200,,0000021029,,,TRUE,MVV9V1D1O,1,054418
....................3,PLOMB-CRT-,0000836,2022/05/31,1.000,0.0000,0.0000,0.0000,0.0000,0.000000,0.0000,0.0000,CPE-ENTRE-,,,33200,,0000021029,,,TRUE,5H4SEA4YZ,1,054421
....................3,GOUT-PT-QC,0000817,2022/05/31,1.000,0.0000,0.0000,0.0000,0.0000,0.000000,0.0000,0.0000,CPE-ENTRE-,,,33200,,0000021029,,,TRUE,TGAG1GDG5,1,054425
....................3,PEINT-DUPO,0001042,2022/05/31,1.000,0.0000,0.0000,0.0000,0.0000,0.000000,0.0000,0.0000,CPE-ENTRE-,,,33200,,0000021029,,,TRUE,EVJVFVTDK,1,054427
....................3,QUINOX----,0000988,2022/05/31,1.000,0.0000,0.0000,0.0000,0.0000,0.000000,0.0000,0.0000,CPE-ENTRE-,,,33200,,0000021029,,,TRUE,9GCL6F7SK,1,054431
....................3,PEINT-DUPO,0001004,2022/05/31,1.000,0.0000,0.0000,0.0000,0.0000,0.000000,0.0000,0.0000,AGT-------,,,33200,,0000021013,,,TRUE,VVK3DD9RP,1,054433
....................3,PEINT-DUPO,0001037,2022/05/31,1.000,0.0000,0.0000,0.0000,0.0000,0.000000,0.0000,0.0000,AGT-------,,,33200,,0000021013,,,TRUE,MQNJP19W8,1,054434
....................3,PEINT-DUPO,0001039,2022/05/31,1.000,0.0000,0.0000,0.0000,0.0000,0.000000,0.0000,0.0000,AGT-------,,,33200,,0000021013,,,TRUE,OFUGHROZE,1,054435
....................3,PEINT-DUPO,0001038,2022/05/31,1.000,0.0000,0.0000,0.0000,0.0000,0.000000,0.0000,0.0000,AGT-------,,,33200,,0000021013,,,TRUE,YBGFW6B87,1,054436
....................3,PEINT-DUPO,0000630,2022/05/31,1.000,0.0000,0.0000,0.0000,0.0000,0.000000,0.0000,0.0000,CIUSSS-MCQ,,,33200,,0000021002,,,TRUE,64XMTA7LE,1,054437
....................3,VAL-MAURIC,0001076,2022/05/31,1.000,0.0000,0.0000,0.0000,0.0000,0.000000,0.0000,0.0000,CIUSSS-MCQ,,,33200,,0000021002,,,TRUE,RQAWEO42C,1,054439
....................3,VAL-MAURIC,0001074,2022/05/31,1.000,0.0000,0.0000,0.0000,0.0000,0.000000,0.0000,0.0000,CIUSSS-MCQ,,,33200,,0000021002,,,TRUE,U05BKJX8X,1,054441
....................3,VITR-ASBES,0000724,2022/05/31,1.000,0.0000,0.0000,0.0000,0.0000,0.000000,0.0000,0.0000,CPE-ENTRE-,,,33200,,0000021029,,,TRUE,6ILLGV8FV,1,054603
....................4,PLOMB-CRT-,0001069,2022/05/31,1.000,0.0000,0.0000,0.0000,0.0000,0.000000,0.0000,0.0000,CPE-ENTRE-,,,33200,,0000021029,,,TRUE,MVV9V1D1O,1,054418
....................4,PLOMB-CRT-,0000836,2022/05/31,1.000,0.0000,0.0000,0.0000,0.0000,0.000000,0.0000,0.0000,CPE-ENTRE-,,,33200,,0000021029,,,TRUE,5H4SEA4YZ,1,054421
....................4,GOUT-PT-QC,0000817,2022/05/31,1.000,0.0000,0.0000,0.0000,0.0000,0.000000,0.0000,0.0000,CPE-ENTRE-,,,33200,,0000021029,,,TRUE,TGAG1GDG5,1,054425
....................4,PEINT-DUPO,0001042,2022/05/31,1.000,0.0000,0.0000,0.0000,0.0000,0.000000,0.0000,0.0000,CPE-ENTRE-,,,33200,,0000021029,,,TRUE,EVJVFVTDK,1,054427
....................4,QUINOX----,0000988,2022/05/31,1.000,0.0000,0.0000,0.0000,0.0000,0.000000,0.0000,0.0000,CPE-ENTRE-,,,33200,,0000021029,,,TRUE,9GCL6F7SK,1,054431
....................4,PEINT-DUPO,0001004,2022/05/31,1.000,0.0000,0.0000,0.0000,0.0000,0.000000,0.0000,0.0000,AGT-------,,,33200,,0000021013,,,TRUE,VVK3DD9RP,1,054433
....................4,PEINT-DUPO,0001037,2022/05/31,1.000,0.0000,0.0000,0.0000,0.0000,0.000000,0.0000,0.0000,AGT-------,,,33200,,0000021013,,,TRUE,MQNJP19W8,1,054434
....................4,PEINT-DUPO,0001039,2022/05/31,1.000,0.0000,0.0000,0.0000,0.0000,0.000000,0.0000,0.0000,AGT-------,,,33200,,0000021013,,,TRUE,OFUGHROZE,1,054435
....................4,PEINT-DUPO,0001038,2022/05/31,1.000,0.0000,0.0000,0.0000,0.0000,0.000000,0.0000,0.0000,AGT-------,,,33200,,0000021013,,,TRUE,YBGFW6B87,1,054436
....................4,PEINT-DUPO,0000630,2022/05/31,1.000,0.0000,0.0000,0.0000,0.0000,0.000000,0.0000,0.0000,CIUSSS-MCQ,,,33200,,0000021002,,,TRUE,64XMTA7LE,1,054437
....................4,VAL-MAURIC,0001076,2022/05/31,1.000,0.0000,0.0000,0.0000,0.0000,0.000000,0.0000,0.0000,CIUSSS-MCQ,,,33200,,0000021002,,,TRUE,RQAWEO42C,1,054439
....................4,VAL-MAURIC,0001074,2022/05/31,1.000,0.0000,0.0000,0.0000,0.0000,0.000000,0.0000,0.0000,CIUSSS-MCQ,,,33200,,0000021002,,,TRUE,U05BKJX8X,1,054441
....................4,VITR-ASBES,0000724,2022/05/31,1.000,0.0000,0.0000,0.0000,0.0000,0.000000,0.0000,0.0000,CPE-ENTRE-,,,33200,,0000021029,,,TRUE,6ILLGV8FV,1,054603
,ISOL-TRIFL,0001070,2022/06/01,0.000,496.4300,24.8215,49.5189,496.4300,0.000000,0.0000,496.4300,CPE-ENTRE-,,,33500,25001,0000021029,,,TRUE,YU2Z63ZS4,1,054785
,ISOL-TRIFL,0000839,2022/06/01,0.000,1440.0000,72.0000,143.6400,1440.0000,0.000000,0.0000,1440.0000,CPE-ENTRE-,,,33500,15260,0000021029,,,TRUE,DYZZBC3GJ,1,054786
....................3,ISOL-TRIFL,0001070,2022/06/01,1.000,0.0000,0.0000,0.0000,0.0000,0.000000,0.0000,0.0000,CPE-ENTRE-,,,33200,,0000021029,,,TRUE,YU2Z63ZS4,1,054785
....................4,ISOL-TRIFL,0001070,2022/06/01,1.000,0.0000,0.0000,0.0000,0.0000,0.000000,0.0000,0.0000,CPE-ENTRE-,,,33200,,0000021029,,,TRUE,YU2Z63ZS4,1,054785
,REINE-COUV,0000770,2022/06/02,0.000,9509.1900,475.4595,948.5417,9509.1900,0.000000,0.0000,9509.1900,CPE-CHEZ-M,,,33500,09600,0000021030,,,TRUE,8C7YBE0FK,1,054612
,REINE-COUV,0001075,2022/06/06,0.000,4000.0000,200.0000,399.0000,4000.0000,0.000000,0.0000,4000.0000,CPE-CHEZ-M,,,33500,25001,0000021030,,,TRUE,4Q16ZD0UH,1,054611
....................3,REINE-COUV,0001075,2022/06/06,1.000,0.0000,0.0000,0.0000,0.0000,0.000000,0.0000,0.0000,CPE-CHEZ-M,,,33200,,0000021030,,,TRUE,4Q16ZD0UH,1,054611
....................4,REINE-COUV,0001075,2022/06/06,1.000,0.0000,0.0000,0.0000,0.0000,0.000000,0.0000,0.0000,CPE-CHEZ-M,,,33200,,0000021030,,,TRUE,4Q16ZD0UH,1,054611
,ASP-CONTRO,0000683,2022/06/07,0.000,13500.0000,675.0000,1346.6250,13500.0000,0.000000,0.0000,13500.0000,CIUSSS-T-R,,,33500,16000,0000021028,,,TRUE,ZIG8MJHQD,1,054678
,ASP-CONTRO,0000683,2022/06/07,0.000,9000.0000,450.0000,897.7500,9000.0000,0.000000,0.0000,9000.0000,CIUSSS-T-R,,,33500,16000,0000021028,,,TRUE,9ZHSHJ7XA,1,057706
,PEINT-DUPO,0001079,2022/06/08,0.000,14664.0000,733.2000,1462.7340,14664.0000,0.000000,0.0000,14664.0000,ARBEC-BOIS,,,33500,09910,0000022014,,,TRUE,PMI3YKUM8,1,054679
....................3,PEINT-DUPO,0001079,2022/06/08,1.000,0.0000,0.0000,0.0000,0.0000,0.000000,0.0000,0.0000,ARBEC-BOIS,,,33200,,0000022014,,,TRUE,PMI3YKUM8,1,054679
....................4,PEINT-DUPO,0001079,2022/06/08,1.000,0.0000,0.0000,0.0000,0.0000,0.000000,0.0000,0.0000,ARBEC-BOIS,,,33200,,0000022014,,,TRUE,PMI3YKUM8,1,054679
,VITR-ASBES,0001058,2022/06/13,0.000,390.0000,19.5000,38.9025,390.0000,0.000000,0.0000,390.0000,CPE-ENTRE-,,,33500,08100,0000021029,,,TRUE,IZKG21A1K,1,054680
....................3,VITR-ASBES,0001058,2022/06/13,1.000,0.0000,0.0000,0.0000,0.0000,0.000000,0.0000,0.0000,CPE-ENTRE-,,,33200,,0000021029,,,TRUE,IZKG21A1K,1,054680
....................4,VITR-ASBES,0001058,2022/06/13,1.000,0.0000,0.0000,0.0000,0.0000,0.000000,0.0000,0.0000,CPE-ENTRE-,,,33200,,0000021029,,,TRUE,IZKG21A1K,1,054680
,JEAN-CARON,0000606,2022/06/20,0.000,14458.5000,722.9250,1442.2354,14458.5000,0.000000,0.0000,14458.5000,CIUSSS-ADM,,,33500,16000,0000021022,,,TRUE,GT6XIRKQS,1,054792
,LCD-------,0001030,2022/06/20,0.000,9500.0000,475.0000,947.6250,9500.0000,0.000000,0.0000,9500.0000,CSS-ENERGI,,,33500,15900,0000022010,,,TRUE,QUP1D83W1,1,054793
....................3,LCD-------,0001030,2022/06/20,1.000,0.0000,0.0000,0.0000,0.0000,0.000000,0.0000,0.0000,CSS-ENERGI,,,33200,,0000022010,,,TRUE,QUP1D83W1,1,054793
....................4,LCD-------,0001030,2022/06/20,1.000,0.0000,0.0000,0.0000,0.0000,0.000000,0.0000,0.0000,CSS-ENERGI,,,33200,,0000022010,,,TRUE,QUP1D83W1,1,054793
,REGULVAR--,0000785,2022/06/22,0.000,2689.2000,134.4600,268.2477,2689.2000,0.000000,0.0000,2689.2000,CIUSSS-MCQ,,,33500,13800,0000021032,,,TRUE,0F2FFJ9MM,1,054833
,REGULVAR--,0000926,2022/06/22,0.000,1769.4000,88.4700,176.4977,1769.4000,0.000000,0.0000,1769.4000,CSS-CH-ROY,,,33500,15000,0000021041,,,TRUE,550BSYN20,1,054834
,REGULVAR--,0000688,2022/06/22,0.000,2969.1000,148.4550,296.1677,2969.1000,0.000000,0.0000,2969.1000,CIUSSS-T-R,,,33500,15000,0000021028,,,TRUE,VHYNJUZ4R,1,054892
,MULTI-ENER,0001113,2022/06/22,0.000,1898.0800,94.9040,189.3335,1898.0800,0.000000,0.0000,1898.0800,CIUSSS-T-R,,,33500,25001,0000021028,,,TRUE,W1N3MC011,1,055009
,MULTI-ENER,0001055,2022/06/22,0.000,8843.4500,442.1725,882.1341,8843.4500,0.000000,0.0000,8843.4500,CIUSSS-T-R,,,33500,25001,0000021028,,,TRUE,GJ74NOG5O,1,055010
....................3,MULTI-ENER,0001113,2022/06/22,1.000,0.0000,0.0000,0.0000,0.0000,0.000000,0.0000,0.0000,CIUSSS-T-R,,,33200,,0000021028,,,TRUE,W1N3MC011,1,055009
....................3,MULTI-ENER,0001055,2022/06/22,1.000,0.0000,0.0000,0.0000,0.0000,0.000000,0.0000,0.0000,CIUSSS-T-R,,,33200,,0000021028,,,TRUE,GJ74NOG5O,1,055010
....................4,MULTI-ENER,0001113,2022/06/22,1.000,0.0000,0.0000,0.0000,0.0000,0.000000,0.0000,0.0000,CIUSSS-T-R,,,33200,,0000021028,,,TRUE,W1N3MC011,1,055009
....................4,MULTI-ENER,0001055,2022/06/22,1.000,0.0000,0.0000,0.0000,0.0000,0.000000,0.0000,0.0000,CIUSSS-T-R,,,33200,,0000021028,,,TRUE,GJ74NOG5O,1,055010
,CLIMATISAT,0000764,2022/06/23,0.000,12258.0000,612.9000,1222.7355,12258.0000,0.000000,0.0000,12258.0000,CPE-CHEZ-M,,,33500,15000,0000021030,,,TRUE,76YFXR4TW,1,054731
,GOUT-PT-QC,0000700,2022/06/23,0.000,1535.4000,76.7700,153.1562,1535.4000,0.000000,0.0000,1535.4000,CIUSSS-T-R,,,33500,10000,0000021028,,,TRUE,QAF05KDJC,1,054733
,SIDE-ACOUS,0000761,2022/06/23,0.000,6800.0000,340.0000,678.3000,6800.0000,0.000000,0.0000,6800.0000,CPE-CHEZ-M,,,33500,09200,0000021030,,,TRUE,DXQM3CZTN,1,054734
,L-N-BEAUDO,0000962,2022/06/23,0.000,600.0000,30.0000,59.8500,600.0000,0.000000,0.0000,600.0000,CPE-ENTRE-,,,33500,25001,0000021029,,,TRUE,PQ636KK07,1,054783
,CLIMATISAT,0000919,2022/06/23,0.000,5017.5000,250.8750,500.4956,5017.5000,0.000000,0.0000,5017.5000,CSS-CH-ROY,,,33500,15905,0000021041,,,TRUE,1F27TQQWY,1,054787
,CLIMATISAT,0000784,2022/06/23,0.000,11052.0000,552.6000,1102.4370,11052.0000,0.000000,0.0000,11052.0000,CIUSSS-MCQ,,,33500,15000,0000021032,,,TRUE,GA6PL2AQ6,1,054788
,ENT-MAXIME,0000727,2022/06/23,0.000,1532.9000,76.6450,152.9068,1532.9000,0.000000,0.0000,1532.9000,CPE-ENTRE-,,,33500,03000,0000021029,,,TRUE,YD9CFX3PM,1,054812
,PEINT-DUPO,0000991,2022/06/23,0.000,875.0000,43.7500,87.2813,875.0000,0.000000,0.0000,875.0000,CSS-CH-ROY,,,33500,25001,0000021041,,,TRUE,FJ1F56LSF,1,054835
,PEINT-DUPO,0000920,2022/06/23,0.000,1029.0000,51.4500,102.6428,1029.0000,0.000000,0.0000,1029.0000,CSS-CH-ROY,,,33500,09900,0000021041,,,TRUE,SG18LAXPS,1,054836
,ENT-ARSENE,0000945,2022/06/23,0.000,3600.0000,180.0000,359.1000,3600.0000,0.000000,0.0000,3600.0000,LIBERE-TOI,,,33500,15100,0000022005,,,TRUE,VM99H4QCS,1,054891
,PEINT-DUPO,0001048,2022/06/23,0.000,15500.0000,775.0000,1546.1250,15500.0000,0.000000,0.0000,15500.0000,CIUSSS-T-R,,,33500,09900,0000022009,,,TRUE,HR5F1I8QH,1,054893
,PEINT-DUPO,0000695,2022/06/23,0.000,7134.0000,356.7000,711.6165,7134.0000,0.000000,0.0000,7134.0000,CIUSSS-T-R,,,33500,09910,0000021028,,,TRUE,34NYZXTCP,1,054894
,ENT-MAXIME,0000833,2022/06/23,0.000,51480.0000,2574.0000,5135.1300,51480.0000,0.000000,0.0000,51480.0000,CPE-CHEZ-M,,,33500,02300,0000021030,,,TRUE,GFL3GCC2C,1,054896
,ENT-MAXIME,0000967,2022/06/23,0.000,16800.0000,840.0000,1675.8000,16800.0000,0.000000,0.0000,16800.0000,LIBERE-TOI,,,33500,02070,0000022005,,,TRUE,176A9SQH0,1,054897
,ENT-MAXIME,0000967,2022/06/23,0.000,75031.6000,3751.5800,7484.4021,75031.6000,0.000000,0.0000,75031.6000,LIBERE-TOI,,,33500,02300,0000022005,,,TRUE,176A9SQH0,1,054897
,ENT-MAXIME,0000967,2022/06/23,0.000,25650.0000,1282.5000,2558.5875,25650.0000,0.000000,0.0000,25650.0000,LIBERE-TOI,,,33500,02500,0000022005,,,TRUE,176A9SQH0,1,054897
,QUINC-PORT,0001046,2022/06/23,0.000,2800.0000,140.0000,279.3000,2800.0000,0.000000,0.0000,2800.0000,LIBERE-TOI,,,33200,08000,0000022005,,,TRUE,EUNCC5ECO,1,054898
....................3,GOUT-PT-QC,0000700,2022/06/23,1.000,0.0000,0.0000,0.0000,0.0000,0.000000,0.0000,0.0000,CIUSSS-T-R,,,33200,,0000021028,,,TRUE,QAF05KDJC,1,054733
....................3,L-N-BEAUDO,0000962,2022/06/23,1.000,0.0000,0.0000,0.0000,0.0000,0.000000,0.0000,0.0000,CPE-ENTRE-,,,33200,,0000021029,,,TRUE,PQ636KK07,1,054783
....................3,ENT-ARSENE,0000945,2022/06/23,1.000,0.0000,0.0000,0.0000,0.0000,0.000000,0.0000,0.0000,LIBERE-TOI,,,33200,,0000022005,,,TRUE,VM99H4QCS,1,054891
....................3,PEINT-DUPO,0001048,2022/06/23,1.000,0.0000,0.0000,0.0000,0.0000,0.000000,0.0000,0.0000,CIUSSS-T-R,,,33200,,0000022009,,,TRUE,HR5F1I8QH,1,054893
....................3,QUINC-PORT,0001046,2022/06/23,1.000,0.0000,0.0000,0.0000,0.0000,0.000000,0.0000,0.0000,LIBERE-TOI,,,33200,,0000022005,,,TRUE,EUNCC5ECO,1,054898
....................4,GOUT-PT-QC,0000700,2022/06/23,1.000,0.0000,0.0000,0.0000,0.0000,0.000000,0.0000,0.0000,CIUSSS-T-R,,,33200,,0000021028,,,TRUE,QAF05KDJC,1,054733
....................4,L-N-BEAUDO,0000962,2022/06/23,1.000,0.0000,0.0000,0.0000,0.0000,0.000000,0.0000,0.0000,CPE-ENTRE-,,,33200,,0000021029,,,TRUE,PQ636KK07,1,054783
....................4,ENT-ARSENE,0000945,2022/06/23,1.000,0.0000,0.0000,0.0000,0.0000,0.000000,0.0000,0.0000,LIBERE-TOI,,,33200,,0000022005,,,TRUE,VM99H4QCS,1,054891
....................4,PEINT-DUPO,0001048,2022/06/23,1.000,0.0000,0.0000,0.0000,0.0000,0.000000,0.0000,0.0000,CIUSSS-T-R,,,33200,,0000022009,,,TRUE,HR5F1I8QH,1,054893
....................4,QUINC-PORT,0001046,2022/06/23,1.000,0.0000,0.0000,0.0000,0.0000,0.000000,0.0000,0.0000,LIBERE-TOI,,,33200,,0000022005,,,TRUE,EUNCC5ECO,1,054898
,AF-ELECTRI,0000922,2022/06/27,0.000,1120.2800,56.0140,111.7479,1120.2800,0.000000,0.0000,1120.2800,CSS-CH-ROY,,,33500,16000,0000021041,,,TRUE,I5CZO5X70,1,054837
,QUINOX----,0000778,2022/06/27,0.000,8749.1400,437.4570,872.7267,8749.1400,0.000000,0.0000,8749.1400,CPE-CHEZ-M,,,33500,09651,0000021030,,,TRUE,ZTWUYJJK8,1,054895
,EUGENE-CLO,0000685,2022/06/28,0.000,7237.5000,361.8750,721.9406,7237.5000,0.000000,0.0000,7237.5000,CIUSSS-T-R,,,33500,07000,0000021028,,,TRUE,FELYMN3EU,1,054887
,ASP-CONTRO,0000683,2022/06/28,0.000,9000.0000,450.0000,897.7500,9000.0000,0.000000,0.0000,9000.0000,CIUSSS-T-R,,,33500,16000,0000021028,,,TRUE,44J6BBOOG,1,054904
,ACIER-ATR-,0000935,2022/06/29,0.000,4500.0000,225.0000,448.8750,4500.0000,0.000000,0.0000,4500.0000,LIBERE-TOI,,,33500,03000,0000022005,,,TRUE,CFXGY6ZW6,1,054888
,CONST-RIVA,0000696,2022/06/29,0.000,4321.7700,216.0885,431.0966,4321.7700,0.000000,0.0000,4321.7700,CIUSSS-T-R,,,33500,09200,0000021028,,,TRUE,KVSXCCELV,1,054889
,CONST-RIVA,0000696,2022/06/29,0.000,3242.2700,162.1135,323.4164,3242.2700,0.000000,0.0000,3242.2700,CIUSSS-T-R,,,33500,09200,0000021028,,,TRUE,KVSXCCELV,1,054889
,D-DIONNE--,0001047,2022/06/29,0.000,12000.0000,600.0000,1197.0000,12000.0000,0.000000,0.0000,12000.0000,CIUSSS-T-R,,,33500,09330,0000022009,,,TRUE,N7PAK7H4W,1,054890
....................3,D-DIONNE--,0001047,2022/06/29,1.000,0.0000,0.0000,0.0000,0.0000,0.000000,0.0000,0.0000,CIUSSS-T-R,,,33200,,0000022009,,,TRUE,N7PAK7H4W,1,054890
....................4,D-DIONNE--,0001047,2022/06/29,1.000,0.0000,0.0000,0.0000,0.0000,0.000000,0.0000,0.0000,CIUSSS-T-R,,,33200,,0000022009,,,TRUE,N7PAK7H4W,1,054890
,CONST-RIVA,0001091,2022/06/30,0.000,610.6700,30.5335,60.9143,610.6700,0.000000,0.0000,610.6700,CPE-ENTRE-,,,33500,25001,0000021029,,,TRUE,NPYS7W5QU,1,054815
,VAL-MAURIC,0000424,2022/06/30,0.000,27000.0000,1350.0000,2693.2500,27000.0000,0.000000,0.0000,27000.0000,CIUSSS-MCQ,,,33500,16000,0000021002,,,TRUE,FGJCRR78G,1,054816
,VAL-MAURIC,0001049,2022/06/30,0.000,8214.0000,410.7000,819.3465,8214.0000,0.000000,0.0000,8214.0000,CIUSSS-MCQ,,,33500,25001,0000021002,,,TRUE,1O8H4Y511,1,054817
,REINE-COUV,0001052,2022/06/30,0.000,540.5000,27.0250,53.9149,540.5000,0.000000,0.0000,540.5000,CPE-CHEZ-M,,,33500,25001,0000021030,,,TRUE,B36XJN2OV,1,054899
,REINE-COUV,0000899,2022/06/30,0.000,-737.0500,-36.8525,-73.5207,-737.0500,0.000000,0.0000,-737.0500,CPE-CHEZ-M,,,33500,09600,0000021030,,,TRUE,CK3HDZ16Q,1,054900
,REINE-COUV,0000770,2022/06/30,0.000,8458.0300,422.9015,843.6885,8458.0300,0.000000,0.0000,8458.0300,CPE-CHEZ-M,,,33500,09600,0000021030,,,TRUE,FAOLOJNTO,1,054901
....................3,CONST-RIVA,0001091,2022/06/30,1.000,0.0000,0.0000,0.0000,0.0000,0.000000,0.0000,0.0000,CPE-ENTRE-,,,33200,,0000021029,,,TRUE,NPYS7W5QU,1,054815
....................3,VAL-MAURIC,0001049,2022/06/30,1.000,0.0000,0.0000,0.0000,0.0000,0.000000,0.0000,0.0000,CIUSSS-MCQ,,,33200,,0000021002,,,TRUE,1O8H4Y511,1,054817
....................3,REINE-COUV,0001052,2022/06/30,1.000,0.0000,0.0000,0.0000,0.0000,0.000000,0.0000,0.0000,CPE-CHEZ-M,,,33200,,0000021030,,,TRUE,B36XJN2OV,1,054899
....................3,REINE-COUV,0000899,2022/06/30,1.000,0.0000,0.0000,0.0000,0.0000,0.000000,0.0000,0.0000,CPE-CHEZ-M,,,33200,,0000021030,,,TRUE,CK3HDZ16Q,1,054900
....................4,CONST-RIVA,0001091,2022/06/30,1.000,0.0000,0.0000,0.0000,0.0000,0.000000,0.0000,0.0000,CPE-ENTRE-,,,33200,,0000021029,,,TRUE,NPYS7W5QU,1,054815
....................4,VAL-MAURIC,0001049,2022/06/30,1.000,0.0000,0.0000,0.0000,0.0000,0.000000,0.0000,0.0000,CIUSSS-MCQ,,,33200,,0000021002,,,TRUE,1O8H4Y511,1,054817
....................4,REINE-COUV,0001052,2022/06/30,1.000,0.0000,0.0000,0.0000,0.0000,0.000000,0.0000,0.0000,CPE-CHEZ-M,,,33200,,0000021030,,,TRUE,B36XJN2OV,1,054899
....................4,REINE-COUV,0000899,2022/06/30,1.000,0.0000,0.0000,0.0000,0.0000,0.000000,0.0000,0.0000,CPE-CHEZ-M,,,33200,,0000021030,,,TRUE,CK3HDZ16Q,1,054900
,ENT-MAXIME,0000284,2022/07/01,0.000,20000.0000,1000.0000,1995.0000,20000.0000,0.000000,0.0000,20000.0000,MUN-STE-AN,,,33500,03100,0000020028,,,TRUE,D18TSD9WP,1,055029
,ASP-CONTRO,0001094,2022/07/01,0.000,574.7800,28.7390,57.3343,574.7800,0.000000,0.0000,574.7800,CIUSSS-T-R,,,33500,25001,0000021028,,,TRUE,NH8BWPT99,1,055098
,LAVIGNE-EN,0001104,2022/07/01,0.000,700.0000,35.0000,69.8250,700.0000,0.000000,0.0000,700.0000,CPE-CHEZ-M,,,33500,25001,0000021030,,,TRUE,VC094LHSD,1,055103
,LAVIGNE-EN,0001104,2022/07/01,0.000,-206.0000,-10.3000,-20.5485,-206.0000,0.000000,0.0000,-206.0000,CPE-CHEZ-M,,,33500,25001,0000021030,,,TRUE,VC094LHSD,1,055103
,ISOL-TRIFL,0000783,2022/07/01,0.000,6980.0000,349.0000,696.2550,6980.0000,0.000000,0.0000,6980.0000,CIUSSS-MCQ,,,33500,15080,0000021032,,,TRUE,AHHSOYLG5,1,055126
,LAVIGNE-EN,0000762,2022/07/01,0.000,10263.2500,513.1625,1023.7592,10263.2500,0.000000,0.0000,10263.2500,CPE-CHEZ-M,,,33500,16000,0000021030,,,TRUE,EQJT2ASQR,1,055230
....................3,ASP-CONTRO,0001094,2022/07/01,1.000,0.0000,0.0000,0.0000,0.0000,0.000000,0.0000,0.0000,CIUSSS-T-R,,,33200,,0000021028,,,TRUE,NH8BWPT99,1,055098
....................3,LAVIGNE-EN,0001104,2022/07/01,1.000,0.0000,0.0000,0.0000,0.0000,0.000000,0.0000,0.0000,CPE-CHEZ-M,,,33200,,0000021030,,,TRUE,VC094LHSD,1,055103
....................4,ASP-CONTRO,0001094,2022/07/01,1.000,0.0000,0.0000,0.0000,0.0000,0.000000,0.0000,0.0000,CIUSSS-T-R,,,33200,,0000021028,,,TRUE,NH8BWPT99,1,055098
....................4,LAVIGNE-EN,0001104,2022/07/01,1.000,0.0000,0.0000,0.0000,0.0000,0.000000,0.0000,0.0000,CPE-CHEZ-M,,,33200,,0000021030,,,TRUE,VC094LHSD,1,055103
....................3,ENT-ARSENE,0001088,2022/07/06,1.000,0.0000,0.0000,0.0000,0.0000,0.000000,0.0000,0.0000,RES-L-M---,,,33200,,0000022018,,,FALSE,K3TBVZ6ND,1,
....................4,ENT-ARSENE,0001088,2022/07/06,1.000,0.0000,0.0000,0.0000,0.0000,0.000000,0.0000,0.0000,RES-L-M---,,,33200,,0000022018,,,FALSE,K3TBVZ6ND,1,
,FOCUS-----,0001010,2022/07/07,0.000,38126.4300,1906.3215,3803.1114,38126.4300,0.000000,0.0000,38126.4300,AGT-------,,,33500,10600,0000021013,,,TRUE,HF0SLJYB8,1,055007
,LCD-------,0001030,2022/07/07,0.000,12000.0000,600.0000,1197.0000,12000.0000,0.000000,0.0000,12000.0000,CSS-ENERGI,,,33500,15900,0000022010,,,TRUE,VKDIGXVJF,1,055008
,SCIAGE-ROB,0001122,2022/07/07,0.000,1350.0000,67.5000,134.6625,1350.0000,0.000000,0.0000,1350.0000,CIUSSS-ADM,,,33500,25001,0000021022,,,TRUE,J4QGYRJQ1,1,055110
....................3,SCIAGE-ROB,0001122,2022/07/07,1.000,0.0000,0.0000,0.0000,0.0000,0.000000,0.0000,0.0000,CIUSSS-ADM,,,33200,,0000021022,,,TRUE,J4QGYRJQ1,1,055110
....................4,SCIAGE-ROB,0001122,2022/07/07,1.000,0.0000,0.0000,0.0000,0.0000,0.000000,0.0000,0.0000,CIUSSS-ADM,,,33200,,0000021022,,,TRUE,J4QGYRJQ1,1,055110
,ELECT-LAUR,0000901,2022/07/11,0.000,4529.4100,226.4705,451.8086,4529.4100,0.000000,0.0000,4529.4100,CONSEIL-MA,,,33500,25001,0000020006,,,TRUE,BF02S009D,1,054958
,ELECT-LAUR,0000901,2022/07/11,0.000,-1950.0000,-97.5000,-194.5125,-1950.0000,0.000000,0.0000,-1950.0000,CONSEIL-MA,,,33500,25001,0000020006,,,TRUE,BF02S009D,1,054958
,SOUDURE---,0000954,2022/07/11,0.000,37000.0000,1850.0000,3690.7500,37000.0000,0.000000,0.0000,37000.0000,MUN-STE-AN,,,33500,05500,0000020028,,,TRUE,T7NGX6MTQ,1,055099
,COUVRE-PLA,0001064,2022/07/12,0.000,7995.0000,399.7500,797.5013,7995.0000,0.000000,0.0000,7995.0000,AGT-------,,,33500,09300,0000021013,,,TRUE,XTTW9LZ11,1,055035
....................3,COUVRE-PLA,0001064,2022/07/12,1.000,0.0000,0.0000,0.0000,0.0000,0.000000,0.0000,0.0000,AGT-------,,,33200,,0000021013,,,TRUE,XTTW9LZ11,1,055035
....................4,COUVRE-PLA,0001064,2022/07/12,1.000,0.0000,0.0000,0.0000,0.0000,0.000000,0.0000,0.0000,AGT-------,,,33200,,0000021013,,,TRUE,XTTW9LZ11,1,055035
,GOUT-PT-QC,0001100,2022/07/13,0.000,4785.0000,239.2500,477.3038,4785.0000,0.000000,0.0000,4785.0000,CPE-CHEZ-M,,,33500,05500,0000021030,,,TRUE,QNKMYK9S3,1,055100
,GOUT-PT-QC,0001100,2022/07/13,0.000,385.0000,19.2500,38.4038,385.0000,0.000000,0.0000,385.0000,CPE-CHEZ-M,,,33500,05500,0000021030,,,TRUE,QNKMYK9S3,1,055100
,GOUT-PT-QC,0001100,2022/07/13,0.000,980.0000,49.0000,97.7550,980.0000,0.000000,0.0000,980.0000,CPE-CHEZ-M,,,33500,05500,0000021030,,,TRUE,QNKMYK9S3,1,055100
,CONST-REGI,0001006,2022/07/13,0.000,82000.0000,4100.0000,8179.5000,82000.0000,0.000000,0.0000,82000.0000,LIBERE-TOI,,,33500,03000,0000022005,,,TRUE,HZSO85LIC,1,055208
....................3,GOUT-PT-QC,0001100,2022/07/13,1.000,0.0000,0.0000,0.0000,0.0000,0.000000,0.0000,0.0000,CPE-CHEZ-M,,,33200,,0000021030,,,TRUE,QNKMYK9S3,1,055100
....................4,GOUT-PT-QC,0001100,2022/07/13,1.000,0.0000,0.0000,0.0000,0.0000,0.000000,0.0000,0.0000,CPE-CHEZ-M,,,33200,,0000021030,,,TRUE,QNKMYK9S3,1,055100
,ENT-MAXIME,0000833,2022/07/14,0.000,34320.0000,1716.0000,3423.4200,34320.0000,0.000000,0.0000,34320.0000,CPE-CHEZ-M,,,33500,02300,0000021030,,,TRUE,0BSNVM9DW,1,055101
,ENT-ARSENE,0000945,2022/07/15,0.000,3600.0000,180.0000,359.1000,3600.0000,0.000000,0.0000,3600.0000,LIBERE-TOI,,,33500,15100,0000022005,,,TRUE,M72FWW5DA,1,055104
,ENT-ARSENE,0000945,2022/07/15,0.000,6300.0000,315.0000,628.4250,6300.0000,0.000000,0.0000,6300.0000,LIBERE-TOI,,,33500,15260,0000022005,,,TRUE,M72FWW5DA,1,055104
,PARMETAL--,0000930,2022/07/15,0.000,57495.0000,2874.7500,5735.1263,57495.0000,0.000000,0.0000,57495.0000,CIUSSS-ADM,,,33500,05500,0000021022,,,TRUE,ESUMKTGEN,1,055108
,PARMETAL--,0000930,2022/07/15,0.000,8900.0000,445.0000,887.7750,8900.0000,0.000000,0.0000,8900.0000,CIUSSS-ADM,,,33500,05500,0000021022,,,TRUE,ESUMKTGEN,1,055108
....................3,PARMETAL--,0000930,2022/07/15,1.000,0.0000,0.0000,0.0000,0.0000,0.000000,0.0000,0.0000,CIUSSS-ADM,,,33200,,0000021022,,,TRUE,ESUMKTGEN,1,055108
....................4,PARMETAL--,0000930,2022/07/15,1.000,0.0000,0.0000,0.0000,0.0000,0.000000,0.0000,0.0000,CIUSSS-ADM,,,33200,,0000021022,,,TRUE,ESUMKTGEN,1,055108
,ENT-MAXIME,0000967,2022/07/18,0.000,4200.0000,210.0000,418.9500,4200.0000,0.000000,0.0000,4200.0000,LIBERE-TOI,,,33500,02070,0000022005,,,TRUE,SR2Y6V2VB,1,055113
,ENT-MAXIME,0000967,2022/07/18,0.000,64312.8000,3215.6400,6415.2018,64312.8000,0.000000,0.0000,64312.8000,LIBERE-TOI,,,33500,02300,0000022005,,,TRUE,SR2Y6V2VB,1,055113
,ENT-MAXIME,0000967,2022/07/18,0.000,23085.0000,1154.2500,2302.7288,23085.0000,0.000000,0.0000,23085.0000,LIBERE-TOI,,,33500,02500,0000022005,,,TRUE,SR2Y6V2VB,1,055113
,ENT-MAXIME,0000820,2022/07/18,0.000,2202.7900,110.1395,219.7283,2202.7900,0.000000,0.0000,2202.7900,SIX-PINTS-,,,33500,02315,0000021035,,,TRUE,EBO9TG6X3,1,055125
,DESCH-FILS,0000818,2022/07/18,0.000,3993.0000,199.6500,398.3018,3993.0000,0.000000,0.0000,3993.0000,CPE-ENTRE-,,,33500,05500,0000021029,,,TRUE,1FKXHDTNM,1,055188
,CONST-REGI,0001006,2022/07/18,0.000,20500.0000,1025.0000,2044.8750,20500.0000,0.000000,0.0000,20500.0000,LIBERE-TOI,,,33500,03000,0000022005,,,TRUE,GAU4EIJZK,1,055207
,ENT-ARSENE,0001032,2022/07/18,0.000,29758.5000,1487.9250,2968.4104,29758.5000,0.000000,0.0000,29758.5000,CSS-ENERGI,,,33500,15401,0000022010,,,TRUE,Y2AV4TJDY,1,055279
,REGULVAR--,0000688,2022/07/18,0.000,2969.1000,148.4550,296.1677,2969.1000,0.000000,0.0000,2969.1000,CIUSSS-T-R,,,33500,15000,0000021028,,,TRUE,1AUQRITRR,1,055346
....................3,DESCH-FILS,0000818,2022/07/18,1.000,0.0000,0.0000,0.0000,0.0000,0.000000,0.0000,0.0000,CPE-ENTRE-,,,33200,,0000021029,,,TRUE,1FKXHDTNM,1,055188
....................3,ENT-ARSENE,0001032,2022/07/18,1.000,0.0000,0.0000,0.0000,0.0000,0.000000,0.0000,0.0000,CSS-ENERGI,,,33200,,0000022010,,,TRUE,Y2AV4TJDY,1,055279
....................4,DESCH-FILS,0000818,2022/07/18,1.000,0.0000,0.0000,0.0000,0.0000,0.000000,0.0000,0.0000,CPE-ENTRE-,,,33200,,0000021029,,,TRUE,1FKXHDTNM,1,055188
....................4,ENT-ARSENE,0001032,2022/07/18,1.000,0.0000,0.0000,0.0000,0.0000,0.000000,0.0000,0.0000,CSS-ENERGI,,,33200,,0000022010,,,TRUE,Y2AV4TJDY,1,055279
,QUINOX----,0000778,2022/07/19,0.000,5369.4600,268.4730,535.6036,5369.4600,0.000000,0.0000,5369.4600,CPE-CHEZ-M,,,33500,09651,0000021030,,,TRUE,1WB0Y1UT7,1,055102
,VAL-MAURIC,0000943,2022/07/20,0.000,12500.0000,625.0000,1246.8750,12500.0000,0.000000,0.0000,12500.0000,LIBERE-TOI,,,33500,16310,0000022005,,,TRUE,WV4SMNXAM,1,055096
,VAL-MAURIC,0000943,2022/07/20,0.000,1300.0000,65.0000,129.6750,1300.0000,0.000000,0.0000,1300.0000,LIBERE-TOI,,,33500,16700,0000022005,,,TRUE,WV4SMNXAM,1,055096
,PEINT-DUPO,0001048,2022/07/20,0.000,12000.0000,600.0000,1197.0000,12000.0000,0.000000,0.0000,12000.0000,CIUSSS-T-R,,,33500,09900,0000022009,,,TRUE,MFTHMTB2K,1,055097
,CLIMATISAT,0000764,2022/07/20,0.000,8172.0000,408.6000,815.1570,8172.0000,0.000000,0.0000,8172.0000,CPE-CHEZ-M,,,33500,15000,0000021030,,,TRUE,0DUH1KMYQ,1,055105
,CLIMATISAT,0001112,2022/07/20,0.000,1048.2400,52.4120,104.5619,1048.2400,0.000000,0.0000,1048.2400,CIUSSS-T-R,,,33500,25001,0000021028,,,TRUE,S24M5M0RH,1,055106
,GAUTHIER--,0001029,2022/07/20,0.000,24925.2500,1246.2625,2486.2937,24925.2500,0.000000,0.0000,24925.2500,CSS-ENERGI,,,33500,15001,0000022010,,,TRUE,0FW7NAV5E,1,055107
,MULTI-ENER,0000605,2022/07/20,0.000,750.0000,37.5000,74.8125,750.0000,0.000000,0.0000,750.0000,CIUSSS-ADM,,,33500,15401,0000021022,,,TRUE,F7DZPC7MW,1,055109
,ENTRE-A-M-,0000989,2022/07/20,0.000,55.0000,2.7500,5.4863,55.0000,0.000000,0.0000,55.0000,MUN-HEROUX,,,33500,00400,0000021034,,,TRUE,X892DPYGU,1,055189
,ENTRE-A-M-,0000989,2022/07/20,0.000,1219.3300,60.9665,121.6282,1219.3300,0.000000,0.0000,1219.3300,MUN-HEROUX,,,33500,25001,0000021034,,,TRUE,X892DPYGU,1,055189
,ENTRE-A-M-,0000989,2022/07/20,0.000,221.6700,11.0835,22.1116,221.6700,0.000000,0.0000,221.6700,MUN-HEROUX,,,33500,25001,0000021034,,,TRUE,X892DPYGU,1,055189
,ENTRE-A-M-,0000989,2022/07/20,0.000,495.0000,24.7500,49.3763,495.0000,0.000000,0.0000,495.0000,MUN-HEROUX,,,33500,25001,0000021034,,,TRUE,X892DPYGU,1,055189
,PEINTRES-S,0000953,2022/07/20,0.000,2644.4000,132.2200,263.7789,2644.4000,0.000000,0.0000,2644.4000,CPE-CHEZ-M,,,33500,09910,0000021030,,,TRUE,SBAKK0PI7,1,055209
....................3,CLIMATISAT,0001112,2022/07/20,1.000,0.0000,0.0000,0.0000,0.0000,0.000000,0.0000,0.0000,CIUSSS-T-R,,,33200,,0000021028,,,TRUE,S24M5M0RH,1,055106
....................3,GAUTHIER--,0001029,2022/07/20,1.000,0.0000,0.0000,0.0000,0.0000,0.000000,0.0000,0.0000,CSS-ENERGI,,,33200,,0000022010,,,TRUE,0FW7NAV5E,1,055107
....................3,MULTI-ENER,0000605,2022/07/20,1.000,0.0000,0.0000,0.0000,0.0000,0.000000,0.0000,0.0000,CIUSSS-ADM,,,33200,,0000021022,,,TRUE,F7DZPC7MW,1,055109
....................4,CLIMATISAT,0001112,2022/07/20,1.000,0.0000,0.0000,0.0000,0.0000,0.000000,0.0000,0.0000,CIUSSS-T-R,,,33200,,0000021028,,,TRUE,S24M5M0RH,1,055106
....................4,GAUTHIER--,0001029,2022/07/20,1.000,1.0000,0.0500,0.0998,1.0000,0.000000,0.0000,1.0000,CSS-ENERGI,,,33200,,0000022010,,,TRUE,0FW7NAV5E,1,055107
....................4,MULTI-ENER,0000605,2022/07/20,1.000,0.0000,0.0000,0.0000,0.0000,0.000000,0.0000,0.0000,CIUSSS-ADM,,,33200,,0000021022,,,TRUE,F7DZPC7MW,1,055109
,PEINT-DUPO,0001133,2022/07/21,0.000,110.0000,5.5000,10.9725,110.0000,0.000000,0.0000,110.0000,CPE-ENTRE-,,,33500,25001,0000021029,,,TRUE,6C0PXH7IT,1,055185
,CLIMAT-T-R,0000609,2022/07/21,0.000,15000.0000,750.0000,1496.2500,15000.0000,0.000000,0.0000,15000.0000,CIUSSS-ADM,,,33500,15001,0000021022,,,TRUE,Q1MFOIRYH,1,055221
....................3,PEINT-DUPO,0001133,2022/07/21,1.000,0.0000,0.0000,0.0000,0.0000,0.000000,0.0000,0.0000,CPE-ENTRE-,,,33200,,0000021029,,,TRUE,6C0PXH7IT,1,055185
....................4,PEINT-DUPO,0001133,2022/07/21,1.000,0.0000,0.0000,0.0000,0.0000,0.000000,0.0000,0.0000,CPE-ENTRE-,,,33200,,0000021029,,,TRUE,6C0PXH7IT,1,055185
,BRETON-PLO,0001102,2022/07/22,0.000,9796.6400,489.8320,977.2148,9796.6400,0.000000,0.0000,9796.6400,CPE-ENTRE-,,,33500,25001,0000021029,,,TRUE,JGA4RY0VR,1,055187
,DEMBEC----,0001034,2022/07/22,0.000,10305.0000,515.2500,1027.9238,10305.0000,0.000000,0.0000,10305.0000,CSS-ENERGI,,,33500,02070,0000022010,,,TRUE,L04P8DO7I,1,055222
,DEMBEC----,0001090,2022/07/22,0.000,63875.0000,3193.7500,6371.5313,63875.0000,0.000000,0.0000,63875.0000,RES-L-M---,,,33500,02220,0000022018,,,TRUE,11DUHWSZZ,1,055223
....................3,BRETON-PLO,0001102,2022/07/22,1.000,0.0000,0.0000,0.0000,0.0000,0.000000,0.0000,0.0000,CPE-ENTRE-,,,33200,,0000021029,,,TRUE,JGA4RY0VR,1,055187
....................3,DEMBEC----,0001090,2022/07/22,1.000,0.0000,0.0000,0.0000,0.0000,0.000000,0.0000,0.0000,RES-L-M---,,,33200,,0000022018,,,TRUE,11DUHWSZZ,1,055223
....................4,BRETON-PLO,0001102,2022/07/22,1.000,0.0000,0.0000,0.0000,0.0000,0.000000,0.0000,0.0000,CPE-ENTRE-,,,33200,,0000021029,,,TRUE,JGA4RY0VR,1,055187
....................4,DEMBEC----,0001090,2022/07/22,1.000,0.0000,0.0000,0.0000,0.0000,0.000000,0.0000,0.0000,RES-L-M---,,,33200,,0000022018,,,TRUE,11DUHWSZZ,1,055223
,CONST-RIVA,0001134,2022/07/25,0.000,1125.7200,56.2860,112.2906,1125.7200,0.000000,0.0000,1125.7200,CPE-ENTRE-,,,33500,25001,0000021029,,,TRUE,X83NZO80Q,1,055186
....................3,CONST-RIVA,0001134,2022/07/25,1.000,0.0000,0.0000,0.0000,0.0000,0.000000,0.0000,0.0000,CPE-ENTRE-,,,33200,,0000021029,,,TRUE,X83NZO80Q,1,055186
....................4,CONST-RIVA,0001134,2022/07/25,1.000,0.0000,0.0000,0.0000,0.0000,0.000000,0.0000,0.0000,CPE-ENTRE-,,,33200,,0000021029,,,TRUE,X83NZO80Q,1,055186
,LAVIGNE-EN,0001118,2022/07/31,0.000,250.0000,12.5000,24.9375,250.0000,0.000000,0.0000,250.0000,CPE-CHEZ-M,,,33500,25001,0000021030,,,TRUE,NU0QBWJL6,1,055344
....................3,LAVIGNE-EN,0001118,2022/07/31,1.000,0.0000,0.0000,0.0000,0.0000,0.000000,0.0000,0.0000,CPE-CHEZ-M,,,33200,,0000021030,,,TRUE,NU0QBWJL6,1,055344
....................4,LAVIGNE-EN,0001118,2022/07/31,1.000,0.0000,0.0000,0.0000,0.0000,0.000000,0.0000,0.0000,CPE-CHEZ-M,,,33200,,0000021030,,,TRUE,NU0QBWJL6,1,055344
,FORME-CONC,0000808,2022/08/01,0.000,5575.0000,278.7500,556.1063,5575.0000,0.000000,0.0000,5575.0000,CPE-CHEZ-M,,,33500,06400,0000021030,,,TRUE,4B11UY2UF,1,055394
,PEINT-DUPO,0000630,2022/08/01,0.000,6000.0000,300.0000,598.5000,6000.0000,0.000000,0.0000,6000.0000,CIUSSS-MCQ,,,33500,09910,0000021002,,,TRUE,5HZNCGBSG,1,055427
,ENT-MAXIME,0000433,2022/08/01,0.000,2200.0000,110.0000,219.4500,2200.0000,0.000000,0.0000,2200.0000,CIUSSS-MCQ,,,33500,03100,0000021002,,,TRUE,5HX28CU0I,1,055499
,VITR-ASBES,0000801,2022/08/01,0.000,9600.0000,480.0000,957.6000,9600.0000,0.000000,0.0000,9600.0000,CPE-CHEZ-M,,,33500,08000,0000021030,,,TRUE,I7MONSHFM,1,055501
,GRANITEDRC,0001114,2022/08/01,0.000,1035.7700,51.7885,103.3181,1035.7700,0.000000,0.0000,1035.7700,AGT-------,,,33200,04412,0000021013,,,TRUE,Z4E1FX0YL,1,055502
,CLIMAT-T-R,0000609,2022/08/01,0.000,15000.0000,750.0000,1496.2500,15000.0000,0.000000,0.0000,15000.0000,CIUSSS-ADM,,,33500,15001,0000021022,,,TRUE,O50K2R9NJ,1,055628
,GOUT-PT-QC,0000252,2022/08/15,0.000,1708.4500,85.4225,170.4179,1708.4500,0.000000,0.0000,1708.4500,MUN-STE-AN,,,33500,07600,0000020028,,,TRUE,V7YX9JLWD,1,055345
....................3,GOUT-PT-QC,0000252,2022/08/15,1.000,0.0000,0.0000,0.0000,0.0000,0.000000,0.0000,0.0000,MUN-STE-AN,,,33200,,0000020028,,,TRUE,V7YX9JLWD,1,055345
....................4,GOUT-PT-QC,0000252,2022/08/15,1.000,0.0000,0.0000,0.0000,0.0000,0.000000,0.0000,0.0000,MUN-STE-AN,,,33200,,0000020028,,,TRUE,V7YX9JLWD,1,055345
,PEINT-DUPO,0001033,2022/08/19,0.000,2293.0000,114.6500,228.7268,2293.0000,0.000000,0.0000,2293.0000,CSS-ENERGI,,,33500,09910,0000022010,,,TRUE,EDMC994AK,1,055318
....................3,PEINT-DUPO,0001033,2022/08/19,1.000,0.0000,0.0000,0.0000,0.0000,0.000000,0.0000,0.0000,CSS-ENERGI,,,33200,,0000022010,,,TRUE,EDMC994AK,1,055318
....................4,PEINT-DUPO,0001033,2022/08/19,1.000,0.0000,0.0000,0.0000,0.0000,0.000000,0.0000,0.0000,CSS-ENERGI,,,33200,,0000022010,,,TRUE,EDMC994AK,1,055318
,GAUTHIER--,0001029,2022/08/22,0.000,59820.6000,2991.0300,5967.1049,59820.6000,0.000000,0.0000,59820.6000,CSS-ENERGI,,,33500,15001,0000022010,,,TRUE,7CB5LUN4X,1,055296
,ENT-MAXIME,0000687,2022/08/22,0.000,4995.0000,249.7500,498.2513,4995.0000,0.000000,0.0000,4995.0000,CIUSSS-T-R,,,33500,10000,0000021028,,,TRUE,BD2D9R0TT,1,055387
,JEAN-CARON,0001028,2022/08/22,0.000,7972.2000,398.6100,795.2270,7972.2000,0.000000,0.0000,7972.2000,CSS-ENERGI,,,33500,16000,0000022010,,,TRUE,UHC0HYRFP,1,055420
....................3,JEAN-CARON,0001028,2022/08/22,1.000,0.0000,0.0000,0.0000,0.0000,0.000000,0.0000,0.0000,CSS-ENERGI,,,33200,,0000022010,,,TRUE,UHC0HYRFP,1,055420
....................4,JEAN-CARON,0001028,2022/08/22,1.000,0.0000,0.0000,0.0000,0.0000,0.000000,0.0000,0.0000,CSS-ENERGI,,,33200,,0000022010,,,TRUE,UHC0HYRFP,1,055420
,ENT-ARSENE,0000945,2022/08/23,0.000,1350.0000,67.5000,134.6625,1350.0000,0.000000,0.0000,1350.0000,LIBERE-TOI,,,33500,15100,0000022005,,,TRUE,98DXTCCGT,1,055389
,ENT-ARSENE,0000945,2022/08/23,0.000,9000.0000,450.0000,897.7500,9000.0000,0.000000,0.0000,9000.0000,LIBERE-TOI,,,33500,15460,0000022005,,,TRUE,98DXTCCGT,1,055389
,LCD-------,0001030,2022/08/23,0.000,15000.0000,750.0000,1496.2500,15000.0000,0.000000,0.0000,15000.0000,CSS-ENERGI,,,33500,15900,0000022010,,,TRUE,2MI5LWYIY,1,055421
,ENT-ARSENE,0001032,2022/08/23,0.000,30285.3600,1514.2680,3020.9647,30285.3600,0.000000,0.0000,30285.3600,CSS-ENERGI,,,33500,15401,0000022010,,,TRUE,VUDGJ4U9Q,1,055424
,AF-ELECTRI,0001022,2022/08/23,0.000,1253.3300,62.6665,125.0197,1253.3300,0.000000,0.0000,1253.3300,CSS-CH-ROY,,,33500,25001,0000021041,,,TRUE,6O3ANH4CO,1,055428
,REGULVAR--,0000604,2022/08/23,0.000,3375.0000,168.7500,336.6563,3375.0000,0.000000,0.0000,3375.0000,CIUSSS-ADM,,,33500,13800,0000021022,,,TRUE,ZU3PUSCAW,1,055431
....................3,AF-ELECTRI,0001022,2022/08/23,1.000,0.0000,0.0000,0.0000,0.0000,0.000000,0.0000,0.0000,CSS-CH-ROY,,,33200,,0000021041,,,TRUE,6O3ANH4CO,1,055428
....................4,AF-ELECTRI,0001022,2022/08/23,1.000,0.0000,0.0000,0.0000,0.0000,0.000000,0.0000,0.0000,CSS-CH-ROY,,,33200,,0000021041,,,TRUE,6O3ANH4CO,1,055428
,VAL-MAURIC,0000248,2022/08/24,0.000,8235.0000,411.7500,821.4413,8235.0000,0.000000,0.0000,8235.0000,MUN-STE-AN,,,33500,16000,0000020028,,,TRUE,79LY6S3GS,1,055388
,PEINT-DUPO,0001048,2022/08/24,0.000,3939.0000,196.9500,392.9153,3939.0000,0.000000,0.0000,3939.0000,CIUSSS-T-R,,,33500,09900,0000022009,,,TRUE,MNXVNZLI3,1,055391
,PEINT-DUPO,0001117,2022/08/24,0.000,1200.0000,60.0000,119.7000,1200.0000,0.000000,0.0000,1200.0000,CIUSSS-T-R,,,33500,25001,0000022009,,,TRUE,JD3KTKOFC,1,055392
,PEINT-DUPO,0001117,2022/08/24,0.000,1245.0000,62.2500,124.1888,1245.0000,0.000000,0.0000,1245.0000,CIUSSS-T-R,,,33500,25001,0000022009,,,TRUE,JD3KTKOFC,1,055392
,MULTI-ENER,0001119,2022/08/24,0.000,1070.7300,53.5365,106.8053,1070.7300,0.000000,0.0000,1070.7300,CIUSSS-ADM,,,33500,25001,0000021022,,,TRUE,VO4X7T8IV,1,055422
....................3,VAL-MAURIC,0000248,2022/08/24,1.000,0.0000,0.0000,0.0000,0.0000,0.000000,0.0000,0.0000,MUN-STE-AN,,,33200,,0000020028,,,TRUE,79LY6S3GS,1,055388
....................3,MULTI-ENER,0001119,2022/08/24,1.000,0.0000,0.0000,0.0000,0.0000,0.000000,0.0000,0.0000,CIUSSS-ADM,,,33200,,0000021022,,,TRUE,VO4X7T8IV,1,055422
....................4,VAL-MAURIC,0000248,2022/08/24,1.000,0.0000,0.0000,0.0000,0.0000,0.000000,0.0000,0.0000,MUN-STE-AN,,,33200,,0000020028,,,TRUE,79LY6S3GS,1,055388
....................4,MULTI-ENER,0001119,2022/08/24,1.000,0.0000,0.0000,0.0000,0.0000,0.000000,0.0000,0.0000,CIUSSS-ADM,,,33200,,0000021022,,,TRUE,VO4X7T8IV,1,055422
,REGULVAR--,0001050,2022/08/25,0.000,39.2400,1.9620,3.9142,39.2400,0.000000,0.0000,39.2400,CIUSSS-ADM,,,33500,25001,0000021026,,,TRUE,X003HLE7P,1,055354
,REGULVAR--,0001011,2022/08/25,0.000,3319.7100,165.9855,331.1411,3319.7100,0.000000,0.0000,3319.7100,CIUSSS-ADM,,,33500,25001,0000021026,,,TRUE,4UFL96IGY,1,055355
,QUINOX----,0000778,2022/08/25,0.000,512.0500,25.6025,51.0770,512.0500,0.000000,0.0000,512.0500,CPE-CHEZ-M,,,33500,09651,0000021030,,,TRUE,KRHE6IHA9,1,055386
,SOLIDER---,0000951,2022/08/25,0.000,386000.0000,19300.0000,38503.5000,386000.0000,0.000000,0.0000,386000.0000,LIBERE-TOI,,,33500,05120,0000022005,,,TRUE,WMQNFE2PL,1,055390
,CLIMATISAT,0000919,2022/08/25,0.000,5575.0000,278.7500,556.1063,5575.0000,0.000000,0.0000,5575.0000,CSS-CH-ROY,,,33500,15905,0000021041,,,TRUE,S5MQMOJGY,1,055425
,VITR-ASBES,0001099,2022/08/25,0.000,313.2400,15.6620,31.2457,313.2400,0.000000,0.0000,313.2400,CIUSSS-T-R,,,33500,08000,0000021028,,,TRUE,YBGN9A7M7,1,055500
....................3,REGULVAR--,0001011,2022/08/25,1.000,0.0000,0.0000,0.0000,0.0000,0.000000,0.0000,0.0000,CIUSSS-ADM,,,33200,,0000021026,,,TRUE,4UFL96IGY,1,055355
....................3,VITR-ASBES,0001099,2022/08/25,1.000,0.0000,0.0000,0.0000,0.0000,0.000000,0.0000,0.0000,CIUSSS-T-R,,,33200,,0000021028,,,TRUE,YBGN9A7M7,1,055500
....................4,REGULVAR--,0001011,2022/08/25,1.000,0.0000,0.0000,0.0000,0.0000,0.000000,0.0000,0.0000,CIUSSS-ADM,,,33200,,0000021026,,,TRUE,4UFL96IGY,1,055355
....................4,VITR-ASBES,0001099,2022/08/25,1.000,0.0000,0.0000,0.0000,0.0000,0.000000,0.0000,0.0000,CIUSSS-T-R,,,33200,,0000021028,,,TRUE,YBGN9A7M7,1,055500
,SOUDURE---,0001083,2022/08/26,0.000,3000.0000,150.0000,299.2500,3000.0000,0.000000,0.0000,3000.0000,CIUSSS-T-R,,,33500,25001,0000021028,,,TRUE,98X7TLYHG,1,055393
,ADAPTATION,0000247,2022/08/26,0.000,43700.0000,2185.0000,4359.0750,43700.0000,0.000000,0.0000,43700.0000,MUN-STE-AN,,,33500,14200,0000020028,,,TRUE,KYX5FJP6P,1,055557
,ADAPTATION,0000247,2022/08/26,0.000,5300.0000,265.0000,528.6750,5300.0000,0.000000,0.0000,5300.0000,MUN-STE-AN,,,33500,14200,0000020028,,,TRUE,KYX5FJP6P,1,055557
....................3,SOUDURE---,0001083,2022/08/26,1.000,0.0000,0.0000,0.0000,0.0000,0.000000,0.0000,0.0000,CIUSSS-T-R,,,33200,,0000021028,,,TRUE,98X7TLYHG,1,055393
....................3,ADAPTATION,0000247,2022/08/26,1.000,0.0000,0.0000,0.0000,0.0000,0.000000,0.0000,0.0000,MUN-STE-AN,,,33200,,0000020028,,,TRUE,KYX5FJP6P,1,055557
....................4,SOUDURE---,0001083,2022/08/26,1.000,0.0000,0.0000,0.0000,0.0000,0.000000,0.0000,0.0000,CIUSSS-T-R,,,33200,,0000021028,,,TRUE,98X7TLYHG,1,055393
....................4,ADAPTATION,0000247,2022/08/26,1.000,0.0000,0.0000,0.0000,0.0000,0.000000,0.0000,0.0000,MUN-STE-AN,,,33200,,0000020028,,,TRUE,KYX5FJP6P,1,055557
,DEMBEC----,0001090,2022/08/28,0.000,18250.0000,912.5000,1820.4375,18250.0000,0.000000,0.0000,18250.0000,RES-L-M---,,,33500,02220,0000022018,,,TRUE,FD7NRM0XH,1,055423
,ROGER-BELL,0000603,2022/08/29,0.000,34500.0000,1725.0000,3441.3750,34500.0000,0.000000,0.0000,34500.0000,CIUSSS-ADM,,,33500,07330,0000021022,,,TRUE,1DCP5BLNN,1,055593
....................3,ROGER-BELL,0000603,2022/08/29,1.000,0.0000,0.0000,0.0000,0.0000,0.000000,0.0000,0.0000,CIUSSS-ADM,,,33200,,0000021022,,,TRUE,1DCP5BLNN,1,055593
....................4,ROGER-BELL,0000603,2022/08/29,1.000,0.0000,0.0000,0.0000,0.0000,0.000000,0.0000,0.0000,CIUSSS-ADM,,,33200,,0000021022,,,TRUE,1DCP5BLNN,1,055593
,ACIER-ATR-,0000935,2022/08/30,0.000,12600.0000,630.0000,1256.8500,12600.0000,0.000000,0.0000,12600.0000,LIBERE-TOI,,,33500,03000,0000022005,,,TRUE,48UNXPXWG,1,055477
,PEINT-DUPO,0001151,2022/08/31,0.000,-2720.0000,-136.0000,-271.3200,-2720.0000,0.000000,0.0000,-2720.0000,CIUSSS-MCQ,,,33500,25001,0000021002,,,TRUE,59K7N0ELH,1,055426
,VITR-ASBES,0001084,2022/08/31,0.000,2900.0000,145.0000,289.2750,2900.0000,0.000000,0.0000,2900.0000,AGT-------,,,33500,08500,0000021013,,,TRUE,48JTKA8EK,1,055476
,F-DAIGLE--,0001123,2022/08/31,0.000,2846.0000,142.3000,283.8885,2846.0000,0.000000,0.0000,2846.0000,9149-7818-,,,33200,08000,0000019040,,,TRUE,XFCL9DFQ2,1,055478
,F-DAIGLE--,0001123,2022/08/31,0.000,175.0000,8.7500,17.4563,175.0000,0.000000,0.0000,175.0000,9149-7818-,,,33200,08000,0000019040,,,TRUE,XFCL9DFQ2,1,055478
,DRAINASOL-,0001137,2022/08/31,0.000,10456.4000,522.8200,1043.0259,10456.4000,0.000000,0.0000,10456.4000,MERCIER-TG,,,33500,02620,0000021039,,,TRUE,D06U2UU13,1,055544
,REGULVAR--,0000926,2022/08/31,0.000,1966.0000,98.3000,196.1085,1966.0000,0.000000,0.0000,1966.0000,CSS-CH-ROY,,,33500,15000,0000021041,,,TRUE,SOU8CM942,1,055630
....................3,PEINT-DUPO,0001151,2022/08/31,1.000,0.0000,0.0000,0.0000,0.0000,0.000000,0.0000,0.0000,CIUSSS-MCQ,,,33200,,0000021002,,,TRUE,59K7N0ELH,1,055426
....................3,VITR-ASBES,0001084,2022/08/31,1.000,0.0000,0.0000,0.0000,0.0000,0.000000,0.0000,0.0000,AGT-------,,,33200,,0000021013,,,TRUE,48JTKA8EK,1,055476
....................3,F-DAIGLE--,0001123,2022/08/31,1.000,0.0000,0.0000,0.0000,0.0000,0.000000,0.0000,0.0000,9149-7818-,,,33200,,0000019040,,,TRUE,XFCL9DFQ2,1,055478
....................3,DRAINASOL-,0001137,2022/08/31,1.000,0.0000,0.0000,0.0000,0.0000,0.000000,0.0000,0.0000,MERCIER-TG,,,33200,,0000021039,,,TRUE,D06U2UU13,1,055544
....................3,EXCAVATION,0001116,2022/08/31,1.000,0.0000,0.0000,0.0000,0.0000,0.000000,0.0000,0.0000,MERCIER-TG,,,33200,,0000021039,,,FALSE,FVQQ91TOQ,1,
....................4,PEINT-DUPO,0001151,2022/08/31,1.000,0.0000,0.0000,0.0000,0.0000,0.000000,0.0000,0.0000,CIUSSS-MCQ,,,33200,,0000021002,,,TRUE,59K7N0ELH,1,055426
....................4,VITR-ASBES,0001084,2022/08/31,1.000,0.0000,0.0000,0.0000,0.0000,0.000000,0.0000,0.0000,AGT-------,,,33200,,0000021013,,,TRUE,48JTKA8EK,1,055476
....................4,F-DAIGLE--,0001123,2022/08/31,1.000,0.0000,0.0000,0.0000,0.0000,0.000000,0.0000,0.0000,9149-7818-,,,33200,,0000019040,,,TRUE,XFCL9DFQ2,1,055478
....................4,DRAINASOL-,0001137,2022/08/31,1.000,0.0000,0.0000,0.0000,0.0000,0.000000,0.0000,0.0000,MERCIER-TG,,,33200,,0000021039,,,TRUE,D06U2UU13,1,055544
....................4,EXCAVATION,0001116,2022/08/31,1.000,0.0000,0.0000,0.0000,0.0000,0.000000,0.0000,0.0000,MERCIER-TG,,,33200,,0000021039,,,FALSE,FVQQ91TOQ,1,
,ENT-ARSENE,0000643,2022/09/01,0.000,10650.0000,532.5000,1062.3375,10650.0000,0.000000,0.0000,10650.0000,CIUSSS-ADM,,,33500,15401,0000021026,,,TRUE,RNGKHJBRZ,1,055435
,ENT-ARSENE,0000805,2022/09/01,0.000,149.4300,7.4715,14.9056,149.4300,0.000000,0.0000,149.4300,CIUSSS-ADM,,,33500,25001,0000021026,,,TRUE,TNJYTNBHS,1,055436
,DIPSO-----,0000966,2022/09/01,0.000,74625.0000,3731.2500,7443.8438,74625.0000,0.000000,0.0000,74625.0000,LIBERE-TOI,,,33200,03400,0000022005,,,TRUE,DQMZNUI1Q,1,055543
,VICTOIRE--,0000998,2022/09/01,0.000,7204.1700,360.2085,718.6160,7204.1700,0.000000,0.0000,7204.1700,CPE-ENTRE-,,,33500,08330,0000021029,,,TRUE,SYOFCT0XO,1,055722
,ENT-MAXIME,0001101,2022/09/01,0.000,2135.0000,106.7500,212.9663,2135.0000,0.000000,0.0000,2135.0000,CIUSSS-T-R,,,33500,25001,0000021028,,,TRUE,CEMFVNQDJ,1,055887
....................3,VICTOIRE--,0000998,2022/09/01,1.000,0.0000,0.0000,0.0000,0.0000,0.000000,0.0000,0.0000,CPE-ENTRE-,,,33200,,0000021029,,,TRUE,SYOFCT0XO,1,055722
....................3,ENT-MAXIME,0001101,2022/09/01,1.000,0.0000,0.0000,0.0000,0.0000,0.000000,0.0000,0.0000,CIUSSS-T-R,,,33200,,0000021028,,,TRUE,CEMFVNQDJ,1,055887
....................4,VICTOIRE--,0000998,2022/09/01,1.000,0.0000,0.0000,0.0000,0.0000,0.000000,0.0000,0.0000,CPE-ENTRE-,,,33200,,0000021029,,,TRUE,SYOFCT0XO,1,055722
....................4,ENT-MAXIME,0001101,2022/09/01,1.000,0.0000,0.0000,0.0000,0.0000,0.000000,0.0000,0.0000,CIUSSS-T-R,,,33200,,0000021028,,,TRUE,CEMFVNQDJ,1,055887
,CUISICO---,0001149,2022/09/07,0.000,9040.1500,452.0075,901.7550,9040.1500,0.000000,0.0000,9040.1500,SIX-PINTS-,,,33500,06400,0000022027,,,TRUE,R6IF54U2A,1,055498
,GRANITEDRC,0001114,2022/09/08,0.000,2317.6300,115.8815,231.1836,2317.6300,0.000000,0.0000,2317.6300,AGT-------,,,33200,04412,0000021013,,,TRUE,4O6BDR6GU,1,055503
,GRANITEDRC,0001114,2022/09/08,0.000,616.2000,30.8100,61.4660,616.2000,0.000000,0.0000,616.2000,AGT-------,,,33200,04412,0000021013,,,TRUE,4O6BDR6GU,1,055503
,ENTRE-A-M-,0001131,2022/09/08,0.000,1868.3200,93.4160,186.3649,1868.3200,0.000000,0.0000,1868.3200,AGT-------,,,33200,08000,0000021013,,,TRUE,M2Y2O5B25,1,055719
,ENTRE-A-M-,0001131,2022/09/08,0.000,349.9900,17.4995,34.9115,349.9900,0.000000,0.0000,349.9900,AGT-------,,,33200,08000,0000021013,,,TRUE,M2Y2O5B25,1,055719
....................3,GRANITEDRC,0001114,2022/09/08,1.000,0.0000,0.0000,0.0000,0.0000,0.000000,0.0000,0.0000,AGT-------,,,33200,,0000021013,,,TRUE,4O6BDR6GU,1,055503
....................3,ENTRE-A-M-,0001131,2022/09/08,1.000,0.0000,0.0000,0.0000,0.0000,0.000000,0.0000,0.0000,AGT-------,,,33200,,0000021013,,,TRUE,M2Y2O5B25,1,055719
....................4,GRANITEDRC,0001114,2022/09/08,1.000,0.0000,0.0000,0.0000,0.0000,0.000000,0.0000,0.0000,AGT-------,,,33200,,0000021013,,,TRUE,4O6BDR6GU,1,055503
....................4,ENTRE-A-M-,0001131,2022/09/08,1.000,0.0000,0.0000,0.0000,0.0000,0.000000,0.0000,0.0000,AGT-------,,,33200,,0000021013,,,TRUE,M2Y2O5B25,1,055719
,CIMENT-BER,0001148,2022/09/09,0.000,9600.0000,480.0000,957.6000,9600.0000,0.000000,0.0000,9600.0000,LIBERE-TOI,,,33500,03000,0000022005,,,TRUE,EQ41F2CXG,1,055571
,CIMENT-BER,0001148,2022/09/09,0.000,2400.0000,120.0000,239.4000,2400.0000,0.000000,0.0000,2400.0000,LIBERE-TOI,,,33500,03000,0000022005,,,TRUE,EQ41F2CXG,1,055571
....................3,CIMENT-BER,0001148,2022/09/09,1.000,0.0000,0.0000,0.0000,0.0000,0.000000,0.0000,0.0000,LIBERE-TOI,,,33200,,0000022005,,,TRUE,EQ41F2CXG,1,055571
....................4,CIMENT-BER,0001148,2022/09/09,1.000,0.0000,0.0000,0.0000,0.0000,0.000000,0.0000,0.0000,LIBERE-TOI,,,33200,,0000022005,,,TRUE,EQ41F2CXG,1,055571
,GRANITEDRC,0001114,2022/09/12,0.000,600.0000,30.0000,59.8500,600.0000,0.000000,0.0000,600.0000,AGT-------,,,33200,04412,0000021013,,,TRUE,2A4KLQLUU,1,055540
,D-DIONNE--,0001047,2022/09/12,0.000,6125.0000,306.2500,610.9688,6125.0000,0.000000,0.0000,6125.0000,CIUSSS-T-R,,,33500,09330,0000022009,,,TRUE,95XZDM36C,1,055570
,VICTOIRE--,0000998,2022/09/13,0.000,1317.0000,65.8500,131.3708,1317.0000,0.000000,0.0000,1317.0000,CPE-ENTRE-,,,33500,08330,0000021029,,,TRUE,CN35M5HJL,1,055723
,BARETTE-ST,0000990,2022/09/15,0.000,62700.0000,3135.0000,6254.3250,62700.0000,0.000000,0.0000,62700.0000,LIBERE-TOI,,,33200,06110,0000022005,,,TRUE,XTYPY7JYK,1,055766
,BARETTE-ST,0000990,2022/09/15,0.000,9312.9500,465.6475,928.9668,9312.9500,0.000000,0.0000,9312.9500,LIBERE-TOI,,,33200,06110,0000022005,,,TRUE,XTYPY7JYK,1,055766
,BARETTE-ST,0000990,2022/09/15,0.000,200.0000,10.0000,19.9500,200.0000,0.000000,0.0000,200.0000,LIBERE-TOI,,,33200,06110,0000022005,,,TRUE,H2N01MHC5,1,055770
....................3,BARETTE-ST,0000990,2022/09/15,1.000,0.0000,0.0000,0.0000,0.0000,0.000000,0.0000,0.0000,LIBERE-TOI,,,33200,,0000022005,,,TRUE,XTYPY7JYK,1,055766
....................4,BARETTE-ST,0000990,2022/09/15,1.000,0.0000,0.0000,0.0000,0.0000,0.000000,0.0000,0.0000,LIBERE-TOI,,,33200,,0000022005,,,TRUE,XTYPY7JYK,1,055766
,TECH-ALARM,0001130,2022/09/16,0.000,740.1000,37.0050,73.8250,740.1000,0.000000,0.0000,740.1000,CPE-ENTRE-,,,33500,25001,0000021029,,,TRUE,8JJL7Y6CI,1,055721
,COFF-BIONI,0001108,2022/09/16,0.000,58128.0200,2906.4010,5798.2700,58128.0200,0.000000,0.0000,58128.0200,MERCIER-TG,,,33500,03000,0000021039,,,TRUE,K7X2OMJTU,1,055767
,SEVIGNY-EP,0001155,2022/09/16,0.000,1380.0000,69.0000,137.6550,1380.0000,0.000000,0.0000,1380.0000,CIUSSS-T-R,,,33500,09300,0000021028,,,TRUE,HY8GGSLYR,1,055768
....................3,TECH-ALARM,0001130,2022/09/16,1.000,0.0000,0.0000,0.0000,0.0000,0.000000,0.0000,0.0000,CPE-ENTRE-,,,33200,,0000021029,,,TRUE,8JJL7Y6CI,1,055721
....................3,COFF-BIONI,0001108,2022/09/16,1.000,0.0000,0.0000,0.0000,0.0000,0.000000,0.0000,0.0000,MERCIER-TG,,,33200,,0000021039,,,TRUE,K7X2OMJTU,1,055767
....................3,SEVIGNY-EP,0001155,2022/09/16,1.000,0.0000,0.0000,0.0000,0.0000,0.000000,0.0000,0.0000,CIUSSS-T-R,,,33200,,0000021028,,,TRUE,HY8GGSLYR,1,055768
....................4,TECH-ALARM,0001130,2022/09/16,1.000,0.0000,0.0000,0.0000,0.0000,0.000000,0.0000,0.0000,CPE-ENTRE-,,,33200,,0000021029,,,TRUE,8JJL7Y6CI,1,055721
....................4,COFF-BIONI,0001108,2022/09/16,1.000,0.0000,0.0000,0.0000,0.0000,0.000000,0.0000,0.0000,MERCIER-TG,,,33200,,0000021039,,,TRUE,K7X2OMJTU,1,055767
....................4,SEVIGNY-EP,0001155,2022/09/16,1.000,0.0000,0.0000,0.0000,0.0000,0.000000,0.0000,0.0000,CIUSSS-T-R,,,33200,,0000021028,,,TRUE,HY8GGSLYR,1,055768
,FORME-CONC,0001065,2022/09/21,0.000,26824.0000,1341.2000,2675.6940,26824.0000,0.000000,0.0000,26824.0000,AGT-------,,,33500,06400,0000021013,,,TRUE,BS7LDQRT8,1,055718
,FOCUS-----,0001136,2022/09/21,0.000,57.9200,2.8960,5.7775,57.9200,0.000000,0.0000,57.9200,AGT-------,,,33500,06400,0000021013,,,TRUE,JN1RRNCX2,1,055720
,JEAN-CARON,0000606,2022/09/21,0.000,4131.0000,206.5500,412.0673,4131.0000,0.000000,0.0000,4131.0000,CIUSSS-ADM,,,33500,16000,0000021022,,,TRUE,23VMPLMXB,1,055724
,JEAN-CARON,0001028,2022/09/21,0.000,5313.6000,265.6800,530.0316,5313.6000,0.000000,0.0000,5313.6000,CSS-ENERGI,,,33500,16000,0000022010,,,TRUE,6MUTWJ5HP,1,055725
,LCD-------,0001030,2022/09/21,0.000,4000.0000,200.0000,399.0000,4000.0000,0.000000,0.0000,4000.0000,CSS-ENERGI,,,33500,15900,0000022010,,,TRUE,U6QF86912,1,055726
....................3,FORME-CONC,0001065,2022/09/21,1.000,0.0000,0.0000,0.0000,0.0000,0.000000,0.0000,0.0000,AGT-------,,,33200,,0000021013,,,TRUE,BS7LDQRT8,1,055718
....................3,FOCUS-----,0001136,2022/09/21,1.000,0.0000,0.0000,0.0000,0.0000,0.000000,0.0000,0.0000,AGT-------,,,33200,,0000021013,,,TRUE,JN1RRNCX2,1,055720
....................4,FORME-CONC,0001065,2022/09/21,1.000,0.0000,0.0000,0.0000,0.0000,0.000000,0.0000,0.0000,AGT-------,,,33200,,0000021013,,,TRUE,BS7LDQRT8,1,055718
....................4,FOCUS-----,0001136,2022/09/21,1.000,0.0000,0.0000,0.0000,0.0000,0.000000,0.0000,0.0000,AGT-------,,,33200,,0000021013,,,TRUE,JN1RRNCX2,1,055720
,ACIER-ATR-,0001107,2022/09/27,0.000,48600.0000,2430.0000,4847.8500,48600.0000,0.000000,0.0000,48600.0000,MERCIER-TG,,,33500,03000,0000021039,,,TRUE,BA4U6DDNL,1,055769
,CAP-ISOLAT,0001078,2022/09/30,0.000,1330.0000,66.5000,132.6675,1330.0000,0.000000,0.0000,1330.0000,CIUSSS-ADM,,,33500,25001,0000021026,,,TRUE,0QL652XPS,1,055856
,DRAINASOL-,0001137,2022/09/30,0.000,7023.6000,351.1800,700.6041,7023.6000,0.000000,0.0000,7023.6000,MERCIER-TG,,,33500,02620,0000021039,,,TRUE,VOAKD970B,1,055858
,ISOL-FLAMC,0001031,2022/09/30,0.000,2350.0000,117.5000,234.4125,2350.0000,0.000000,0.0000,2350.0000,CSS-ENERGI,,,33500,15080,0000022010,,,TRUE,RCE5V3HYC,1,055882
....................3,CAP-ISOLAT,0001078,2022/09/30,1.000,0.0000,0.0000,0.0000,0.0000,0.000000,0.0000,0.0000,CIUSSS-ADM,,,33200,,0000021026,,,TRUE,0QL652XPS,1,055856
....................3,ISOL-FLAMC,0001031,2022/09/30,1.000,0.0000,0.0000,0.0000,0.0000,0.000000,0.0000,0.0000,CSS-ENERGI,,,33200,,0000022010,,,TRUE,RCE5V3HYC,1,055882
....................4,CAP-ISOLAT,0001078,2022/09/30,1.000,0.0000,0.0000,0.0000,0.0000,0.000000,0.0000,0.0000,CIUSSS-ADM,,,33200,,0000021026,,,TRUE,0QL652XPS,1,055856
....................4,ISOL-FLAMC,0001031,2022/09/30,1.000,0.0000,0.0000,0.0000,0.0000,0.000000,0.0000,0.0000,CSS-ENERGI,,,33200,,0000022010,,,TRUE,RCE5V3HYC,1,055882
,ENT-ARSENE,0001032,2022/10/01,0.000,7639.9200,381.9960,762.0820,7639.9200,0.000000,0.0000,7639.9200,CSS-ENERGI,,,33500,15401,0000022010,,,TRUE,5W6JQL64L,1,055987
,ENT-MAXIME,0001141,2022/10/01,0.000,17606.8000,880.3400,1756.2783,17606.8000,0.000000,0.0000,17606.8000,CIUSSS-T-R,,,33500,25001,0000021028,,,TRUE,ATVIC9XTM,1,056064
,CLIMAT-T-R,0000609,2022/10/01,0.000,12000.0000,600.0000,1197.0000,12000.0000,0.000000,0.0000,12000.0000,CIUSSS-ADM,,,33500,15001,0000021022,,,TRUE,BPCWA4JJU,1,056138
,DIPSO-----,0000966,2022/10/01,0.000,179100.0000,8955.0000,17865.2250,179100.0000,0.000000,0.0000,179100.0000,LIBERE-TOI,,,33200,03400,0000022005,,,TRUE,8J03901QZ,1,056260
....................3,ENT-MAXIME,0001141,2022/10/01,1.000,0.0000,0.0000,0.0000,0.0000,0.000000,0.0000,0.0000,CIUSSS-T-R,,,33200,,0000021028,,,TRUE,ATVIC9XTM,1,056064
....................4,ENT-MAXIME,0001141,2022/10/01,1.000,0.0000,0.0000,0.0000,0.0000,0.000000,0.0000,0.0000,CIUSSS-T-R,,,33200,,0000021028,,,TRUE,ATVIC9XTM,1,056064
,COUVRE-PLA,0001161,2022/10/08,0.000,3192.4600,159.6230,318.4479,3192.4600,0.000000,0.0000,3192.4600,CIUSSS-T-R,,,33500,25001,0000022009,,,TRUE,7ILSD6KGX,1,055855
....................3,COUVRE-PLA,0001161,2022/10/08,1.000,0.0000,0.0000,0.0000,0.0000,0.000000,0.0000,0.0000,CIUSSS-T-R,,,33200,,0000022009,,,TRUE,7ILSD6KGX,1,055855
....................4,COUVRE-PLA,0001161,2022/10/08,1.000,0.0000,0.0000,0.0000,0.0000,0.000000,0.0000,0.0000,CIUSSS-T-R,,,33200,,0000022009,,,TRUE,7ILSD6KGX,1,055855
,BOULAY----,0000965,2022/10/20,0.000,5702.0000,285.1000,568.7745,5702.0000,0.000000,0.0000,5702.0000,LIBERE-TOI,,,33500,06400,0000022005,,,TRUE,1DIJEU9O2,1,055958
....................3,BOULAY----,0000965,2022/10/20,1.000,0.0000,0.0000,0.0000,0.0000,0.000000,0.0000,0.0000,LIBERE-TOI,,,33200,,0000022005,,,TRUE,1DIJEU9O2,1,055958
....................4,BOULAY----,0000965,2022/10/20,1.000,0.0000,0.0000,0.0000,0.0000,0.000000,0.0000,0.0000,LIBERE-TOI,,,33200,,0000022005,,,TRUE,1DIJEU9O2,1,055958
,REGULVAR--,0001062,2022/10/24,0.000,825.4600,41.2730,82.3396,825.4600,0.000000,0.0000,825.4600,CIUSSS-ADM,,,33500,25001,0000021022,,,TRUE,KXMR1F5K9,1,056057
....................3,REGULVAR--,0001062,2022/10/24,1.000,0.0000,0.0000,0.0000,0.0000,0.000000,0.0000,0.0000,CIUSSS-ADM,,,33200,,0000021022,,,TRUE,KXMR1F5K9,1,056057
....................4,REGULVAR--,0001062,2022/10/24,1.000,0.0000,0.0000,0.0000,0.0000,0.000000,0.0000,0.0000,CIUSSS-ADM,,,33200,,0000021022,,,TRUE,KXMR1F5K9,1,056057
,CLIMAT-T-R,0001153,2022/10/25,0.000,6729.4500,336.4725,671.2626,6729.4500,0.000000,0.0000,6729.4500,CIUSSS-ADM,,,33500,25001,0000021022,,,TRUE,QVQKLGJRA,1,056136
,CLIMAT-T-R,0000609,2022/10/25,0.000,12000.0000,600.0000,1197.0000,12000.0000,0.000000,0.0000,12000.0000,CIUSSS-ADM,,,33500,15001,0000021022,,,TRUE,HVUFRX0X3,1,056137
,ENT-ARSENE,0001032,2022/10/25,0.000,7163.9500,358.1975,714.6040,7163.9500,0.000000,0.0000,7163.9500,CSS-ENERGI,,,33500,15401,0000022010,,,TRUE,C9BWVDDGG,1,056312
,AUBIN-PELL,0001109,2022/10/25,0.000,66995.0000,3349.7500,6682.7513,66995.0000,0.000000,0.0000,66995.0000,MERCIER-TG,,,33500,15000,0000021039,,,TRUE,I8X4L6KN0,1,056781
....................3,CLIMAT-T-R,0001153,2022/10/25,1.000,0.0000,0.0000,0.0000,0.0000,0.000000,0.0000,0.0000,CIUSSS-ADM,,,33200,,0000021022,,,TRUE,QVQKLGJRA,1,056136
....................4,CLIMAT-T-R,0001153,2022/10/25,1.000,0.0000,0.0000,0.0000,0.0000,0.000000,0.0000,0.0000,CIUSSS-ADM,,,33200,,0000021022,,,TRUE,QVQKLGJRA,1,056136
,CLIMATISAT,0000784,2022/10/26,0.000,3070.0000,153.5000,306.2325,3070.0000,0.000000,0.0000,3070.0000,CIUSSS-MCQ,,,33500,15000,0000021032,,,TRUE,3EFSXIHFM,1,056000
,CLIMATISAT,0000764,2022/10/26,0.000,11350.0000,567.5000,1132.1625,11350.0000,0.000000,0.0000,11350.0000,CPE-CHEZ-M,,,33500,15000,0000021030,,,TRUE,BGBUJ8IW3,1,056022
,REGULVAR--,0000604,2022/10/26,0.000,6750.0000,337.5000,673.3125,6750.0000,0.000000,0.0000,6750.0000,CIUSSS-ADM,,,33500,13800,0000021022,,,TRUE,7U4FZETV3,1,056058
,LCD-------,0001030,2022/10/26,0.000,2000.0000,100.0000,199.5000,2000.0000,0.000000,0.0000,2000.0000,CSS-ENERGI,,,33500,15900,0000022010,,,TRUE,8P66MIP7X,1,056059
,JEAN-CARON,0000606,2022/10/26,0.000,2065.5000,103.2750,206.0336,2065.5000,0.000000,0.0000,2065.5000,CIUSSS-ADM,,,33500,16000,0000021022,,,TRUE,LIUAFR2JA,1,056060
,ACIER-ATR-,0000935,2022/10/28,0.000,14283.0000,714.1500,1424.7293,14283.0000,0.000000,0.0000,14283.0000,LIBERE-TOI,,,33500,03000,0000022005,,,TRUE,F3YV4FK4W,1,056116
,ARMECO----,0001156,2022/10/31,0.000,3085.0000,154.2500,307.7288,3085.0000,0.000000,0.0000,3085.0000,LIBERE-TOI,,,33200,10000,0000022005,,,TRUE,LFOBZ8W3K,1,056117
,GROUPE-CAN,0000886,2022/11/01,0.000,228600.0000,11430.0000,22802.8500,228600.0000,0.000000,0.0000,228600.0000,MERCIER-TG,,,33500,05500,0000021039,,,TRUE,OVUS8FREA,1,056425
,CLOT-N-S--,0000982,2022/11/01,0.000,16500.0000,825.0000,1645.8750,16500.0000,0.000000,0.0000,16500.0000,CPE-CHEZ-M,,,33500,02300,0000021030,,,TRUE,40AJFVG1C,1,056428
,CLOT-N-S--,0000982,2022/11/01,0.000,2360.0000,118.0000,235.4100,2360.0000,0.000000,0.0000,2360.0000,CPE-CHEZ-M,,,33500,25001,0000021030,,,TRUE,40AJFVG1C,1,056428
,SIDE-ACOUS,0001128,2022/11/01,0.000,22000.0000,1100.0000,2194.5000,22000.0000,0.000000,0.0000,22000.0000,MERCIER-TG,,,33500,09000,0000021039,,,TRUE,Y4CIX2JDJ,1,056513
,ISOL-FLAMC,0001031,2022/11/01,0.000,5875.0000,293.7500,586.0313,5875.0000,0.000000,0.0000,5875.0000,CSS-ENERGI,,,33500,15080,0000022010,,,TRUE,ILZKZC39O,1,056569
....................3,CLOT-N-S--,0000982,2022/11/01,1.000,0.0000,0.0000,0.0000,0.0000,0.000000,0.0000,0.0000,CPE-CHEZ-M,,,33200,,0000021030,,,TRUE,40AJFVG1C,1,056428
....................4,CLOT-N-S--,0000982,2022/11/01,1.000,0.0000,0.0000,0.0000,0.0000,0.000000,0.0000,0.0000,CPE-CHEZ-M,,,33200,,0000021030,,,TRUE,40AJFVG1C,1,056428
,ROGER-BELL,0001138,2022/11/15,0.000,178110.0000,8905.5000,17766.4725,178110.0000,0.000000,0.0000,178110.0000,MERCIER-TG,,,33500,07330,0000021039,,,TRUE,1WTMWK7LM,1,056328
....................3,ROGER-BELL,0001138,2022/11/15,1.000,0.0000,0.0000,0.0000,0.0000,0.000000,0.0000,0.0000,MERCIER-TG,,,33200,,0000021039,,,TRUE,1WTMWK7LM,1,056328
....................4,ROGER-BELL,0001138,2022/11/15,1.000,0.0000,0.0000,0.0000,0.0000,0.000000,0.0000,0.0000,MERCIER-TG,,,33200,,0000021039,,,TRUE,1WTMWK7LM,1,056328
,MULTI-ENER,0000605,2022/11/22,0.000,6750.0000,337.5000,673.3125,6750.0000,0.000000,0.0000,6750.0000,CIUSSS-ADM,,,33500,15401,0000021022,,,TRUE,QVCWI1LLF,1,056344
,MULTI-ENER,0000692,2022/11/22,0.000,2000.0000,100.0000,199.5000,2000.0000,0.000000,0.0000,2000.0000,CIUSSS-T-R,,,33500,15401,0000021028,,,TRUE,Z621S377O,1,056352
,MULTI-ENER,0000888,2022/11/22,0.000,1604.2500,80.2125,160.0239,1604.2500,0.000000,0.0000,1604.2500,CIUSSS-T-R,,,33500,25001,0000021028,,,TRUE,8HQP2P74V,1,056353
....................3,MULTI-ENER,0000888,2022/11/22,1.000,0.0000,0.0000,0.0000,0.0000,0.000000,0.0000,0.0000,CIUSSS-T-R,,,33200,,0000021028,,,TRUE,8HQP2P74V,1,056353
....................4,MULTI-ENER,0000888,2022/11/22,1.000,0.0000,0.0000,0.0000,0.0000,0.000000,0.0000,0.0000,CIUSSS-T-R,,,33200,,0000021028,,,TRUE,8HQP2P74V,1,056353
,VAL-MAURIC,0000943,2022/11/24,0.000,10000.0000,500.0000,997.5000,10000.0000,0.000000,0.0000,10000.0000,LIBERE-TOI,,,33500,16310,0000022005,,,TRUE,YPLX7F4LB,1,056421
,CLIMATISAT,0000946,2022/11/25,0.000,16335.0000,816.7500,1629.4163,16335.0000,0.000000,0.0000,16335.0000,LIBERE-TOI,,,33500,15700,0000022005,,,TRUE,PP7XPMUIY,1,056546
,REGULVAR--,0000785,2022/11/28,0.000,298.8000,14.9400,29.8053,298.8000,0.000000,0.0000,298.8000,CIUSSS-MCQ,,,33500,13800,0000021032,,,TRUE,9O7R60WT3,1,056400
,REGULVAR--,0000987,2022/11/28,0.000,333.7500,16.6875,33.2916,333.7500,0.000000,0.0000,333.7500,CIUSSS-MCQ,,,33500,25001,0000021032,,,TRUE,E6IMI24W9,1,056401
,GROUPE-CAN,0000886,2022/11/29,0.000,203200.0000,10160.0000,20269.2000,203200.0000,0.000000,0.0000,203200.0000,MERCIER-TG,,,33500,05500,0000021039,,,TRUE,6L8FLDMXV,1,056411
,GROUPE-CAN,0000886,2022/11/29,0.000,228600.0000,11430.0000,22802.8500,228600.0000,0.000000,0.0000,228600.0000,MERCIER-TG,,,33500,05500,0000021039,,,TRUE,I8LG1MX0I,1,056412
,JEAN-CARON,0000606,2022/11/29,0.000,1938.6000,96.9300,193.3754,1938.6000,0.000000,0.0000,1938.6000,CIUSSS-ADM,,,33500,16000,0000021022,,,TRUE,DY50RVJTB,1,056456
,JEAN-CARON,0001028,2022/11/29,0.000,5314.9500,265.7475,530.1663,5314.9500,0.000000,0.0000,5314.9500,CSS-ENERGI,,,33500,16000,0000022010,,,TRUE,VBXFN8FVT,1,056457
,ACIER-ATR-,0001107,2022/11/29,0.000,70785.0000,3539.2500,7060.8038,70785.0000,0.000000,0.0000,70785.0000,MERCIER-TG,,,33500,03000,0000021039,,,TRUE,ESO8MHX1Y,1,056544
....................3,ACIER-ATR-,0001107,2022/11/29,1.000,0.0000,0.0000,0.0000,0.0000,0.000000,0.0000,0.0000,MERCIER-TG,,,33200,,0000021039,,,TRUE,ESO8MHX1Y,1,056544
....................4,ACIER-ATR-,0001107,2022/11/29,1.000,0.0000,0.0000,0.0000,0.0000,0.000000,0.0000,0.0000,MERCIER-TG,,,33200,,0000021039,,,TRUE,ESO8MHX1Y,1,056544
,SIDE-ACOUS,0001128,2022/11/30,0.000,5190.0000,259.5000,517.7025,5190.0000,0.000000,0.0000,5190.0000,MERCIER-TG,,,33500,09000,0000021039,,,TRUE,JBF31HPN5,1,056502
,SIDE-ACOUS,0000942,2022/11/30,0.000,95000.0000,4750.0000,9476.2500,95000.0000,0.000000,0.0000,95000.0000,LIBERE-TOI,,,33500,09200,0000022005,,,TRUE,H363UZZV3,1,056503
,MILETTE-G-,0000984,2022/11/30,0.000,65592.7900,3279.6395,6542.8808,65592.7900,0.000000,0.0000,65592.7900,LIBERE-TOI,,,33200,08500,0000022005,,,TRUE,BELGR0L9T,1,056504
....................3,SIDE-ACOUS,0001128,2022/11/30,1.000,0.0000,0.0000,0.0000,0.0000,0.000000,0.0000,0.0000,MERCIER-TG,,,33200,,0000021039,,,TRUE,JBF31HPN5,1,056502
....................3,SIDE-ACOUS,0000942,2022/11/30,1.000,0.0000,0.0000,0.0000,0.0000,0.000000,0.0000,0.0000,LIBERE-TOI,,,33200,,0000022005,,,TRUE,H363UZZV3,1,056503
....................4,SIDE-ACOUS,0001128,2022/11/30,1.000,0.0000,0.0000,0.0000,0.0000,0.000000,0.0000,0.0000,MERCIER-TG,,,33200,,0000021039,,,TRUE,JBF31HPN5,1,056502
....................4,SIDE-ACOUS,0000942,2022/11/30,1.000,0.0000,0.0000,0.0000,0.0000,0.000000,0.0000,0.0000,LIBERE-TOI,,,33200,,0000022005,,,TRUE,H363UZZV3,1,056503
,CAP-ISOLAT,0000646,2022/12/01,0.000,1530.0000,76.5000,152.6175,1530.0000,0.000000,0.0000,1530.0000,CIUSSS-ADM,,,33500,15000,0000021026,,,TRUE,2SSWOPXH7,1,056648
,CAP-ISOLAT,0000646,2022/12/01,0.000,4240.0000,212.0000,422.9400,4240.0000,0.000000,0.0000,4240.0000,CIUSSS-ADM,,,33500,15000,0000021026,,,TRUE,SU7NTUZR5,1,056649
,ISOL-FLAMC,0001031,2022/12/01,0.000,9400.0000,470.0000,937.6500,9400.0000,0.000000,0.0000,9400.0000,CSS-ENERGI,,,33500,15080,0000022010,,,TRUE,8TDAOOQEC,1,056705
,COMETAL---,0001167,2022/12/08,0.000,2285.0000,114.2500,227.9288,2285.0000,0.000000,0.0000,2285.0000,MERCIER-TG,,,33200,10000,0000021039,,,TRUE,LJXVEY5ID,1,056641
....................3,COMETAL---,0001167,2022/12/08,1.000,0.0000,0.0000,0.0000,0.0000,0.000000,0.0000,0.0000,MERCIER-TG,,,33200,,0000021039,,,TRUE,LJXVEY5ID,1,056641
....................4,COMETAL---,0001167,2022/12/08,1.000,0.0000,0.0000,0.0000,0.0000,0.000000,0.0000,0.0000,MERCIER-TG,,,33200,,0000021039,,,TRUE,LJXVEY5ID,1,056641
,BARETTE-ST,0000990,2022/12/13,0.000,72212.9500,3610.6475,7203.2418,72212.9500,0.000000,0.0000,72212.9500,LIBERE-TOI,,,33200,06110,0000022005,,,TRUE,ZT54EFBR1,1,056640
,GAUTHIER--,0001029,2022/12/15,0.000,14954.1500,747.7075,1491.6765,14954.1500,0.000000,0.0000,14954.1500,CSS-ENERGI,,,33500,15001,0000022010,,,TRUE,EUUL2L03J,1,056706
,GAUTHIER--,0001171,2022/12/15,0.000,1500.0000,75.0000,149.6250,1500.0000,0.000000,0.0000,1500.0000,CSS-ENERGI,,,33500,25001,0000022010,,,TRUE,Q55X1DY40,1,056707
,GAUTHIER--,0001182,2022/12/15,0.000,7500.0000,375.0000,748.1250,7500.0000,0.000000,0.0000,7500.0000,CSS-ENERGI,,,33500,25001,0000022010,,,TRUE,BAZSG6EPN,1,056708
....................3,GAUTHIER--,0001171,2022/12/15,1.000,0.0000,0.0000,0.0000,0.0000,0.000000,0.0000,0.0000,CSS-ENERGI,,,33200,,0000022010,,,TRUE,Q55X1DY40,1,056707
....................4,GAUTHIER--,0001171,2022/12/15,1.000,0.0000,0.0000,0.0000,0.0000,0.000000,0.0000,0.0000,CSS-ENERGI,,,33200,,0000022010,,,TRUE,Q55X1DY40,1,056707
.................0002,GAUTHIER--,0001182,2022/12/15,1.000,0.0000,0.0000,0.0000,0.0000,0.000000,0.0000,0.0000,CSS-ENERGI,,,33200,,0000022010,,,TRUE,BAZSG6EPN,1,056708
,VITR-ASBES,0001174,2022/12/16,0.000,15043.2000,752.1600,1500.5592,15043.2000,0.000000,0.0000,15043.2000,KONGSBERG-,,,33500,08000,0000022031,,,TRUE,Q3WESVUGU,1,056676
....................3,VITR-ASBES,0001174,2022/12/16,1.000,0.0000,0.0000,0.0000,0.0000,0.000000,0.0000,0.0000,KONGSBERG-,,,33200,,0000022031,,,TRUE,Q3WESVUGU,1,056676
....................4,VITR-ASBES,0001174,2022/12/16,1.000,0.0000,0.0000,0.0000,0.0000,0.000000,0.0000,0.0000,KONGSBERG-,,,33200,,0000022031,,,TRUE,Q3WESVUGU,1,056676
,REGULVAR--,0000604,2022/12/19,0.000,3375.0000,168.7500,336.6563,3375.0000,0.000000,0.0000,3375.0000,CIUSSS-ADM,,,33500,13800,0000021022,,,TRUE,T6887XW0S,1,056736
,JEAN-CARON,0001028,2022/12/19,0.000,31887.4500,1594.3725,3180.7731,31887.4500,0.000000,0.0000,31887.4500,CSS-ENERGI,,,33500,16000,0000022010,,,TRUE,49SZJPL5N,1,056738
,VAL-MAURIC,0000943,2022/12/19,0.000,35000.0000,1750.0000,3491.2500,35000.0000,0.000000,0.0000,35000.0000,LIBERE-TOI,,,33500,16310,0000022005,,,TRUE,7N89V4XT9,1,056779
....................3,VAL-MAURIC,0000943,2022/12/19,1.000,0.0000,0.0000,0.0000,0.0000,0.000000,0.0000,0.0000,LIBERE-TOI,,,33200,,0000022005,,,TRUE,7N89V4XT9,1,056779
....................4,VAL-MAURIC,0000943,2022/12/19,1.000,0.0000,0.0000,0.0000,0.0000,0.000000,0.0000,0.0000,LIBERE-TOI,,,33200,,0000022005,,,TRUE,7N89V4XT9,1,056779
,ENT-ARSENE,0001032,2022/12/21,0.000,11256.2100,562.8105,1122.8069,11256.2100,0.000000,0.0000,11256.2100,CSS-ENERGI,,,33500,15401,0000022010,,,TRUE,CGHIZE15S,1,056843
,ENT-ARSENE,0001170,2022/12/21,0.000,1964.7400,98.2370,195.9828,1964.7400,0.000000,0.0000,1964.7400,CSS-ENERGI,,,33500,25001,0000022010,,,TRUE,JDFL59MNB,1,056844
....................3,ENT-ARSENE,0001170,2022/12/21,1.000,0.0000,0.0000,0.0000,0.0000,0.000000,0.0000,0.0000,CSS-ENERGI,,,33200,,0000022010,,,TRUE,JDFL59MNB,1,056844
....................4,ENT-ARSENE,0001170,2022/12/21,1.000,0.0000,0.0000,0.0000,0.0000,0.000000,0.0000,0.0000,CSS-ENERGI,,,33200,,0000022010,,,TRUE,JDFL59MNB,1,056844
,SIDE-ACOUS,0000942,2022/12/22,0.000,78800.0000,3940.0000,7860.3000,78800.0000,0.000000,0.0000,78800.0000,LIBERE-TOI,,,33500,09200,0000022005,,,TRUE,LPJYOT7BM,1,056737
,BARETTE-ST,0000990,2022/12/22,0.000,549.4300,27.4715,54.8056,549.4300,0.000000,0.0000,549.4300,LIBERE-TOI,,,33200,06110,0000022005,,,TRUE,9N1L4634D,1,056739
,BARETTE-ST,0000990,2022/12/22,0.000,391.1500,19.5575,39.0172,391.1500,0.000000,0.0000,391.1500,LIBERE-TOI,,,33200,06110,0000022005,,,TRUE,MKMK1Y5MK,1,056740
,AUBIN-PELL,0001109,2022/12/22,0.000,37565.0000,1878.2500,3747.1088,37565.0000,0.000000,0.0000,37565.0000,MERCIER-TG,,,33500,15000,0000021039,,,TRUE,IHE3NGP3Q,1,056780
,CIMENTIER-,0001124,2022/12/22,0.000,30000.0000,1500.0000,2992.5000,30000.0000,0.000000,0.0000,30000.0000,MERCIER-TG,,,33500,03000,0000021039,,,TRUE,GA8U6QF9R,1,056782
,CIMENTIER-,0001124,2022/12/22,0.000,3500.0000,175.0000,349.1250,3500.0000,0.000000,0.0000,3500.0000,MERCIER-TG,,,33500,03000,0000021039,,,TRUE,GA8U6QF9R,1,056782
....................3,CIMENTIER-,0001124,2022/12/22,1.000,0.0000,0.0000,0.0000,0.0000,0.000000,0.0000,0.0000,MERCIER-TG,,,33200,,0000021039,,,TRUE,GA8U6QF9R,1,056782
....................4,CIMENTIER-,0001124,2022/12/22,1.000,0.0000,0.0000,0.0000,0.0000,0.000000,0.0000,0.0000,MERCIER-TG,,,33200,,0000021039,,,TRUE,GA8U6QF9R,1,056782
,ISOL-FLAMC,0000602,2022/12/31,0.000,8457.5000,422.8750,843.6356,8457.5000,0.000000,0.0000,8457.5000,CIUSSS-ADM,,,33500,15080,0000021022,,,TRUE,L30YK8BQL,1,056838
....................3,ISOL-FLAMC,0000602,2022/12/31,1.000,0.0000,0.0000,0.0000,0.0000,0.000000,0.0000,0.0000,CIUSSS-ADM,,,33200,,0000021022,,,TRUE,L30YK8BQL,1,056838
....................4,ISOL-FLAMC,0000602,2022/12/31,1.000,0.0000,0.0000,0.0000,0.0000,0.000000,0.0000,0.0000,CIUSSS-ADM,,,33200,,0000021022,,,TRUE,L30YK8BQL,1,056838
,ARMECO----,0001156,2023/01/17,0.000,6605.0000,330.2500,658.8488,6605.0000,0.000000,0.0000,6605.0000,LIBERE-TOI,,,33200,10000,0000022005,,,TRUE,ZNQWWVT32,1,056881
....................3,ARMECO----,0001156,2023/01/17,1.000,0.0000,0.0000,0.0000,0.0000,0.000000,0.0000,0.0000,LIBERE-TOI,,,33200,,0000022005,,,TRUE,ZNQWWVT32,1,056881
....................4,ARMECO----,0001156,2023/01/17,1.000,0.0000,0.0000,0.0000,0.0000,0.000000,0.0000,0.0000,LIBERE-TOI,,,33200,,0000022005,,,TRUE,ZNQWWVT32,1,056881
,ASP-CONTRO,0001105,2023/01/18,0.000,4186.3000,209.3150,417.5834,4186.3000,0.000000,0.0000,4186.3000,CPE-ENTRE-,,,33500,25001,0000021029,,,TRUE,P9L152MEZ,1,056940
,ASP-CONTRO,0001105,2023/01/18,0.000,3746.4400,187.3220,373.7074,3746.4400,0.000000,0.0000,3746.4400,CPE-ENTRE-,,,33500,25001,0000021029,,,TRUE,AAJ4QP07F,1,056941
....................3,ASP-CONTRO,0001105,2023/01/18,1.000,0.0000,0.0000,0.0000,0.0000,0.000000,0.0000,0.0000,CPE-ENTRE-,,,33200,,0000021029,,,TRUE,P9L152MEZ,1,056940
....................4,ASP-CONTRO,0001105,2023/01/18,1.000,0.0000,0.0000,0.0000,0.0000,0.000000,0.0000,0.0000,CPE-ENTRE-,,,33200,,0000021029,,,TRUE,P9L152MEZ,1,056940
,ENT-ARSENE,0000945,2023/01/23,0.000,13500.0000,675.0000,1346.6250,13500.0000,0.000000,0.0000,13500.0000,LIBERE-TOI,,,33500,15100,0000022005,,,TRUE,7FZA8QQ84,1,057173
,TRIGO-----,0001192,2023/01/24,0.000,25000.0000,1250.0000,2493.7500,25000.0000,0.000000,0.0000,25000.0000,MERCIER-TG,,,33500,25001,0000021039,,,TRUE,MYQRDS0YE,1,056882
,COMETAL---,0001167,2023/01/24,0.000,1320.0000,66.0000,131.6700,1320.0000,0.000000,0.0000,1320.0000,MERCIER-TG,,,33200,10000,0000021039,,,TRUE,NT8Z81Q1N,1,056883
,GROUPE-CAN,0001019,2023/01/24,0.000,1246.0000,62.3000,124.2885,1246.0000,0.000000,0.0000,1246.0000,MERCIER-TG,,,33500,25001,0000021039,,,TRUE,7WPTIZTKO,1,056885
,QUINC-PORT,0001046,2023/01/24,0.000,32000.0000,1600.0000,3192.0000,32000.0000,0.000000,0.0000,32000.0000,LIBERE-TOI,,,33200,08000,0000022005,,,TRUE,4BGNF45K9,1,056973
,QUINC-PORT,0001046,2023/01/24,0.000,10400.0000,520.0000,1037.4000,10400.0000,0.000000,0.0000,10400.0000,LIBERE-TOI,,,33200,08000,0000022005,,,TRUE,BQ7SECFPA,1,056978
,VAL-MAURIC,0000943,2023/01/24,0.000,58750.0000,2937.5000,5860.3125,58750.0000,0.000000,0.0000,58750.0000,LIBERE-TOI,,,33500,16310,0000022005,,,TRUE,TKYS7RGPW,1,056979
,LCD-------,0001030,2023/01/24,0.000,2800.0000,140.0000,279.3000,2800.0000,0.000000,0.0000,2800.0000,CSS-ENERGI,,,33500,15900,0000022010,,,TRUE,UPWK3D2AU,1,057128
,LCD-------,0001181,2023/01/24,0.000,6100.0000,305.0000,608.4750,6100.0000,0.000000,0.0000,6100.0000,CSS-ENERGI,,,33500,25001,0000022010,,,TRUE,H9U5ICDHE,1,057129
....................3,GROUPE-CAN,0001019,2023/01/24,1.000,0.0000,0.0000,0.0000,0.0000,0.000000,0.0000,0.0000,MERCIER-TG,,,33200,,0000021039,,,TRUE,7WPTIZTKO,1,056885
....................4,GROUPE-CAN,0001019,2023/01/24,1.000,0.0000,0.0000,0.0000,0.0000,0.000000,0.0000,0.0000,MERCIER-TG,,,33200,,0000021039,,,TRUE,7WPTIZTKO,1,056885
.................0002,LCD-------,0001181,2023/01/24,1.000,0.0000,0.0000,0.0000,0.0000,0.000000,0.0000,0.0000,CSS-ENERGI,,,33200,,0000022010,,,TRUE,H9U5ICDHE,1,057129
,JEAN-CARON,0000606,2023/01/25,0.000,1314.9000,65.7450,131.1613,1314.9000,0.000000,0.0000,1314.9000,CIUSSS-ADM,,,33500,16000,0000021022,,,TRUE,4J4MW2RPZ,1,056913
,JEAN-CARON,0000606,2023/01/25,0.000,1336.5000,66.8250,133.3159,1336.5000,0.000000,0.0000,1336.5000,CIUSSS-ADM,,,33500,16000,0000021022,,,TRUE,DQQXGLKEP,1,056914
,JEAN-CARON,0001164,2023/01/25,0.000,2922.0000,146.1000,291.4695,2922.0000,0.000000,0.0000,2922.0000,CIUSSS-ADM,,,33500,25001,0000021022,,,TRUE,OY6MPQDUV,1,056915
,AUBIN-PELL,0001109,2023/01/25,0.000,29430.0000,1471.5000,2935.6425,29430.0000,0.000000,0.0000,29430.0000,MERCIER-TG,,,33500,15000,0000021039,,,TRUE,H2WHFFDJ0,1,056965
,CLIMATISAT,0001015,2023/01/25,0.000,376.0000,18.8000,37.5060,376.0000,0.000000,0.0000,376.0000,CIUSSS-T-R,,,33500,25001,0000021028,,,TRUE,RGU2NDNSM,1,057084
,CLIMATISAT,0001082,2023/01/25,0.000,7090.4700,354.5235,707.2744,7090.4700,0.000000,0.0000,7090.4700,CIUSSS-T-R,,,33500,25001,0000021028,,,TRUE,LD0Z5TQDU,1,057085
,CLIMATISAT,0001017,2023/01/25,0.000,156.3500,7.8175,15.5959,156.3500,0.000000,0.0000,156.3500,CIUSSS-T-R,,,33500,25001,0000021028,,,TRUE,QKOVZZ7YA,1,057086
,CLIMATISAT,0001017,2023/01/25,0.000,146.9200,7.3460,14.6553,146.9200,0.000000,0.0000,146.9200,CIUSSS-T-R,,,33500,25001,0000021028,,,TRUE,QKOVZZ7YA,1,057086
,CLIMATISAT,0000691,2023/01/25,0.000,32573.7500,1628.6875,3249.2316,32573.7500,0.000000,0.0000,32573.7500,CIUSSS-T-R,,,33500,15000,0000021028,,,TRUE,QO8TNRHHY,1,057088
....................3,JEAN-CARON,0001164,2023/01/25,1.000,0.0000,0.0000,0.0000,0.0000,0.000000,0.0000,0.0000,CIUSSS-ADM,,,33200,,0000021022,,,TRUE,OY6MPQDUV,1,056915
....................3,CLIMATISAT,0001015,2023/01/25,1.000,0.0000,0.0000,0.0000,0.0000,0.000000,0.0000,0.0000,CIUSSS-T-R,,,33200,,0000021028,,,TRUE,RGU2NDNSM,1,057084
....................3,CLIMATISAT,0001082,2023/01/25,1.000,0.0000,0.0000,0.0000,0.0000,0.000000,0.0000,0.0000,CIUSSS-T-R,,,33200,,0000021028,,,TRUE,LD0Z5TQDU,1,057085
....................3,CLIMATISAT,0001017,2023/01/25,1.000,0.0000,0.0000,0.0000,0.0000,0.000000,0.0000,0.0000,CIUSSS-T-R,,,33200,,0000021028,,,TRUE,QKOVZZ7YA,1,057086
....................4,JEAN-CARON,0001164,2023/01/25,1.000,0.0000,0.0000,0.0000,0.0000,0.000000,0.0000,0.0000,CIUSSS-ADM,,,33200,,0000021022,,,TRUE,OY6MPQDUV,1,056915
....................4,CLIMATISAT,0001015,2023/01/25,1.000,0.0000,0.0000,0.0000,0.0000,0.000000,0.0000,0.0000,CIUSSS-T-R,,,33200,,0000021028,,,TRUE,RGU2NDNSM,1,057084
....................4,CLIMATISAT,0001082,2023/01/25,1.000,0.0000,0.0000,0.0000,0.0000,0.000000,0.0000,0.0000,CIUSSS-T-R,,,33200,,0000021028,,,TRUE,LD0Z5TQDU,1,057085
....................4,CLIMATISAT,0001017,2023/01/25,1.000,0.0000,0.0000,0.0000,0.0000,0.000000,0.0000,0.0000,CIUSSS-T-R,,,33200,,0000021028,,,TRUE,QKOVZZ7YA,1,057086
,ACIER-ATR-,0000760,2023/01/30,0.000,7800.0000,390.0000,778.0500,7800.0000,0.000000,0.0000,7800.0000,CPE-CHEZ-M,,,33500,03000,0000021030,,,TRUE,K60AQ7UYF,1,057003
,ACIER-ATR-,0000760,2023/01/30,0.000,540.0000,27.0000,53.8650,540.0000,0.000000,0.0000,540.0000,CPE-CHEZ-M,,,33500,03000,0000021030,,,TRUE,K2ZB18M6O,1,057004
,ISOL-FLAMC,0001031,2023/01/31,0.000,4700.0000,235.0000,468.8250,4700.0000,0.000000,0.0000,4700.0000,CSS-ENERGI,,,33500,15080,0000022010,,,TRUE,FRTMF1CKX,1,057116
,MILETTE-G-,0000984,2023/02/02,0.000,41150.4000,2057.5200,4104.7524,41150.4000,0.000000,0.0000,41150.4000,LIBERE-TOI,,,33200,08500,0000022005,,,TRUE,Z6FCNP5K1,1,057529
,MILETTE-G-,0000984,2023/02/08,0.000,41150.4000,2057.5200,4104.7524,41150.4000,0.000000,0.0000,41150.4000,LIBERE-TOI,,,33200,08500,0000022005,,,TRUE,2CA9Y7LLA,1,057078
....................3,MILETTE-G-,0000984,2023/02/08,1.000,0.0000,0.0000,0.0000,0.0000,0.000000,0.0000,0.0000,LIBERE-TOI,,,33200,,0000022005,,,TRUE,2CA9Y7LLA,1,057078
....................4,MILETTE-G-,0000984,2023/02/08,1.000,0.0000,0.0000,0.0000,0.0000,0.000000,0.0000,0.0000,LIBERE-TOI,,,33200,,0000022005,,,TRUE,2CA9Y7LLA,1,057078
,GROUPE-SAN,0001157,2023/02/14,0.000,19235.0000,961.7500,1918.6913,19235.0000,0.000000,0.0000,19235.0000,LIBERE-TOI,,,33200,10000,0000022005,,,TRUE,X8PK2GNWN,1,057113
,REINE-COUV,0000937,2023/02/14,0.000,138829.8300,6941.4915,13848.2755,138829.8300,0.000000,0.0000,138829.8300,LIBERE-TOI,,,33500,09600,0000022005,,,TRUE,YT0YGIULB,1,057115
,JPR-------,0001009,2023/02/14,0.000,5845.0000,292.2500,583.0388,5845.0000,0.000000,0.0000,5845.0000,MERCIER-TG,,,33500,08000,0000021039,,,TRUE,3HS125V7F,1,057171
....................3,GROUPE-SAN,0001157,2023/02/14,1.000,0.0000,0.0000,0.0000,0.0000,0.000000,0.0000,0.0000,LIBERE-TOI,,,33200,,0000022005,,,TRUE,X8PK2GNWN,1,057113
....................3,REINE-COUV,0000937,2023/02/14,1.000,0.0000,0.0000,0.0000,0.0000,0.000000,0.0000,0.0000,LIBERE-TOI,,,33200,,0000022005,,,TRUE,YT0YGIULB,1,057115
....................3,JPR-------,0001009,2023/02/14,1.000,0.0000,0.0000,0.0000,0.0000,0.000000,0.0000,0.0000,MERCIER-TG,,,33200,,0000021039,,,TRUE,3HS125V7F,1,057171
....................4,GROUPE-SAN,0001157,2023/02/14,1.000,0.0000,0.0000,0.0000,0.0000,0.000000,0.0000,0.0000,LIBERE-TOI,,,33200,,0000022005,,,TRUE,X8PK2GNWN,1,057113
....................4,REINE-COUV,0000937,2023/02/14,1.000,0.0000,0.0000,0.0000,0.0000,0.000000,0.0000,0.0000,LIBERE-TOI,,,33200,,0000022005,,,TRUE,YT0YGIULB,1,057115
....................4,JPR-------,0001009,2023/02/14,1.000,0.0000,0.0000,0.0000,0.0000,0.000000,0.0000,0.0000,MERCIER-TG,,,33200,,0000021039,,,TRUE,3HS125V7F,1,057171
,F-DAIGLE--,0001125,2023/02/15,0.000,28649.0000,1432.4500,2857.7378,28649.0000,0.000000,0.0000,28649.0000,MERCIER-TG,,,33200,08000,0000021039,,,TRUE,3QDKCG585,1,057178
....................3,F-DAIGLE--,0001125,2023/02/15,1.000,0.0000,0.0000,0.0000,0.0000,0.000000,0.0000,0.0000,MERCIER-TG,,,33200,,0000021039,,,TRUE,3QDKCG585,1,057178
....................4,F-DAIGLE--,0001125,2023/02/15,1.000,0.0000,0.0000,0.0000,0.0000,0.000000,0.0000,0.0000,MERCIER-TG,,,33200,,0000021039,,,TRUE,3QDKCG585,1,057178
,BARETTE-ST,0000990,2023/02/16,0.000,1936.6900,96.8345,193.1848,1936.6900,0.000000,0.0000,1936.6900,LIBERE-TOI,,,33200,06110,0000022005,,,TRUE,4M3DWW55N,1,057172
,JEAN-CARON,0001028,2023/02/21,0.000,2656.8000,132.8400,265.0158,2656.8000,0.000000,0.0000,2656.8000,CSS-ENERGI,,,33500,16000,0000022010,,,TRUE,R0RTV5MOQ,1,057217
,AUBIN-PELL,0001109,2023/02/21,0.000,23296.0000,1164.8000,2323.7760,23296.0000,0.000000,0.0000,23296.0000,MERCIER-TG,,,33500,15000,0000021039,,,TRUE,X13D2J2PA,1,057235
,AUBIN-PELL,0001109,2023/02/21,0.000,57098.0000,2854.9000,5695.5255,57098.0000,0.000000,0.0000,57098.0000,MERCIER-TG,,,33500,15401,0000021039,,,TRUE,X13D2J2PA,1,057235
,PEINT-DUPO,0001126,2023/02/22,0.000,5484.0000,274.2000,547.0290,5484.0000,0.000000,0.0000,5484.0000,MERCIER-TG,,,33500,09910,0000021039,,,TRUE,E0WG2OYC9,1,057234
....................3,PEINT-DUPO,0001126,2023/02/22,1.000,0.0000,0.0000,0.0000,0.0000,0.000000,0.0000,0.0000,MERCIER-TG,,,33200,,0000021039,,,TRUE,E0WG2OYC9,1,057234
....................4,PEINT-DUPO,0001126,2023/02/22,1.000,0.0000,0.0000,0.0000,0.0000,0.000000,0.0000,0.0000,MERCIER-TG,,,33200,,0000021039,,,TRUE,E0WG2OYC9,1,057234
,ENT-MAXIME,0001142,2023/02/23,0.000,71259.7500,3562.9875,7108.1601,71259.7500,0.000000,0.0000,71259.7500,CIUSSS-ADM,,,33500,02110,0000022024,,,TRUE,PSXQ315WG,1,057218
,VAL-MAURIC,0000943,2023/02/24,0.000,41250.0000,2062.5000,4114.6875,41250.0000,0.000000,0.0000,41250.0000,LIBERE-TOI,,,33500,16310,0000022005,,,TRUE,RI9KK5RHR,1,057233
,SOLIDER---,0001202,2023/02/24,0.000,6730.1900,336.5095,671.3365,6730.1900,0.000000,0.0000,6730.1900,LIBERE-TOI,,,33500,25001,0000022005,,,TRUE,E6ZNPOPT0,1,057236
,PLOMB-MTCA,0001158,2023/02/27,0.000,85855.0000,4292.7500,8564.0363,85855.0000,0.000000,0.0000,85855.0000,CIUSSS-ADM,,,33500,15401,0000022024,,,TRUE,18OB00FJ6,1,057220
....................3,PLOMB-MTCA,0001158,2023/02/27,1.000,0.0000,0.0000,0.0000,0.0000,0.000000,0.0000,0.0000,CIUSSS-ADM,,,33200,,0000022024,,,TRUE,18OB00FJ6,1,057220
....................4,PLOMB-MTCA,0001158,2023/02/27,1.000,0.0000,0.0000,0.0000,0.0000,0.000000,0.0000,0.0000,CIUSSS-ADM,,,33200,,0000022024,,,TRUE,18OB00FJ6,1,057220
,ALARME-ACC,0001205,2023/02/28,0.000,10618.0000,530.9000,1059.1455,10618.0000,0.000000,0.0000,10618.0000,MERCIER-TG,,,33500,25001,0000021039,,,TRUE,A2WMXMN8K,1,057282
,VITR-ASBES,0001127,2023/02/28,0.000,22960.0000,1148.0000,2290.2600,22960.0000,0.000000,0.0000,22960.0000,MERCIER-TG,,,33500,08000,0000021039,,,TRUE,EOE9OJ1E7,1,057283
,VITR-ASBES,0001198,2023/02/28,0.000,8764.6000,438.2300,874.2689,8764.6000,0.000000,0.0000,8764.6000,RES-L-M---,,,33500,08000,0000022018,,,TRUE,WE9930TKC,1,057290
,COUVRE-PLA,0001165,2023/02/28,0.000,91950.0000,4597.5000,9172.0125,91950.0000,0.000000,0.0000,91950.0000,RES-L-M---,,,33500,09600,0000022018,,,TRUE,KK6V8Z906,1,057336
,ISOL-FLAMC,0001183,2023/02/28,0.000,1900.0000,95.0000,189.5250,1900.0000,0.000000,0.0000,1900.0000,CSS-ENERGI,,,33500,25001,0000022010,,,TRUE,8K2RC0CGN,1,057337
,ISOL-FLAMC,0001172,2023/02/28,0.000,2450.0000,122.5000,244.3875,2450.0000,0.000000,0.0000,2450.0000,CSS-ENERGI,,,33500,25001,0000022010,,,TRUE,NJI8K4BWZ,1,057338
,SIDE-ACOUS,0001128,2023/02/28,0.000,115000.0000,5750.0000,11471.2500,115000.0000,0.000000,0.0000,115000.0000,MERCIER-TG,,,33500,09000,0000021039,,,TRUE,H3R5HI29I,1,057348
,MACONNERIE,0000940,2023/02/28,0.000,22500.0000,1125.0000,2244.3750,22500.0000,0.000000,0.0000,22500.0000,LIBERE-TOI,,,33500,04000,0000022005,,,TRUE,YKOX4B9CC,1,057349
,ISOL-FLAMC,0001031,2023/03/01,0.000,1175.0000,58.7500,117.2063,1175.0000,0.000000,0.0000,1175.0000,CSS-ENERGI,,,33500,15080,0000022010,,,TRUE,TV04YZH3J,1,057664
,BARETTE-ST,0000990,2023/03/06,0.000,59896.8300,2994.8415,5974.7088,59896.8300,0.000000,0.0000,59896.8300,LIBERE-TOI,,,33200,06110,0000022005,,,TRUE,CSI9LHTN5,1,057365
,COUVRE-PLA,0001197,2023/03/13,0.000,4534.1000,226.7050,452.2765,4534.1000,0.000000,0.0000,4534.1000,RES-L-M---,,,33500,09650,0000022018,,,TRUE,1AO4ZMMKQ,1,057335
,AUBIN-PELL,0001109,2023/03/23,0.000,26798.0000,1339.9000,2673.1005,26798.0000,0.000000,0.0000,26798.0000,MERCIER-TG,,,33500,15401,0000021039,,,TRUE,PIAI1ZY3K,1,057441
,AUBIN-PELL,0001212,2023/03/23,0.000,16128.0000,806.4000,1608.7680,16128.0000,0.000000,0.0000,16128.0000,MERCIER-TG,,,33500,25001,0000021039,,,TRUE,L81RFT86C,1,057442
,PEINT-DUPO,0001126,2023/03/23,0.000,14000.0000,700.0000,1396.5000,14000.0000,0.000000,0.0000,14000.0000,MERCIER-TG,,,33500,09910,0000021039,,,TRUE,Z269BZU16,1,057491
,ENT-MAXIME,0001142,2023/03/23,0.000,7160.4000,358.0200,714.2499,7160.4000,0.000000,0.0000,7160.4000,CIUSSS-ADM,,,33500,02110,0000022024,,,TRUE,9QM05LBZM,1,057493
....................3,AUBIN-PELL,0001109,2023/03/23,1.000,0.0000,0.0000,0.0000,0.0000,0.000000,0.0000,0.0000,MERCIER-TG,,,33200,,0000021039,,,TRUE,PIAI1ZY3K,1,057441
....................3,ENT-MAXIME,0001142,2023/03/23,1.000,0.0000,0.0000,0.0000,0.0000,0.000000,0.0000,0.0000,CIUSSS-ADM,,,33200,,0000022024,,,TRUE,9QM05LBZM,1,057493
....................4,AUBIN-PELL,0001109,2023/03/23,1.000,0.0000,0.0000,0.0000,0.0000,0.000000,0.0000,0.0000,MERCIER-TG,,,33200,,0000021039,,,TRUE,PIAI1ZY3K,1,057441
....................4,ENT-MAXIME,0001142,2023/03/23,1.000,0.0000,0.0000,0.0000,0.0000,0.000000,0.0000,0.0000,CIUSSS-ADM,,,33200,,0000022024,,,TRUE,9QM05LBZM,1,057493
,ACIER-ATR-,0001216,2023/03/24,0.000,29070.0700,1453.5035,2899.7395,29070.0700,0.000000,0.0000,29070.0700,MERCIER-TG,,,33500,25001,0000021039,,,TRUE,B49TS85NN,1,057492
,BOLAR-----,0001222,2023/03/24,0.000,3970.0000,198.5000,396.0075,3970.0000,0.000000,0.0000,3970.0000,LIBERE-TOI,,,33500,25001,0000022005,,,TRUE,QNSQ9WI88,1,057563
,CLIMATISAT,0000946,2023/03/24,0.000,19845.0000,992.2500,1979.5388,19845.0000,0.000000,0.0000,19845.0000,LIBERE-TOI,,,33500,15700,0000022005,,,TRUE,Q4D3W2NIY,1,057602
,CLIMATISAT,0000946,2023/03/24,0.000,7380.0000,369.0000,736.1550,7380.0000,0.000000,0.0000,7380.0000,LIBERE-TOI,,,33500,15900,0000022005,,,TRUE,Q4D3W2NIY,1,057602
,GROUPE-CAN,0000886,2023/03/28,0.000,101600.0000,5080.0000,10134.6000,101600.0000,0.000000,0.0000,101600.0000,MERCIER-TG,,,33500,05500,0000021039,,,TRUE,98EQC9C7J,1,057439
,CONST-NGC-,0001210,2023/03/29,0.000,30000.0000,1500.0000,2992.5000,30000.0000,0.000000,0.0000,30000.0000,WAGA-ENERG,,,33500,15401,0000022035,,,TRUE,VA6S9G8LS,1,057490
,ENT-MAXIME,0001142,2023/03/29,0.000,4191.7500,209.5875,418.1271,4191.7500,0.000000,0.0000,4191.7500,CIUSSS-ADM,,,33500,02110,0000022024,,,TRUE,B9SOK97W9,1,057494
,SIDE-ACOUS,0001128,2023/03/31,0.000,55000.0000,2750.0000,5486.2500,55000.0000,0.000000,0.0000,55000.0000,MERCIER-TG,,,33500,09000,0000021039,,,TRUE,4F407XSEP,1,057568
,COFF-BIONI,0001217,2023/03/31,0.000,9158.9300,457.9465,913.6033,9158.9300,0.000000,0.0000,9158.9300,MERCIER-TG,,,33500,25001,0000021039,,,TRUE,TMSAH10OK,1,057569
,ISOL-TRIFL,0000690,2023/03/31,0.000,3450.0000,172.5000,344.1375,3450.0000,0.000000,0.0000,3450.0000,CIUSSS-T-R,,,33500,15000,0000021028,,,TRUE,OVJIFZMAR,1,057703
....................3,FRANCO----,0000699,2023/03/31,1.000,0.0000,0.0000,0.0000,0.0000,0.000000,0.0000,0.0000,CIUSSS-T-R,,,33200,,0000021028,,,FALSE,T915QAX7E,1,
....................4,FRANCO----,0000699,2023/03/31,1.000,0.0000,0.0000,0.0000,0.0000,0.000000,0.0000,0.0000,CIUSSS-T-R,,,33200,,0000021028,,,FALSE,T915QAX7E,1,
,PLOMB-MTCA,0001158,2023/04/01,0.000,24530.0000,1226.5000,2446.8675,24530.0000,0.000000,0.0000,24530.0000,CIUSSS-ADM,,,33500,15401,0000022024,,,TRUE,X89YP0BDQ,1,057831
,CUISICO---,0001173,2023/04/01,0.000,27101.3800,1355.0690,2703.3627,27101.3800,0.000000,0.0000,27101.3800,RES-L-M---,,,33200,06400,0000022018,,,TRUE,1QZX1SGL3,1,057909
,CUISICO---,0001173,2023/04/01,0.000,6898.6200,344.9310,688.1373,6898.6200,0.000000,0.0000,6898.6200,RES-L-M---,,,33200,06400,0000022018,,,TRUE,1QZX1SGL3,1,057909
,GROUPE-SAN,0001188,2023/04/01,0.000,7750.0000,387.5000,773.0625,7750.0000,0.000000,0.0000,7750.0000,RES-L-M---,,,33500,10000,0000022018,,,TRUE,GFAM4012R,1,057910
,MAC-ELC---,0001200,2023/04/01,0.000,5472.0000,273.6000,545.8320,5472.0000,0.000000,0.0000,5472.0000,RES-L-M---,,,33500,10000,0000022018,,,TRUE,4AEJ0DJQR,1,057911
,GROUPE-SAN,0001201,2023/04/01,0.000,898.0000,44.9000,89.5755,898.0000,0.000000,0.0000,898.0000,RES-L-M---,,,33500,10000,0000022018,,,TRUE,ZDQZ91UIE,1,057912
,COMETAL---,0001167,2023/04/01,0.000,1115.0000,55.7500,111.2213,1115.0000,0.000000,0.0000,1115.0000,MERCIER-TG,,,33200,10000,0000021039,,,TRUE,6ZFP37SA7,1,057913
,COMETAL---,0001167,2023/04/01,0.000,6290.0000,314.5000,627.4275,6290.0000,0.000000,0.0000,6290.0000,MERCIER-TG,,,33200,10000,0000021039,,,TRUE,6ZFP37SA7,1,057913
,COMETAL---,0001167,2023/04/01,0.000,205.0000,10.2500,20.4488,205.0000,0.000000,0.0000,205.0000,MERCIER-TG,,,33200,10000,0000021039,,,TRUE,6ZFP37SA7,1,057913
....................3,CUISICO---,0001173,2023/04/01,1.000,0.0000,0.0000,0.0000,0.0000,0.000000,0.0000,0.0000,RES-L-M---,,,33200,,0000022018,,,TRUE,1QZX1SGL3,1,057909
....................4,CUISICO---,0001173,2023/04/01,1.000,0.0000,0.0000,0.0000,0.0000,0.000000,0.0000,0.0000,RES-L-M---,,,33200,,0000022018,,,TRUE,1QZX1SGL3,1,057909
,CLIMAT-T-R,0000680,2023/04/06,0.000,12250.0000,612.5000,1221.9375,12250.0000,0.000000,0.0000,12250.0000,MRC-MEKINA,,,33500,15000,0000021027,,,TRUE,T2F7WFA92,1,057535
,CLIMAT-T-R,0000874,2023/04/06,0.000,-12250.0000,-612.5000,-1221.9375,-12250.0000,0.000000,0.0000,-12250.0000,MRC-MEKINA,,,33500,25001,0000021027,,,TRUE,6AGABCKHJ,1,057536
,EBEN-LEMIR,0000677,2023/04/06,0.000,0.2500,0.0125,0.0249,0.2500,0.000000,0.0000,0.2500,MRC-MEKINA,,,33500,06400,0000021027,,,TRUE,DLC31BTU0,1,057550
,ROGER-BELL,0000867,2023/04/06,0.000,0.5000,0.0250,0.0499,0.5000,0.000000,0.0000,0.5000,CIUSSS-ADM,,,33500,25001,0000021026,,,TRUE,K70HNXPNY,1,057551
....................3,GROUPE-SAN,0000514,2023/04/06,1.000,0.0000,0.0000,0.0000,0.0000,0.000000,0.0000,0.0000,CIUSSS-ADM,,,33200,,0000020003,,,FALSE,YGW4QW1FX,1,
....................3,QUINOX----,0000512,2023/04/06,1.000,0.0000,0.0000,0.0000,0.0000,0.000000,0.0000,0.0000,CIUSSS-ADM,,,33200,,0000020003,,,FALSE,2Y825QJ21,1,
....................3,ROGER-BELL,0000270,2023/04/06,1.000,0.0000,0.0000,0.0000,0.0000,0.000000,0.0000,0.0000,CIUSSS-ADM,,,33200,,0000020003,,,FALSE,4QUBJAJHZ,1,
....................3,ROGER-BELL,0000768,2023/04/06,1.000,0.0000,0.0000,0.0000,0.0000,0.000000,0.0000,0.0000,CPE-CHEZ-M,,,33200,,0000021030,,,FALSE,VN3N76LX5,1,
....................3,SOLIDER---,0000903,2023/04/06,1.000,0.0000,0.0000,0.0000,0.0000,0.000000,0.0000,0.0000,MRC-MEKINA,,,33200,,0000021027,,,FALSE,ZFG9NK6O7,1,
....................3,PEINT-DUPO,0000991,2023/04/06,1.000,0.0000,0.0000,0.0000,0.0000,0.000000,0.0000,0.0000,CSS-CH-ROY,,,33200,,0000021041,,,FALSE,AWDKG28C6,1,
....................3,PEINT-DUPO,0001117,2023/04/06,1.000,0.0000,0.0000,0.0000,0.0000,0.000000,0.0000,0.0000,CIUSSS-T-R,,,33200,,0000022009,,,FALSE,W3HV8OSQD,1,
....................3,COUVRE-PLA,0001165,2023/04/06,1.000,0.0000,0.0000,0.0000,0.0000,0.000000,0.0000,0.0000,RES-L-M---,,,33200,,0000022018,,,FALSE,HPLRD88WW,1,
....................3,ISOL-FLAMC,0001172,2023/04/06,1.000,0.0000,0.0000,0.0000,0.0000,0.000000,0.0000,0.0000,CSS-ENERGI,,,33200,,0000022010,,,FALSE,E7BW6CARZ,1,
....................3,CLIMAT-T-R,0000680,2023/04/06,1.000,0.0000,0.0000,0.0000,0.0000,0.000000,0.0000,0.0000,MRC-MEKINA,,,33200,,0000021027,,,TRUE,T2F7WFA92,1,057535
....................3,CLIMAT-T-R,0000874,2023/04/06,1.000,0.0000,0.0000,0.0000,0.0000,0.000000,0.0000,0.0000,MRC-MEKINA,,,33200,,0000021027,,,TRUE,6AGABCKHJ,1,057536
....................3,ARMECO----,0000639,2023/04/06,1.000,0.0000,0.0000,0.0000,0.0000,0.000000,0.0000,0.0000,CIUSSS-MCQ,,,33200,,0000021020,,,FALSE,QGHSJAUIL,1,
....................4,GROUPE-SAN,0000514,2023/04/06,1.000,0.0000,0.0000,0.0000,0.0000,0.000000,0.0000,0.0000,CIUSSS-ADM,,,33200,,0000020003,,,FALSE,YGW4QW1FX,1,
....................4,QUINOX----,0000512,2023/04/06,1.000,0.0000,0.0000,0.0000,0.0000,0.000000,0.0000,0.0000,CIUSSS-ADM,,,33200,,0000020003,,,FALSE,2Y825QJ21,1,
....................4,ROGER-BELL,0000270,2023/04/06,1.000,0.0000,0.0000,0.0000,0.0000,0.000000,0.0000,0.0000,CIUSSS-ADM,,,33200,,0000020003,,,FALSE,4QUBJAJHZ,1,
....................4,ROGER-BELL,0000768,2023/04/06,1.000,0.0000,0.0000,0.0000,0.0000,0.000000,0.0000,0.0000,CPE-CHEZ-M,,,33200,,0000021030,,,FALSE,VN3N76LX5,1,
....................4,ROGER-BELL,0000788,2023/04/06,1.000,0.0000,0.0000,0.0000,0.0000,0.000000,0.0000,0.0000,CIUSSS-MCQ,,,33200,,0000021032,,,FALSE,IGAHM7VPN,1,
....................4,SOLIDER---,0000903,2023/04/06,1.000,0.0000,0.0000,0.0000,0.0000,0.000000,0.0000,0.0000,MRC-MEKINA,,,33200,,0000021027,,,FALSE,ZFG9NK6O7,1,
....................4,PEINT-DUPO,0000991,2023/04/06,1.000,0.0000,0.0000,0.0000,0.0000,0.000000,0.0000,0.0000,CSS-CH-ROY,,,33200,,0000021041,,,FALSE,AWDKG28C6,1,
....................4,PEINT-DUPO,0001117,2023/04/06,1.000,0.0000,0.0000,0.0000,0.0000,0.000000,0.0000,0.0000,CIUSSS-T-R,,,33200,,0000022009,,,FALSE,W3HV8OSQD,1,
....................4,COUVRE-PLA,0001165,2023/04/06,1.000,0.0000,0.0000,0.0000,0.0000,0.000000,0.0000,0.0000,RES-L-M---,,,33200,,0000022018,,,FALSE,HPLRD88WW,1,
....................4,ISOL-FLAMC,0001172,2023/04/06,1.000,0.0000,0.0000,0.0000,0.0000,0.000000,0.0000,0.0000,CSS-ENERGI,,,33200,,0000022010,,,FALSE,E7BW6CARZ,1,
....................4,CLIMAT-T-R,0000680,2023/04/06,1.000,0.0000,0.0000,0.0000,0.0000,0.000000,0.0000,0.0000,MRC-MEKINA,,,33200,,0000021027,,,TRUE,T2F7WFA92,1,057535
....................4,CLIMAT-T-R,0000874,2023/04/06,1.000,0.0000,0.0000,0.0000,0.0000,0.000000,0.0000,0.0000,MRC-MEKINA,,,33200,,0000021027,,,TRUE,6AGABCKHJ,1,057536
....................4,ARMECO----,0000639,2023/04/06,1.000,0.0000,0.0000,0.0000,0.0000,0.000000,0.0000,0.0000,CIUSSS-MCQ,,,33200,,0000021020,,,FALSE,QGHSJAUIL,1,
...................18,CLOTURE-EC,0000736,2023/04/06,1.000,0.0000,0.0000,0.0000,0.0000,0.000000,0.0000,0.0000,CIUSSS-ADM,,,33200,,0000020003,,,FALSE,4YQSPCEYC,1,
...................18,CLOTURE-EC,0000736,2023/04/06,1.000,0.0000,0.0000,0.0000,0.0000,0.000000,0.0000,0.0000,CIUSSS-ADM,,,33200,,0000020003,,,FALSE,4YQSPCEYC,1,
.................0002,ISOL-FLAMC,0001183,2023/04/06,1.000,0.0000,0.0000,0.0000,0.0000,0.000000,0.0000,0.0000,CSS-ENERGI,,,33200,,0000022010,,,FALSE,2TFQRRFE3,1,
,MILETTE-G-,0000984,2023/04/11,0.000,76818.5800,3840.9290,7662.6534,76818.5800,0.000000,0.0000,76818.5800,LIBERE-TOI,,,33200,08500,0000022005,,,TRUE,LWOBCUFWT,1,057562
..................020,ECHAF-PLUS,0001203,2023/04/11,1.000,0.0000,0.0000,0.0000,0.0000,0.000000,0.0000,0.0000,LIBERE-TOI,,,33200,,0000022005,,,FALSE,NE7JH180H,1,
,JEAN-CARON,0001230,2023/04/12,0.000,6371.1000,318.5550,635.5172,6371.1000,0.000000,0.0000,6371.1000,CSS-ENERGI,,,33500,25001,0000022010,,,TRUE,Y6LT94BPN,1,057588
,JEAN-CARON,0001230,2023/04/12,0.000,707.9000,35.3950,70.6130,707.9000,0.000000,0.0000,707.9000,CSS-ENERGI,,,33500,25001,0000022010,,,TRUE,UDNLRAGAO,1,057589
,JEAN-CARON,0001028,2023/04/12,0.000,5905.0000,295.2500,589.0238,5905.0000,0.000000,0.0000,5905.0000,CSS-ENERGI,,,33500,16000,0000022010,,,TRUE,VXTVU6426,1,057590
,ASP-CONTRO,0000683,2023/04/13,0.000,39364.1100,1968.2055,3926.5700,39364.1100,0.000000,0.0000,39364.1100,CIUSSS-T-R,,,33500,16000,0000021028,,,TRUE,TEEM7UHTV,1,057600
,ASP-CONTRO,0000683,2023/04/13,0.000,11935.5100,596.7755,1190.5671,11935.5100,0.000000,0.0000,11935.5100,CIUSSS-T-R,,,33500,16000,0000021028,,,TRUE,Y189WXJ8M,1,057601
,ROGER-BELL,0001145,2023/04/13,0.000,75600.0000,3780.0000,7541.1000,75600.0000,0.000000,0.0000,75600.0000,CIUSSS-ADM,,,33500,07500,0000022024,,,TRUE,HVUUV6Z0B,1,057677
....................3,ROGER-BELL,0001145,2023/04/13,1.000,0.0000,0.0000,0.0000,0.0000,0.000000,0.0000,0.0000,CIUSSS-ADM,,,33200,,0000022024,,,TRUE,HVUUV6Z0B,1,057677
,DEMBEC----,0001225,2023/04/17,0.000,3536.3100,176.8155,352.7469,3536.3100,0.000000,0.0000,3536.3100,ST-ONGE-FO,,,33500,02070,0000022032,,,TRUE,VW68WIR8R,1,057953
,CUISICO---,0001238,2023/04/18,0.000,4300.0000,215.0000,428.9250,4300.0000,0.000000,0.0000,4300.0000,BRP-MEGATE,,,33500,06400,0000023009,,,TRUE,JMLZY6WZ4,1,057668
,DEMBEC----,0001225,2023/04/18,0.000,2605.9400,130.2970,259.9425,2605.9400,0.000000,0.0000,2605.9400,ST-ONGE-FO,,,33500,02070,0000022032,,,TRUE,0YRPTSU7W,1,057954
,FRANCO----,0001180,2023/04/19,0.000,10420.0000,521.0000,1039.3950,10420.0000,0.000000,0.0000,10420.0000,LIBERE-TOI,,,33500,07210,0000022005,,,TRUE,KJNLGTMYP,1,057669
,MILETTE-G-,0000984,2023/04/19,0.000,11924.6300,596.2315,1189.4818,11924.6300,0.000000,0.0000,11924.6300,LIBERE-TOI,,,33200,08500,0000022005,,,TRUE,NB8MROSNL,1,057670
,MILETTE-G-,0000984,2023/04/19,0.000,8275.0000,413.7500,825.4313,8275.0000,0.000000,0.0000,8275.0000,LIBERE-TOI,,,33500,25001,0000022005,,,TRUE,NB8MROSNL,1,057670
,D-DIONNE--,0001144,2023/04/19,0.000,9000.0000,450.0000,897.7500,9000.0000,0.000000,0.0000,9000.0000,CIUSSS-ADM,,,33500,09300,0000022024,,,TRUE,FT9136O16,1,057676
,D-DIONNE--,0001144,2023/04/19,0.000,22000.0000,1100.0000,2194.5000,22000.0000,0.000000,0.0000,22000.0000,CIUSSS-ADM,,,33500,09300,0000022024,,,TRUE,FT9136O16,1,057676
,DEMBEC----,0001225,2023/04/19,0.000,2968.8000,148.4400,296.1378,2968.8000,0.000000,0.0000,2968.8000,ST-ONGE-FO,,,33500,02070,0000022032,,,TRUE,ZS3PALSX4,1,057955
....................3,FRANCO----,0001180,2023/04/19,1.000,0.0000,0.0000,0.0000,0.0000,0.000000,0.0000,0.0000,LIBERE-TOI,,,33200,,0000022005,,,TRUE,KJNLGTMYP,1,057669
....................3,D-DIONNE--,0001144,2023/04/19,1.000,0.0000,0.0000,0.0000,0.0000,0.000000,0.0000,0.0000,CIUSSS-ADM,,,33200,,0000022024,,,TRUE,FT9136O16,1,057676
....................4,D-DIONNE--,0001144,2023/04/19,1.000,0.0000,0.0000,0.0000,0.0000,0.000000,0.0000,0.0000,CIUSSS-ADM,,,33200,,0000022024,,,TRUE,FT9136O16,1,057676
,DEMBEC----,0001225,2023/04/20,0.000,3022.6900,151.1345,301.5133,3022.6900,0.000000,0.0000,3022.6900,ST-ONGE-FO,,,33500,02070,0000022032,,,TRUE,B9J1X1HDY,1,057956
,DEMBEC----,0001225,2023/04/24,0.000,3053.7000,152.6850,304.6066,3053.7000,0.000000,0.0000,3053.7000,ST-ONGE-FO,,,33500,02070,0000022032,,,TRUE,B0GMY81R0,1,057957
,SOUDURE---,0001179,2023/04/25,0.000,8500.0000,425.0000,847.8750,8500.0000,0.000000,0.0000,8500.0000,SOC-DEV-SH,,,33500,05500,0000022038,,,TRUE,W7YMJWKWA,1,057907
,SOUDURE---,0001186,2023/04/25,0.000,17600.0000,880.0000,1755.6000,17600.0000,0.000000,0.0000,17600.0000,RES-L-M---,,,33500,06100,0000022018,,,TRUE,K7V6NGF84,1,057908
,DEMBEC----,0001225,2023/04/25,0.000,2823.1000,141.1550,281.6042,2823.1000,0.000000,0.0000,2823.1000,ST-ONGE-FO,,,33500,02070,0000022032,,,TRUE,XEWGQR3P8,1,057958
....................3,SOUDURE---,0001179,2023/04/25,1.000,0.0000,0.0000,0.0000,0.0000,0.000000,0.0000,0.0000,SOC-DEV-SH,,,33200,,0000022038,,,TRUE,W7YMJWKWA,1,057907
....................4,SOUDURE---,0001179,2023/04/25,1.000,0.0000,0.0000,0.0000,0.0000,0.000000,0.0000,0.0000,SOC-DEV-SH,,,33200,,0000022038,,,TRUE,W7YMJWKWA,1,057907
,ROGER-BELL,0001145,2023/04/26,0.000,18900.0000,945.0000,1885.2750,18900.0000,0.000000,0.0000,18900.0000,CIUSSS-ADM,,,33500,07500,0000022024,,,TRUE,V2QL79SN2,1,057725
,ASP-CONTRO,0000039,2023/04/26,0.000,29923.8000,1496.1900,2984.8991,29923.8000,0.000000,0.0000,29923.8000,CIUSSS-ADM,,,33500,16000,0000020003,,,TRUE,8Z87PI859,1,057726
,ARMATECH-I,0000046,2023/04/26,0.000,900.2000,45.0100,89.7950,900.2000,0.000000,0.0000,900.2000,CIUSSS-ADM,,,33200,05500,0000020003,,,TRUE,S2G97EKAW,1,057727
,ARMATECH-I,0000046,2023/04/26,0.000,-900.0000,-45.0000,-89.7750,-900.0000,0.000000,0.0000,-900.0000,CIUSSS-ADM,,,33200,05500,0000020003,,,TRUE,S2G97EKAW,1,057727
,PERI-TECH-,0000138,2023/04/26,0.000,715.8000,35.7900,71.4011,715.8000,0.000000,0.0000,715.8000,CIUSSS-MCQ,,,33500,13930,0000020010,,,TRUE,BD5HST5R0,1,057728
,COFF-BERGE,0000148,2023/04/26,0.000,50.0000,2.5000,4.9875,50.0000,0.000000,0.0000,50.0000,CIUSSS-ADM,,,33200,03000,0000020003,,,TRUE,K16FCLI0Q,1,057729
,ISOL-SG---,0000150,2023/04/26,0.000,1785.0000,89.2500,178.0538,1785.0000,0.000000,0.0000,1785.0000,CIUSSS-ADM,,,33500,07200,0000019051,,,TRUE,CNC62DNGO,1,057730
,ENT-MAXIME,0000151,2023/04/26,0.000,9548.4400,477.4220,952.4569,9548.4400,0.000000,0.0000,9548.4400,CONSEIL-MA,,,33500,03100,0000020006,,,TRUE,VTWD20HVU,1,057731
,ENT-MAXIME,0000152,2023/04/26,0.000,-20000.0000,-1000.0000,-1995.0000,-20000.0000,0.000000,0.0000,-20000.0000,CONSEIL-MA,,,33200,02315,0000020006,,,TRUE,HYN0F58P8,1,057732
,ISOL-SG---,0000162,2023/04/26,0.000,4500.0000,225.0000,448.8750,4500.0000,0.000000,0.0000,4500.0000,CIUSSS-ADM,,,33500,07200,0000019051,,,TRUE,MH9OTRWGX,1,057733
,ARBOIT----,0000169,2023/04/26,0.000,1409.8500,70.4925,140.6325,1409.8500,0.000000,0.0000,1409.8500,CONSEIL-MA,,,33500,03100,0000020006,,,TRUE,PVJQKVGMN,1,057734
,JEAN-CARON,0000191,2023/04/26,0.000,2367.8500,118.3925,236.1930,2367.8500,0.000000,0.0000,2367.8500,UNIVER-T-R,,,33500,16000,0000019047,,,TRUE,T81SF5W32,1,057735
,JEAN-CARON,0000191,2023/04/26,0.000,5752.5400,287.6270,573.8159,5752.5400,0.000000,0.0000,5752.5400,UNIVER-T-R,,,33500,16000,0000019047,,,TRUE,T81SF5W32,1,057735
,JEAN-CARON,0000278,2023/04/26,0.000,278.6600,13.9330,27.7963,278.6600,0.000000,0.0000,278.6600,UNIVER-T-R,,,33500,16000,0000019047,,,TRUE,VS9HVTG7L,1,057736
,MULTI-ENER,0000301,2023/04/26,0.000,1104.0000,55.2000,110.1240,1104.0000,0.000000,0.0000,1104.0000,CIUSSS-ADM,,,33500,15000,0000020003,,,TRUE,YTZWNGGJI,1,057737
,JEAN-CARON,0000306,2023/04/26,0.000,254.0000,12.7000,25.3365,254.0000,0.000000,0.0000,254.0000,UNIVER-T-R,,,33500,25001,0000019047,,,TRUE,GLNXRT1DD,1,057738
,PLOMB-SOLU,0000312,2023/04/26,0.000,894.8400,44.7420,89.2603,894.8400,0.000000,0.0000,894.8400,CONSEIL-MA,,,33500,25001,0000020006,,,TRUE,22NX3RU96,1,057739
,MULTI-ENER,0000347,2023/04/26,0.000,396.0000,19.8000,39.5010,396.0000,0.000000,0.0000,396.0000,CIUSSS-ADM,,,33500,25001,0000020003,,,TRUE,E600P7KB4,1,057740
,ISOL-BOUCH,0000360,2023/04/26,0.000,450.0000,22.5000,44.8875,450.0000,0.000000,0.0000,450.0000,CIUSSS-MCQ,,,33500,25001,0000020010,,,TRUE,BSI8GP9J2,1,057741
,MULTI-ENER,0000386,2023/04/26,0.000,2939.3900,146.9695,293.2042,2939.3900,0.000000,0.0000,2939.3900,CIUSSS-ADM,,,33500,25001,0000020003,,,TRUE,TYUZLAQIB,1,057742
,ROCHON----,0000447,2023/04/26,0.000,4560.0000,228.0000,454.8600,4560.0000,0.000000,0.0000,4560.0000,CONSEIL-MA,,,33500,06400,0000020006,,,TRUE,RUVE9GXOZ,1,057743
,AF-ELECTRI,0000456,2023/04/26,0.000,4150.0000,207.5000,413.9625,4150.0000,0.000000,0.0000,4150.0000,CSS-ENERGI,,,33500,16000,0000021011,,,TRUE,QE751BJ5I,1,057744
,SCIAGE-ROB,0000478,2023/04/26,0.000,1195.0000,59.7500,119.2013,1195.0000,0.000000,0.0000,1195.0000,CSS-ENERGI,,,33500,03000,0000021010,,,TRUE,ZEPYWA0FM,1,057745
,MULTI-ENER,0000541,2023/04/26,0.000,655.5000,32.7750,65.3861,655.5000,0.000000,0.0000,655.5000,CIUSSS-ADM,,,33500,25001,0000020003,,,TRUE,T24XN7NSV,1,057746
,COFF-PELLE,0000571,2023/04/26,0.000,-300.0000,-15.0000,-29.9250,-300.0000,0.000000,0.0000,-300.0000,MUN-ST-ELI,,,33500,03100,0000021021,,,TRUE,SS75WYBU4,1,057747
,COFF-PELLE,0000571,2023/04/26,0.000,6720.0000,336.0000,670.3200,6720.0000,0.000000,0.0000,6720.0000,MUN-ST-ELI,,,33500,03100,0000021021,,,TRUE,SS75WYBU4,1,057747
,SYST-VILLE,0000594,2023/04/26,0.000,429.9200,21.4960,42.8845,429.9200,0.000000,0.0000,429.9200,CIUSSS-ADM,,,33500,25001,0000020003,,,TRUE,1IT3DFU36,1,057748
,BLP-ARPENT,0000596,2023/04/26,0.000,1100.0000,55.0000,109.7250,1100.0000,0.000000,0.0000,1100.0000,AGT-------,,,33200,00400,0000021013,,,TRUE,MNS4NXGIB,1,057749
,SYST-VILLE,0000601,2023/04/26,0.000,567.8800,28.3940,56.6460,567.8800,0.000000,0.0000,567.8800,CIUSSS-ADM,,,33500,25001,0000020003,,,TRUE,SEVLQT8EP,1,057750
,SYST-VILLE,0000601,2023/04/26,0.000,575.0200,28.7510,57.3582,575.0200,0.000000,0.0000,575.0200,CIUSSS-ADM,,,33500,25001,0000020003,,,TRUE,SEVLQT8EP,1,057750
,SYST-VILLE,0000601,2023/04/26,0.000,0.1000,0.0050,0.0100,0.1000,0.000000,0.0000,0.1000,CIUSSS-ADM,,,33500,25001,0000020003,,,TRUE,6K3Q822HM,1,057751
,PROT-PAQUI,0000647,2023/04/26,0.000,287.5000,14.3750,28.6781,287.5000,0.000000,0.0000,287.5000,CIUSSS-ADM,,,33500,25001,0000020003,,,TRUE,QBP28ZH2X,1,057752
,QUINC-PORT,0000661,2023/04/26,0.000,2557.4000,127.8700,255.1007,2557.4000,0.000000,0.0000,2557.4000,CSS-ENERGI,,,33200,25001,0000021011,,,TRUE,HWJZKHLCW,1,057753
,QUINC-PORT,0000661,2023/04/26,0.000,-577.0000,-28.8500,-57.5558,-577.0000,0.000000,0.0000,-577.0000,CSS-ENERGI,,,33200,25001,0000021011,,,TRUE,HWJZKHLCW,1,057753
,QUINC-PORT,0000665,2023/04/26,0.000,1679.9500,83.9975,167.5750,1679.9500,0.000000,0.0000,1679.9500,CSS-ENERGI,,,33200,25001,0000021011,,,TRUE,6NKGCT3UU,1,057754
,QUINC-PORT,0000665,2023/04/26,0.000,-199.0000,-9.9500,-19.8503,-199.0000,0.000000,0.0000,-199.0000,CSS-ENERGI,,,33200,25001,0000021011,,,TRUE,6NKGCT3UU,1,057754
,D-MATTEAU-,0000719,2023/04/26,0.000,230.0000,11.5000,22.9425,230.0000,0.000000,0.0000,230.0000,CSS-ENERGI,,,33500,25001,0000021015,,,TRUE,XOX91HMKF,1,057755
,D-MATTEAU-,0000719,2023/04/26,0.000,360.0000,18.0000,35.9100,360.0000,0.000000,0.0000,360.0000,CSS-ENERGI,,,33500,25001,0000021015,,,TRUE,XOX91HMKF,1,057755
,ASP-CONTRO,0000735,2023/04/26,0.000,1431.7500,71.5875,142.8171,1431.7500,0.000000,0.0000,1431.7500,CSS-ENERGI,,,33500,25001,0000021015,,,TRUE,EX5IFD5U0,1,057756
,CARON-----,0000754,2023/04/26,0.000,-8550.0000,-427.5000,-852.8625,-8550.0000,0.000000,0.0000,-8550.0000,CSS-ENERGI,,,33500,25001,0000021015,,,TRUE,E9GYNQRHK,1,057757
,CAP-ISOLAT,0000755,2023/04/26,0.000,3960.0000,198.0000,395.0100,3960.0000,0.000000,0.0000,3960.0000,STEMA-PRO-,,,33500,15401,0000021012,,,TRUE,U50N8BQKF,1,057758
,ASP-CONTRO,0000844,2023/04/26,0.000,261.4300,13.0715,26.0776,261.4300,0.000000,0.0000,261.4300,CSS-ENERGI,,,33500,25001,0000021015,,,TRUE,8574FFX2U,1,057759
,QUINOX----,0000857,2023/04/26,0.000,557.6500,27.8825,55.6256,557.6500,0.000000,0.0000,557.6500,AGT-------,,,33500,09651,0000021013,,,TRUE,GJ9YTNEQG,1,057760
,QUINOX----,0000857,2023/04/26,0.000,1234.2200,61.7110,123.1134,1234.2200,0.000000,0.0000,1234.2200,AGT-------,,,33500,09651,0000021013,,,TRUE,GJ9YTNEQG,1,057760
,LG-RENOVAT,0000866,2023/04/26,0.000,12015.0000,600.7500,1198.4963,12015.0000,0.000000,0.0000,12015.0000,SIX-PINTS-,,,33500,08110,0000021035,,,TRUE,LQHHNCEDB,1,057761
,GELINAS---,0000878,2023/04/26,0.000,15554.9300,777.7465,1551.6043,15554.9300,0.000000,0.0000,15554.9300,AGT-------,,,33500,05500,0000021013,,,TRUE,MROVPYVXA,1,057762
,AUBIN-PELL,0000999,2023/04/26,0.000,3000.0000,150.0000,299.2500,3000.0000,0.000000,0.0000,3000.0000,AGT-------,,,33500,15000,0000021013,,,TRUE,LZ2AQZLMF,1,057763
,AUBIN-PELL,0000999,2023/04/26,0.000,2350.0000,117.5000,234.4125,2350.0000,0.000000,0.0000,2350.0000,AGT-------,,,33500,15000,0000021013,,,TRUE,LZ2AQZLMF,1,057763
,AUBIN-PELL,0001000,2023/04/26,0.000,10000.0000,500.0000,997.5000,10000.0000,0.000000,0.0000,10000.0000,AGT-------,,,33500,15000,0000021013,,,TRUE,XGLHCZGYE,1,057764
,F-DAIGLE--,0001024,2023/04/26,0.000,594.0000,29.7000,59.2515,594.0000,0.000000,0.0000,594.0000,AGT-------,,,33200,08000,0000021013,,,TRUE,6Q1OP5KOQ,1,057765
,F-DAIGLE--,0001024,2023/04/26,0.000,2280.0000,114.0000,227.4300,2280.0000,0.000000,0.0000,2280.0000,AGT-------,,,33200,08000,0000021013,,,TRUE,6Q1OP5KOQ,1,057765
,F-DAIGLE--,0001024,2023/04/26,0.000,970.0000,48.5000,96.7575,970.0000,0.000000,0.0000,970.0000,AGT-------,,,33200,08000,0000021013,,,TRUE,6Q1OP5KOQ,1,057765
,F-DAIGLE--,0001024,2023/04/26,0.000,930.0000,46.5000,92.7675,930.0000,0.000000,0.0000,930.0000,AGT-------,,,33200,08000,0000021013,,,TRUE,6Q1OP5KOQ,1,057765
,F-DAIGLE--,0001024,2023/04/26,0.000,3750.0000,187.5000,374.0625,3750.0000,0.000000,0.0000,3750.0000,AGT-------,,,33200,08000,0000021013,,,TRUE,6Q1OP5KOQ,1,057765
,F-DAIGLE--,0001024,2023/04/26,0.000,815.0000,40.7500,81.2963,815.0000,0.000000,0.0000,815.0000,AGT-------,,,33200,08000,0000021013,,,TRUE,6Q1OP5KOQ,1,057765
,F-DAIGLE--,0001024,2023/04/26,0.000,615.0000,30.7500,61.3463,615.0000,0.000000,0.0000,615.0000,AGT-------,,,33200,08000,0000021013,,,TRUE,6Q1OP5KOQ,1,057765
,F-DAIGLE--,0001024,2023/04/26,0.000,730.0000,36.5000,72.8175,730.0000,0.000000,0.0000,730.0000,AGT-------,,,33200,08000,0000021013,,,TRUE,6Q1OP5KOQ,1,057765
,AUBIN-PELL,0001026,2023/04/26,0.000,8853.0000,442.6500,883.0868,8853.0000,0.000000,0.0000,8853.0000,AGT-------,,,33500,15401,0000021013,,,TRUE,XUZSAWUC3,1,057766
,VITR-ASBES,0001027,2023/04/26,0.000,6800.0000,340.0000,678.3000,6800.0000,0.000000,0.0000,6800.0000,AGT-------,,,33500,08000,0000021013,,,TRUE,5074OGKKP,1,057767
,F-DAIGLE--,0000598,2023/04/26,0.000,546.1000,27.3050,54.4735,546.1000,0.000000,0.0000,546.1000,MACH-PRONO,,,33200,03100,0000021018,,,TRUE,XNW2ORJDD,1,057768
,AUDET-----,0000737,2023/04/26,0.000,1433.0400,71.6520,142.9457,1433.0400,0.000000,0.0000,1433.0400,CIUSSS-ADM,,,33500,25001,0000020003,,,TRUE,PHK67FHIW,1,057769
,AUBIN-PELL,0001036,2023/04/26,0.000,5737.4500,286.8725,572.3106,5737.4500,0.000000,0.0000,5737.4500,AGT-------,,,33500,15401,0000021013,,,TRUE,VD7MARAZX,1,057770
,PEINT-DUPO,0001039,2023/04/26,0.000,194.0000,9.7000,19.3515,194.0000,0.000000,0.0000,194.0000,AGT-------,,,33500,09910,0000021013,,,TRUE,HZKJ5SPK8,1,057771
,ENTRE-A-M-,0001053,2023/04/26,0.000,2172.6700,108.6335,216.7238,2172.6700,0.000000,0.0000,2172.6700,AGT-------,,,33200,08500,0000021013,,,TRUE,IAYJEXUCD,1,057772
,AUBIN-PELL,0001061,2023/04/26,0.000,1200.0000,60.0000,119.7000,1200.0000,0.000000,0.0000,1200.0000,AGT-------,,,33500,15401,0000021013,,,TRUE,YYYBMRU8Q,1,057773
,AUBIN-PELL,0001063,2023/04/26,0.000,621.0000,31.0500,61.9448,621.0000,0.000000,0.0000,621.0000,AGT-------,,,33500,15401,0000021013,,,TRUE,BQFIJC3VM,1,057774
,FORME-CONC,0001065,2023/04/26,0.000,51876.0000,2593.8000,5174.6310,51876.0000,0.000000,0.0000,51876.0000,AGT-------,,,33500,06400,0000021013,,,TRUE,ZKUTWJCHY,1,057775
,PEINT-DUPO,0001095,2023/04/26,0.000,878.0000,43.9000,87.5805,878.0000,0.000000,0.0000,878.0000,AGT-------,,,33500,09910,0000021013,,,TRUE,9ED14OE6S,1,057776
,PEINT-DUPO,0001095,2023/04/26,0.000,295.0000,14.7500,29.4263,295.0000,0.000000,0.0000,295.0000,AGT-------,,,33500,09910,0000021013,,,TRUE,9ED14OE6S,1,057776
,PEINT-DUPO,0001095,2023/04/26,0.000,176.0000,8.8000,17.5560,176.0000,0.000000,0.0000,176.0000,AGT-------,,,33500,09910,0000021013,,,TRUE,9ED14OE6S,1,057776
,VITR-ASBES,0001110,2023/04/26,0.000,9530.0000,476.5000,950.6175,9530.0000,0.000000,0.0000,9530.0000,AGT-------,,,33500,08000,0000021013,,,TRUE,JB89M0K54,1,057777
,F-DAIGLE--,0001111,2023/04/26,0.000,915.0000,45.7500,91.2713,915.0000,0.000000,0.0000,915.0000,AGT-------,,,33200,08000,0000021013,,,TRUE,YZFUC4EH3,1,057778
,F-DAIGLE--,0001185,2023/04/26,0.000,3112.0000,155.6000,310.4220,3112.0000,0.000000,0.0000,3112.0000,AGT-------,,,33500,00000,0000021013,,,TRUE,LHWGZEO4D,1,057779
,D-MATTEAU-,0000789,2023/04/26,0.000,850.0000,42.5000,84.7875,850.0000,0.000000,0.0000,850.0000,CSS-ENERGI,,,33500,25001,0000021015,,,TRUE,77EQID5RW,1,057780
,BARETTE-ST,0000887,2023/04/26,0.000,110.0000,5.5000,10.9725,110.0000,0.000000,0.0000,110.0000,CPE-ENTRE-,,,33200,25001,0000021029,,,TRUE,SI8G7W3EH,1,057781
,F-DAIGLE--,0001135,2023/04/26,0.000,1488.0000,74.4000,148.4280,1488.0000,0.000000,0.0000,1488.0000,CPE-ENTRE-,,,33200,25001,0000021029,,,TRUE,ZEEK7SELF,1,057782
,BOULAY----,0001176,2023/04/26,0.000,1110.0000,55.5000,110.7225,1110.0000,0.000000,0.0000,1110.0000,CPE-ENTRE-,,,33200,25001,0000021029,,,TRUE,MX6VGXYLU,1,057783
,AUBIN-PELL,0001211,2023/04/26,0.000,6650.0000,332.5000,663.3375,6650.0000,0.000000,0.0000,6650.0000,CPE-ENTRE-,,,33500,15001,0000021029,,,TRUE,W1SWG3RPU,1,057784
,F-DAIGLE--,0001044,2023/04/26,0.000,3349.0000,167.4500,334.0628,3349.0000,0.000000,0.0000,3349.0000,AGT-------,,,33200,08000,0000021013,,,TRUE,J7YXN112N,1,057786
,F-DAIGLE--,0001044,2023/04/26,0.000,40.0000,2.0000,3.9900,40.0000,0.000000,0.0000,40.0000,AGT-------,,,33200,08000,0000021013,,,TRUE,J7YXN112N,1,057786
,SCIAGE-ROB,0000721,2023/04/26,0.000,2302.5000,115.1250,229.6744,2302.5000,0.000000,0.0000,2302.5000,CPE-ENTRE-,,,33500,02220,0000021029,,,TRUE,L5LJTUWW3,1,057787
,F-DAIGLE--,0000769,2023/04/26,0.000,397.0000,19.8500,39.6008,397.0000,0.000000,0.0000,397.0000,CPE-CHEZ-M,,,33200,08000,0000021030,,,TRUE,T3LG9XRAE,1,057788
,F-DAIGLE--,0000860,2023/04/26,0.000,-397.0000,-19.8500,-39.6008,-397.0000,0.000000,0.0000,-397.0000,CPE-CHEZ-M,,,33200,25001,0000021030,,,TRUE,BFPY5ZW9U,1,057789
,ACIER-ATR-,0000918,2023/04/26,0.000,1155.0600,57.7530,115.2172,1155.0600,0.000000,0.0000,1155.0600,CPE-CHEZ-M,,,33500,25001,0000021030,,,TRUE,G2QI3UY6T,1,057790
,CLOT-N-S--,0001193,2023/04/26,0.000,500.0000,25.0000,49.8750,500.0000,0.000000,0.0000,500.0000,CPE-CHEZ-M,,,33500,25001,0000021030,,,TRUE,VTUAZG4CO,1,057791
,ACIER-RAY-,0000816,2023/04/26,0.000,15060.0000,753.0000,1502.2350,15060.0000,0.000000,0.0000,15060.0000,SIX-PINTS-,,,33500,05500,0000021035,,,TRUE,HI3NAJM9E,1,057792
,AF-ELECTRI,0000922,2023/04/26,0.000,2489.4900,124.4745,248.3266,2489.4900,0.000000,0.0000,2489.4900,CSS-CH-ROY,,,33500,16000,0000021041,,,TRUE,YF6AOOKVT,1,057793
,F-DAIGLE--,0000925,2023/04/26,0.000,2983.0000,149.1500,297.5543,2983.0000,0.000000,0.0000,2983.0000,CSS-CH-ROY,,,33200,08000,0000021041,,,TRUE,O1FFMWKYB,1,057794
,COUVRE-PLA,0001161,2023/04/26,0.000,47.0300,2.3515,4.6912,47.0300,0.000000,0.0000,47.0300,CIUSSS-T-R,,,33500,25001,0000022009,,,TRUE,WW93T4GKS,1,057795
,GAUTHIER--,0001159,2023/04/26,0.000,750.0000,37.5000,74.8125,750.0000,0.000000,0.0000,750.0000,CSS-ENERGI,,,33500,25001,0000022010,,,TRUE,VTURYOSFR,1,057796
,FORME-CONC,0001195,2023/04/26,0.000,73095.0000,3654.7500,7291.2263,73095.0000,0.000000,0.0000,73095.0000,KONGSBERG-,,,33500,06400,0000022031,,,TRUE,5UBJ81252,1,057797
,SAFERACK--,0000822,2023/04/26,0.000,24184.0000,1209.2000,2412.3540,24184.0000,0.000000,0.0000,24184.0000,SIX-PINTS-,,,33200,00400,0000021035,,,TRUE,18RZUMZ7O,1,057798
,SAFERACK--,0000822,2023/04/26,0.000,3896.6700,194.8335,388.6928,3896.6700,0.000000,0.0000,3896.6700,SIX-PINTS-,,,33200,00400,0000021035,,,TRUE,18RZUMZ7O,1,057798
,LECUYER---,0000431,2023/04/26,0.000,1342.7500,67.1375,133.9393,1342.7500,0.000000,0.0000,1342.7500,CIUSSS-MCQ,,,33500,03400,0000021002,,,TRUE,HZYG2PVBF,1,057799
,DEMBEC----,0001034,2023/04/26,0.000,1145.0000,57.2500,114.2138,1145.0000,0.000000,0.0000,1145.0000,CSS-ENERGI,,,33500,02070,0000022010,,,TRUE,U31W2ZPBB,1,057800
,JEAN-CARON,0001169,2023/04/26,0.000,957.0000,47.8500,95.4608,957.0000,0.000000,0.0000,957.0000,CSS-ENERGI,,,33500,25001,0000022010,,,TRUE,JAL67ZI55,1,057801
,ASP-CONTRO,0000708,2023/04/26,0.000,385.6000,19.2800,38.4636,385.6000,0.000000,0.0000,385.6000,CPE-ENTRE-,,,33500,13850,0000021029,,,TRUE,UTIPMCQ82,1,057802
,ASP-CONTRO,0000708,2023/04/26,0.000,15936.4000,796.8200,1589.6559,15936.4000,0.000000,0.0000,15936.4000,CPE-ENTRE-,,,33500,16500,0000021029,,,TRUE,UTIPMCQ82,1,057802
,COUVRE-PLA,0001139,2023/04/26,0.000,1893.5400,94.6770,188.8806,1893.5400,0.000000,0.0000,1893.5400,ARBEC-BOIS,,,33500,09600,0000022022,,,TRUE,SAH83A4PT,1,057803
,DEMBEC----,0001225,2023/04/26,0.000,2937.4700,146.8735,293.0126,2937.4700,0.000000,0.0000,2937.4700,ST-ONGE-FO,,,33500,02070,0000022032,,,TRUE,R1EVNV56H,1,057959
,CONST-NGC-,0001210,2023/04/26,0.000,4442.4000,222.1200,443.1294,4442.4000,0.000000,0.0000,4442.4000,WAGA-ENERG,,,33500,15401,0000022035,,,TRUE,LHI48WJ8P,1,057983
....................3,ISOL-SG---,0000150,2023/04/26,1.000,0.0000,0.0000,0.0000,0.0000,0.000000,0.0000,0.0000,CIUSSS-ADM,,,33200,,0000019051,,,TRUE,CNC62DNGO,1,057730
....................3,ENT-MAXIME,0000152,2023/04/26,1.000,0.0000,0.0000,0.0000,0.0000,0.000000,0.0000,0.0000,CONSEIL-MA,,,33200,,0000020006,,,TRUE,HYN0F58P8,1,057732
....................3,ISOL-SG---,0000162,2023/04/26,1.000,0.0000,0.0000,0.0000,0.0000,0.000000,0.0000,0.0000,CIUSSS-ADM,,,33200,,0000019051,,,TRUE,MH9OTRWGX,1,057733
....................3,JEAN-CARON,0000191,2023/04/26,1.000,0.0000,0.0000,0.0000,0.0000,0.000000,0.0000,0.0000,UNIVER-T-R,,,33200,,0000019047,,,TRUE,T81SF5W32,1,057735
....................3,MULTI-ENER,0000301,2023/04/26,1.000,0.0000,0.0000,0.0000,0.0000,0.000000,0.0000,0.0000,CIUSSS-ADM,,,33200,,0000020003,,,TRUE,YTZWNGGJI,1,057737
....................3,JEAN-CARON,0000306,2023/04/26,1.000,0.0000,0.0000,0.0000,0.0000,0.000000,0.0000,0.0000,UNIVER-T-R,,,33200,,0000019047,,,TRUE,GLNXRT1DD,1,057738
....................3,PLOMB-SOLU,0000312,2023/04/26,1.000,0.0000,0.0000,0.0000,0.0000,0.000000,0.0000,0.0000,CONSEIL-MA,,,33200,,0000020006,,,TRUE,22NX3RU96,1,057739
....................3,MULTI-ENER,0000347,2023/04/26,1.000,0.0000,0.0000,0.0000,0.0000,0.000000,0.0000,0.0000,CIUSSS-ADM,,,33200,,0000020003,,,TRUE,E600P7KB4,1,057740
....................3,ISOL-BOUCH,0000360,2023/04/26,1.000,0.0000,0.0000,0.0000,0.0000,0.000000,0.0000,0.0000,CIUSSS-MCQ,,,33200,,0000020010,,,TRUE,BSI8GP9J2,1,057741
....................3,ROCHON----,0000447,2023/04/26,1.000,0.0000,0.0000,0.0000,0.0000,0.000000,0.0000,0.0000,CONSEIL-MA,,,33200,,0000020006,,,TRUE,RUVE9GXOZ,1,057743
....................3,SCIAGE-ROB,0000478,2023/04/26,1.000,0.0000,0.0000,0.0000,0.0000,0.000000,0.0000,0.0000,CSS-ENERGI,,,33200,,0000021010,,,TRUE,ZEPYWA0FM,1,057745
....................3,MULTI-ENER,0000541,2023/04/26,1.000,0.0000,0.0000,0.0000,0.0000,0.000000,0.0000,0.0000,CIUSSS-ADM,,,33200,,0000020003,,,TRUE,T24XN7NSV,1,057746
....................3,COFF-PELLE,0000571,2023/04/26,1.000,0.0000,0.0000,0.0000,0.0000,0.000000,0.0000,0.0000,MUN-ST-ELI,,,33200,,0000021021,,,TRUE,SS75WYBU4,1,057747
....................3,SYST-VILLE,0000594,2023/04/26,1.000,0.0000,0.0000,0.0000,0.0000,0.000000,0.0000,0.0000,CIUSSS-ADM,,,33200,,0000020003,,,TRUE,1IT3DFU36,1,057748
....................3,BLP-ARPENT,0000596,2023/04/26,1.000,0.0000,0.0000,0.0000,0.0000,0.000000,0.0000,0.0000,AGT-------,,,33200,,0000021013,,,TRUE,MNS4NXGIB,1,057749
....................3,SYST-VILLE,0000601,2023/04/26,1.000,0.0000,0.0000,0.0000,0.0000,0.000000,0.0000,0.0000,CIUSSS-ADM,,,33200,,0000020003,,,TRUE,SEVLQT8EP,1,057750
....................3,PROT-PAQUI,0000647,2023/04/26,1.000,0.0000,0.0000,0.0000,0.0000,0.000000,0.0000,0.0000,CIUSSS-ADM,,,33200,,0000020003,,,TRUE,QBP28ZH2X,1,057752
....................3,QUINC-PORT,0000661,2023/04/26,1.000,0.0000,0.0000,0.0000,0.0000,0.000000,0.0000,0.0000,CSS-ENERGI,,,33200,,0000021011,,,TRUE,HWJZKHLCW,1,057753
....................3,QUINC-PORT,0000665,2023/04/26,1.000,0.0000,0.0000,0.0000,0.0000,0.000000,0.0000,0.0000,CSS-ENERGI,,,33200,,0000021011,,,TRUE,6NKGCT3UU,1,057754
....................3,D-MATTEAU-,0000719,2023/04/26,1.000,0.0000,0.0000,0.0000,0.0000,0.000000,0.0000,0.0000,CSS-ENERGI,,,33200,,0000021015,,,TRUE,XOX91HMKF,1,057755
....................3,ASP-CONTRO,0000735,2023/04/26,1.000,0.0000,0.0000,0.0000,0.0000,0.000000,0.0000,0.0000,CSS-ENERGI,,,33200,,0000021015,,,TRUE,EX5IFD5U0,1,057756
....................3,CARON-----,0000754,2023/04/26,1.000,0.0000,0.0000,0.0000,0.0000,0.000000,0.0000,0.0000,CSS-ENERGI,,,33200,,0000021015,,,TRUE,E9GYNQRHK,1,057757
....................3,ASP-CONTRO,0000844,2023/04/26,1.000,0.0000,0.0000,0.0000,0.0000,0.000000,0.0000,0.0000,CSS-ENERGI,,,33200,,0000021015,,,TRUE,8574FFX2U,1,057759
....................3,LG-RENOVAT,0000866,2023/04/26,1.000,0.0000,0.0000,0.0000,0.0000,0.000000,0.0000,0.0000,SIX-PINTS-,,,33200,,0000021035,,,TRUE,LQHHNCEDB,1,057761
....................3,GELINAS---,0000878,2023/04/26,1.000,0.0000,0.0000,0.0000,0.0000,0.000000,0.0000,0.0000,AGT-------,,,33200,,0000021013,,,TRUE,MROVPYVXA,1,057762
....................3,ELECT-LAUR,0000901,2023/04/26,1.000,0.0000,0.0000,0.0000,0.0000,0.000000,0.0000,0.0000,CONSEIL-MA,,,33200,,0000020006,,,FALSE,QJAXQ2BQN,1,
....................3,F-DAIGLE--,0001024,2023/04/26,1.000,0.0000,0.0000,0.0000,0.0000,0.000000,0.0000,0.0000,AGT-------,,,33200,,0000021013,,,TRUE,6Q1OP5KOQ,1,057765
....................3,AUBIN-PELL,0001026,2023/04/26,1.000,0.0000,0.0000,0.0000,0.0000,0.000000,0.0000,0.0000,AGT-------,,,33200,,0000021013,,,TRUE,XUZSAWUC3,1,057766
....................3,VITR-ASBES,0001027,2023/04/26,1.000,0.0000,0.0000,0.0000,0.0000,0.000000,0.0000,0.0000,AGT-------,,,33200,,0000021013,,,TRUE,5074OGKKP,1,057767
....................3,F-DAIGLE--,0000598,2023/04/26,1.000,0.0000,0.0000,0.0000,0.0000,0.000000,0.0000,0.0000,MACH-PRONO,,,33200,,0000021018,,,TRUE,XNW2ORJDD,1,057768
....................3,AUDET-----,0000737,2023/04/26,1.000,0.0000,0.0000,0.0000,0.0000,0.000000,0.0000,0.0000,CIUSSS-ADM,,,33200,,0000020003,,,TRUE,PHK67FHIW,1,057769
....................3,AUBIN-PELL,0001036,2023/04/26,1.000,0.0000,0.0000,0.0000,0.0000,0.000000,0.0000,0.0000,AGT-------,,,33200,,0000021013,,,TRUE,VD7MARAZX,1,057770
....................3,ENTRE-A-M-,0001053,2023/04/26,1.000,0.0000,0.0000,0.0000,0.0000,0.000000,0.0000,0.0000,AGT-------,,,33200,,0000021013,,,TRUE,IAYJEXUCD,1,057772
....................3,QUINOX----,0001060,2023/04/26,1.000,0.0000,0.0000,0.0000,0.0000,0.000000,0.0000,0.0000,AGT-------,,,33200,,0000021013,,,FALSE,NV4VLTXHC,1,
....................3,AUBIN-PELL,0001061,2023/04/26,1.000,0.0000,0.0000,0.0000,0.0000,0.000000,0.0000,0.0000,AGT-------,,,33200,,0000021013,,,TRUE,YYYBMRU8Q,1,057773
....................3,AUBIN-PELL,0001063,2023/04/26,1.000,0.0000,0.0000,0.0000,0.0000,0.000000,0.0000,0.0000,AGT-------,,,33200,,0000021013,,,TRUE,BQFIJC3VM,1,057774
....................3,PEINT-DUPO,0001095,2023/04/26,1.000,0.0000,0.0000,0.0000,0.0000,0.000000,0.0000,0.0000,AGT-------,,,33200,,0000021013,,,TRUE,9ED14OE6S,1,057776
....................3,VITR-ASBES,0001110,2023/04/26,1.000,0.0000,0.0000,0.0000,0.0000,0.000000,0.0000,0.0000,AGT-------,,,33200,,0000021013,,,TRUE,JB89M0K54,1,057777
....................3,F-DAIGLE--,0001111,2023/04/26,1.000,0.0000,0.0000,0.0000,0.0000,0.000000,0.0000,0.0000,AGT-------,,,33200,,0000021013,,,TRUE,YZFUC4EH3,1,057778
....................3,D-MATTEAU-,0000789,2023/04/26,1.000,0.0000,0.0000,0.0000,0.0000,0.000000,0.0000,0.0000,CSS-ENERGI,,,33200,,0000021015,,,TRUE,77EQID5RW,1,057780
....................3,BARETTE-ST,0000887,2023/04/26,1.000,0.0000,0.0000,0.0000,0.0000,0.000000,0.0000,0.0000,CPE-ENTRE-,,,33200,,0000021029,,,TRUE,SI8G7W3EH,1,057781
....................3,F-DAIGLE--,0001135,2023/04/26,1.000,0.0000,0.0000,0.0000,0.0000,0.000000,0.0000,0.0000,CPE-ENTRE-,,,33200,,0000021029,,,TRUE,ZEEK7SELF,1,057782
....................3,BOULAY----,0001176,2023/04/26,1.000,0.0000,0.0000,0.0000,0.0000,0.000000,0.0000,0.0000,CPE-ENTRE-,,,33200,,0000021029,,,TRUE,MX6VGXYLU,1,057783
....................3,F-DAIGLE--,0001044,2023/04/26,1.000,0.0000,0.0000,0.0000,0.0000,0.000000,0.0000,0.0000,AGT-------,,,33200,,0000021013,,,TRUE,J7YXN112N,1,057786
....................3,F-DAIGLE--,0000860,2023/04/26,1.000,0.0000,0.0000,0.0000,0.0000,0.000000,0.0000,0.0000,CPE-CHEZ-M,,,33200,,0000021030,,,TRUE,BFPY5ZW9U,1,057789
....................3,ACIER-ATR-,0000918,2023/04/26,1.000,0.0000,0.0000,0.0000,0.0000,0.000000,0.0000,0.0000,CPE-CHEZ-M,,,33200,,0000021030,,,TRUE,G2QI3UY6T,1,057790
....................3,ACIER-RAY-,0000816,2023/04/26,1.000,0.0000,0.0000,0.0000,0.0000,0.000000,0.0000,0.0000,SIX-PINTS-,,,33200,,0000021035,,,TRUE,HI3NAJM9E,1,057792
....................3,F-DAIGLE--,0000925,2023/04/26,1.000,0.0000,0.0000,0.0000,0.0000,0.000000,0.0000,0.0000,CSS-CH-ROY,,,33200,,0000021041,,,TRUE,O1FFMWKYB,1,057794
....................3,GAUTHIER--,0001159,2023/04/26,1.000,0.0000,0.0000,0.0000,0.0000,0.000000,0.0000,0.0000,CSS-ENERGI,,,33200,,0000022010,,,TRUE,VTURYOSFR,1,057796
....................3,SAFERACK--,0000822,2023/04/26,1.000,0.0000,0.0000,0.0000,0.0000,0.000000,0.0000,0.0000,SIX-PINTS-,,,33200,,0000021035,,,TRUE,18RZUMZ7O,1,057798
....................3,DEMBEC----,0001034,2023/04/26,1.000,0.0000,0.0000,0.0000,0.0000,0.000000,0.0000,0.0000,CSS-ENERGI,,,33200,,0000022010,,,TRUE,U31W2ZPBB,1,057800
....................3,JEAN-CARON,0001169,2023/04/26,1.000,0.0000,0.0000,0.0000,0.0000,0.000000,0.0000,0.0000,CSS-ENERGI,,,33200,,0000022010,,,TRUE,JAL67ZI55,1,057801
....................3,COUVRE-PLA,0001139,2023/04/26,1.000,0.0000,0.0000,0.0000,0.0000,0.000000,0.0000,0.0000,ARBEC-BOIS,,,33200,,0000022022,,,TRUE,SAH83A4PT,1,057803
....................4,ISOL-SG---,0000150,2023/04/26,1.000,0.0000,0.0000,0.0000,0.0000,0.000000,0.0000,0.0000,CIUSSS-ADM,,,33200,,0000019051,,,TRUE,CNC62DNGO,1,057730
....................4,ENT-MAXIME,0000152,2023/04/26,1.000,0.0000,0.0000,0.0000,0.0000,0.000000,0.0000,0.0000,CONSEIL-MA,,,33200,,0000020006,,,TRUE,HYN0F58P8,1,057732
....................4,ISOL-SG---,0000162,2023/04/26,1.000,0.0000,0.0000,0.0000,0.0000,0.000000,0.0000,0.0000,CIUSSS-ADM,,,33200,,0000019051,,,TRUE,MH9OTRWGX,1,057733
....................4,JEAN-CARON,0000191,2023/04/26,1.000,0.0000,0.0000,0.0000,0.0000,0.000000,0.0000,0.0000,UNIVER-T-R,,,33200,,0000019047,,,TRUE,T81SF5W32,1,057735
....................4,MULTI-ENER,0000301,2023/04/26,1.000,0.0000,0.0000,0.0000,0.0000,0.000000,0.0000,0.0000,CIUSSS-ADM,,,33200,,0000020003,,,TRUE,YTZWNGGJI,1,057737
....................4,JEAN-CARON,0000306,2023/04/26,1.000,0.0000,0.0000,0.0000,0.0000,0.000000,0.0000,0.0000,UNIVER-T-R,,,33200,,0000019047,,,TRUE,GLNXRT1DD,1,057738
....................4,PLOMB-SOLU,0000312,2023/04/26,1.000,0.0000,0.0000,0.0000,0.0000,0.000000,0.0000,0.0000,CONSEIL-MA,,,33200,,0000020006,,,TRUE,22NX3RU96,1,057739
....................4,MULTI-ENER,0000347,2023/04/26,1.000,0.0000,0.0000,0.0000,0.0000,0.000000,0.0000,0.0000,CIUSSS-ADM,,,33200,,0000020003,,,TRUE,E600P7KB4,1,057740
....................4,ISOL-BOUCH,0000360,2023/04/26,1.000,0.0000,0.0000,0.0000,0.0000,0.000000,0.0000,0.0000,CIUSSS-MCQ,,,33200,,0000020010,,,TRUE,BSI8GP9J2,1,057741
....................4,ROCHON----,0000447,2023/04/26,1.000,0.0000,0.0000,0.0000,0.0000,0.000000,0.0000,0.0000,CONSEIL-MA,,,33200,,0000020006,,,TRUE,RUVE9GXOZ,1,057743
....................4,SCIAGE-ROB,0000478,2023/04/26,1.000,0.0000,0.0000,0.0000,0.0000,0.000000,0.0000,0.0000,CSS-ENERGI,,,33200,,0000021010,,,TRUE,ZEPYWA0FM,1,057745
....................4,MULTI-ENER,0000541,2023/04/26,1.000,0.0000,0.0000,0.0000,0.0000,0.000000,0.0000,0.0000,CIUSSS-ADM,,,33200,,0000020003,,,TRUE,T24XN7NSV,1,057746
....................4,COFF-PELLE,0000571,2023/04/26,1.000,0.0000,0.0000,0.0000,0.0000,0.000000,0.0000,0.0000,MUN-ST-ELI,,,33200,,0000021021,,,TRUE,SS75WYBU4,1,057747
....................4,SYST-VILLE,0000594,2023/04/26,1.000,0.0000,0.0000,0.0000,0.0000,0.000000,0.0000,0.0000,CIUSSS-ADM,,,33200,,0000020003,,,TRUE,1IT3DFU36,1,057748
....................4,BLP-ARPENT,0000596,2023/04/26,1.000,0.0000,0.0000,0.0000,0.0000,0.000000,0.0000,0.0000,AGT-------,,,33200,,0000021013,,,TRUE,MNS4NXGIB,1,057749
....................4,SYST-VILLE,0000601,2023/04/26,1.000,0.0000,0.0000,0.0000,0.0000,0.000000,0.0000,0.0000,CIUSSS-ADM,,,33200,,0000020003,,,TRUE,SEVLQT8EP,1,057750
....................4,PROT-PAQUI,0000647,2023/04/26,1.000,0.0000,0.0000,0.0000,0.0000,0.000000,0.0000,0.0000,CIUSSS-ADM,,,33200,,0000020003,,,TRUE,QBP28ZH2X,1,057752
....................4,QUINC-PORT,0000661,2023/04/26,1.000,0.0000,0.0000,0.0000,0.0000,0.000000,0.0000,0.0000,CSS-ENERGI,,,33200,,0000021011,,,TRUE,HWJZKHLCW,1,057753
....................4,QUINC-PORT,0000665,2023/04/26,1.000,0.0000,0.0000,0.0000,0.0000,0.000000,0.0000,0.0000,CSS-ENERGI,,,33200,,0000021011,,,TRUE,6NKGCT3UU,1,057754
....................4,D-MATTEAU-,0000719,2023/04/26,1.000,0.0000,0.0000,0.0000,0.0000,0.000000,0.0000,0.0000,CSS-ENERGI,,,33200,,0000021015,,,TRUE,XOX91HMKF,1,057755
....................4,ASP-CONTRO,0000735,2023/04/26,1.000,0.0000,0.0000,0.0000,0.0000,0.000000,0.0000,0.0000,CSS-ENERGI,,,33200,,0000021015,,,TRUE,EX5IFD5U0,1,057756
....................4,CARON-----,0000754,2023/04/26,1.000,0.0000,0.0000,0.0000,0.0000,0.000000,0.0000,0.0000,CSS-ENERGI,,,33200,,0000021015,,,TRUE,E9GYNQRHK,1,057757
....................4,ASP-CONTRO,0000844,2023/04/26,1.000,0.0000,0.0000,0.0000,0.0000,0.000000,0.0000,0.0000,CSS-ENERGI,,,33200,,0000021015,,,TRUE,8574FFX2U,1,057759
....................4,LG-RENOVAT,0000866,2023/04/26,1.000,0.0000,0.0000,0.0000,0.0000,0.000000,0.0000,0.0000,SIX-PINTS-,,,33200,,0000021035,,,TRUE,LQHHNCEDB,1,057761
....................4,GELINAS---,0000878,2023/04/26,1.000,0.0000,0.0000,0.0000,0.0000,0.000000,0.0000,0.0000,AGT-------,,,33200,,0000021013,,,TRUE,MROVPYVXA,1,057762
....................4,ELECT-LAUR,0000901,2023/04/26,1.000,0.0000,0.0000,0.0000,0.0000,0.000000,0.0000,0.0000,CONSEIL-MA,,,33200,,0000020006,,,FALSE,QJAXQ2BQN,1,
....................4,F-DAIGLE--,0001024,2023/04/26,1.000,0.0000,0.0000,0.0000,0.0000,0.000000,0.0000,0.0000,AGT-------,,,33200,,0000021013,,,TRUE,6Q1OP5KOQ,1,057765
....................4,AUBIN-PELL,0001026,2023/04/26,1.000,0.0000,0.0000,0.0000,0.0000,0.000000,0.0000,0.0000,AGT-------,,,33200,,0000021013,,,TRUE,XUZSAWUC3,1,057766
....................4,VITR-ASBES,0001027,2023/04/26,1.000,0.0000,0.0000,0.0000,0.0000,0.000000,0.0000,0.0000,AGT-------,,,33200,,0000021013,,,TRUE,5074OGKKP,1,057767
....................4,F-DAIGLE--,0000598,2023/04/26,1.000,0.0000,0.0000,0.0000,0.0000,0.000000,0.0000,0.0000,MACH-PRONO,,,33200,,0000021018,,,TRUE,XNW2ORJDD,1,057768
....................4,AUDET-----,0000737,2023/04/26,1.000,0.0000,0.0000,0.0000,0.0000,0.000000,0.0000,0.0000,CIUSSS-ADM,,,33200,,0000020003,,,TRUE,PHK67FHIW,1,057769
....................4,AUBIN-PELL,0001036,2023/04/26,1.000,0.0000,0.0000,0.0000,0.0000,0.000000,0.0000,0.0000,AGT-------,,,33200,,0000021013,,,TRUE,VD7MARAZX,1,057770
....................4,ENTRE-A-M-,0001053,2023/04/26,1.000,0.0000,0.0000,0.0000,0.0000,0.000000,0.0000,0.0000,AGT-------,,,33200,,0000021013,,,TRUE,IAYJEXUCD,1,057772
....................4,QUINOX----,0001060,2023/04/26,1.000,0.0000,0.0000,0.0000,0.0000,0.000000,0.0000,0.0000,AGT-------,,,33200,,0000021013,,,FALSE,NV4VLTXHC,1,
....................4,AUBIN-PELL,0001061,2023/04/26,1.000,0.0000,0.0000,0.0000,0.0000,0.000000,0.0000,0.0000,AGT-------,,,33200,,0000021013,,,TRUE,YYYBMRU8Q,1,057773
....................4,AUBIN-PELL,0001063,2023/04/26,1.000,0.0000,0.0000,0.0000,0.0000,0.000000,0.0000,0.0000,AGT-------,,,33200,,0000021013,,,TRUE,BQFIJC3VM,1,057774
....................4,PEINT-DUPO,0001095,2023/04/26,1.000,0.0000,0.0000,0.0000,0.0000,0.000000,0.0000,0.0000,AGT-------,,,33200,,0000021013,,,TRUE,9ED14OE6S,1,057776
....................4,VITR-ASBES,0001110,2023/04/26,1.000,0.0000,0.0000,0.0000,0.0000,0.000000,0.0000,0.0000,AGT-------,,,33200,,0000021013,,,TRUE,JB89M0K54,1,057777
....................4,F-DAIGLE--,0001111,2023/04/26,1.000,0.0000,0.0000,0.0000,0.0000,0.000000,0.0000,0.0000,AGT-------,,,33200,,0000021013,,,TRUE,YZFUC4EH3,1,057778
....................4,D-MATTEAU-,0000789,2023/04/26,1.000,0.0000,0.0000,0.0000,0.0000,0.000000,0.0000,0.0000,CSS-ENERGI,,,33200,,0000021015,,,TRUE,77EQID5RW,1,057780
....................4,BARETTE-ST,0000887,2023/04/26,1.000,0.0000,0.0000,0.0000,0.0000,0.000000,0.0000,0.0000,CPE-ENTRE-,,,33200,,0000021029,,,TRUE,SI8G7W3EH,1,057781
....................4,F-DAIGLE--,0001135,2023/04/26,1.000,0.0000,0.0000,0.0000,0.0000,0.000000,0.0000,0.0000,CPE-ENTRE-,,,33200,,0000021029,,,TRUE,ZEEK7SELF,1,057782
....................4,BOULAY----,0001176,2023/04/26,1.000,0.0000,0.0000,0.0000,0.0000,0.000000,0.0000,0.0000,CPE-ENTRE-,,,33200,,0000021029,,,TRUE,MX6VGXYLU,1,057783
....................4,F-DAIGLE--,0001044,2023/04/26,1.000,0.0000,0.0000,0.0000,0.0000,0.000000,0.0000,0.0000,AGT-------,,,33200,,0000021013,,,TRUE,J7YXN112N,1,057786
....................4,F-DAIGLE--,0000860,2023/04/26,1.000,0.0000,0.0000,0.0000,0.0000,0.000000,0.0000,0.0000,CPE-CHEZ-M,,,33200,,0000021030,,,TRUE,BFPY5ZW9U,1,057789
....................4,ACIER-ATR-,0000918,2023/04/26,1.000,0.0000,0.0000,0.0000,0.0000,0.000000,0.0000,0.0000,CPE-CHEZ-M,,,33200,,0000021030,,,TRUE,G2QI3UY6T,1,057790
....................4,ACIER-RAY-,0000816,2023/04/26,1.000,0.0000,0.0000,0.0000,0.0000,0.000000,0.0000,0.0000,SIX-PINTS-,,,33200,,0000021035,,,TRUE,HI3NAJM9E,1,057792
....................4,F-DAIGLE--,0000925,2023/04/26,1.000,0.0000,0.0000,0.0000,0.0000,0.000000,0.0000,0.0000,CSS-CH-ROY,,,33200,,0000021041,,,TRUE,O1FFMWKYB,1,057794
....................4,GAUTHIER--,0001159,2023/04/26,1.000,0.0000,0.0000,0.0000,0.0000,0.000000,0.0000,0.0000,CSS-ENERGI,,,33200,,0000022010,,,TRUE,VTURYOSFR,1,057796
....................4,ROGER-BELL,0001145,2023/04/26,1.000,0.0000,0.0000,0.0000,0.0000,0.000000,0.0000,0.0000,CIUSSS-ADM,,,33200,,0000022024,,,FALSE,KBLYF0O1Z,1,
....................4,SAFERACK--,0000822,2023/04/26,1.000,0.0000,0.0000,0.0000,0.0000,0.000000,0.0000,0.0000,SIX-PINTS-,,,33200,,0000021035,,,TRUE,18RZUMZ7O,1,057798
....................4,DEMBEC----,0001034,2023/04/26,1.000,0.0000,0.0000,0.0000,0.0000,0.000000,0.0000,0.0000,CSS-ENERGI,,,33200,,0000022010,,,TRUE,U31W2ZPBB,1,057800
....................4,JEAN-CARON,0001169,2023/04/26,1.000,0.0000,0.0000,0.0000,0.0000,0.000000,0.0000,0.0000,CSS-ENERGI,,,33200,,0000022010,,,TRUE,JAL67ZI55,1,057801
....................4,COUVRE-PLA,0001139,2023/04/26,1.000,0.0000,0.0000,0.0000,0.0000,0.000000,0.0000,0.0000,ARBEC-BOIS,,,33200,,0000022022,,,TRUE,SAH83A4PT,1,057803
..................052,F-DAIGLE--,0001054,2023/04/26,4.000,768.0000,38.4000,76.6080,192.0000,0.000000,0.0000,192.0000,AGT-------,,,33200,,0000021013,,,TRUE,NX4DWM23L,1,057785
,AUBIN-PELL,0001109,2023/04/27,0.000,13399.0000,669.9500,1336.5503,13399.0000,0.000000,0.0000,13399.0000,MERCIER-TG,,,33500,15401,0000021039,,,TRUE,YDF2CSN6V,1,057854
,M-MILETTE-,0001152,2023/04/27,0.000,46448.0000,2322.4000,4633.1880,46448.0000,0.000000,0.0000,46448.0000,MERCIER-TG,,,33500,05500,0000021039,,,TRUE,N3QENBCIH,1,057855
,CIMENTIER-,0001124,2023/04/27,0.000,4800.0000,240.0000,478.8000,4800.0000,0.000000,0.0000,4800.0000,MERCIER-TG,,,33500,03000,0000021039,,,TRUE,ZO72719E6,1,057856
,DEMBEC----,0001225,2023/04/27,0.000,551.9900,27.5995,55.0610,551.9900,0.000000,0.0000,551.9900,ST-ONGE-FO,,,33500,02070,0000022032,,,TRUE,N86ZBE2S1,1,057964
,SIDE-ACOUS,0001128,2023/04/28,0.000,10330.0000,516.5000,1030.4175,10330.0000,0.000000,0.0000,10330.0000,MERCIER-TG,,,33500,09000,0000021039,,,TRUE,4QNPN03G1,1,057906
,SIDE-ACOUS,0000942,2023/04/28,0.000,38000.0000,1900.0000,3790.5000,38000.0000,0.000000,0.0000,38000.0000,LIBERE-TOI,,,33500,09200,0000022005,,,TRUE,HDXYHRR4G,1,057961
,VITR-ASBES,0001127,2023/04/30,0.000,9840.0000,492.0000,981.5400,9840.0000,0.000000,0.0000,9840.0000,MERCIER-TG,,,33500,08000,0000021039,,,TRUE,Z6AQ6WUNS,1,057905
,ENT-ARSENE,0001032,2023/04/30,0.000,7384.0600,369.2030,736.5600,7384.0600,0.000000,0.0000,7384.0600,CSS-ENERGI,,,33500,15401,0000022010,,,TRUE,ZRZ16W5LG,1,057990
,ENT-ARSENE,0001170,2023/04/30,0.000,2401.3600,120.0680,239.5357,2401.3600,0.000000,0.0000,2401.3600,CSS-ENERGI,,,33500,25001,0000022010,,,TRUE,46PK40M43,1,057991
....................3,VITR-ASBES,0001127,2023/04/30,1.000,0.0000,0.0000,0.0000,0.0000,0.000000,0.0000,0.0000,MERCIER-TG,,,33200,,0000021039,,,TRUE,Z6AQ6WUNS,1,057905
....................4,VITR-ASBES,0001127,2023/04/30,1.000,0.0000,0.0000,0.0000,0.0000,0.000000,0.0000,0.0000,MERCIER-TG,,,33200,,0000021039,,,TRUE,Z6AQ6WUNS,1,057905
,PEINT-DUPO,0001126,2023/05/01,0.000,12000.0000,600.0000,1197.0000,12000.0000,0.000000,0.0000,12000.0000,MERCIER-TG,,,33500,09910,0000021039,,,TRUE,PYKXOLEBS,1,057892
,GROUPE-DBL,0001231,2023/05/01,0.000,113580.0000,5679.0000,11329.6050,113580.0000,0.000000,0.0000,113580.0000,LIBERE-TOI,,,33500,07500,0000022005,,,TRUE,YVQUOJJJL,1,058196
,DEMBEC----,0001090,2023/05/01,0.000,9125.0000,456.2500,910.2188,9125.0000,0.000000,0.0000,9125.0000,RES-L-M---,,,33500,02220,0000022018,,,TRUE,FQOIHCTBW,1,058251
,COUVRE-PLA,0001177,2023/05/01,0.000,89995.0000,4499.7500,8977.0013,89995.0000,0.000000,0.0000,89995.0000,MERCIER-TG,,,33500,09600,0000021039,,,TRUE,QRGTVTEBM,1,058320
....................3,GROUPE-DBL,0001231,2023/05/01,1.000,0.0000,0.0000,0.0000,0.0000,0.000000,0.0000,0.0000,LIBERE-TOI,,,33200,,0000022005,,,TRUE,YVQUOJJJL,1,058196
....................3,COUVRE-PLA,0001177,2023/05/01,1.000,0.0000,0.0000,0.0000,0.0000,0.000000,0.0000,0.0000,MERCIER-TG,,,33200,,0000021039,,,TRUE,QRGTVTEBM,1,058320
....................4,GROUPE-DBL,0001231,2023/05/01,1.000,0.0000,0.0000,0.0000,0.0000,0.000000,0.0000,0.0000,LIBERE-TOI,,,33200,,0000022005,,,TRUE,YVQUOJJJL,1,058196
....................4,COUVRE-PLA,0001177,2023/05/01,1.000,0.0000,0.0000,0.0000,0.0000,0.000000,0.0000,0.0000,MERCIER-TG,,,33200,,0000021039,,,TRUE,QRGTVTEBM,1,058320
,F-DAIGLE--,0001175,2023/05/02,0.000,14584.0000,729.2000,1454.7540,14584.0000,0.000000,0.0000,14584.0000,KONGSBERG-,,,33200,08000,0000022031,,,TRUE,R9PA8NU9A,1,057971
,F-DAIGLE--,0001175,2023/05/02,0.000,75.0000,3.7500,7.4813,75.0000,0.000000,0.0000,75.0000,KONGSBERG-,,,33200,08000,0000022031,,,TRUE,R9PA8NU9A,1,057971
,AUBIN-PELL,0001248,2023/05/02,0.000,20263.5000,1013.1750,2021.2841,20263.5000,0.000000,0.0000,20263.5000,KONGSBERG-,,,33500,25001,0000022031,,,TRUE,GICN1KL1I,1,058074
,AUBIN-PELL,0001248,2023/05/02,0.000,20263.5000,1013.1750,2021.2841,20263.5000,0.000000,0.0000,20263.5000,KONGSBERG-,,,33500,25001,0000022031,,,TRUE,XKY0G9ITH,1,058217
,ARMECO----,0001156,2023/05/04,0.000,6495.0000,324.7500,647.8763,6495.0000,0.000000,0.0000,6495.0000,LIBERE-TOI,,,33200,10000,0000022005,,,TRUE,PEBDFV06L,1,057952
,CLIMAT-T-R,0000609,2023/05/05,0.000,5000.0000,250.0000,498.7500,5000.0000,0.000000,0.0000,5000.0000,CIUSSS-ADM,,,33500,15001,0000021022,,,TRUE,84RUL1TJV,1,058030
,INST-D-L--,0001247,2023/05/11,0.000,14500.0000,725.0000,1446.3750,14500.0000,0.000000,0.0000,14500.0000,LIBERE-TOI,,,33500,08000,0000022005,,,TRUE,HM3VH2XBU,1,058076
,PEINT-DUPO,0001126,2023/05/16,0.000,10780.0000,539.0000,1075.3050,10780.0000,0.000000,0.0000,10780.0000,MERCIER-TG,,,33500,09910,0000021039,,,TRUE,NNIWGWXTD,1,058101
,PEINT-DUPO,0001147,2023/05/23,0.000,10544.0000,527.2000,1051.7640,10544.0000,0.000000,0.0000,10544.0000,CIUSSS-ADM,,,33500,09900,0000022024,,,TRUE,I7EX5555P,1,058153
,QUINC-PORT,0001046,2023/05/23,0.000,12000.0000,600.0000,1197.0000,12000.0000,0.000000,0.0000,12000.0000,LIBERE-TOI,,,33200,08000,0000022005,,,TRUE,WXVI3M7NK,1,058189
,CIMENTIER-,0001124,2023/05/23,0.000,700.0000,35.0000,69.8250,700.0000,0.000000,0.0000,700.0000,MERCIER-TG,,,33500,03000,0000021039,,,TRUE,IIIP1KXJC,1,058242
,VAL-MAURIC,0000943,2023/05/24,0.000,24745.0000,1237.2500,2468.3138,24745.0000,0.000000,0.0000,24745.0000,LIBERE-TOI,,,33500,16000,0000022005,,,TRUE,BQFMPIHMY,1,058193
,VAL-MAURIC,0000943,2023/05/24,0.000,25000.0000,1250.0000,2493.7500,25000.0000,0.000000,0.0000,25000.0000,LIBERE-TOI,,,33500,16310,0000022005,,,TRUE,BQFMPIHMY,1,058193
,VAL-MAURIC,0000943,2023/05/24,0.000,15345.0000,767.2500,1530.6638,15345.0000,0.000000,0.0000,15345.0000,LIBERE-TOI,,,33500,16500,0000022005,,,TRUE,BQFMPIHMY,1,058193
,VAL-MAURIC,0000943,2023/05/24,0.000,9350.0000,467.5000,932.6625,9350.0000,0.000000,0.0000,9350.0000,LIBERE-TOI,,,33500,16530,0000022005,,,TRUE,BQFMPIHMY,1,058193
,AUBIN-PELL,0001187,2023/05/25,0.000,26880.0000,1344.0000,2681.2800,26880.0000,0.000000,0.0000,26880.0000,MERCIER-TG,,,33500,25001,0000021039,,,TRUE,BE9T8JL5G,1,058187
,PERI-TECH-,0000944,2023/05/25,0.000,5088.0000,254.4000,507.5280,5088.0000,0.000000,0.0000,5088.0000,LIBERE-TOI,,,33500,15300,0000022005,,,TRUE,V432WX7TM,1,058191
,VITRERIE-2,0000939,2023/05/25,0.000,35065.0000,1753.2500,3497.7338,35065.0000,0.000000,0.0000,35065.0000,LIBERE-TOI,,,33500,08800,0000022005,,,TRUE,GE3RKDYKD,1,058199
,VITRERIE-2,0000939,2023/05/25,0.000,12283.0000,614.1500,1225.2293,12283.0000,0.000000,0.0000,12283.0000,LIBERE-TOI,,,33500,08900,0000022005,,,TRUE,GE3RKDYKD,1,058199
,CLIMATISAT,0000946,2023/05/25,0.000,22500.0000,1125.0000,2244.3750,22500.0000,0.000000,0.0000,22500.0000,LIBERE-TOI,,,33500,15700,0000022005,,,TRUE,2Y6HRFFK0,1,058303
,CLIMATISAT,0000946,2023/05/25,0.000,21600.0000,1080.0000,2154.6000,21600.0000,0.000000,0.0000,21600.0000,LIBERE-TOI,,,33500,15800,0000022005,,,TRUE,2Y6HRFFK0,1,058303
,CLIMATISAT,0000946,2023/05/25,0.000,16200.0000,810.0000,1615.9500,16200.0000,0.000000,0.0000,16200.0000,LIBERE-TOI,,,33500,15900,0000022005,,,TRUE,2Y6HRFFK0,1,058303
....................3,AUBIN-PELL,0001187,2023/05/25,1.000,0.0000,0.0000,0.0000,0.0000,0.000000,0.0000,0.0000,MERCIER-TG,,,33200,,0000021039,,,TRUE,BE9T8JL5G,1,058187
....................3,PERI-TECH-,0000944,2023/05/25,1.000,0.0000,0.0000,0.0000,0.0000,0.000000,0.0000,0.0000,LIBERE-TOI,,,33200,,0000022005,,,TRUE,V432WX7TM,1,058191
....................3,VITRERIE-2,0000939,2023/05/25,1.000,0.0000,0.0000,0.0000,0.0000,0.000000,0.0000,0.0000,LIBERE-TOI,,,33200,,0000022005,,,TRUE,GE3RKDYKD,1,058199
....................4,AUBIN-PELL,0001187,2023/05/25,1.000,0.0000,0.0000,0.0000,0.0000,0.000000,0.0000,0.0000,MERCIER-TG,,,33200,,0000021039,,,TRUE,BE9T8JL5G,1,058187
....................4,PERI-TECH-,0000944,2023/05/25,1.000,0.0000,0.0000,0.0000,0.0000,0.000000,0.0000,0.0000,LIBERE-TOI,,,33200,,0000022005,,,TRUE,V432WX7TM,1,058191
....................4,VITRERIE-2,0000939,2023/05/25,1.000,0.0000,0.0000,0.0000,0.0000,0.000000,0.0000,0.0000,LIBERE-TOI,,,33200,,0000022005,,,TRUE,GE3RKDYKD,1,058199
,SIDE-ACOUS,0000942,2023/05/26,0.000,54000.0000,2700.0000,5386.5000,54000.0000,0.000000,0.0000,54000.0000,LIBERE-TOI,,,33500,09200,0000022005,,,TRUE,ISMO8WXHK,1,058182
,SIDE-ACOUS,0001266,2023/05/26,0.000,5900.0000,295.0000,588.5250,5900.0000,0.000000,0.0000,5900.0000,BRP-MEGATE,,,33500,25001,0000023009,,,TRUE,M6LTJG1TW,1,058278
,SOUD-APPAL,0001240,2023/05/30,0.000,5313.0000,265.6500,529.9718,5313.0000,0.000000,0.0000,5313.0000,MERCIER-TG,,,33200,25001,0000021039,,,TRUE,OITR89VYZ,1,058431
,F-DAIGLE--,0001125,2023/05/30,0.000,28427.0000,1421.3500,2835.5933,28427.0000,0.000000,0.0000,28427.0000,MERCIER-TG,,,33200,08000,0000021039,,,TRUE,FDA5AM4MS,1,058433
,F-DAIGLE--,0001125,2023/05/30,0.000,2543.0000,127.1500,253.6643,2543.0000,0.000000,0.0000,2543.0000,MERCIER-TG,,,33200,25001,0000021039,,,TRUE,FDA5AM4MS,1,058433
,FNX-INNOV-,0000884,2023/05/30,0.000,14600.0000,730.0000,1456.3500,14600.0000,0.000000,0.0000,14600.0000,MERCIER---,,,33200,00400,0000021039,,,TRUE,6SACBM3FX,1,058434
,FNX-INNOV-,0000964,2023/05/30,0.000,1120.0000,56.0000,111.7200,1120.0000,0.000000,0.0000,1120.0000,MERCIER-TG,,,33500,00400,0000021039,,,TRUE,YJ93B9XBA,1,058435
,ACIER-RAY-,0001267,2023/05/30,0.000,350.0000,17.5000,34.9125,350.0000,0.000000,0.0000,350.0000,MERCIER-TG,,,33500,00400,0000021039,,,TRUE,U00YHI1YN,1,058436
,AUBIN-PELL,0001109,2023/05/30,0.000,3497.0000,174.8500,348.8258,3497.0000,0.000000,0.0000,3497.0000,MERCIER-TG,,,33500,15401,0000021039,,,TRUE,6NLVU5TIG,1,058437
,AUBIN-PELL,0001109,2023/05/30,0.000,8027.0000,401.3500,800.6933,8027.0000,0.000000,0.0000,8027.0000,MERCIER-TG,,,33500,15401,0000021039,,,TRUE,6NLVU5TIG,1,058437
,AUBIN-PELL,0001109,2023/05/30,0.000,1875.0000,93.7500,187.0313,1875.0000,0.000000,0.0000,1875.0000,MERCIER-TG,,,33500,15401,0000021039,,,TRUE,6NLVU5TIG,1,058437
,ALARME-ACC,0001205,2023/05/30,0.000,10618.0000,530.9000,1059.1455,10618.0000,0.000000,0.0000,10618.0000,MERCIER-TG,,,33500,25001,0000021039,,,TRUE,WWGEQRNHP,1,058438
,M-MILETTE-,0001152,2023/05/30,0.000,2595.0000,129.7500,258.8513,2595.0000,0.000000,0.0000,2595.0000,MERCIER-TG,,,33500,05500,0000021039,,,TRUE,9PHNR1ZBM,1,058439
....................3,M-MILETTE-,0001152,2023/05/30,1.000,0.0000,0.0000,0.0000,0.0000,0.000000,0.0000,0.0000,MERCIER-TG,,,33200,,0000021039,,,TRUE,9PHNR1ZBM,1,058439
....................4,M-MILETTE-,0001152,2023/05/30,1.000,0.0000,0.0000,0.0000,0.0000,0.000000,0.0000,0.0000,MERCIER-TG,,,33200,,0000021039,,,TRUE,9PHNR1ZBM,1,058439
...................21,FRANSYL---,0001219,2023/05/30,90.000,10350.0000,517.5000,1032.4125,115.0000,0.000000,0.0000,115.0000,MERCIER-TG,,,33200,,0000021039,,,TRUE,HUD4KNHCS,1,058432
,ISOL-FLAMC,0000602,2023/05/31,0.000,1492.5000,74.6250,148.8769,1492.5000,0.000000,0.0000,1492.5000,CIUSSS-ADM,,,33500,15080,0000021022,,,TRUE,MUQY788R7,1,058312
,ISOL-FLAMC,0001199,2023/05/31,0.000,825.0000,41.2500,82.2938,825.0000,0.000000,0.0000,825.0000,CIUSSS-ADM,,,33500,25001,0000021022,,,TRUE,6FHBMNAYT,1,058313
,REGULVAR--,0001062,2023/05/31,0.000,91.7200,4.5860,9.1491,91.7200,0.000000,0.0000,91.7200,CIUSSS-ADM,,,33500,25001,0000021022,,,TRUE,6HAS02DJY,1,058422
,REGULVAR--,0001228,2023/06/01,0.000,745.2000,37.2600,74.3337,745.2000,0.000000,0.0000,745.2000,CSS-CH-ROY,,,33500,15900,0000023007,,,TRUE,UTDNGHRD2,1,058624
,ACIER-ATR-,0001107,2023/06/01,0.000,6919.9700,345.9985,690.2670,6919.9700,0.000000,0.0000,6919.9700,MERCIER-TG,,,33500,03000,0000021039,,,TRUE,A378PFEVW,1,058748
,ALARME-ACC,0001205,2023/06/01,0.000,8912.0000,445.6000,888.9720,8912.0000,0.000000,0.0000,8912.0000,MERCIER-TG,,,33500,25001,0000021039,,,TRUE,J04QB9KP6,1,058749
,ALARME-ACC,0001189,2023/06/01,0.000,9010.0000,450.5000,898.7475,9010.0000,0.000000,0.0000,9010.0000,MERCIER-TG,,,33500,25001,0000021039,,,TRUE,9UXESUD77,1,058750
,VITR-ASBES,0001198,2023/06/01,0.000,4719.4000,235.9700,470.7602,4719.4000,0.000000,0.0000,4719.4000,RES-L-M---,,,33500,08000,0000022018,,,TRUE,DP0L3SREH,1,058753
................CADRE,F-DAIGLE--,0001284,2023/06/01,8.000,2246.4000,112.3200,224.0784,280.8000,0.000000,0.0000,280.8000,9149-7818-,,,33200,,0000022012,,,TRUE,OWQCCTBRF,1,058752
...............CADRES,F-DAIGLE--,0001284,2023/06/01,4.000,1266.4000,63.3200,126.3234,316.6000,0.000000,0.0000,316.6000,9149-7818-,,,33200,,0000022012,,,TRUE,OWQCCTBRF,1,058752
,CUISICO---,0001238,2023/06/05,0.000,8233.5000,411.6750,821.2916,8233.5000,0.000000,0.0000,8233.5000,BRP-MEGATE,,,33500,06400,0000023009,,,TRUE,Z0BCTCSBL,1,058611
,CUISICO---,0001273,2023/06/05,0.000,600.0000,30.0000,59.8500,600.0000,0.000000,0.0000,600.0000,BRP-MEGATE,,,33200,06400,0000023009,,,TRUE,HW68QLTAX,1,058612
,ALARME-ACC,0001205,2023/06/09,0.000,17686.0000,884.3000,1764.1785,17686.0000,0.000000,0.0000,17686.0000,MERCIER-TG,,,33500,25001,0000021039,,,TRUE,UBENKN7JZ,1,058406
,CENTRE-TAP,0001233,2023/06/13,0.000,14115.0000,705.7500,1407.9713,14115.0000,0.000000,0.0000,14115.0000,BRP-MEGATE,,,33500,09650,0000023009,,,TRUE,RJ9Z2JO6P,1,058425
,ACIER-ATR-,0000935,2023/06/16,0.000,10687.0000,534.3500,1066.0283,10687.0000,0.000000,0.0000,10687.0000,LIBERE-TOI,,,33500,03000,0000022005,,,TRUE,U3GL8IDVZ,1,058446
,ENT-ARSENE,0000945,2023/06/19,0.000,42000.0000,2100.0000,4189.5000,42000.0000,0.000000,0.0000,42000.0000,LIBERE-TOI,,,33500,15100,0000022005,,,TRUE,ACQLATRJK,1,058458
,ENT-ARSENE,0000945,2023/06/19,0.000,2000.0000,100.0000,199.5000,2000.0000,0.000000,0.0000,2000.0000,LIBERE-TOI,,,33500,15460,0000022005,,,TRUE,ACQLATRJK,1,058458
,AUBIN-PELL,0001191,2023/06/20,0.000,1092.0000,54.6000,108.9270,1092.0000,0.000000,0.0000,1092.0000,MERCIER-TG,,,33500,25001,0000021039,,,TRUE,L9XM2X9DA,1,058497
,QUINC-PORT,0001046,2023/06/20,0.000,34000.0000,1700.0000,3391.5000,34000.0000,0.000000,0.0000,34000.0000,LIBERE-TOI,,,33200,08000,0000022005,,,TRUE,TAC6PQJ26,1,058565
,QUINC-PORT,0001046,2023/06/20,0.000,100000.0000,5000.0000,9975.0000,100000.0000,0.000000,0.0000,100000.0000,LIBERE-TOI,,,33200,08000,0000022005,,,TRUE,7SHX6RQG6,1,058566
,QUINC-PORT,0001046,2023/06/20,0.000,67204.0000,3360.2000,6703.5990,67204.0000,0.000000,0.0000,67204.0000,LIBERE-TOI,,,33200,08000,0000022005,,,TRUE,KA4DF260H,1,058567
,ENT-ARSENE,0000945,2023/06/20,0.000,67500.0000,3375.0000,6733.1250,67500.0000,0.000000,0.0000,67500.0000,LIBERE-TOI,,,33500,15100,0000022005,,,TRUE,C85QJ9XN7,1,058650
,ENT-ARSENE,0000945,2023/06/20,0.000,4500.0000,225.0000,448.8750,4500.0000,0.000000,0.0000,4500.0000,LIBERE-TOI,,,33500,15460,0000022005,,,TRUE,C85QJ9XN7,1,058650
,SIDE-ACOUS,0001128,2023/06/21,0.000,67810.0000,3390.5000,6764.0475,67810.0000,0.000000,0.0000,67810.0000,MERCIER-TG,,,33500,09000,0000021039,,,TRUE,XN7XMFS11,1,058498
,VAL-MAURIC,0000943,2023/06/22,0.000,24745.0000,1237.2500,2468.3138,24745.0000,0.000000,0.0000,24745.0000,LIBERE-TOI,,,33500,16000,0000022005,,,TRUE,3WXMZ6H3R,1,058568
,VAL-MAURIC,0000943,2023/06/22,0.000,8600.0000,430.0000,857.8500,8600.0000,0.000000,0.0000,8600.0000,LIBERE-TOI,,,33500,16150,0000022005,,,TRUE,3WXMZ6H3R,1,058568
,VAL-MAURIC,0000943,2023/06/22,0.000,15750.0000,787.5000,1571.0625,15750.0000,0.000000,0.0000,15750.0000,LIBERE-TOI,,,33500,16310,0000022005,,,TRUE,3WXMZ6H3R,1,058568
,VAL-MAURIC,0000943,2023/06/22,0.000,15345.0000,767.2500,1530.6638,15345.0000,0.000000,0.0000,15345.0000,LIBERE-TOI,,,33500,16500,0000022005,,,TRUE,3WXMZ6H3R,1,058568
,VAL-MAURIC,0000943,2023/06/22,0.000,9350.0000,467.5000,932.6625,9350.0000,0.000000,0.0000,9350.0000,LIBERE-TOI,,,33500,16530,0000022005,,,TRUE,3WXMZ6H3R,1,058568
,VAL-MAURIC,0000943,2023/06/22,0.000,6000.0000,300.0000,598.5000,6000.0000,0.000000,0.0000,6000.0000,LIBERE-TOI,,,33500,16700,0000022005,,,TRUE,3WXMZ6H3R,1,058568
,PERI-TECH-,0000944,2023/06/22,0.000,20352.0000,1017.6000,2030.1120,20352.0000,0.000000,0.0000,20352.0000,LIBERE-TOI,,,33500,15300,0000022005,,,TRUE,LV2QHO075,1,058569
,ENT-MAXIME,0000967,2023/06/25,0.000,34800.0000,1740.0000,3471.3000,34800.0000,0.000000,0.0000,34800.0000,LIBERE-TOI,,,33500,02070,0000022005,,,TRUE,D63FCMYDU,1,058614
,ENT-MAXIME,0000967,2023/06/25,0.000,86000.0000,4300.0000,8578.5000,86000.0000,0.000000,0.0000,86000.0000,LIBERE-TOI,,,33500,02800,0000022005,,,TRUE,D63FCMYDU,1,058614
,ENT-MAXIME,0001220,2023/06/25,0.000,32490.0000,1624.5000,3240.8775,32490.0000,0.000000,0.0000,32490.0000,CSS-CH-ROY,,,33500,02200,0000023007,,,TRUE,A40TOKJH4,1,058616
,ENT-MAXIME,0001220,2023/06/25,0.000,67297.5000,3364.8750,6712.9256,67297.5000,0.000000,0.0000,67297.5000,CSS-CH-ROY,,,33500,02315,0000023007,,,TRUE,A40TOKJH4,1,058616
,ENT-MAXIME,0001220,2023/06/25,0.000,31635.0000,1581.7500,3155.5913,31635.0000,0.000000,0.0000,31635.0000,CSS-CH-ROY,,,33500,02775,0000023007,,,TRUE,A40TOKJH4,1,058616
,ENT-MAXIME,0001220,2023/06/25,0.000,2700.0000,135.0000,269.3250,2700.0000,0.000000,0.0000,2700.0000,CSS-CH-ROY,,,33500,07120,0000023007,,,TRUE,A40TOKJH4,1,058616
,MACONNERIE,0000940,2023/06/26,0.000,203387.4000,10169.3700,20287.8932,203387.4000,0.000000,0.0000,203387.4000,LIBERE-TOI,,,33500,04000,0000022005,,,TRUE,J64NXE11B,1,058615
....................3,MACONNERIE,0000940,2023/06/26,1.000,0.0000,0.0000,0.0000,0.0000,0.000000,0.0000,0.0000,LIBERE-TOI,,,33200,,0000022005,,,TRUE,J64NXE11B,1,058615
....................4,MACONNERIE,0000940,2023/06/26,1.000,0.0000,0.0000,0.0000,0.0000,0.000000,0.0000,0.0000,LIBERE-TOI,,,33200,,0000022005,,,TRUE,J64NXE11B,1,058615
,D-DIONNE--,0001144,2023/06/27,0.000,4100.0000,205.0000,408.9750,4100.0000,0.000000,0.0000,4100.0000,CIUSSS-ADM,,,33500,09300,0000022024,,,TRUE,NINK4IRT8,1,058555
,D-DIONNE--,0001144,2023/06/27,0.000,6900.0000,345.0000,688.2750,6900.0000,0.000000,0.0000,6900.0000,CIUSSS-ADM,,,33500,09300,0000022024,,,TRUE,NINK4IRT8,1,058555
,AUBIN-PELL,0001206,2023/06/27,0.000,12695.0000,634.7500,1266.3263,12695.0000,0.000000,0.0000,12695.0000,MERCIER-TG,,,33500,25001,0000021039,,,TRUE,MHGX5SK29,1,058578
,AUBIN-PELL,0001191,2023/06/27,0.000,1647.0000,82.3500,164.2883,1647.0000,0.000000,0.0000,1647.0000,MERCIER-TG,,,33500,25001,0000021039,,,TRUE,0O0KKPFE4,1,058579
,ARMECO----,0001263,2023/06/27,0.000,9385.0000,469.2500,936.1538,9385.0000,0.000000,0.0000,9385.0000,LIBERE-TOI,,,33200,25001,0000022005,,,TRUE,QB76TIR49,1,058580
,CLIMATISAT,0000946,2023/06/27,0.000,9000.0000,450.0000,897.7500,9000.0000,0.000000,0.0000,9000.0000,LIBERE-TOI,,,33500,15700,0000022005,,,TRUE,MG274VSTO,1,058581
,CLIMATISAT,0000946,2023/06/27,0.000,4500.0000,225.0000,448.8750,4500.0000,0.000000,0.0000,4500.0000,LIBERE-TOI,,,33500,15750,0000022005,,,TRUE,MG274VSTO,1,058581
,CLIMATISAT,0000946,2023/06/27,0.000,45000.0000,2250.0000,4488.7500,45000.0000,0.000000,0.0000,45000.0000,LIBERE-TOI,,,33500,15800,0000022005,,,TRUE,MG274VSTO,1,058581
,CLIMATISAT,0000946,2023/06/27,0.000,14400.0000,720.0000,1436.4000,14400.0000,0.000000,0.0000,14400.0000,LIBERE-TOI,,,33500,15900,0000022005,,,TRUE,MG274VSTO,1,058581
,SIDE-ACOUS,0000942,2023/06/30,0.000,115000.0000,5750.0000,11471.2500,115000.0000,0.000000,0.0000,115000.0000,LIBERE-TOI,,,33500,09200,0000022005,,,TRUE,2YYEWJ0PW,1,058613
,ASC-LUMAR-,0001097,2023/06/30,0.000,9450.0000,472.5000,942.6375,9450.0000,0.000000,0.0000,9450.0000,CSS-ENERGI,,,33500,14200,0000022020,,,TRUE,LXF0DUZWE,1,058729
....................3,ASC-LUMAR-,0001097,2023/06/30,1.000,0.0000,0.0000,0.0000,0.0000,0.000000,0.0000,0.0000,CSS-ENERGI,,,33200,,0000022020,,,TRUE,LXF0DUZWE,1,058729
....................4,ASC-LUMAR-,0001097,2023/06/30,1.000,0.0000,0.0000,0.0000,0.0000,0.000000,0.0000,0.0000,CSS-ENERGI,,,33200,,0000022020,,,TRUE,LXF0DUZWE,1,058729
,VAL-MAURIC,0000849,2023/07/01,0.000,59.0000,2.9500,5.8853,59.0000,0.000000,0.0000,59.0000,CIUSSS-MCQ,,,33500,25001,0000021002,,,TRUE,3Y5H1UJVC,1,058843
,PEINT-DUPO,0000630,2023/07/01,0.000,50.0000,2.5000,4.9875,50.0000,0.000000,0.0000,50.0000,CIUSSS-MCQ,,,33500,09910,0000021002,,,TRUE,UF7YB57CX,1,058866
,PEINT-DUPO,0000630,2023/07/01,0.000,456.0000,22.8000,45.4860,456.0000,0.000000,0.0000,456.0000,CIUSSS-MCQ,,,33500,09910,0000021002,,,TRUE,UF7YB57CX,1,058866
,ROGER-BELL,0001138,2023/07/05,0.000,19790.0000,989.5000,1974.0525,19790.0000,0.000000,0.0000,19790.0000,MERCIER-TG,,,33500,07330,0000021039,,,TRUE,NDQZHZR7U,1,058649
,ROGER-BELL,0001275,2023/07/05,0.000,259500.0000,12975.0000,25885.1250,259500.0000,0.000000,0.0000,259500.0000,METRO-ST-T,,,33500,07500,0000023014,,,TRUE,QG5WT3DY7,1,058720
,PLOMB-MTCA,0001235,2023/07/06,0.000,7340.0000,367.0000,732.1650,7340.0000,0.000000,0.0000,7340.0000,BRP-MEGATE,,,33500,15401,0000023009,,,TRUE,5PVB8BGLF,1,059057
,ALARME-ACC,0001205,2023/07/11,0.000,2356.0000,117.8000,235.0110,2356.0000,0.000000,0.0000,2356.0000,MERCIER-TG,,,33500,25001,0000021039,,,TRUE,ZRKIFM9IU,1,058751
,ENT-ARSENE,0001213,2023/07/13,0.000,9796.0500,489.8025,977.1560,9796.0500,0.000000,0.0000,9796.0500,CSS-CH-ROY,,,33500,15401,0000023007,,,TRUE,RVP7KS4SV,1,059095
,ENT-ARSENE,0000945,2023/07/17,0.000,90000.0000,4500.0000,8977.5000,90000.0000,0.000000,0.0000,90000.0000,LIBERE-TOI,,,33500,15100,0000022005,,,TRUE,LELYF5TSP,1,058806
,ENT-ARSENE,0000945,2023/07/17,0.000,13500.0000,675.0000,1346.6250,13500.0000,0.000000,0.0000,13500.0000,LIBERE-TOI,,,33500,15460,0000022005,,,TRUE,LELYF5TSP,1,058806
,ENT-MAXIME,0001256,2023/07/17,0.000,27920.0000,1396.0000,2785.0200,27920.0000,0.000000,0.0000,27920.0000,CSS-ENERGI,,,33500,03000,0000023010,,,TRUE,C2VDLFKQ7,1,058807
,ENT-MAXIME,0001220,2023/07/17,0.000,32490.0000,1624.5000,3240.8775,32490.0000,0.000000,0.0000,32490.0000,CSS-CH-ROY,,,33500,02200,0000023007,,,TRUE,BRR9WO5GA,1,058831
,ENT-MAXIME,0001220,2023/07/17,0.000,990.0000,49.5000,98.7525,990.0000,0.000000,0.0000,990.0000,CSS-CH-ROY,,,33500,03920,0000023007,,,TRUE,BRR9WO5GA,1,058831
,ENT-MAXIME,0001220,2023/07/17,0.000,6300.0000,315.0000,628.4250,6300.0000,0.000000,0.0000,6300.0000,CSS-CH-ROY,,,33500,03930,0000023007,,,TRUE,BRR9WO5GA,1,058831
,VAL-MAURIC,0000835,2023/07/18,0.000,-1530.3400,-76.5170,-152.6514,-1530.3400,0.000000,0.0000,-1530.3400,CIUSSS-MCQ,,,33500,25001,0000021002,,,TRUE,0YWAIH48U,1,058844
,VAL-MAURIC,0000793,2023/07/18,0.000,101.9000,5.0950,10.1645,101.9000,0.000000,0.0000,101.9000,CIUSSS-MCQ,,,33500,25001,0000021002,,,TRUE,NCP68H8UM,1,058845
,ENT-MAXIME,0000855,2023/07/18,0.000,150.0000,7.5000,14.9625,150.0000,0.000000,0.0000,150.0000,CIUSSS-MCQ,,,33500,25001,0000021002,,,TRUE,ZM3L1564M,1,058846
,ENT-MAXIME,0000855,2023/07/18,0.000,150.0000,7.5000,14.9625,150.0000,0.000000,0.0000,150.0000,CIUSSS-MCQ,,,33500,25001,0000021002,,,TRUE,ZM3L1564M,1,058846
,VAL-MAURIC,0000607,2023/07/18,0.000,9035.4000,451.7700,901.2812,9035.4000,0.000000,0.0000,9035.4000,CIUSSS-MCQ,,,33500,25001,0000021002,,,TRUE,ZDZIYDW1Z,1,058847
....................3,ENT-MAXIME,0000855,2023/07/18,1.000,0.0000,0.0000,0.0000,0.0000,0.000000,0.0000,0.0000,CIUSSS-MCQ,,,33200,,0000021002,,,TRUE,ZM3L1564M,1,058846
....................4,ENT-MAXIME,0000855,2023/07/18,1.000,0.0000,0.0000,0.0000,0.0000,0.000000,0.0000,0.0000,CIUSSS-MCQ,,,33200,,0000021002,,,TRUE,ZM3L1564M,1,058846
,ENT-ARSENE,0001282,2023/07/19,0.000,-24988.1400,-1249.4070,-2492.5670,-24988.1400,0.000000,0.0000,-24988.1400,LIBERE-TOI,,,33500,25001,0000022005,,,TRUE,B82DAGZ69,1,058862
,VAL-MAURIC,0000943,2023/07/19,0.000,24745.0000,1237.2500,2468.3138,24745.0000,0.000000,0.0000,24745.0000,LIBERE-TOI,,,33500,16000,0000022005,,,TRUE,RIQZ9I007,1,058863
,VAL-MAURIC,0000943,2023/07/19,0.000,22250.0000,1112.5000,2219.4375,22250.0000,0.000000,0.0000,22250.0000,LIBERE-TOI,,,33500,16310,0000022005,,,TRUE,RIQZ9I007,1,058863
,VAL-MAURIC,0000943,2023/07/19,0.000,7650.0000,382.5000,763.0875,7650.0000,0.000000,0.0000,7650.0000,LIBERE-TOI,,,33500,16500,0000022005,,,TRUE,RIQZ9I007,1,058863
,FORAGE-GAR,0001289,2023/07/19,0.000,11400.0000,570.0000,1137.1500,11400.0000,0.000000,0.0000,11400.0000,9405-5993-,,,33500,02070,0000023004,,,TRUE,OZV0C1G86,1,058869
,FRANCO----,0001180,2023/07/19,0.000,25389.0000,1269.4500,2532.5528,25389.0000,0.000000,0.0000,25389.0000,LIBERE-TOI,,,33500,07210,0000022005,,,TRUE,USFIOOGKB,1,058899
,ROGER-BELL,0001259,2023/07/20,0.000,31875.0000,1593.7500,3179.5313,31875.0000,0.000000,0.0000,31875.0000,CSS-CH-ROY,,,33500,07120,0000023007,,,TRUE,S0DOWW3CC,1,058867
,GAUTHIER--,0001262,2023/07/20,0.000,5257.5000,262.8750,524.4356,5257.5000,0.000000,0.0000,5257.5000,CSS-CH-ROY,,,33500,15001,0000022020,,,TRUE,IKOR3P05J,1,058885
,MACONNERIE,0000940,2023/07/20,0.000,110980.0000,5549.0000,11070.2550,110980.0000,0.000000,0.0000,110980.0000,LIBERE-TOI,,,33500,04000,0000022005,,,TRUE,N0ZVOV5PT,1,059862
,PEINT-DUPO,0001252,2023/07/20,0.000,13000.0000,650.0000,1296.7500,13000.0000,0.000000,0.0000,13000.0000,CSS-ENERGI,,,33500,09910,0000023010,,,TRUE,SPG1T6R6C,1,058890
,PEINT-DUPO,0001252,2023/07/20,0.000,938.5000,46.9250,93.6154,938.5000,0.000000,0.0000,938.5000,CSS-ENERGI,,,33500,09910,0000023010,,,TRUE,C77YYYW5H,1,058891
,PERI-TECH-,0000944,2023/07/20,0.000,33920.0000,1696.0000,3383.5200,33920.0000,0.000000,0.0000,33920.0000,LIBERE-TOI,,,33500,15300,0000022005,,,TRUE,O4WXPCFWD,1,058892
,FORME-CONC,0001214,2023/07/20,0.000,3032.0000,151.6000,302.4420,3032.0000,0.000000,0.0000,3032.0000,CPE-CHEZ-M,,,33500,25001,0000021030,,,TRUE,NXIT6RY0B,1,058898
,CLIMATISAT,0000946,2023/07/21,0.000,5220.0000,261.0000,520.6950,5220.0000,0.000000,0.0000,5220.0000,LIBERE-TOI,,,33500,15700,0000022005,,,TRUE,FFAKHSZTZ,1,058864
,CLIMATISAT,0000946,2023/07/21,0.000,33750.0000,1687.5000,3366.5625,33750.0000,0.000000,0.0000,33750.0000,LIBERE-TOI,,,33500,15800,0000022005,,,TRUE,FFAKHSZTZ,1,058864
,GOUT-PT-QC,0001178,2023/07/21,0.000,1765.4000,88.2700,176.0987,1765.4000,0.000000,0.0000,1765.4000,SOC-DEV-SH,,,33500,07510,0000022038,,,TRUE,F2BBN66EN,1,058983
....................3,GOUT-PT-QC,0001178,2023/07/21,1.000,0.0000,0.0000,0.0000,0.0000,0.000000,0.0000,0.0000,SOC-DEV-SH,,,33200,,0000022038,,,TRUE,F2BBN66EN,1,058983
....................4,GOUT-PT-QC,0001178,2023/07/21,1.000,0.0000,0.0000,0.0000,0.0000,0.000000,0.0000,0.0000,SOC-DEV-SH,,,33200,,0000022038,,,TRUE,F2BBN66EN,1,058983
,ACIER-ATR-,0001107,2023/08/01,0.000,5615.0000,280.7500,560.0963,5615.0000,0.000000,0.0000,5615.0000,MERCIER-TG,,,33500,03000,0000021039,,,TRUE,9CKFBNNHN,1,059126
,ACIER-ATR-,0001107,2023/08/01,0.000,730.0300,36.5015,72.8205,730.0300,0.000000,0.0000,730.0300,MERCIER-TG,,,33500,03000,0000021039,,,TRUE,9CKFBNNHN,1,059126
,ACIER-ATR-,0001216,2023/08/01,0.000,3230.0100,161.5005,322.1935,3230.0100,0.000000,0.0000,3230.0100,MERCIER-TG,,,33500,25001,0000021039,,,TRUE,6XRBAXB29,1,059127
,PEINT-DUPO,0001234,2023/08/01,0.000,2144.0000,107.2000,213.8640,2144.0000,0.000000,0.0000,2144.0000,BRP-MEGATE,,,33500,09910,0000023009,,,TRUE,K0HVKT7FL,1,059128
,CUISICO---,0001276,2023/08/01,0.000,765.0300,38.2515,76.3117,765.0300,0.000000,0.0000,765.0300,BRP-MEGATE,,,33200,06400,0000023009,,,TRUE,FHV6IWF6Z,1,059129
,CUISICO---,0001276,2023/08/01,0.000,180.0000,9.0000,17.9550,180.0000,0.000000,0.0000,180.0000,BRP-MEGATE,,,33200,06400,0000023009,,,TRUE,FHV6IWF6Z,1,059129
,DEMBEC----,0001226,2023/08/01,0.000,3350.0000,167.5000,334.1625,3350.0000,0.000000,0.0000,3350.0000,BRP-MEGATE,,,33500,02070,0000023009,,,TRUE,GHQNC44UG,1,059130
,DEMBEC----,0001226,2023/08/01,0.000,2150.0000,107.5000,214.4625,2150.0000,0.000000,0.0000,2150.0000,BRP-MEGATE,,,33500,02070,0000023009,,,TRUE,GHQNC44UG,1,059130
,MARC-COSSE,0001098,2023/08/07,0.000,3600.0000,180.0000,359.1000,3600.0000,0.000000,0.0000,3600.0000,CSS-ENERGI,,,33500,16000,0000022020,,,TRUE,MA883FC64,1,058934
,MARC-COSSE,0001236,2023/08/07,0.000,11025.0000,551.2500,1099.7438,11025.0000,0.000000,0.0000,11025.0000,BRP-MEGATE,,,33500,16000,0000023009,,,TRUE,J10PHKTGR,1,058964
,F-DAIGLE--,0001251,2023/08/09,0.000,34999.0000,1749.9500,3491.1503,34999.0000,0.000000,0.0000,34999.0000,CSS-ENERGI,,,33200,08000,0000023010,,,TRUE,NG8LA87M1,1,059062
,CLIMAT-T-R,0000609,2023/08/14,0.000,2843.7500,142.1875,283.6641,2843.7500,0.000000,0.0000,2843.7500,CIUSSS-ADM,,,33500,15001,0000021022,,,TRUE,GZ5HEI6EK,1,059041
,ROGER-BELL,0001259,2023/08/14,0.000,10625.0000,531.2500,1059.8438,10625.0000,0.000000,0.0000,10625.0000,CSS-CH-ROY,,,33500,07120,0000023007,,,TRUE,HJRMOKYIZ,1,059086
,SCRIPTAM--,0001253,2023/08/15,0.000,19103.0000,955.1500,1905.5243,19103.0000,0.000000,0.0000,19103.0000,CSS-ENERGI,,,33200,10000,0000023010,,,TRUE,813G1XAPH,1,059093
,ASC-LUMAR-,0001097,2023/08/21,0.000,90720.0000,4536.0000,9049.3200,90720.0000,0.000000,0.0000,90720.0000,CSS-ENERGI,,,33500,14200,0000022020,,,TRUE,B8SQ7G0US,1,059085
,ARMECO----,0001156,2023/08/21,0.000,1335.0000,66.7500,133.1663,1335.0000,0.000000,0.0000,1335.0000,LIBERE-TOI,,,33200,10000,0000022005,,,TRUE,QA4ZOSAQR,1,059088
,ARMECO----,0001223,2023/08/21,0.000,175.0000,8.7500,17.4563,175.0000,0.000000,0.0000,175.0000,LIBERE-TOI,,,33500,25001,0000022005,,,TRUE,0FD3EM35U,1,059089
,F-DAIGLE--,0001251,2023/08/21,0.000,49191.0000,2459.5500,4906.8023,49191.0000,0.000000,0.0000,49191.0000,CSS-ENERGI,,,33200,08000,0000023010,,,TRUE,DBA1IMK0V,1,059206
,ENT-ARSENE,0001213,2023/08/21,0.000,15673.6800,783.6840,1563.4496,15673.6800,0.000000,0.0000,15673.6800,CSS-CH-ROY,,,33500,15401,0000023007,,,TRUE,D730J77TH,1,059429
,VAL-MAURIC,0001255,2023/08/24,0.000,12000.0000,600.0000,1197.0000,12000.0000,0.000000,0.0000,12000.0000,CSS-ENERGI,,,33500,16000,0000023010,,,TRUE,7B7HKJ0O3,1,059210
,CLIMATISAT,0000946,2023/08/25,0.000,7650.0000,382.5000,763.0875,7650.0000,0.000000,0.0000,7650.0000,LIBERE-TOI,,,33500,15750,0000022005,,,TRUE,81SR4G2YR,1,059301
,CLIMATISAT,0000946,2023/08/25,0.000,38250.0000,1912.5000,3815.4375,38250.0000,0.000000,0.0000,38250.0000,LIBERE-TOI,,,33500,15800,0000022005,,,TRUE,81SR4G2YR,1,059301
,CLIMATISAT,0000946,2023/08/25,0.000,8100.0000,405.0000,807.9750,8100.0000,0.000000,0.0000,8100.0000,LIBERE-TOI,,,33500,15900,0000022005,,,TRUE,81SR4G2YR,1,059301
,VAL-MAURIC,0001245,2023/08/29,0.000,7000.0000,350.0000,698.2500,7000.0000,0.000000,0.0000,7000.0000,CSS-CH-ROY,,,33500,15900,0000023007,,,TRUE,MK0530FIT,1,059163
,MARC-COSSE,0001098,2023/08/29,0.000,6804.0000,340.2000,678.6990,6804.0000,0.000000,0.0000,6804.0000,CSS-ENERGI,,,33500,16000,0000022020,,,TRUE,L0NMKI0SQ,1,059164
,J-GARCEAU-,0001232,2023/08/29,0.000,28840.0000,1442.0000,2876.7900,28840.0000,0.000000,0.0000,28840.0000,CSS-CH-ROY,,,33500,07469,0000023007,,,TRUE,3T25EBPY2,1,059168
,ASC-LUMAR-,0001097,2023/08/29,0.000,88830.0000,4441.5000,8860.7925,88830.0000,0.000000,0.0000,88830.0000,CSS-ENERGI,,,33500,14200,0000022020,,,TRUE,VZE91TQCG,1,059169
,ENT-MAXIME,0001313,2023/08/29,0.000,35640.0000,1782.0000,3555.0900,35640.0000,0.000000,0.0000,35640.0000,FESTIVAL-W,,,33500,02070,0000023019,,,TRUE,D4PLVQX1I,1,059171
,ENT-MAXIME,0001220,2023/08/29,0.000,67297.5000,3364.8750,6712.9256,67297.5000,0.000000,0.0000,67297.5000,CSS-CH-ROY,,,33500,02315,0000023007,,,TRUE,NFR0Z2DW9,1,059173
,ENT-MAXIME,0001220,2023/08/29,0.000,6799.5000,339.9750,678.2501,6799.5000,0.000000,0.0000,6799.5000,CSS-CH-ROY,,,33500,02480,0000023007,,,TRUE,NFR0Z2DW9,1,059173
,ENT-MAXIME,0001220,2023/08/29,0.000,26550.0000,1327.5000,2648.3625,26550.0000,0.000000,0.0000,26550.0000,CSS-CH-ROY,,,33500,02620,0000023007,,,TRUE,NFR0Z2DW9,1,059173
,ENT-MAXIME,0001220,2023/08/29,0.000,70110.0000,3505.5000,6993.4725,70110.0000,0.000000,0.0000,70110.0000,CSS-CH-ROY,,,33500,02740,0000023007,,,TRUE,NFR0Z2DW9,1,059173
,ENT-MAXIME,0001220,2023/08/29,0.000,43387.2000,2169.3600,4327.8732,43387.2000,0.000000,0.0000,43387.2000,CSS-CH-ROY,,,33500,02775,0000023007,,,TRUE,NFR0Z2DW9,1,059173
,ENT-MAXIME,0001220,2023/08/29,0.000,2475.0000,123.7500,246.8813,2475.0000,0.000000,0.0000,2475.0000,CSS-CH-ROY,,,33500,02820,0000023007,,,TRUE,NFR0Z2DW9,1,059173
,ENT-MAXIME,0001220,2023/08/29,0.000,21331.1200,1066.5560,2127.7792,21331.1200,0.000000,0.0000,21331.1200,CSS-CH-ROY,,,33500,02900,0000023007,,,TRUE,NFR0Z2DW9,1,059173
,MACONNERIE,0000940,2023/08/29,0.000,265500.0000,13275.0000,26483.6250,265500.0000,0.000000,0.0000,265500.0000,LIBERE-TOI,,,33500,04000,0000022005,,,TRUE,ZJQC979HS,1,059207
,SIDE-ACOUS,0001271,2023/08/29,0.000,49800.0000,2490.0000,4967.5500,49800.0000,0.000000,0.0000,49800.0000,LIBERE-TOI,,,33500,06100,0000022005,,,TRUE,BD4FGQ52U,1,059299
,SIDE-ACOUS,0000942,2023/08/29,0.000,45000.0000,2250.0000,4488.7500,45000.0000,0.000000,0.0000,45000.0000,LIBERE-TOI,,,33500,09200,0000022005,,,TRUE,XE2ECZS40,1,059300
,SIDE-ACOUS,0001258,2023/08/30,0.000,19800.0000,990.0000,1975.0500,19800.0000,0.000000,0.0000,19800.0000,CSS-ENERGI,,,33500,09510,0000023010,,,TRUE,O5LT3JT8S,1,059208
,VAL-MAURIC,0000943,2023/08/30,0.000,43210.0000,2160.5000,4310.1975,43210.0000,0.000000,0.0000,43210.0000,LIBERE-TOI,,,33500,16000,0000022005,,,TRUE,YUQOY5508,1,059209
,VAL-MAURIC,0000943,2023/08/30,0.000,7875.0000,393.7500,785.5313,7875.0000,0.000000,0.0000,7875.0000,LIBERE-TOI,,,33500,16150,0000022005,,,TRUE,YUQOY5508,1,059209
,VAL-MAURIC,0000943,2023/08/30,0.000,12000.0000,600.0000,1197.0000,12000.0000,0.000000,0.0000,12000.0000,LIBERE-TOI,,,33500,16310,0000022005,,,TRUE,YUQOY5508,1,059209
,VAL-MAURIC,0000943,2023/08/30,0.000,7085.0000,354.2500,706.7288,7085.0000,0.000000,0.0000,7085.0000,LIBERE-TOI,,,33500,16500,0000022005,,,TRUE,YUQOY5508,1,059209
,ENT-MAXIME,0001256,2023/08/30,0.000,3141.0000,157.0500,313.3148,3141.0000,0.000000,0.0000,3141.0000,CSS-ENERGI,,,33500,03000,0000023010,,,TRUE,D80DXTPJW,1,059211
,PERI-TECH-,0000944,2023/08/30,0.000,16960.0000,848.0000,1691.7600,16960.0000,0.000000,0.0000,16960.0000,LIBERE-TOI,,,33500,15300,0000022005,,,TRUE,A1VL2HU82,1,059213
,PERI-TECH-,0001261,2023/08/30,0.000,55200.0000,2760.0000,5506.2000,55200.0000,0.000000,0.0000,55200.0000,CSS-ENERGI,,,33500,15300,0000023010,,,TRUE,KOTT1E9J7,1,059214
,PEINT-DUPO,0001252,2023/08/30,0.000,2494.0000,124.7000,248.7765,2494.0000,0.000000,0.0000,2494.0000,CSS-ENERGI,,,33500,09910,0000023010,,,TRUE,MJHN5U29K,1,059215
,PEINT-DUPO,0001294,2023/08/30,0.000,3031.0000,151.5500,302.3423,3031.0000,0.000000,0.0000,3031.0000,CSS-ENERGI,,,33500,25001,0000023010,,,TRUE,OC6ODU7A8,1,059216
,SOLIDER---,0001290,2023/08/30,0.000,6097.3900,304.8695,608.2147,6097.3900,0.000000,0.0000,6097.3900,LIBERE-TOI,,,33500,25001,0000022005,,,TRUE,4KVFP2J45,1,059217
,F-DAIGLE--,0001287,2023/09/01,0.000,1225.0000,61.2500,122.1938,1225.0000,0.000000,0.0000,1225.0000,ADDENERGIE,,,33200,25001,0000023015,,,TRUE,RZOW7E0OF,1,059506
,ENT-ARSENE,0001254,2023/09/01,0.000,19049.4000,952.4700,1900.1777,19049.4000,0.000000,0.0000,19049.4000,CSS-ENERGI,,,33500,15401,0000023010,,,TRUE,MWDABEU3J,1,059692
,MARC-COSSE,0001280,2023/09/12,0.000,255.0000,12.7500,25.4363,255.0000,0.000000,0.0000,255.0000,CSS-CH-ROY,,,33500,25001,0000022020,,,TRUE,CH2GSG664,1,059343
,MARC-COSSE,0001292,2023/09/12,0.000,765.0000,38.2500,76.3088,765.0000,0.000000,0.0000,765.0000,CSS-CH-ROY,,,33500,25001,0000022020,,,TRUE,9YX74DKP3,1,059344
,BOULAY----,0001317,2023/09/14,0.000,2340.0000,117.0000,233.4150,2340.0000,0.000000,0.0000,2340.0000,CSS-ENERGI,,,33200,05500,0000023010,,,TRUE,U8W8BPATQ,1,059964
,VAL-MAURIC,0001255,2023/09/18,0.000,759.9200,37.9960,75.8020,759.9200,0.000000,0.0000,759.9200,CSS-ENERGI,,,33500,16000,0000023010,,,TRUE,3K694LXDF,1,059385
,FRANCO----,0001180,2023/09/18,0.000,43730.0000,2186.5000,4362.0675,43730.0000,0.000000,0.0000,43730.0000,LIBERE-TOI,,,33500,07210,0000022005,,,TRUE,TX0XKHRPX,1,059387
,MESAR-----,0001320,2023/09/18,0.000,5794.2600,289.7130,577.9774,5794.2600,0.000000,0.0000,5794.2600,LUC-FARRIE,,,33200,25001,0000023018,,,TRUE,058XYBUUU,1,059398
,SCRIPTAM--,0001323,2023/09/18,0.000,749.0000,37.4500,74.7128,749.0000,0.000000,0.0000,749.0000,CSS-ENERGI,,,33200,25001,0000023010,,,TRUE,PBN4V32F0,1,059400
,ENT-ARSENE,0001213,2023/09/18,0.000,13714.4700,685.7235,1368.0184,13714.4700,0.000000,0.0000,13714.4700,CSS-CH-ROY,,,33500,15401,0000023007,,,TRUE,T4E2PDUS1,1,059778
,PEINT-DUPO,0001252,2023/09/19,0.000,561.5000,28.0750,56.0096,561.5000,0.000000,0.0000,561.5000,CSS-ENERGI,,,33500,09910,0000023010,,,TRUE,TW3954F1H,1,059774
,ENT-ARSENE,0000945,2023/09/20,0.000,90000.0000,4500.0000,8977.5000,90000.0000,0.000000,0.0000,90000.0000,LIBERE-TOI,,,33500,15100,0000022005,,,TRUE,GG5S5KBYD,1,059772
,ENT-ARSENE,0000945,2023/09/20,0.000,22500.0000,1125.0000,2244.3750,22500.0000,0.000000,0.0000,22500.0000,LIBERE-TOI,,,33500,15260,0000022005,,,TRUE,GG5S5KBYD,1,059772
,ENT-ARSENE,0000945,2023/09/20,0.000,36000.0000,1800.0000,3591.0000,36000.0000,0.000000,0.0000,36000.0000,LIBERE-TOI,,,33500,15460,0000022005,,,TRUE,GG5S5KBYD,1,059772
,VITRERIE-2,0000939,2023/09/25,0.000,25349.0000,1267.4500,2528.5628,25349.0000,0.000000,0.0000,25349.0000,LIBERE-TOI,,,33500,08900,0000022005,,,TRUE,KTLCMON3I,1,059477
,VITRERIE-2,0001291,2023/09/25,0.000,4775.0000,238.7500,476.3063,4775.0000,0.000000,0.0000,4775.0000,LIBERE-TOI,,,33200,25001,0000022005,,,TRUE,MZIKX118E,1,059478
,VAL-MAURIC,0000943,2023/09/25,0.000,20000.0000,1000.0000,1995.0000,20000.0000,0.000000,0.0000,20000.0000,LIBERE-TOI,,,33500,16000,0000022005,,,TRUE,X1TVRK4KM,1,059479
,VAL-MAURIC,0000943,2023/09/25,0.000,6000.0000,300.0000,598.5000,6000.0000,0.000000,0.0000,6000.0000,LIBERE-TOI,,,33500,16150,0000022005,,,TRUE,X1TVRK4KM,1,059479
,VAL-MAURIC,0000943,2023/09/25,0.000,18000.0000,900.0000,1795.5000,18000.0000,0.000000,0.0000,18000.0000,LIBERE-TOI,,,33500,16500,0000022005,,,TRUE,X1TVRK4KM,1,059479
,VAL-MAURIC,0000943,2023/09/25,0.000,8800.0000,440.0000,877.8000,8800.0000,0.000000,0.0000,8800.0000,LIBERE-TOI,,,33500,16530,0000022005,,,TRUE,X1TVRK4KM,1,059479
,VAL-MAURIC,0000943,2023/09/25,0.000,8000.0000,400.0000,798.0000,8000.0000,0.000000,0.0000,8000.0000,LIBERE-TOI,,,33500,16700,0000022005,,,TRUE,X1TVRK4KM,1,059479
,VAL-MAURIC,0001255,2023/09/25,0.000,4185.0000,209.2500,417.4538,4185.0000,0.000000,0.0000,4185.0000,CSS-ENERGI,,,33500,16000,0000023010,,,TRUE,I3F0LXI5L,1,059480
,BOULAY----,0000952,2023/09/25,0.000,29611.1100,1480.5555,2953.7082,29611.1100,0.000000,0.0000,29611.1100,LIBERE-TOI,,,33500,05500,0000022005,,,TRUE,1D2O2PUPI,1,059481
,ENT-MAXIME,0001220,2023/09/25,0.000,8662.5000,433.1250,864.0844,8662.5000,0.000000,0.0000,8662.5000,CSS-CH-ROY,,,33500,02775,0000023007,,,TRUE,DQD9AMSYA,1,059553
,ENT-MAXIME,0001313,2023/09/25,0.000,3960.0000,198.0000,395.0100,3960.0000,0.000000,0.0000,3960.0000,FESTIVAL-W,,,33500,02070,0000023019,,,TRUE,5XDH1WO8I,1,059555
,ENT-MAXIME,0001313,2023/09/25,0.000,18360.0000,918.0000,1831.4100,18360.0000,0.000000,0.0000,18360.0000,FESTIVAL-W,,,33500,02300,0000023019,,,TRUE,5XDH1WO8I,1,059555
,MACONNERIE,0000940,2023/09/25,0.000,175500.0000,8775.0000,17506.1250,175500.0000,0.000000,0.0000,175500.0000,LIBERE-TOI,,,33500,04000,0000022005,,,TRUE,435R2WF96,1,059586
,CLIMATISAT,0000946,2023/09/25,0.000,8550.0000,427.5000,852.8625,8550.0000,0.000000,0.0000,8550.0000,LIBERE-TOI,,,33500,15080,0000022005,,,TRUE,G5DIRMZ5F,1,059587
,CLIMATISAT,0000946,2023/09/25,0.000,46800.0000,2340.0000,4668.3000,46800.0000,0.000000,0.0000,46800.0000,LIBERE-TOI,,,33500,15800,0000022005,,,TRUE,G5DIRMZ5F,1,059587
,CLIMATISAT,0000946,2023/09/25,0.000,13500.0000,675.0000,1346.6250,13500.0000,0.000000,0.0000,13500.0000,LIBERE-TOI,,,33500,15900,0000022005,,,TRUE,G5DIRMZ5F,1,059587
,CLIMATISAT,0001318,2023/09/25,0.000,12150.0000,607.5000,1211.9625,12150.0000,0.000000,0.0000,12150.0000,LIBERE-TOI,,,33500,25001,0000022005,,,TRUE,EH35LS4KP,1,059588
,LAMPRON-BR,0001229,2023/09/26,0.000,12000.0000,600.0000,1197.0000,12000.0000,0.000000,0.0000,12000.0000,CSS-CH-ROY,,,33500,04000,0000023007,,,TRUE,X8Z005REN,1,059552
,SIDE-ACOUS,0000942,2023/09/28,0.000,90000.0000,4500.0000,8977.5000,90000.0000,0.000000,0.0000,90000.0000,LIBERE-TOI,,,33500,09200,0000022005,,,TRUE,B0ESQDV13,1,059589
,VITR-ASBES,0001257,2023/09/29,0.000,5500.0000,275.0000,548.6250,5500.0000,0.000000,0.0000,5500.0000,CSS-ENERGI,,,33500,08000,0000023010,,,TRUE,2Z90ICX6J,1,059693
,F-DAIGLE--,0001321,2023/09/30,0.000,3100.8000,155.0400,309.3048,3100.8000,0.000000,0.0000,3100.8000,9149-7818-,,,33200,25001,0000022012,,,TRUE,L16UMYMC6,1,059664
,F-DAIGLE--,0001321,2023/09/30,0.000,190.8000,9.5400,19.0323,190.8000,0.000000,0.0000,190.8000,9149-7818-,,,33200,25001,0000022012,,,TRUE,L16UMYMC6,1,059664
,F-DAIGLE--,0001321,2023/09/30,0.000,106.4000,5.3200,10.6134,106.4000,0.000000,0.0000,106.4000,9149-7818-,,,33200,25001,0000022012,,,TRUE,L16UMYMC6,1,059664
,F-DAIGLE--,0001321,2023/09/30,0.000,1550.4000,77.5200,154.6524,1550.4000,0.000000,0.0000,1550.4000,9149-7818-,,,33200,25001,0000022012,,,TRUE,L16UMYMC6,1,059664
,F-DAIGLE--,0001321,2023/09/30,0.000,276.0000,13.8000,27.5310,276.0000,0.000000,0.0000,276.0000,9149-7818-,,,33200,25001,0000022012,,,TRUE,L16UMYMC6,1,059664
,F-DAIGLE--,0001321,2023/09/30,0.000,196.8000,9.8400,19.6308,196.8000,0.000000,0.0000,196.8000,9149-7818-,,,33200,25001,0000022012,,,TRUE,L16UMYMC6,1,059664
,F-DAIGLE--,0001321,2023/09/30,0.000,76.0000,3.8000,7.5810,76.0000,0.000000,0.0000,76.0000,9149-7818-,,,33200,25001,0000022012,,,TRUE,L16UMYMC6,1,059664
,F-DAIGLE--,0001321,2023/09/30,0.000,96.0000,4.8000,9.5760,96.0000,0.000000,0.0000,96.0000,9149-7818-,,,33200,25001,0000022012,,,TRUE,L16UMYMC6,1,059664
,F-DAIGLE--,0001321,2023/09/30,0.000,180.6000,9.0300,18.0149,180.6000,0.000000,0.0000,180.6000,9149-7818-,,,33200,25001,0000022012,,,TRUE,L16UMYMC6,1,059664
,F-DAIGLE--,0001321,2023/09/30,0.000,1500.4000,75.0200,149.6649,1500.4000,0.000000,0.0000,1500.4000,9149-7818-,,,33200,25001,0000022012,,,TRUE,L16UMYMC6,1,059664
,F-DAIGLE--,0001321,2023/09/30,0.000,1280.0000,64.0000,127.6800,1280.0000,0.000000,0.0000,1280.0000,9149-7818-,,,33200,25001,0000022012,,,TRUE,L16UMYMC6,1,059664
,F-DAIGLE--,0001321,2023/09/30,0.000,425.6000,21.2800,42.4536,425.6000,0.000000,0.0000,425.6000,9149-7818-,,,33200,25001,0000022012,,,TRUE,L16UMYMC6,1,059664
,METAL-LAMI,0001336,2023/09/30,0.000,10276.3100,513.8155,1025.0619,10276.3100,0.000000,0.0000,10276.3100,9149-7818-,,,33200,25001,0000022012,,,TRUE,JUTNX5H3T,1,059665
,TVG1------,0000985,2023/09/30,0.000,43151.3600,2157.5680,4304.3482,43151.3600,0.000000,0.0000,43151.3600,LIBERE-TOI,,,33200,06100,0000022005,,,TRUE,KHBXMPHPS,1,059834
,TVG1------,0000985,2023/09/30,0.000,250.0000,12.5000,24.9375,250.0000,0.000000,0.0000,250.0000,LIBERE-TOI,,,33200,06100,0000022005,,,TRUE,KHBXMPHPS,1,059834
,CANAC-----,0000997,2023/09/30,0.000,69852.4500,3492.6225,6967.7819,69852.4500,0.000000,0.0000,69852.4500,LIBERE-TOI,,,33200,06100,0000022005,,,TRUE,N2BXZFWH5,1,059835
,PLB-BETON-,0001059,2023/09/30,0.000,33200.0000,1660.0000,3311.7000,33200.0000,0.000000,0.0000,33200.0000,LIBERE-TOI,,,33500,03000,0000022005,,,TRUE,3NPO09ZS4,1,059836
,ULTRATOIT-,0000938,2023/09/30,0.000,126200.0000,6310.0000,12588.4500,126200.0000,0.000000,0.0000,126200.0000,LIBERE-TOI,,,33500,07500,0000022005,,,TRUE,6BMBEYQE1,1,059863
,PLB-BETON-,0001059,2023/09/30,0.000,120.0000,6.0000,0.0000,120.0000,0.000000,0.0000,120.0000,LIBERE-TOI,,,33500,03000,0000022005,,,TRUE,U8EVGFTZR,1,059864
,CANAC-----,0001340,2023/09/30,0.000,7311.0000,365.5500,729.2723,7311.0000,0.000000,0.0000,7311.0000,LIBERE-TOI,,,33200,06100,0000022005,,,TRUE,Y5D3VFEX4,1,059865
....................3,TVG1------,0000985,2023/09/30,1.000,0.0000,0.0000,0.0000,0.0000,0.000000,0.0000,0.0000,LIBERE-TOI,,,33200,,0000022005,,,TRUE,KHBXMPHPS,1,059834
....................3,PLB-BETON-,0001059,2023/09/30,1.000,0.0000,0.0000,0.0000,0.0000,0.000000,0.0000,0.0000,LIBERE-TOI,,,33200,,0000022005,,,TRUE,3NPO09ZS4,1,059836
....................3,ULTRATOIT-,0000938,2023/09/30,1.000,0.0000,0.0000,0.0000,0.0000,0.000000,0.0000,0.0000,LIBERE-TOI,,,33200,,0000022005,,,TRUE,6BMBEYQE1,1,059863
....................4,TVG1------,0000985,2023/09/30,1.000,0.0000,0.0000,0.0000,0.0000,0.000000,0.0000,0.0000,LIBERE-TOI,,,33200,,0000022005,,,TRUE,KHBXMPHPS,1,059834
....................4,PLB-BETON-,0001059,2023/09/30,1.000,0.0000,0.0000,0.0000,0.0000,0.000000,0.0000,0.0000,LIBERE-TOI,,,33200,,0000022005,,,TRUE,3NPO09ZS4,1,059836
....................4,ULTRATOIT-,0000938,2023/09/30,1.000,0.0000,0.0000,0.0000,0.0000,0.000000,0.0000,0.0000,LIBERE-TOI,,,33200,,0000022005,,,TRUE,6BMBEYQE1,1,059863
,CORFLEX---,0001067,2023/10/02,0.000,1363.0000,68.1500,135.9593,1363.0000,0.000000,0.0000,1363.0000,LIBERE-TOI,,,33500,10000,0000022005,,,TRUE,0DG9R8JD2,1,059691
,CORFLEX---,0001067,2023/10/02,0.000,2761.0000,138.0500,275.4098,2761.0000,0.000000,0.0000,2761.0000,LIBERE-TOI,,,33500,10000,0000022005,,,TRUE,0DG9R8JD2,1,059691
,AIE-INFORM,0001345,2023/10/16,0.000,4445.0000,222.2500,443.3888,4445.0000,0.000000,0.0000,4445.0000,LUC-FARRIE,,,33200,25001,0000023018,,,TRUE,M0DPH7N07,1,059741
,FORAGE-GAR,0001289,2023/10/16,0.000,12400.0000,620.0000,1236.9000,12400.0000,0.000000,0.0000,12400.0000,9405-5993-,,,33500,02070,0000023004,,,TRUE,Q7G67Z7ZS,1,059744
,MILETTE-G-,0001319,2023/10/20,0.000,2332.7900,116.6395,232.6958,2332.7900,0.000000,0.0000,2332.7900,LIBERE-TOI,,,33200,25001,0000022005,,,TRUE,RXUJBJFA8,1,059829
,CAP-ISOLAT,0001146,2023/10/25,0.000,6858.0000,342.9000,684.0855,6858.0000,0.000000,0.0000,6858.0000,CIUSSS-ADM,,,33500,15000,0000022024,,,TRUE,SQ80J9V0M,1,059866
,MARC-COSSE,0001098,2023/10/25,0.000,1156.0000,57.8000,115.3110,1156.0000,0.000000,0.0000,1156.0000,CSS-ENERGI,,,33500,16000,0000022020,,,TRUE,F2LOX8E9O,1,059867
,MARC-COSSE,0001292,2023/10/25,0.000,52.0000,2.6000,5.1870,52.0000,0.000000,0.0000,52.0000,CSS-CH-ROY,,,33500,25001,0000022020,,,TRUE,V0L4835FJ,1,059868
,MARC-COSSE,0001292,2023/10/25,0.000,33.0000,1.6500,3.2918,33.0000,0.000000,0.0000,33.0000,CSS-CH-ROY,,,33500,25001,0000022020,,,TRUE,U16TTXRKX,1,059869
,PLOMB-MTCA,0001158,2023/10/25,0.000,12265.0000,613.2500,1223.4338,12265.0000,0.000000,0.0000,12265.0000,CIUSSS-ADM,,,33500,15401,0000022024,,,TRUE,6T9012X75,1,059916
,VITRERIE-2,0000939,2023/10/25,0.000,8400.0000,420.0000,837.9000,8400.0000,0.000000,0.0000,8400.0000,LIBERE-TOI,,,33500,08900,0000022005,,,TRUE,EH22SJSYD,1,059955
,PEINT-DUPO,0001163,2023/10/25,0.000,22344.0000,1117.2000,2228.8140,22344.0000,0.000000,0.0000,22344.0000,ST-ONGE-FO,,,33500,09910,0000022032,,,TRUE,3ZQ6FPKF3,1,059956
,CLIMATISAT,0000946,2023/10/25,0.000,18000.0000,900.0000,1795.5000,18000.0000,0.000000,0.0000,18000.0000,LIBERE-TOI,,,33500,15080,0000022005,,,TRUE,CNEXLNAH2,1,059958
,CLIMATISAT,0000946,2023/10/25,0.000,39600.0000,1980.0000,3950.1000,39600.0000,0.000000,0.0000,39600.0000,LIBERE-TOI,,,33500,15800,0000022005,,,TRUE,CNEXLNAH2,1,059958
,CLIMATISAT,0000946,2023/10/25,0.000,4050.0000,202.5000,403.9875,4050.0000,0.000000,0.0000,4050.0000,LIBERE-TOI,,,33500,15900,0000022005,,,TRUE,CNEXLNAH2,1,059958
....................3,CAP-ISOLAT,0001146,2023/10/25,1.000,0.0000,0.0000,0.0000,0.0000,0.000000,0.0000,0.0000,CIUSSS-ADM,,,33200,,0000022024,,,TRUE,SQ80J9V0M,1,059866
....................3,MARC-COSSE,0001098,2023/10/25,1.000,0.0000,0.0000,0.0000,0.0000,0.000000,0.0000,0.0000,CSS-ENERGI,,,33200,,0000022020,,,TRUE,F2LOX8E9O,1,059867
....................3,CLIMATISAT,0000946,2023/10/25,1.000,0.0000,0.0000,0.0000,0.0000,0.000000,0.0000,0.0000,LIBERE-TOI,,,33200,,0000022005,,,TRUE,CNEXLNAH2,1,059958
....................4,CAP-ISOLAT,0001146,2023/10/25,1.000,0.0000,0.0000,0.0000,0.0000,0.000000,0.0000,0.0000,CIUSSS-ADM,,,33200,,0000022024,,,TRUE,SQ80J9V0M,1,059866
....................4,MARC-COSSE,0001098,2023/10/25,1.000,0.0000,0.0000,0.0000,0.0000,0.000000,0.0000,0.0000,CSS-ENERGI,,,33200,,0000022020,,,TRUE,F2LOX8E9O,1,059867
....................4,CLIMATISAT,0000946,2023/10/25,1.000,0.0000,0.0000,0.0000,0.0000,0.000000,0.0000,0.0000,LIBERE-TOI,,,33200,,0000022005,,,TRUE,CNEXLNAH2,1,059958
,ENT-MAXIME,0001142,2023/10/30,0.000,8383.5000,419.1750,836.2541,8383.5000,0.000000,0.0000,8383.5000,CIUSSS-ADM,,,33500,02110,0000022024,,,TRUE,ZDSC35HZQ,1,059900
,ENT-MAXIME,0001313,2023/10/30,0.000,46132.2000,2306.6100,4601.6870,46132.2000,0.000000,0.0000,46132.2000,FESTIVAL-W,,,33500,02300,0000023019,,,TRUE,4F3IX41HU,1,059901
,REGULVAR--,0001228,2023/10/30,0.000,5216.4000,260.8200,520.3359,5216.4000,0.000000,0.0000,5216.4000,CSS-CH-ROY,,,33500,15900,0000023007,,,TRUE,P5E0NXA6P,1,059902
,LAMPRON-BR,0001229,2023/10/30,0.000,4000.0000,200.0000,399.0000,4000.0000,0.000000,0.0000,4000.0000,CSS-CH-ROY,,,33500,04000,0000023007,,,TRUE,W8RA2LAKW,1,059911
,FERRAILLEU,0001311,2023/10/30,0.000,7000.0000,350.0000,698.2500,7000.0000,0.000000,0.0000,7000.0000,FESTIVAL-W,,,33500,03000,0000023019,,,TRUE,4DLXJR68S,1,059915
,PERI-TECH-,0001261,2023/10/30,0.000,36800.0000,1840.0000,3670.8000,36800.0000,0.000000,0.0000,36800.0000,CSS-ENERGI,,,33500,15300,0000023010,,,TRUE,HED5M54IV,1,059927
,PERI-TECH-,0000944,2023/10/30,0.000,25440.0000,1272.0000,2537.6400,25440.0000,0.000000,0.0000,25440.0000,LIBERE-TOI,,,33500,15300,0000022005,,,TRUE,NO12F7F8A,1,059928
,VAL-MAURIC,0000943,2023/10/30,0.000,20000.0000,1000.0000,1995.0000,20000.0000,0.000000,0.0000,20000.0000,LIBERE-TOI,,,33500,16000,0000022005,,,TRUE,JP5QCMZPN,1,059940
,VAL-MAURIC,0000943,2023/10/30,0.000,10000.0000,500.0000,997.5000,10000.0000,0.000000,0.0000,10000.0000,LIBERE-TOI,,,33500,16500,0000022005,,,TRUE,JP5QCMZPN,1,059940
,VAL-MAURIC,0000943,2023/10/30,0.000,6000.0000,300.0000,598.5000,6000.0000,0.000000,0.0000,6000.0000,LIBERE-TOI,,,33500,16530,0000022005,,,TRUE,JP5QCMZPN,1,059940
,EBEN-LEMIR,0001021,2023/10/30,0.000,29800.0000,1490.0000,2972.5500,29800.0000,0.000000,0.0000,29800.0000,LIBERE-TOI,,,33500,06400,0000022005,,,TRUE,Z8FOUY7HY,1,059950
,CONST-MESK,0001348,2023/10/30,0.000,223851.2500,11192.5625,22329.1622,223851.2500,0.000000,0.0000,223851.2500,CONS-ATIKA,,,33500,02300,0000023020,,,TRUE,RMV8KHGMJ,1,060055
,CONST-MESK,0001348,2023/10/30,0.000,18000.0000,900.0000,1795.5000,18000.0000,0.000000,0.0000,18000.0000,CONS-ATIKA,,,33500,02510,0000023020,,,TRUE,RMV8KHGMJ,1,060055
,CONST-MESK,0001348,2023/10/30,0.000,80000.0000,4000.0000,7980.0000,80000.0000,0.000000,0.0000,80000.0000,CONS-ATIKA,,,33500,03000,0000023020,,,TRUE,RMV8KHGMJ,1,060055
,MACONNERIE,0000940,2023/10/31,0.000,20730.6000,1036.5300,2067.8774,20730.6000,0.000000,0.0000,20730.6000,LIBERE-TOI,,,33500,04000,0000022005,,,TRUE,5DL8XAIAR,1,060007
,SIDE-ACOUS,0000942,2023/10/31,0.000,110000.0000,5500.0000,10972.5000,110000.0000,0.000000,0.0000,110000.0000,LIBERE-TOI,,,33500,09200,0000022005,,,TRUE,CM0ORHSQC,1,060008
,COFF-BERGE,0001312,2023/10/31,0.000,24750.0000,1237.5000,2468.8125,24750.0000,0.000000,0.0000,24750.0000,FESTIVAL-W,,,33500,03000,0000023019,,,TRUE,HDFHJBNMD,1,060042
,PRO-TECK--,0001297,2023/10/31,0.000,17820.9000,891.0450,1777.6348,17820.9000,0.000000,0.0000,17820.9000,FESTIVAL-W,,,33500,15401,0000023019,,,TRUE,AUX25S4NB,1,060043
,BRAVURA...,0001357,2023/11/01,0.000,39156.1400,0.0000,3905.8250,39156.1400,0.000000,0.0000,39156.1400,CONS-ATIKA,,,33500,08560,0000023020,,,TRUE,R7RCSDL7D,1,060006
,CONC-C3M--,0001349,2023/11/01,0.000,705.0000,35.2500,70.3238,705.0000,0.000000,0.0000,705.0000,ST-ONGE-FO,,,33200,25001,0000022032,,,TRUE,HI35SW183,1,060544
,BOULAY----,0000952,2023/11/06,0.000,39000.0000,1950.0000,3890.2500,39000.0000,0.000000,0.0000,39000.0000,LIBERE-TOI,,,33500,05500,0000022005,,,TRUE,NXD0J5K7P,1,060098
....................3,BOULAY----,0000952,2023/11/06,1.000,0.0000,0.0000,0.0000,0.0000,0.000000,0.0000,0.0000,LIBERE-TOI,,,33200,,0000022005,,,TRUE,NXD0J5K7P,1,060098
....................4,BOULAY----,0000952,2023/11/06,1.000,0.0000,0.0000,0.0000,0.0000,0.000000,0.0000,0.0000,LIBERE-TOI,,,33200,,0000022005,,,TRUE,NXD0J5K7P,1,060098
,JEAN-SIMAR,0001310,2023/11/16,0.000,36400.0000,1820.0000,3630.9000,36400.0000,0.000000,0.0000,36400.0000,FESTIVAL-W,,,33500,05000,0000023019,,,TRUE,CMJEKDGC2,1,060404
,JEAN-SIMAR,0001361,2023/11/16,0.000,1493.7500,74.6875,149.0016,1493.7500,0.000000,0.0000,1493.7500,FESTIVAL-W,,,33200,05000,0000023019,,,TRUE,YR4KXV928,1,060405
,BOULAY----,0000952,2023/11/23,0.000,40000.0000,2000.0000,3990.0000,40000.0000,0.000000,0.0000,40000.0000,LIBERE-TOI,,,33500,05500,0000022005,,,TRUE,NR9M3IRY1,1,060313
,QUINOX----,0001162,2023/11/24,0.000,60999.4000,3049.9700,6084.6902,60999.4000,0.000000,0.0000,60999.4000,ST-ONGE-FO,,,33500,07600,0000022032,X000001171,,FALSE,SJE0PEB0L,1,
,QUINOX----,0001162,2023/11/24,0.000,60999.4000,3049.9700,6084.6902,60999.4000,0.000000,0.0000,60999.4000,ST-ONGE-FO,,,33500,07600,0000022032,,,TRUE,V5RMZOFDK,1,060321
,CLIMATISAT,0001318,2023/11/24,0.000,9205.5400,460.2770,918.2526,9205.5400,0.000000,0.0000,9205.5400,LIBERE-TOI,,,33500,25001,0000022005,,,TRUE,IXZKEB4WW,1,060438
,CLIMATISAT,0001270,2023/11/24,0.000,10780.2500,539.0125,1075.3299,10780.2500,0.000000,0.0000,10780.2500,LIBERE-TOI,,,33500,25001,0000022005,,,TRUE,9F1TD7MPK,1,060439
,CLIMATISAT,0000946,2023/11/24,0.000,5850.0000,292.5000,583.5375,5850.0000,0.000000,0.0000,5850.0000,LIBERE-TOI,,,33500,15080,0000022005,,,TRUE,OE4CVI7LR,1,060443
,CLIMATISAT,0000946,2023/11/24,0.000,49500.0000,2475.0000,4937.6250,49500.0000,0.000000,0.0000,49500.0000,LIBERE-TOI,,,33500,15800,0000022005,,,TRUE,OE4CVI7LR,1,060443
,CLIMATISAT,0000946,2023/11/24,0.000,8100.0000,405.0000,807.9750,8100.0000,0.000000,0.0000,8100.0000,LIBERE-TOI,,,33500,15900,0000022005,,,TRUE,OE4CVI7LR,1,060443
,GROUPESANI,0001300,2023/11/27,0.000,3822.0000,191.1000,381.2445,3822.0000,0.000000,0.0000,3822.0000,FESTIVAL-W,,,33200,10000,0000023019,,,TRUE,L80XY4N08,1,060281
,MULTI-ENER,0001296,2023/11/27,0.000,1080.0000,54.0000,107.7300,1080.0000,0.000000,0.0000,1080.0000,FESTIVAL-W,,,33500,15001,0000023019,,,TRUE,VCZS7R89R,1,060286
,INTEGRAIR-,0001351,2023/11/27,0.000,3546.9000,177.3450,353.8033,3546.9000,0.000000,0.0000,3546.9000,CONS-ATIKA,,,33500,15900,0000023020,,,TRUE,5SQ997UR2,1,060309
,PERI-TECH-,0000944,2023/11/27,0.000,33920.0000,1696.0000,3383.5200,33920.0000,0.000000,0.0000,33920.0000,LIBERE-TOI,,,33500,15300,0000022005,,,TRUE,810TJRML6,1,060310
,VAL-MAURIC,0000943,2023/11/27,0.000,10000.0000,500.0000,997.5000,10000.0000,0.000000,0.0000,10000.0000,LIBERE-TOI,,,33500,16000,0000022005,,,TRUE,0LUQZACIM,1,060311
,VAL-MAURIC,0000943,2023/11/27,0.000,14000.0000,700.0000,1396.5000,14000.0000,0.000000,0.0000,14000.0000,LIBERE-TOI,,,33500,16150,0000022005,,,TRUE,0LUQZACIM,1,060311
,VAL-MAURIC,0000943,2023/11/27,0.000,10000.0000,500.0000,997.5000,10000.0000,0.000000,0.0000,10000.0000,LIBERE-TOI,,,33500,16500,0000022005,,,TRUE,0LUQZACIM,1,060311
,VAL-MAURIC,0000943,2023/11/27,0.000,15000.0000,750.0000,1496.2500,15000.0000,0.000000,0.0000,15000.0000,LIBERE-TOI,,,33500,16530,0000022005,,,TRUE,0LUQZACIM,1,060311
,D-DIONNE--,0001144,2023/11/28,0.000,9460.0000,473.0000,943.6350,9460.0000,0.000000,0.0000,9460.0000,CIUSSS-ADM,,,33500,09300,0000022024,,,TRUE,WQI52GIJX,1,060322
,REGULVAR--,0000604,2023/11/28,0.000,2062.5000,103.1250,205.7344,2062.5000,0.000000,0.0000,2062.5000,CIUSSS-ADM,,,33500,13800,0000021022,,,TRUE,OIXXGV43H,1,060325
,BRETON-PLO,0001102,2023/11/28,0.000,1088.8000,54.4400,108.6078,1088.8000,0.000000,0.0000,1088.8000,CPE-ENTRE-,,,33500,25001,0000021029,,,TRUE,LKX3IJ7XX,1,060331
,BRETON-PLO,0000841,2023/11/28,0.000,687.7000,34.3850,68.5981,687.7000,0.000000,0.0000,687.7000,CPE-ENTRE-,,,33500,25001,0000021029,,,TRUE,0Y2MZL93B,1,060332
,BRETON-PLO,0000705,2023/11/28,0.000,7772.6000,388.6300,775.3169,7772.6000,0.000000,0.0000,7772.6000,CPE-ENTRE-,,,33500,15001,0000021029,,,TRUE,7D5TAZTN7,1,060333
,PRO-ARMATU,0001329,2023/11/28,0.000,37819.5000,1890.9750,3772.4951,37819.5000,0.000000,0.0000,37819.5000,CONS-ATIKA,,,33500,03000,0000023020,,,TRUE,34GJZRWIG,1,060449
,PRO-ARMATU,0001329,2023/11/28,0.000,2227.8900,111.3945,222.2320,2227.8900,0.000000,0.0000,2227.8900,CONS-ATIKA,,,33500,03000,0000023020,,,TRUE,NIMQSM3JW,1,060546
....................3,BRETON-PLO,0000841,2023/11/28,1.000,0.0000,0.0000,0.0000,0.0000,0.000000,0.0000,0.0000,CPE-ENTRE-,,,33200,,0000021029,,,TRUE,0Y2MZL93B,1,060332
....................4,BRETON-PLO,0000841,2023/11/28,1.000,0.0000,0.0000,0.0000,0.0000,0.000000,0.0000,0.0000,CPE-ENTRE-,,,33200,,0000021029,,,TRUE,0Y2MZL93B,1,060332
,SIDE-ACOUS,0000942,2023/11/30,0.000,105000.0000,5250.0000,10473.7500,105000.0000,0.000000,0.0000,105000.0000,LIBERE-TOI,,,33500,09200,0000022005,,,TRUE,SNW50UQVJ,1,060436
,SIDE-ACOUS,0001281,2023/11/30,0.000,3925.0000,196.2500,391.5188,3925.0000,0.000000,0.0000,3925.0000,LIBERE-TOI,,,33500,25001,0000022005,,,TRUE,YO30HTGT6,1,060437
,CONST-REGI,0001352,2023/11/30,0.000,329037.0000,16451.8500,32821.4408,329037.0000,0.000000,0.0000,329037.0000,CONS-ATIKA,,,33500,03000,0000023020,,,TRUE,ZBLTJT4N7,1,060440
,ENT-ARSENE,0000945,2023/12/01,0.000,63000.0000,3150.0000,6284.2500,63000.0000,0.000000,0.0000,63000.0000,LIBERE-TOI,,,33500,15100,0000022005,,,TRUE,DYIH2R40G,1,060654
,ENT-ARSENE,0000945,2023/12/01,0.000,13500.0000,675.0000,1346.6250,13500.0000,0.000000,0.0000,13500.0000,LIBERE-TOI,,,33500,15260,0000022005,,,TRUE,DYIH2R40G,1,060654
,ENT-ARSENE,0000945,2023/12/01,0.000,9000.0000,450.0000,897.7500,9000.0000,0.000000,0.0000,9000.0000,LIBERE-TOI,,,33500,15460,0000022005,,,TRUE,DYIH2R40G,1,060654
,CUISICO---,0001149,2023/12/07,0.000,21543.6900,1077.1845,2148.9831,21543.6900,0.000000,0.0000,21543.6900,SIX-PINTS-,,,33500,06400,0000022027,,,TRUE,DXHRRSIGF,1,060456
,FORME-CONC,0001195,2023/12/07,0.000,810.0000,40.5000,80.7975,810.0000,0.000000,0.0000,810.0000,KONGSBERG-,,,33500,06400,0000022031,,,TRUE,YXRI4MIJX,1,060457
,F-DAIGLE--,0001175,2023/12/07,0.000,25286.0000,1264.3000,2522.2785,25286.0000,0.000000,0.0000,25286.0000,KONGSBERG-,,,33200,08000,0000022031,,,TRUE,H39JKOO9I,1,060458
....................3,CUISICO---,0001149,2023/12/07,1.000,0.0000,0.0000,0.0000,0.0000,0.000000,0.0000,0.0000,SIX-PINTS-,,,33200,,0000022027,,,TRUE,DXHRRSIGF,1,060456
....................3,F-DAIGLE--,0001175,2023/12/07,1.000,0.0000,0.0000,0.0000,0.0000,0.000000,0.0000,0.0000,KONGSBERG-,,,33200,,0000022031,,,TRUE,H39JKOO9I,1,060458
....................4,CUISICO---,0001149,2023/12/07,1.000,0.0000,0.0000,0.0000,0.0000,0.000000,0.0000,0.0000,SIX-PINTS-,,,33200,,0000022027,,,TRUE,DXHRRSIGF,1,060456
....................4,F-DAIGLE--,0001175,2023/12/07,1.000,0.0000,0.0000,0.0000,0.0000,0.000000,0.0000,0.0000,KONGSBERG-,,,33200,,0000022031,,,TRUE,H39JKOO9I,1,060458
,CONC-C3M--,0001373,2023/12/11,0.000,555.0000,27.7500,55.3613,555.0000,0.000000,0.0000,555.0000,CONS-ATIKA,,,33200,05500,0000023020,,,TRUE,N40UH4LKX,1,060517
,LOC-T-RIV-,0001365,2023/12/11,0.000,5609.5000,280.4750,559.5476,5609.5000,0.000000,0.0000,5609.5000,CONS-ATIKA,,,33200,00400,0000023020,,,TRUE,65NWFQG18,1,060527
,REINE-COUV,0000937,2023/12/13,0.000,11735.5500,586.7775,1170.6211,11735.5500,0.000000,0.0000,11735.5500,LIBERE-TOI,,,33500,09600,0000022005,,,TRUE,6D14F9R0X,1,060655
,REINE-COUV,0000937,2023/12/13,0.000,10372.0100,518.6005,1034.6080,10372.0100,0.000000,0.0000,10372.0100,LIBERE-TOI,,,33500,09600,0000022005,,,TRUE,JEFHRNW13,1,060656
,L-MILETTE-,0000941,2023/12/13,0.000,25000.0000,1250.0000,2493.7500,25000.0000,0.000000,0.0000,25000.0000,LIBERE-TOI,,,33500,09910,0000022005,,,TRUE,GDY8Z3MN7,1,060657
....................3,L-MILETTE-,0000941,2023/12/13,1.000,0.0000,0.0000,0.0000,0.0000,0.000000,0.0000,0.0000,LIBERE-TOI,,,33200,,0000022005,,,TRUE,GDY8Z3MN7,1,060657
....................4,L-MILETTE-,0000941,2023/12/13,1.000,0.0000,0.0000,0.0000,0.0000,0.000000,0.0000,0.0000,LIBERE-TOI,,,33200,,0000022005,,,TRUE,GDY8Z3MN7,1,060657
,GROUPE-DBL,0001231,2023/12/15,0.000,12620.0000,631.0000,1258.8450,12620.0000,0.000000,0.0000,12620.0000,LIBERE-TOI,,,33500,07500,0000022005,,,TRUE,RJ7I2H8P5,1,060933
,CONST-MESK,0001348,2023/12/20,0.000,98667.5000,4933.3750,9842.0831,98667.5000,0.000000,0.0000,98667.5000,CONS-ATIKA,,,33500,02300,0000023020,,,TRUE,O37RTZQBJ,1,060740
,REGULVAR--,0001228,2023/12/21,0.000,1490.4000,74.5200,148.6674,1490.4000,0.000000,0.0000,1490.4000,CSS-CH-ROY,,,33500,15900,0000023007,,,TRUE,KAKK411XL,1,060694
,MULTI-ENER,0001296,2023/12/21,0.000,900.0000,45.0000,89.7750,900.0000,0.000000,0.0000,900.0000,FESTIVAL-W,,,33500,15001,0000023019,,,TRUE,X9I1SV5I1,1,060695
,BARETTE-ST,0001309,2023/12/21,0.000,27940.7000,1397.0350,2787.0848,27940.7000,0.000000,0.0000,27940.7000,FESTIVAL-W,,,33200,06100,0000023019,,,TRUE,ZBK4PZ5LU,1,060697
,EBEN-LEMIR,0001021,2023/12/21,0.000,37040.0000,1852.0000,3694.7400,37040.0000,0.000000,0.0000,37040.0000,LIBERE-TOI,,,33500,06400,0000022005,,,TRUE,IWPGSNK8M,1,060707
,PERI-TECH-,0000944,2023/12/21,0.000,8480.0000,424.0000,845.8800,8480.0000,0.000000,0.0000,8480.0000,LIBERE-TOI,,,33500,15300,0000022005,,,TRUE,4VV1EX2V3,1,060708
,VAL-MAURIC,0000943,2023/12/21,0.000,4950.0000,247.5000,493.7625,4950.0000,0.000000,0.0000,4950.0000,LIBERE-TOI,,,33500,16000,0000022005,,,TRUE,RKF4ANPEO,1,060709
,VAL-MAURIC,0000943,2023/12/21,0.000,11277.0000,563.8500,1124.8808,11277.0000,0.000000,0.0000,11277.0000,LIBERE-TOI,,,33500,16150,0000022005,,,TRUE,RKF4ANPEO,1,060709
,VAL-MAURIC,0000943,2023/12/21,0.000,16875.0000,843.7500,1683.2813,16875.0000,0.000000,0.0000,16875.0000,LIBERE-TOI,,,33500,16500,0000022005,,,TRUE,RKF4ANPEO,1,060709
,VAL-MAURIC,0000943,2023/12/21,0.000,7480.0000,374.0000,746.1300,7480.0000,0.000000,0.0000,7480.0000,LIBERE-TOI,,,33500,16530,0000022005,,,TRUE,RKF4ANPEO,1,060709
,CUISICO---,0001372,2023/12/21,0.000,270.6000,13.5300,26.9924,270.6000,0.000000,0.0000,270.6000,BRP-MEGATE,,,33200,25001,0000023009,,,TRUE,BLOF3EYVB,1,060710
,VAL-MAURIC,0001255,2023/12/21,0.000,6240.0800,312.0040,622.4480,6240.0800,0.000000,0.0000,6240.0800,CSS-ENERGI,,,33500,16000,0000023010,,,TRUE,US395YSYH,1,060713
,CLIMATISAT,0001344,2023/12/21,0.000,2288.7500,114.4375,228.3028,2288.7500,0.000000,0.0000,2288.7500,LIBERE-TOI,,,33500,25001,0000022005,,,TRUE,G9YDNF3AW,1,060714
,CLIMATISAT,0000946,2023/12/21,0.000,8100.0000,405.0000,807.9750,8100.0000,0.000000,0.0000,8100.0000,LIBERE-TOI,,,33500,15700,0000022005,,,TRUE,H9SM1GE3A,1,060716
,CLIMATISAT,0000946,2023/12/21,0.000,4500.0000,225.0000,448.8750,4500.0000,0.000000,0.0000,4500.0000,LIBERE-TOI,,,33500,15750,0000022005,,,TRUE,H9SM1GE3A,1,060716
,REINE-COUV,0001362,2023/12/22,0.000,1977.8000,98.8900,197.2856,1977.8000,0.000000,0.0000,1977.8000,LIBERE-TOI,,,33500,25001,0000022005,,,TRUE,YJBE0YVHH,1,060748
,AUBIN-PELL,0001212,2023/12/23,0.000,2097.0000,104.8500,209.1758,2097.0000,0.000000,0.0000,2097.0000,MERCIER-TG,,,33500,25001,0000021039,,,TRUE,HD2ZM4QZZ,1,060719
,VITR-ASBES,0001215,2023/12/23,0.000,836.0000,41.8000,83.3910,836.0000,0.000000,0.0000,836.0000,CPE-CHEZ-M,,,33500,25001,0000021030,,,TRUE,GQG74783Y,1,060911
,CONST-RIVA,0000968,2023/12/31,0.000,581.3300,29.0665,57.9877,581.3300,0.000000,0.0000,581.3300,CPE-ENTRE-,,,33500,25001,0000021029,,,TRUE,PUVU7ZKOJ,1,060908
,FORME-CONC,0000851,2023/12/31,0.000,774.0000,38.7000,77.2065,774.0000,0.000000,0.0000,774.0000,CPE-ENTRE-,,,33500,25001,0000021029,,,TRUE,BGOXV3QSU,1,060909
,CLIMATISAT,0001085,2023/12/31,0.000,688.1200,34.4060,68.6400,688.1200,0.000000,0.0000,688.1200,CPE-CHEZ-M,,,33500,25001,0000021030,,,TRUE,1RL7BXWMD,1,060910
,FRANSYL---,0001315,2023/12/31,0.000,10980.0000,549.0000,1095.2550,10980.0000,0.000000,0.0000,10980.0000,9405-5993-,,,33200,02070,0000023004,,,TRUE,WP7NDNOB7,1,060912
,VITR-ASBES,0001174,2023/12/31,0.000,10028.8000,501.4400,1000.3728,10028.8000,0.000000,0.0000,10028.8000,KONGSBERG-,,,33500,08000,0000022031,,,TRUE,05RQPZNRX,1,060913
,MULTI-ENER,0001265,2023/12/31,0.000,1.0000,0.0500,0.0998,1.0000,0.000000,0.0000,1.0000,CSS-CH-ROY,,,33500,15401,0000022020,,,TRUE,TULKNHTIR,1,060914
,CUISICO---,0001241,2023/12/31,0.000,300.0000,15.0000,29.9250,300.0000,0.000000,0.0000,300.0000,BRP-MEGATE,,,33500,06400,0000023009,,,TRUE,G4PTPP4OM,1,060915
,ASC-LUMAR-,0001097,2023/12/31,0.000,6038.0000,301.9000,602.2905,6038.0000,0.000000,0.0000,6038.0000,CSS-ENERGI,,,33500,14200,0000022020,,,TRUE,AYJIXK3R5,1,060916
,PERI-TECH-,0001360,2023/12/31,0.000,-7000.0000,-350.0000,-698.2500,-7000.0000,0.000000,0.0000,-7000.0000,CSS-ENERGI,,,33500,15300,0000023010,,,TRUE,Y6F1H7NFC,1,060925
....................3,CONST-RIVA,0000968,2023/12/31,1.000,0.0000,0.0000,0.0000,0.0000,0.000000,0.0000,0.0000,CPE-ENTRE-,,,33200,,0000021029,,,TRUE,PUVU7ZKOJ,1,060908
....................3,CLIMATISAT,0001085,2023/12/31,1.000,0.0000,0.0000,0.0000,0.0000,0.000000,0.0000,0.0000,CPE-CHEZ-M,,,33200,,0000021030,,,TRUE,1RL7BXWMD,1,060910
....................3,PEINT-DUPO,0001163,2023/12/31,1.000,0.0000,0.0000,0.0000,0.0000,0.000000,0.0000,0.0000,ST-ONGE-FO,,,33200,,0000022032,,,FALSE,8Q6F11WD5,1,
....................4,CONST-RIVA,0000968,2023/12/31,1.000,0.0000,0.0000,0.0000,0.0000,0.000000,0.0000,0.0000,CPE-ENTRE-,,,33200,,0000021029,,,TRUE,PUVU7ZKOJ,1,060908
....................4,CLIMATISAT,0001085,2023/12/31,1.000,0.0000,0.0000,0.0000,0.0000,0.000000,0.0000,0.0000,CPE-CHEZ-M,,,33200,,0000021030,,,TRUE,1RL7BXWMD,1,060910
....................4,PEINT-DUPO,0001163,2023/12/31,1.000,0.0000,0.0000,0.0000,0.0000,0.000000,0.0000,0.0000,ST-ONGE-FO,,,33200,,0000022032,,,FALSE,8Q6F11WD5,1,
,VERTIGE---,0001086,2024/01/01,0.000,39580.0000,1979.0000,3948.1050,39580.0000,0.000000,0.0000,39580.0000,LIBERE-TOI,,,33500,07570,0000022005,,,TRUE,MF5A8UZZL,1,060947
,ENT-ARSENE,0000945,2024/01/01,0.000,22500.0000,1125.0000,2244.3750,22500.0000,0.000000,0.0000,22500.0000,LIBERE-TOI,,,33500,15100,0000022005,,,TRUE,FSJ3OBCZW,1,060975
,ENT-ARSENE,0000945,2024/01/01,0.000,7200.0000,360.0000,718.2000,7200.0000,0.000000,0.0000,7200.0000,LIBERE-TOI,,,33500,15260,0000022005,,,TRUE,FSJ3OBCZW,1,060975
,ENT-ARSENE,0000945,2024/01/01,0.000,4500.0000,225.0000,448.8750,4500.0000,0.000000,0.0000,4500.0000,LIBERE-TOI,,,33500,15460,0000022005,,,TRUE,FSJ3OBCZW,1,060975
,ARMECO----,0001224,2024/01/01,0.000,-7725.0000,-386.2500,-770.5688,-7725.0000,0.000000,0.0000,-7725.0000,LIBERE-TOI,,,33500,10000,0000022005,,,TRUE,ZJV3ULI17,1,061019
,ARMECO----,0001156,2024/01/01,0.000,7725.0000,386.2500,770.5688,7725.0000,0.000000,0.0000,7725.0000,LIBERE-TOI,,,33200,10000,0000022005,,,TRUE,NLPU6VNWF,1,061020
,CANAC-----,0001269,2024/01/01,0.000,58217.5800,2910.8790,5807.2036,58217.5800,0.000000,0.0000,58217.5800,LIBERE-TOI,,,33200,06100,0000022005,,,TRUE,FE21M8CBA,1,061021
....................3,VERTIGE---,0001086,2024/01/01,1.000,0.0000,0.0000,0.0000,0.0000,0.000000,0.0000,0.0000,LIBERE-TOI,,,33200,,0000022005,,,TRUE,MF5A8UZZL,1,060947
....................4,VERTIGE---,0001086,2024/01/01,1.000,0.0000,0.0000,0.0000,0.0000,0.000000,0.0000,0.0000,LIBERE-TOI,,,33200,,0000022005,,,TRUE,MF5A8UZZL,1,060947
,CLIMATISAT,0001387,2024/01/08,0.000,1633.1200,81.6560,162.9037,1633.1200,0.000000,0.0000,1633.1200,LIBERE-TOI,,,33500,25100,0000022005,,,TRUE,24RRSQXO2,1,060806
,ENT-MAXIME,0001142,2024/01/15,0.000,2154.6000,107.7300,214.9214,2154.6000,0.000000,0.0000,2154.6000,CIUSSS-ADM,,,33500,02110,0000022024,,,TRUE,9GF4OS366,1,060893
,LG-RENOVAT,0001286,2024/01/15,0.000,11671.0000,583.5500,1164.1823,11671.0000,0.000000,0.0000,11671.0000,LIBERE-TOI,,,33500,10000,0000022005,,,TRUE,XDP1Q9VUX,1,060903
,COFF-BERGE,0001312,2024/01/16,0.000,2750.0000,137.5000,274.3125,2750.0000,0.000000,0.0000,2750.0000,FESTIVAL-W,,,33500,03000,0000023019,,,TRUE,230I79II0,1,061011
,L-MILETTE-,0000941,2024/01/23,0.000,4000.0000,200.0000,399.0000,4000.0000,0.000000,0.0000,4000.0000,LIBERE-TOI,,,33500,09910,0000022005,,,TRUE,BL5D2M64S,1,060967
,PERI-TECH-,0000944,2024/01/23,0.000,8480.0000,424.0000,845.8800,8480.0000,0.000000,0.0000,8480.0000,LIBERE-TOI,,,33500,15300,0000022005,,,TRUE,GYLII02GQ,1,060968
,L-MILETTE-,0000941,2024/01/23,0.000,12000.0000,600.0000,1197.0000,12000.0000,0.000000,0.0000,12000.0000,LIBERE-TOI,,,33500,09910,0000022005,,,TRUE,R5YXZQC8D,1,060969
,MULTI-ENER,0001296,2024/01/23,0.000,900.0000,45.0000,89.7750,900.0000,0.000000,0.0000,900.0000,FESTIVAL-W,,,33500,15001,0000023019,,,TRUE,0VECUVILR,1,061009
,VAL-MAURIC,0000943,2024/01/24,0.000,7425.0000,371.2500,740.6438,7425.0000,0.000000,0.0000,7425.0000,LIBERE-TOI,,,33500,16000,0000022005,,,TRUE,RLE5WTHTK,1,060970
,VAL-MAURIC,0000943,2024/01/24,0.000,21512.0000,1075.6000,2145.8220,21512.0000,0.000000,0.0000,21512.0000,LIBERE-TOI,,,33500,16150,0000022005,,,TRUE,RLE5WTHTK,1,060970
,VAL-MAURIC,0000943,2024/01/24,0.000,6125.0000,306.2500,610.9688,6125.0000,0.000000,0.0000,6125.0000,LIBERE-TOI,,,33500,16500,0000022005,,,TRUE,RLE5WTHTK,1,060970
,VAL-MAURIC,0001244,2024/01/24,0.000,2768.0000,138.4000,276.1080,2768.0000,0.000000,0.0000,2768.0000,LIBERE-TOI,,,33500,25001,0000022005,,,TRUE,LD26LEZH6,1,060971
,VAL-MAURIC,0001326,2024/01/24,0.000,-215.0000,-10.7500,-21.4463,-215.0000,0.000000,0.0000,-215.0000,LIBERE-TOI,,,33500,25001,0000022005,,,TRUE,PFT9FHX9A,1,060972
,VAL-MAURIC,0001358,2024/01/24,0.000,3473.0000,173.6500,346.4318,3473.0000,0.000000,0.0000,3473.0000,LIBERE-TOI,,,33500,25001,0000022005,,,TRUE,5Y1KZUN9K,1,060973
,VAL-MAURIC,0001279,2024/01/24,0.000,2849.5000,142.4750,284.2376,2849.5000,0.000000,0.0000,2849.5000,LIBERE-TOI,,,33500,16000,0000022005,,,TRUE,SYHP21ZI3,1,060976
,BARETTE-ST,0001356,2024/01/25,0.000,5225.0000,261.2500,521.1938,5225.0000,0.000000,0.0000,5225.0000,CONS-ATIKA,,,33200,06170,0000023020,,,TRUE,0S4X8XWB2,1,060974
,AMB-BOIS-S,0001327,2024/01/25,0.000,51720.0000,2586.0000,5159.0700,51720.0000,0.000000,0.0000,51720.0000,FESTIVAL-W,,,33200,06100,0000023019,,,TRUE,A4AW3V0S3,1,061012
,ENT-MAXIME,0001220,2024/01/31,0.000,7220.0000,361.0000,720.1950,7220.0000,0.000000,0.0000,7220.0000,CSS-CH-ROY,,,33500,02200,0000023007,,,TRUE,OPXVADRYH,1,061044
,ENT-MAXIME,0001220,2024/01/31,0.000,14955.0000,747.7500,1491.7613,14955.0000,0.000000,0.0000,14955.0000,CSS-CH-ROY,,,33500,02315,0000023007,,,TRUE,OPXVADRYH,1,061044
,ENT-MAXIME,0001220,2024/01/31,0.000,755.5000,37.7750,75.3611,755.5000,0.000000,0.0000,755.5000,CSS-CH-ROY,,,33500,02480,0000023007,,,TRUE,OPXVADRYH,1,061044
,ENT-MAXIME,0001220,2024/01/31,0.000,2950.0000,147.5000,294.2625,2950.0000,0.000000,0.0000,2950.0000,CSS-CH-ROY,,,33500,02620,0000023007,,,TRUE,OPXVADRYH,1,061044
,ENT-MAXIME,0001220,2024/01/31,0.000,7790.0000,389.5000,777.0525,7790.0000,0.000000,0.0000,7790.0000,CSS-CH-ROY,,,33500,02740,0000023007,,,TRUE,OPXVADRYH,1,061044
,ENT-MAXIME,0001220,2024/01/31,0.000,962.5000,48.1250,96.0094,962.5000,0.000000,0.0000,962.5000,CSS-CH-ROY,,,33500,02775,0000023007,,,TRUE,OPXVADRYH,1,061044
,ENT-MAXIME,0001220,2024/01/31,0.000,4820.8000,241.0400,480.8748,4820.8000,0.000000,0.0000,4820.8000,CSS-CH-ROY,,,33500,02775,0000023007,,,TRUE,OPXVADRYH,1,061044
,ENT-MAXIME,0001220,2024/01/31,0.000,3515.0000,175.7500,350.6213,3515.0000,0.000000,0.0000,3515.0000,CSS-CH-ROY,,,33500,02775,0000023007,,,TRUE,OPXVADRYH,1,061044
,ENT-MAXIME,0001220,2024/01/31,0.000,275.0000,13.7500,27.4313,275.0000,0.000000,0.0000,275.0000,CSS-CH-ROY,,,33500,02820,0000023007,,,TRUE,OPXVADRYH,1,061044
,ENT-MAXIME,0001220,2024/01/31,0.000,2370.1300,118.5065,236.4205,2370.1300,0.000000,0.0000,2370.1300,CSS-CH-ROY,,,33500,02900,0000023007,,,TRUE,OPXVADRYH,1,061044
,ENT-MAXIME,0001220,2024/01/31,0.000,110.0000,5.5000,10.9725,110.0000,0.000000,0.0000,110.0000,CSS-CH-ROY,,,33500,03920,0000023007,,,TRUE,OPXVADRYH,1,061044
,ENT-MAXIME,0001220,2024/01/31,0.000,700.0000,35.0000,69.8250,700.0000,0.000000,0.0000,700.0000,CSS-CH-ROY,,,33500,03930,0000023007,,,TRUE,OPXVADRYH,1,061044
,ENT-MAXIME,0001220,2024/01/31,0.000,300.0000,15.0000,29.9250,300.0000,0.000000,0.0000,300.0000,CSS-CH-ROY,,,33500,07120,0000023007,,,TRUE,OPXVADRYH,1,061044
,EBEN-LEMIR,0001021,2024/01/31,0.000,129831.0000,6491.5500,12950.6423,129831.0000,0.000000,0.0000,129831.0000,LIBERE-TOI,,,33500,06400,0000022005,,,TRUE,E2X4WL0NB,1,061185
....................3,ENT-MAXIME,0001220,2024/01/31,1.000,0.0000,0.0000,0.0000,0.0000,0.000000,0.0000,0.0000,CSS-CH-ROY,,,33200,,0000023007,,,TRUE,OPXVADRYH,1,061044
....................4,ENT-MAXIME,0001220,2024/01/31,1.000,0.0000,0.0000,0.0000,0.0000,0.000000,0.0000,0.0000,CSS-CH-ROY,,,33200,,0000023007,,,TRUE,OPXVADRYH,1,061044
,BRAVURA...,0001357,2024/02/01,0.000,4350.6800,0.0000,433.9803,4350.6800,0.000000,0.0000,4350.6800,CONS-ATIKA,,,33500,08560,0000023020,,,TRUE,M35XZY9HE,1,061349
,REINE-COUV,0001362,2024/02/11,0.000,3955.0000,197.7500,394.5113,3955.0000,0.000000,0.0000,3955.0000,LIBERE-TOI,,,33500,25001,0000022005,,,TRUE,PF83RIPHJ,1,061186
,SIDE-ACOUS,0000942,2024/02/12,0.000,25000.0000,1250.0000,2493.7500,25000.0000,0.000000,0.0000,25000.0000,LIBERE-TOI,,,33500,09200,0000022005,,,TRUE,T5U50V2YZ,1,061099
,BARETTE-ST,0001356,2024/02/14,0.000,47223.5400,2361.1770,4710.5481,47223.5400,0.000000,0.0000,47223.5400,CONS-ATIKA,,,33200,06170,0000023020,,,TRUE,IWZ74XX9H,1,061259
,BEACON----,0001399,2024/02/14,0.000,5338.0800,266.9040,532.4735,5338.0800,0.000000,0.0000,5338.0800,CONS-ATIKA,,,33200,07000,0000023020,,,TRUE,S2G93AW8R,1,061389
,BEACON----,0001399,2024/02/14,0.000,1488.7600,74.4380,148.5038,1488.7600,0.000000,0.0000,1488.7600,CONS-ATIKA,,,33200,07000,0000023020,,,TRUE,S2G93AW8R,1,061389
,FRANCO----,0001308,2024/02/20,0.000,4690.0000,234.5000,467.8275,4690.0000,0.000000,0.0000,4690.0000,FESTIVAL-W,,,33500,07000,0000023019,,,TRUE,4MJIGTW30,1,061233
,COUVRE-PLA,0001394,2024/02/20,0.000,2979.9500,148.9975,297.2500,2979.9500,0.000000,0.0000,2979.9500,BRP-MEGATE,,,33500,09650,0000023026,,,TRUE,KA8H1TZU3,1,061238
,COUVRE-PLA,0001388,2024/02/20,0.000,16995.0000,849.7500,1695.2513,16995.0000,0.000000,0.0000,16995.0000,BRP-MEGATE,,,33500,09300,0000023026,,,TRUE,MJGOYHU2S,1,061239
,COMETAL---,0001363,2024/02/20,0.000,3575.0000,178.7500,356.6063,3575.0000,0.000000,0.0000,3575.0000,FESTIVAL-W,,,33200,10000,0000023019,,,TRUE,VOLOLS377,1,061323
,F-DAIGLE--,0001305,2024/02/20,0.000,12697.0000,634.8500,1266.5258,12697.0000,0.000000,0.0000,12697.0000,FESTIVAL-W,,,33200,08000,0000023019,,,TRUE,R0JQIHLXB,1,061325
,ENT-ARSENE,0001213,2024/02/22,0.000,4353.8000,217.6900,434.2916,4353.8000,0.000000,0.0000,4353.8000,CSS-CH-ROY,,,33500,15401,0000023007,,,TRUE,OB8U7DKVP,1,061263
,MARC-COSSE,0001384,2024/02/23,0.000,9000.0000,450.0000,897.7500,9000.0000,0.000000,0.0000,9000.0000,BRP-MEGATE,,,33500,16000,0000023026,,,TRUE,6OGE0ESIK,1,061324
,REINE-COUV,0000937,2024/02/25,0.000,10848.1500,542.4075,1082.1030,10848.1500,0.000000,0.0000,10848.1500,LIBERE-TOI,,,33500,09600,0000022005,,,TRUE,MQDMHQT6K,1,062202
,SENNECO---,0001390,2024/02/26,0.000,26092.6300,1304.6315,2602.7398,26092.6300,0.000000,0.0000,26092.6300,CONS-ATIKA,,,33200,06100,0000023020,,,TRUE,F25R7IAFU,1,061268
,CIMENTIER-,0001382,2024/02/26,0.000,7700.0000,385.0000,768.0750,7700.0000,0.000000,0.0000,7700.0000,FESTIVAL-W,,,33500,03000,0000023019,,,TRUE,QFWDJQ6DM,1,061326
,SIDE-ACOUS,0000942,2024/02/26,0.000,50000.0000,2500.0000,4987.5000,50000.0000,0.000000,0.0000,50000.0000,LIBERE-TOI,,,33500,09200,0000022005,,,TRUE,YDAQYR73H,1,061399
,ENT-MAXIME,0001313,2024/02/26,0.000,5554.8000,277.7400,554.0913,5554.8000,0.000000,0.0000,5554.8000,FESTIVAL-W,,,33500,02300,0000023019,,,TRUE,2OAJX6UZD,1,061415
,AMB-BOIS-S,0001355,2024/02/26,0.000,15591.6000,779.5800,1555.2621,15591.6000,0.000000,0.0000,15591.6000,CONS-ATIKA,,,33200,05500,0000023020,,,TRUE,75XFTQZS8,1,061482
,AMB-BOIS-S,0001355,2024/02/26,0.000,220658.4000,11032.9200,22010.6754,220658.4000,0.000000,0.0000,220658.4000,CONS-ATIKA,,,33200,06180,0000023020,,,TRUE,75XFTQZS8,1,061482
,VAL-MAURIC,0000943,2024/02/27,0.000,10000.0000,500.0000,997.5000,10000.0000,0.000000,0.0000,10000.0000,LIBERE-TOI,,,33500,16000,0000022005,,,TRUE,TN17T5DLG,1,061276
,VAL-MAURIC,0000943,2024/02/27,0.000,7000.0000,350.0000,698.2500,7000.0000,0.000000,0.0000,7000.0000,LIBERE-TOI,,,33500,16500,0000022005,,,TRUE,TN17T5DLG,1,061276
,ENT-ARSENE,0000945,2024/02/27,0.000,9000.0000,450.0000,897.7500,9000.0000,0.000000,0.0000,9000.0000,LIBERE-TOI,,,33500,15100,0000022005,,,TRUE,70DLREJGZ,1,061284
,ENT-ARSENE,0000945,2024/02/27,0.000,3600.0000,180.0000,359.1000,3600.0000,0.000000,0.0000,3600.0000,LIBERE-TOI,,,33500,15260,0000022005,,,TRUE,70DLREJGZ,1,061284
,ENT-ARSENE,0000945,2024/02/27,0.000,40500.0000,2025.0000,4039.8750,40500.0000,0.000000,0.0000,40500.0000,LIBERE-TOI,,,33500,15460,0000022005,,,TRUE,70DLREJGZ,1,061284
,REINE-COUV,0000937,2024/02/27,0.000,10848.1500,542.4075,1082.1030,10848.1500,0.000000,0.0000,10848.1500,LIBERE-TOI,,,33500,09600,0000022005,,,TRUE,91LDC623B,1,062041
,REINE-COUV,0000937,2024/02/27,0.000,13613.9400,680.6970,1357.9905,13613.9400,0.000000,0.0000,13613.9400,LIBERE-TOI,,,33500,09600,0000022005,,,TRUE,DCDW2KBQV,1,061285
,REINE-COUV,0000937,2024/02/27,0.000,64953.3700,3247.6685,6479.0987,64953.3700,0.000000,0.0000,64953.3700,LIBERE-TOI,,,33500,09600,0000022005,,,TRUE,REKC6T28A,1,061286
,PERI-TECH-,0000944,2024/02/27,0.000,8480.0000,424.0000,845.8800,8480.0000,0.000000,0.0000,8480.0000,LIBERE-TOI,,,33500,15300,0000022005,,,TRUE,PD7O730FT,1,061290
,BOULAY----,0000965,2024/02/27,0.000,29785.0000,1489.2500,2971.0538,29785.0000,0.000000,0.0000,29785.0000,LIBERE-TOI,,,33500,06400,0000022005,,,TRUE,962ZEDVPN,1,061293
,BOULAY----,0000965,2024/02/27,0.000,1635.0000,81.7500,163.0913,1635.0000,0.000000,0.0000,1635.0000,LIBERE-TOI,,,33500,06400,0000022005,,,TRUE,962ZEDVPN,1,061293
,VITRERIE-2,0000939,2024/02/27,0.000,11600.0000,580.0000,1157.1000,11600.0000,0.000000,0.0000,11600.0000,LIBERE-TOI,,,33500,08900,0000022005,,,TRUE,PHNPHZ5K0,1,061294
,VITRERIE-2,0001370,2024/02/27,0.000,5970.0000,298.5000,595.5075,5970.0000,0.000000,0.0000,5970.0000,LIBERE-TOI,,,33500,08900,0000022005,,,TRUE,MR5L4392F,1,061295
,CLIMATISAT,0000946,2024/02/27,0.000,5850.0000,292.5000,583.5375,5850.0000,0.000000,0.0000,5850.0000,LIBERE-TOI,,,33500,15750,0000022005,,,TRUE,19N7P8MJC,1,061299
,CLIMATISAT,0000946,2024/02/27,0.000,22500.0000,1125.0000,2244.3750,22500.0000,0.000000,0.0000,22500.0000,LIBERE-TOI,,,33500,15800,0000022005,,,TRUE,19N7P8MJC,1,061299
,CCTN------,0001393,2024/02/27,0.000,3960.0000,198.0000,395.0100,3960.0000,0.000000,0.0000,3960.0000,LIBERE-TOI,,,33200,10000,0000022005,,,TRUE,95NHY93DZ,1,061302
,CCTN------,0001393,2024/02/27,0.000,350.0000,17.5000,34.9125,350.0000,0.000000,0.0000,350.0000,LIBERE-TOI,,,33200,10000,0000022005,,,TRUE,95NHY93DZ,1,061302
,CCTN------,0001393,2024/02/27,0.000,100.0000,5.0000,9.9750,100.0000,0.000000,0.0000,100.0000,LIBERE-TOI,,,33200,10000,0000022005,,,TRUE,95NHY93DZ,1,061302
,L-MILETTE-,0000941,2024/02/27,0.000,39000.0000,1950.0000,3890.2500,39000.0000,0.000000,0.0000,39000.0000,LIBERE-TOI,,,33500,09910,0000022005,,,TRUE,QJBGKE0O1,1,061303
,M-MILETTE-,0001383,2024/02/27,0.000,13165.0600,658.2530,1313.2147,13165.0600,0.000000,0.0000,13165.0600,BRP-MEGATE,,,33500,05000,0000023026,,,TRUE,VRAKTY9JF,1,061327
,EBEN-LEMIR,0001021,2024/02/27,0.000,170949.0000,8547.4500,17052.1628,170949.0000,0.000000,0.0000,170949.0000,LIBERE-TOI,,,33500,06400,0000022005,,,TRUE,18M5XT38U,1,061397
,CAP-ISOLAT,0001146,2024/02/28,0.000,762.0000,38.1000,76.0095,762.0000,0.000000,0.0000,762.0000,CIUSSS-ADM,,,33500,15000,0000022024,,,TRUE,ESFYUUKXV,1,061423
,CUISIVERSI,0001385,2024/02/28,0.000,36426.6700,1821.3335,3633.5603,36426.6700,0.000000,0.0000,36426.6700,BRP-MEGATE,,,33500,06400,0000023026,,,TRUE,ERCLS2LUS,1,061443
,LOC-T-RIV-,0001365,2024/02/29,0.000,3946.8000,197.3400,393.6933,3946.8000,0.000000,0.0000,3946.8000,CONS-ATIKA,,,33200,00400,0000023020,,,TRUE,99KP9PO4B,1,061395
,AMB-BOIS-S,0001355,2024/02/29,0.000,15591.6000,779.5800,1555.2621,15591.6000,0.000000,0.0000,15591.6000,CONS-ATIKA,,,33200,05500,0000023020,,,TRUE,83FITJQZW,1,061396
,AMB-BOIS-S,0001355,2024/02/29,0.000,220658.4000,11032.9200,22010.6754,220658.4000,0.000000,0.0000,220658.4000,CONS-ATIKA,,,33200,06180,0000023020,,,TRUE,83FITJQZW,1,061396
,ENS-FX-BOI,0001412,2024/02/29,0.000,1242.0000,62.1000,123.8895,1242.0000,0.000000,0.0000,1242.0000,,,,33500,06400,0000023018,,,TRUE,YCXPOHOHW,1,061406
,REINE-COUV,0000937,2024/03/01,0.000,10396.3600,519.8180,1037.0369,10396.3600,0.000000,0.0000,10396.3600,LIBERE-TOI,,,33500,09600,0000022005,,,TRUE,203IW9PVV,1,061568
,ENT-ARSENE,0000945,2024/03/01,0.000,1886.7500,94.3375,188.2033,1886.7500,0.000000,0.0000,1886.7500,LIBERE-TOI,,,33500,15100,0000022005,,,TRUE,36A17VJ9L,1,061655
,ENT-ARSENE,0000945,2024/03/01,0.000,1900.0000,95.0000,189.5250,1900.0000,0.000000,0.0000,1900.0000,LIBERE-TOI,,,33500,15260,0000022005,,,TRUE,36A17VJ9L,1,061655
,ENT-ARSENE,0000945,2024/03/01,0.000,8752.5000,437.6250,873.0619,8752.5000,0.000000,0.0000,8752.5000,LIBERE-TOI,,,33500,15460,0000022005,,,TRUE,36A17VJ9L,1,061655
,QUINC-PORT,0001046,2024/03/05,0.000,3000.0000,150.0000,299.2500,3000.0000,0.000000,0.0000,3000.0000,LIBERE-TOI,,,33200,08000,0000022005,,,TRUE,O7RQE50KX,1,061480
,QUINC-PORT,0001046,2024/03/05,0.000,19000.0000,950.0000,1895.2500,19000.0000,0.000000,0.0000,19000.0000,LIBERE-TOI,,,33200,08000,0000022005,,,TRUE,GAJR1A0T6,1,061481
,SENNECO---,0001390,2024/03/06,0.000,10079.1100,503.9555,1005.3912,10079.1100,0.000000,0.0000,10079.1100,CONS-ATIKA,,,33200,06100,0000023020,,,TRUE,CRTMPYN0E,1,061407
,SENNECO---,0001390,2024/03/06,0.000,125.0000,6.2500,12.4688,125.0000,0.000000,0.0000,125.0000,CONS-ATIKA,,,33200,06100,0000023020,,,TRUE,CRTMPYN0E,1,061407
,REINE-COUV,0000937,2024/03/15,0.000,25706.2300,1285.3115,2564.1964,25706.2300,0.000000,0.0000,25706.2300,LIBERE-TOI,,,33500,09600,0000022005,,,TRUE,O36AVYVYG,1,061566
,ENT-ARSENE,0001359,2024/03/18,0.000,-2402.1100,-120.1055,-239.6105,-2402.1100,0.000000,0.0000,-2402.1100,LIBERE-TOI,,,33500,25001,0000022005,,,TRUE,XO7QEXE2U,1,061658
,PRO-SIN---,0001416,2024/03/18,0.000,1400.0000,70.0000,139.6500,1400.0000,0.000000,0.0000,1400.0000,LUC-FARRIE,,,33500,00400,0000023018,,,TRUE,FEGLQ7CBI,1,061711
,CORFLEX---,0001067,2024/03/19,0.000,10985.0000,549.2500,1095.7538,10985.0000,0.000000,0.0000,10985.0000,LIBERE-TOI,,,33500,10000,0000022005,,,TRUE,4AKEYV4W7,1,061565
,REINE-COUV,0000937,2024/03/19,0.000,21715.1000,1085.7550,2166.0812,21715.1000,0.000000,0.0000,21715.1000,LIBERE-TOI,,,33500,09600,0000022005,,,TRUE,QT98EGEHR,1,061567
,VITR-CLETE,0001413,2024/03/20,0.000,2150.6600,107.5330,214.5283,2150.6600,0.000000,0.0000,2150.6600,BRP-MEGATE,,,33500,08000,0000023026,,,TRUE,OJ44UN2VA,1,061709
,VAL-MAURIC,0000943,2024/03/25,0.000,6000.0000,300.0000,598.5000,6000.0000,0.000000,0.0000,6000.0000,LIBERE-TOI,,,33500,16000,0000022005,,,TRUE,7TY0CE5N8,1,061656
,VAL-MAURIC,0000943,2024/03/25,0.000,8600.0000,430.0000,857.8500,8600.0000,0.000000,0.0000,8600.0000,LIBERE-TOI,,,33500,16150,0000022005,,,TRUE,7TY0CE5N8,1,061656
,VAL-MAURIC,0000943,2024/03/25,0.000,6000.0000,300.0000,598.5000,6000.0000,0.000000,0.0000,6000.0000,LIBERE-TOI,,,33500,16500,0000022005,,,TRUE,7TY0CE5N8,1,061656
,VAL-MAURIC,0000943,2024/03/25,0.000,7520.0000,376.0000,750.1200,7520.0000,0.000000,0.0000,7520.0000,LIBERE-TOI,,,33500,16530,0000022005,,,TRUE,7TY0CE5N8,1,061656
,VAL-MAURIC,0000943,2024/03/25,0.000,28000.0000,1400.0000,2793.0000,28000.0000,0.000000,0.0000,28000.0000,LIBERE-TOI,,,33500,16700,0000022005,,,TRUE,7TY0CE5N8,1,061656
,SYS-MAURIC,0001299,2024/03/25,0.000,38500.0000,1925.0000,3840.3750,38500.0000,0.000000,0.0000,38500.0000,FESTIVAL-W,,,33500,09200,0000023019,,,TRUE,P6CM9N3JV,1,061788
,VAL-MAURIC,0001295,2024/03/25,0.000,63500.0000,3175.0000,6334.1250,63500.0000,0.000000,0.0000,63500.0000,FESTIVAL-W,,,33500,16000,0000023019,,,TRUE,4A7DUHJ70,1,061789
,L-MILETTE-,0000941,2024/03/26,0.000,10000.0000,500.0000,997.5000,10000.0000,0.000000,0.0000,10000.0000,LIBERE-TOI,,,33500,09910,0000022005,,,TRUE,OKCTUX32A,1,061657
,ENT-ARSENE,0000945,2024/03/26,0.000,7436.2500,371.8125,741.7659,7436.2500,0.000000,0.0000,7436.2500,LIBERE-TOI,,,33500,15460,0000022005,,,TRUE,EO5RPMN7R,1,061659
,BOULAY----,0000952,2024/03/26,0.000,7388.8900,369.4445,737.0418,7388.8900,0.000000,0.0000,7388.8900,LIBERE-TOI,,,33500,05500,0000022005,,,TRUE,6HSPBB9LP,1,061660
,QUINOX----,0001162,2024/03/26,0.000,107006.2000,5350.3100,10673.8685,107006.2000,0.000000,0.0000,107006.2000,ST-ONGE-FO,,,33500,07600,0000022032,X000001171,,FALSE,5DT9IWX89,1,
,CANDELA---,0001395,2024/03/26,0.000,31886.3400,1594.3170,3180.6624,31886.3400,0.000000,0.0000,31886.3400,LUC-FARRIE,,,33500,25001,0000023018,,,TRUE,LD6DHP5CM,1,061922
,CANDELA---,0001395,2024/03/26,0.000,4113.6600,205.6830,410.3376,4113.6600,0.000000,0.0000,4113.6600,LUC-FARRIE,,,33500,25001,0000023018,,,TRUE,LD6DHP5CM,1,061922
....................3,QUINOX----,0001162,2024/03/26,1.000,0.0000,0.0000,0.0000,0.0000,0.000000,0.0000,0.0000,ST-ONGE-FO,,,33200,,0000022032,,,FALSE,5DT9IWX89,1,
....................4,QUINOX----,0001162,2024/03/26,1.000,0.0000,0.0000,0.0000,0.0000,0.000000,0.0000,0.0000,ST-ONGE-FO,,,33200,,0000022032,,,FALSE,5DT9IWX89,1,
,CLIMATISAT,0000946,2024/03/27,0.000,4500.0000,225.0000,448.8750,4500.0000,0.000000,0.0000,4500.0000,LIBERE-TOI,,,33500,15750,0000022005,,,TRUE,8B73HCNUO,1,061668
,CLIMATISAT,0000946,2024/03/27,0.000,13500.0000,675.0000,1346.6250,13500.0000,0.000000,0.0000,13500.0000,LIBERE-TOI,,,33500,15800,0000022005,,,TRUE,8B73HCNUO,1,061668
,PEINT-DUPO,0001303,2024/03/27,0.000,2900.0000,145.0000,289.2750,2900.0000,0.000000,0.0000,2900.0000,FESTIVAL-W,,,33500,09910,0000023019,,,TRUE,BM8K37YAR,1,061697
,COUVRE-PLA,0001408,2024/03/27,0.000,1891.7500,94.5875,188.7021,1891.7500,0.000000,0.0000,1891.7500,,,,33500,09310,0000023026,,,TRUE,93U1CGRM7,1,061698
,COUVRE-PLA,0001392,2024/03/27,0.000,10895.0000,544.7500,1086.7763,10895.0000,0.000000,0.0000,10895.0000,BRP-MEGATE,,,33500,09310,0000023026,,,TRUE,6T198Y0O8,1,061699
,SHALWIN---,0001298,2024/03/27,0.000,123802.7000,6190.1350,12349.3193,123802.7000,0.000000,0.0000,123802.7000,FESTIVAL-W,,,33500,08000,0000023019,,,TRUE,2PVQC2RQY,1,061706
,PRO-TECK--,0001297,2024/03/27,0.000,23761.2000,1188.0600,2370.1797,23761.2000,0.000000,0.0000,23761.2000,FESTIVAL-W,,,33500,15401,0000023019,,,TRUE,9Q4TN4TW0,1,061710
,MULTI-ENER,0001296,2024/03/27,0.000,35190.0000,1759.5000,3510.2025,35190.0000,0.000000,0.0000,35190.0000,FESTIVAL-W,,,33500,15001,0000023019,,,TRUE,7UZYAI7B6,1,061713
,REINE-COUV,0000937,2024/03/29,0.000,30705.7700,1535.2885,3062.9006,30705.7700,0.000000,0.0000,30705.7700,LIBERE-TOI,,,33500,09600,0000022005,,,TRUE,2S78A2J3V,1,061743
,REINE-COUV,0000937,2024/03/29,0.000,10000.0000,500.0000,997.5000,10000.0000,0.000000,0.0000,10000.0000,LIBERE-TOI,,,33500,09600,0000022005,,,TRUE,T60JJ800F,1,061744
,SIDE-ACOUS,0000942,2024/03/30,0.000,10000.0000,500.0000,997.5000,10000.0000,0.000000,0.0000,10000.0000,LIBERE-TOI,,,33500,09200,0000022005,,,TRUE,OGPJ2X71K,1,061894
,BOISERIES-,0001397,2024/03/30,0.000,3163.0000,158.1500,315.5093,3163.0000,0.000000,0.0000,3163.0000,LUC-FARRIE,,,33200,08000,0000023018,,,TRUE,6HG338YIY,1,061918
,FAB-------,0001404,2024/03/30,0.000,1074.0000,53.7000,107.1315,1074.0000,0.000000,0.0000,1074.0000,LUC-FARRIE,,,33200,25001,0000023018,,,TRUE,9K6L3BRHT,1,061919
,CLIMATISAT,0000784,2024/03/31,0.000,3070.0000,153.5000,306.2325,3070.0000,0.000000,0.0000,3070.0000,CIUSSS-MCQ,,,33500,15000,0000021032,,,TRUE,FET9HEAP8,1,061817
,EBEN-LEMIR,0001021,2024/03/31,0.000,105830.0000,5291.5000,10556.5425,105830.0000,0.000000,0.0000,105830.0000,LIBERE-TOI,,,33500,06400,0000022005,,,TRUE,5G2TGGNR6,1,061847
,EBEN-LEMIR,0001398,2024/03/31,0.000,11040.0000,552.0000,1101.2400,11040.0000,0.000000,0.0000,11040.0000,LIBERE-TOI,,,33500,25001,0000022005,,,TRUE,SGXLD2VOK,1,061848
,SIDE-ACOUS,0000942,2024/04/01,0.000,40000.0000,2000.0000,3990.0000,40000.0000,0.000000,0.0000,40000.0000,LIBERE-TOI,,,33500,09200,0000022005,,,TRUE,DDCDRZU0R,1,061994
,ACIER-RAY-,0001409,2024/04/01,0.000,2032.0000,101.6000,202.6920,2032.0000,0.000000,0.0000,2032.0000,FESTIVAL-W,,,33200,06400,0000023019,,,TRUE,OTE2GCVDI,1,062251
,BEACON----,0001443,2024/04/01,0.000,22364.1600,1118.2080,2230.8250,22364.1600,0.000000,0.0000,22364.1600,CONS-ATIKA,,,33200,07330,0000023020,,,TRUE,BCZYRCHIO,1,062252
,BEACON----,0001443,2024/04/01,0.000,2587.8400,129.3920,258.1370,2587.8400,0.000000,0.0000,2587.8400,CONS-ATIKA,,,33200,07330,0000023020,,,TRUE,BCZYRCHIO,1,062252
,BEACON----,0001443,2024/04/01,0.000,2619.2400,130.9620,261.2692,2619.2400,0.000000,0.0000,2619.2400,CONS-ATIKA,,,33200,07330,0000023020,,,TRUE,BCZYRCHIO,1,062252
,COMETAL---,0001421,2024/04/01,0.000,5700.0000,285.0000,568.5750,5700.0000,0.000000,0.0000,5700.0000,LIBERE-TOI,,,33200,10000,0000022005,,,TRUE,178ZOGZJ5,1,062253
,CORFLEX---,0001324,2024/04/01,0.000,530.0000,26.5000,52.8675,530.0000,0.000000,0.0000,530.0000,LIBERE-TOI,,,33500,25001,0000022005,,,TRUE,708TMZHHT,1,062254
,ENT-DEN-JO,0001419,2024/04/02,0.000,1.0000,0.0500,0.0998,1.0000,0.000000,0.0000,1.0000,LIBERE-TOI,,,33500,00400,0000022005,,,TRUE,DM4OR1B3J,1,061742
,F-DAIGLE--,0001251,2024/04/03,0.000,3711.0000,185.5500,370.1723,3711.0000,0.000000,0.0000,3711.0000,CSS-ENERGI,,,33200,08000,0000023010,,,TRUE,S7DTEEVA5,1,061752
,CUISICO---,0001322,2024/04/03,0.000,459.0000,22.9500,45.7853,459.0000,0.000000,0.0000,459.0000,RES-L-M---,,,33500,25001,0000022018,,,TRUE,K0DX9RFCW,1,061753
,ALARME-ACC,0001205,2024/04/03,0.000,228.0000,11.4000,22.7430,228.0000,0.000000,0.0000,228.0000,MERCIER-TG,,,33500,25001,0000021039,,,TRUE,XF5DMOMUX,1,061754
,SOUDURE---,0001092,2024/04/03,0.000,781.2500,39.0625,77.9297,781.2500,0.000000,0.0000,781.2500,CIUSSS-T-R,,,33500,25001,0000021028,,,TRUE,Q2WL56NI3,1,061755
,ISOL-TRIFL,0001056,2024/04/03,0.000,512.1600,25.6080,51.0880,512.1600,0.000000,0.0000,512.1600,CIUSSS-T-R,,,33500,25001,0000021028,,,TRUE,VQM0P6OQ8,1,061756
,ISOL-TRIFL,0001081,2024/04/03,0.000,10420.0000,521.0000,1039.3950,10420.0000,0.000000,0.0000,10420.0000,CIUSSS-T-R,,,33500,25001,0000021028,,,TRUE,3B9CD8UH7,1,061757
,CLIMATISAT,0001051,2024/04/03,0.000,4171.5300,208.5765,416.1101,4171.5300,0.000000,0.0000,4171.5300,CIUSSS-T-R,,,33500,25001,0000021028,,,TRUE,2DSZBMXSM,1,061758
,DEMBEC----,0001008,2024/04/03,0.000,7250.0000,362.5000,723.1875,7250.0000,0.000000,0.0000,7250.0000,CIUSSS-T-R,,,33500,25001,0000021028,,,TRUE,WZWIO2ICE,1,061759
,VAL-MAURIC,0000612,2024/04/03,0.000,1065.0000,53.2500,106.2338,1065.0000,0.000000,0.0000,1065.0000,CIUSSS-MCQ,,,33500,16000,0000021020,,,TRUE,44L716674,1,061760
,SEVIGNY-EP,0000613,2024/04/03,0.000,1630.0000,81.5000,162.5925,1630.0000,0.000000,0.0000,1630.0000,CIUSSS-MCQ,,,33500,09900,0000021020,,,TRUE,1OI6WH2OZ,1,061761
,DECOLAM---,0001302,2024/04/03,0.000,16100.0000,805.0000,1605.9750,16100.0000,0.000000,0.0000,16100.0000,FESTIVAL-W,,,33500,10000,0000023019,,,TRUE,PHFE09T5K,1,061862
....................3,PEINT-DUPO,0001147,2024/04/03,1.000,0.0000,0.0000,0.0000,0.0000,0.000000,0.0000,0.0000,CIUSSS-ADM,,,33200,,0000022024,,,FALSE,M1Z5LI2RJ,1,
....................3,SOUDURE---,0001092,2024/04/03,1.000,0.0000,0.0000,0.0000,0.0000,0.000000,0.0000,0.0000,CIUSSS-T-R,,,33200,,0000021028,,,TRUE,Q2WL56NI3,1,061755
....................3,ISOL-TRIFL,0001056,2024/04/03,1.000,0.0000,0.0000,0.0000,0.0000,0.000000,0.0000,0.0000,CIUSSS-T-R,,,33200,,0000021028,,,TRUE,VQM0P6OQ8,1,061756
....................3,ISOL-TRIFL,0001081,2024/04/03,1.000,0.0000,0.0000,0.0000,0.0000,0.000000,0.0000,0.0000,CIUSSS-T-R,,,33200,,0000021028,,,TRUE,3B9CD8UH7,1,061757
....................3,CLIMATISAT,0001051,2024/04/03,1.000,0.0000,0.0000,0.0000,0.0000,0.000000,0.0000,0.0000,CIUSSS-T-R,,,33200,,0000021028,,,TRUE,2DSZBMXSM,1,061758
....................3,VAL-MAURIC,0000612,2024/04/03,1.000,0.0000,0.0000,0.0000,0.0000,0.000000,0.0000,0.0000,CIUSSS-MCQ,,,33200,,0000021020,,,TRUE,44L716674,1,061760
....................3,SEVIGNY-EP,0000613,2024/04/03,1.000,0.0000,0.0000,0.0000,0.0000,0.000000,0.0000,0.0000,CIUSSS-MCQ,,,33200,,0000021020,,,TRUE,1OI6WH2OZ,1,061761
....................4,PEINT-DUPO,0001147,2024/04/03,1.000,0.0000,0.0000,0.0000,0.0000,0.000000,0.0000,0.0000,CIUSSS-ADM,,,33200,,0000022024,,,FALSE,M1Z5LI2RJ,1,
....................4,SOUDURE---,0001092,2024/04/03,1.000,0.0000,0.0000,0.0000,0.0000,0.000000,0.0000,0.0000,CIUSSS-T-R,,,33200,,0000021028,,,TRUE,Q2WL56NI3,1,061755
....................4,ISOL-TRIFL,0001056,2024/04/03,1.000,0.0000,0.0000,0.0000,0.0000,0.000000,0.0000,0.0000,CIUSSS-T-R,,,33200,,0000021028,,,TRUE,VQM0P6OQ8,1,061756
....................4,ISOL-TRIFL,0001081,2024/04/03,1.000,0.0000,0.0000,0.0000,0.0000,0.000000,0.0000,0.0000,CIUSSS-T-R,,,33200,,0000021028,,,TRUE,3B9CD8UH7,1,061757
....................4,CLIMATISAT,0001051,2024/04/03,1.000,0.0000,0.0000,0.0000,0.0000,0.000000,0.0000,0.0000,CIUSSS-T-R,,,33200,,0000021028,,,TRUE,2DSZBMXSM,1,061758
....................4,VAL-MAURIC,0000612,2024/04/03,1.000,0.0000,0.0000,0.0000,0.0000,0.000000,0.0000,0.0000,CIUSSS-MCQ,,,33200,,0000021020,,,TRUE,44L716674,1,061760
....................4,SEVIGNY-EP,0000613,2024/04/03,1.000,0.0000,0.0000,0.0000,0.0000,0.000000,0.0000,0.0000,CIUSSS-MCQ,,,33200,,0000021020,,,TRUE,1OI6WH2OZ,1,061761
,ENT-ARSENE,0001254,2024/04/04,0.000,2591.6000,129.5800,258.5121,2591.6000,0.000000,0.0000,2591.6000,CSS-ENERGI,,,33500,15401,0000023010,,,TRUE,I8APJ37FT,1,061814
,ENT-ARSENE,0001254,2024/04/04,0.000,4275.0000,213.7500,426.4313,4275.0000,0.000000,0.0000,4275.0000,CSS-ENERGI,,,33500,15401,0000023010,,,TRUE,4H32OX4W2,1,061815
,MAXI-FORET,0001410,2024/04/05,0.000,5199.1000,259.9550,518.6102,5199.1000,0.000000,0.0000,5199.1000,FESTIVAL-W,,,33200,07330,0000023019,,,TRUE,1K1OBDC4V,1,061863
,BEACON----,0001400,2024/04/10,0.000,27457.4400,1372.8720,2738.8796,27457.4400,0.000000,0.0000,27457.4400,CONS-ATIKA,,,33200,07000,0000023020,,,TRUE,SFOO8AX6Z,1,062244
,REGULVAR--,0000688,2024/04/11,0.000,5880.4800,294.0240,586.5779,5880.4800,0.000000,0.0000,5880.4800,CIUSSS-T-R,,,33500,15000,0000021028,,,TRUE,YCKCB2PHR,1,061913
,REGULVAR--,0001005,2024/04/11,0.000,797.2400,39.8620,79.5247,797.2400,0.000000,0.0000,797.2400,CIUSSS-T-R,,,33500,25001,0000021028,,,TRUE,793AQ62M7,1,061914
,REGULVAR--,0001016,2024/04/11,0.000,214.1900,10.7095,21.3655,214.1900,0.000000,0.0000,214.1900,CIUSSS-T-R,,,33500,25001,0000021028,,,TRUE,QSOX0APZX,1,061915
....................3,REGULVAR--,0001005,2024/04/11,1.000,1.0000,0.0500,0.0998,1.0000,0.000000,0.0000,1.0000,CIUSSS-T-R,,,33200,,0000021028,,,TRUE,793AQ62M7,1,061914
....................4,REGULVAR--,0001005,2024/04/11,1.000,0.0000,0.0000,0.0000,0.0000,0.000000,0.0000,0.0000,CIUSSS-T-R,,,33200,,0000021028,,,TRUE,793AQ62M7,1,061914
,BOULAY----,0001444,2024/04/15,0.000,1995.0000,99.7500,199.0013,1995.0000,0.000000,0.0000,1995.0000,LIBERE-TOI,,,33200,06400,0000022005,,,TRUE,URZ2JUNCM,1,061938
,BEACON----,0001400,2024/04/15,0.000,33169.2800,1658.4640,3308.6357,33169.2800,0.000000,0.0000,33169.2800,CONS-ATIKA,,,33200,07000,0000023020,,,TRUE,ZUTY0EYAV,1,061941
,ENT-ARSENE,0000945,2024/04/22,0.000,4088.2500,204.4125,407.8029,4088.2500,0.000000,0.0000,4088.2500,LIBERE-TOI,,,33500,15100,0000022005,,,TRUE,KBS660UH8,1,062381
,ENT-ARSENE,0000945,2024/04/22,0.000,2974.5000,148.7250,296.7064,2974.5000,0.000000,0.0000,2974.5000,LIBERE-TOI,,,33500,15460,0000022005,,,TRUE,KBS660UH8,1,062381
,TAPICO----,0001402,2024/04/23,0.000,78450.0000,3922.5000,7825.3875,78450.0000,0.000000,0.0000,78450.0000,CSS-ENERGI,,,33500,09650,0000024008,,,TRUE,LSWSV8U9A,1,061980
,TAPICO----,0001402,2024/04/23,0.000,-1500.0000,-75.0000,-149.6250,-1500.0000,0.000000,0.0000,-1500.0000,CSS-ENERGI,,,33500,09650,0000024008,,,TRUE,LSWSV8U9A,1,061980
,ACIER-RAY-,0001447,2024/04/23,0.000,372.7200,18.6360,37.1788,372.7200,0.000000,0.0000,372.7200,FESTIVAL-W,,,33200,06400,0000023019,,,TRUE,NAD1GALF3,1,062007
,CUISIVERSI,0001405,2024/04/23,0.000,1267.0000,63.3500,126.3833,1267.0000,0.000000,0.0000,1267.0000,FESTIVAL-W,,,33200,06400,0000023019,,,TRUE,IWB1B9388,1,062008
,ROGER-BELL,0001307,2024/04/23,0.000,11500.0000,575.0000,1147.1250,11500.0000,0.000000,0.0000,11500.0000,FESTIVAL-W,,,33500,07330,0000023019,,,TRUE,RLSGEK3HH,1,062009
,TECHNO-PIE,0001436,2024/04/23,0.000,2970.0000,148.5000,296.2575,2970.0000,0.000000,0.0000,2970.0000,FESTIVAL-W,,,33500,25001,0000023019,,,TRUE,0HL65FAJ6,1,062010
,PEINT-DUPO,0001303,2024/04/23,0.000,9000.0000,450.0000,897.7500,9000.0000,0.000000,0.0000,9000.0000,FESTIVAL-W,,,33500,09910,0000023019,,,TRUE,DO8AY4XSV,1,062017
,PEINT-DUPO,0001432,2024/04/23,0.000,775.0000,38.7500,77.3063,775.0000,0.000000,0.0000,775.0000,FESTIVAL-W,,,33500,25001,0000023019,,,TRUE,VQ1KRF7GF,1,062018
,PEINT-DUPO,0001429,2024/04/23,0.000,45.0000,2.2500,4.4888,45.0000,0.000000,0.0000,45.0000,FESTIVAL-W,,,33500,02500,0000023019,,,TRUE,AS3Y4DK5H,1,062019
,PRO-TECK--,0001297,2024/04/29,0.000,17820.9000,891.0450,1777.6348,17820.9000,0.000000,0.0000,17820.9000,FESTIVAL-W,,,33500,15401,0000023019,,,TRUE,Z88JWKVEU,1,062229
,CLIMATISAT,0000946,2024/04/30,0.000,4500.0000,225.0000,448.8750,4500.0000,0.000000,0.0000,4500.0000,LIBERE-TOI,,,33500,15080,0000022005,,,TRUE,4MWQE82TI,1,062048
,CLIMATISAT,0000946,2024/04/30,0.000,7650.0000,382.5000,763.0875,7650.0000,0.000000,0.0000,7650.0000,LIBERE-TOI,,,33500,15800,0000022005,,,TRUE,4MWQE82TI,1,062048
,CLIMATISAT,0000946,2024/04/30,0.000,5220.0000,261.0000,520.6950,5220.0000,0.000000,0.0000,5220.0000,LIBERE-TOI,,,33500,15950,0000022005,,,TRUE,4MWQE82TI,1,062048
,VITRERIE-2,0001371,2024/04/30,0.000,1296.0000,64.8000,129.2760,1296.0000,0.000000,0.0000,1296.0000,LIBERE-TOI,,,33500,08800,0000022005,,,TRUE,JPM4NP49N,1,062075
,VITRERIE-2,0000939,2024/04/30,0.000,2000.0000,100.0000,199.5000,2000.0000,0.000000,0.0000,2000.0000,LIBERE-TOI,,,33500,08900,0000022005,,,TRUE,ERPE2W876,1,062076
,PERI-TECH-,0000944,2024/04/30,0.000,5088.0000,254.4000,507.5280,5088.0000,0.000000,0.0000,5088.0000,LIBERE-TOI,,,33500,15300,0000022005,,,TRUE,6B4O6EPQZ,1,062077
,VAL-MAURIC,0001242,2024/04/30,0.000,5715.0000,285.7500,570.0713,5715.0000,0.000000,0.0000,5715.0000,LIBERE-TOI,,,33500,25001,0000022005,,,TRUE,JC8D9W4FZ,1,062084
,VAL-MAURIC,0001243,2024/04/30,0.000,181.0000,9.0500,18.0548,181.0000,0.000000,0.0000,181.0000,LIBERE-TOI,,,33500,25001,0000022005,,,TRUE,ZDVDZ3FW8,1,062085
,VAL-MAURIC,0001274,2024/04/30,0.000,985.0000,49.2500,98.2538,985.0000,0.000000,0.0000,985.0000,LIBERE-TOI,,,33500,25001,0000022005,,,TRUE,JM1ONJS9T,1,062086
,VAL-MAURIC,0001288,2024/04/30,0.000,8359.0000,417.9500,833.8103,8359.0000,0.000000,0.0000,8359.0000,LIBERE-TOI,,,33500,25001,0000022005,,,TRUE,XBSX4ZC2O,1,062087
,VAL-MAURIC,0001325,2024/04/30,0.000,15477.0000,773.8500,1543.8308,15477.0000,0.000000,0.0000,15477.0000,LIBERE-TOI,,,33500,25001,0000022005,,,TRUE,CWM40LFGN,1,062088
,VAL-MAURIC,0001415,2024/04/30,0.000,692.0000,34.6000,69.0270,692.0000,0.000000,0.0000,692.0000,LIBERE-TOI,,,33500,25001,0000022005,,,TRUE,7WDO7KRGS,1,062090
,VAL-MAURIC,0001386,2024/04/30,0.000,3894.0000,194.7000,388.4265,3894.0000,0.000000,0.0000,3894.0000,LIBERE-TOI,,,33500,25001,0000022005,,,TRUE,084VPF95D,1,062091
,VAL-MAURIC,0001401,2024/04/30,0.000,8085.0000,404.2500,806.4788,8085.0000,0.000000,0.0000,8085.0000,LIBERE-TOI,,,33500,25001,0000022005,,,TRUE,JPLRWCAOW,1,062092
,VAL-MAURIC,0001456,2024/04/30,0.000,598.0000,29.9000,59.6505,598.0000,0.000000,0.0000,598.0000,,,,33500,25001,0000022005,,,TRUE,OL40DUFWO,1,062094
,VAL-MAURIC,0001459,2024/04/30,0.000,5359.0000,267.9500,534.5603,5359.0000,0.000000,0.0000,5359.0000,LIBERE-TOI,,,33500,25001,0000022005,,,TRUE,R5E0QQX1T,1,062095
,VAL-MAURIC,0001461,2024/04/30,0.000,1256.0000,62.8000,125.2860,1256.0000,0.000000,0.0000,1256.0000,,,,33500,25001,0000022005,,,TRUE,H1I1FA96L,1,062096
,LOC-T-RIV-,0001365,2024/04/30,0.000,3946.8000,197.3400,393.6933,3946.8000,0.000000,0.0000,3946.8000,CONS-ATIKA,,,33200,00400,0000023020,,,TRUE,25JLBRVMQ,1,062097
,VAL-MAURIC,0000943,2024/04/30,0.000,23000.0000,1150.0000,2294.2500,23000.0000,0.000000,0.0000,23000.0000,LIBERE-TOI,,,33500,16000,0000022005,,,TRUE,YRNP5G5CI,1,062099
,VAL-MAURIC,0000943,2024/04/30,0.000,8611.0000,430.5500,858.9473,8611.0000,0.000000,0.0000,8611.0000,LIBERE-TOI,,,33500,16150,0000022005,,,TRUE,YRNP5G5CI,1,062099
,VAL-MAURIC,0000943,2024/04/30,0.000,26000.0000,1300.0000,2593.5000,26000.0000,0.000000,0.0000,26000.0000,LIBERE-TOI,,,33500,16500,0000022005,,,TRUE,YRNP5G5CI,1,062099
,VAL-MAURIC,0000943,2024/04/30,0.000,30000.0000,1500.0000,2992.5000,30000.0000,0.000000,0.0000,30000.0000,LIBERE-TOI,,,33500,16530,0000022005,,,TRUE,YRNP5G5CI,1,062099
,VAL-MAURIC,0000943,2024/04/30,0.000,4500.0000,225.0000,448.8750,4500.0000,0.000000,0.0000,4500.0000,LIBERE-TOI,,,33500,16700,0000022005,,,TRUE,YRNP5G5CI,1,062099
,ACIER-RAY-,0001446,2024/04/30,0.000,280.4200,14.0210,27.9719,280.4200,0.000000,0.0000,280.4200,SOC-DEV-SH,,,33200,25001,0000024004,,,TRUE,1KFUPHJ6N,1,062101
,QUINOX----,0000956,2024/04/30,0.000,10017.7600,500.8880,999.2716,10017.7600,0.000000,0.0000,10017.7600,LIBERE-TOI,,,33500,07460,0000022005,,,TRUE,C3VMLYVYQ,1,062102
,MULTI-ENER,0001296,2024/04/30,0.000,16290.0000,814.5000,1624.9275,16290.0000,0.000000,0.0000,16290.0000,FESTIVAL-W,,,33500,15001,0000023019,,,TRUE,IC968MPA1,1,062138
,MULTI-ENER,0001435,2024/04/30,0.000,1505.7200,75.2860,150.1956,1505.7200,0.000000,0.0000,1505.7200,FESTIVAL-W,,,33500,25001,0000023019,,,TRUE,FZS7GNVHT,1,062139
,VAL-MAURIC,0001295,2024/04/30,0.000,26750.0000,1337.5000,2668.3125,26750.0000,0.000000,0.0000,26750.0000,FESTIVAL-W,,,33500,16000,0000023019,,,TRUE,05YNAGTP5,1,062140
,VAL-MAURIC,0001434,2024/04/30,0.000,683.0000,34.1500,68.1293,683.0000,0.000000,0.0000,683.0000,FESTIVAL-W,,,33500,25001,0000023019,,,TRUE,CN7CH2E62,1,062141
,REINE-COUV,0000937,2024/04/30,0.000,9205.0800,460.2540,918.2067,9205.0800,0.000000,0.0000,9205.0800,LIBERE-TOI,,,33500,09600,0000022005,,,TRUE,KDNL1BMZ3,1,062184
,EBEN-LEMIR,0001021,2024/04/30,0.000,55700.0000,2785.0000,5556.0750,55700.0000,0.000000,0.0000,55700.0000,LIBERE-TOI,,,33500,06400,0000022005,,,TRUE,3CL0XDU6E,1,062185
,NOVO-BETON,0001347,2024/04/30,0.000,23300.0000,1165.0000,2324.1750,23300.0000,0.000000,0.0000,23300.0000,FESTIVAL-W,,,33500,03000,0000023019,,,TRUE,NGGW4P6YI,1,062228
,SYS-MAURIC,0001299,2024/04/30,0.000,5000.0000,250.0000,498.7500,5000.0000,0.000000,0.0000,5000.0000,FESTIVAL-W,,,33500,09200,0000023019,,,TRUE,2GIX16YFC,1,062235
,SYS-MAURIC,0001433,2024/04/30,0.000,2920.0000,146.0000,291.2700,2920.0000,0.000000,0.0000,2920.0000,FESTIVAL-W,,,33500,25001,0000023019,,,TRUE,HG4BZHOPV,1,062236
,SIDE-ACOUS,0000942,2024/04/30,0.000,10000.0000,500.0000,997.5000,10000.0000,0.000000,0.0000,10000.0000,LIBERE-TOI,,,33500,09200,0000022005,,,TRUE,WL8BXKPZC,1,062260
....................3,QUINOX----,0000956,2024/04/30,1.000,0.0000,0.0000,0.0000,0.0000,0.000000,0.0000,0.0000,LIBERE-TOI,,,33200,,0000022005,,,TRUE,C3VMLYVYQ,1,062102
....................4,QUINOX----,0000956,2024/04/30,1.000,0.0000,0.0000,0.0000,0.0000,0.000000,0.0000,0.0000,LIBERE-TOI,,,33200,,0000022005,,,TRUE,C3VMLYVYQ,1,062102
,BOULAY----,0001445,2024/05/07,0.000,1880.0000,94.0000,187.5300,1880.0000,0.000000,0.0000,1880.0000,LIBERE-TOI,,,33200,25001,0000022005,,,TRUE,Y29BWQ2UO,1,062238
,BOULAY----,0001427,2024/05/07,0.000,6786.0000,339.3000,676.9035,6786.0000,0.000000,0.0000,6786.0000,CONS-ATIKA,,,33200,05500,0000023020,,,TRUE,GGVW3RTKX,1,062239
,CUISIVERSI,0001442,2024/05/09,0.000,4715.0000,235.7500,470.3213,4715.0000,0.000000,0.0000,4715.0000,LUC-FARRIE,,,33500,06400,0000023018,,,TRUE,4IO2JMX22,1,062337
,F-DAIGLE--,0001449,2024/05/13,0.000,12558.0000,627.9000,1252.6605,12558.0000,0.000000,0.0000,12558.0000,SOC-DEV-SH,,,33200,25001,0000024004,,,TRUE,VOA1VANLM,1,062326
,SIDE-ACOUS,0001423,2024/05/13,0.000,33480.0000,1674.0000,3339.6300,33480.0000,0.000000,0.0000,33480.0000,SOC-DEV-SH,,,33500,09200,0000024004,,,TRUE,YBZZ0JKEU,1,062331
,CUISIVERSI,0001389,2024/05/13,0.000,109372.2500,5468.6125,10909.8819,109372.2500,0.000000,0.0000,109372.2500,LUC-FARRIE,,,33500,06400,0000023018,,,TRUE,085YMWCXI,1,062335
,VAILLANCOU,0001306,2024/05/13,0.000,29640.0000,1482.0000,2956.5900,29640.0000,0.000000,0.0000,29640.0000,FESTIVAL-W,,,33500,07330,0000023019,,,TRUE,SYQQZ43WC,1,062412
,VAILLANCOU,0001346,2024/05/13,0.000,1920.0000,96.0000,191.5200,1920.0000,0.000000,0.0000,1920.0000,FESTIVAL-W,,,33500,07330,0000023019,,,TRUE,6KJXIZEDY,1,062413
,VAILLANCOU,0001346,2024/05/13,0.000,19740.0000,987.0000,1969.0650,19740.0000,0.000000,0.0000,19740.0000,FESTIVAL-W,,,33500,25001,0000023019,,,TRUE,6KJXIZEDY,1,062413
,MANUGYPSE-,0001403,2024/05/14,0.000,52018.0300,2600.9015,5188.7985,52018.0300,0.000000,0.0000,52018.0300,CONS-ATIKA,,,33200,06100,0000023020,,,TRUE,E74HJCW1C,1,062380
,COUVRE-PLA,0001481,2024/05/15,0.000,995.0000,49.7500,99.2513,995.0000,0.000000,0.0000,995.0000,,,,33500,09650,0000023026,,,TRUE,6O4VD9O02,1,062411
,CHARTRAY-R,0001422,2024/05/21,0.000,16500.0000,825.0000,1645.8750,16500.0000,0.000000,0.0000,16500.0000,SOC-DEV-SH,,,33500,15000,0000024004,,,TRUE,JD7FYTSK4,1,062360
,CLIMATISAT,0001391,2024/05/24,0.000,1483.9300,74.1965,148.0220,1483.9300,0.000000,0.0000,1483.9300,LIBERE-TOI,,,33500,25001,0000022005,,,TRUE,AEF1GV5KL,1,062654
,CLIMATISAT,0000946,2024/05/24,0.000,800.0000,40.0000,79.8000,800.0000,0.000000,0.0000,800.0000,LIBERE-TOI,,,33500,15800,0000022005,,,TRUE,084TXHU11,1,062655
,CLIMATISAT,0000946,2024/05/24,0.000,10270.0000,513.5000,1024.4325,10270.0000,0.000000,0.0000,10270.0000,LIBERE-TOI,,,33500,15900,0000022005,,,TRUE,084TXHU11,1,062655
,CLIMATISAT,0000946,2024/05/24,0.000,2430.0000,121.5000,242.3925,2430.0000,0.000000,0.0000,2430.0000,LIBERE-TOI,,,33500,15950,0000022005,,,TRUE,084TXHU11,1,062655
,PLOMBER-2B,0001341,2024/05/25,0.000,38020.0000,1901.0000,3792.4950,38020.0000,0.000000,0.0000,38020.0000,CONS-ATIKA,,,33500,15100,0000023020,,,TRUE,IJQ5QLYO2,1,062685
,PLOMBER-2B,0001341,2024/05/25,0.000,41886.8900,2094.3445,4178.2173,41886.8900,0.000000,0.0000,41886.8900,CONS-ATIKA,,,33500,15410,0000023020,,,TRUE,IJQ5QLYO2,1,062685
,PEINT-DUPO,0001450,2024/05/28,0.000,10924.0000,546.2000,1089.6690,10924.0000,0.000000,0.0000,10924.0000,SOC-DEV-SH,,,33500,25001,0000024004,,,TRUE,N5Q9OVDGT,1,062433
,ENT-MAXIME,0001488,2024/05/28,0.000,8985.0000,449.2500,896.2538,8985.0000,0.000000,0.0000,8985.0000,LIBERE-TOI,,,33500,25001,0000022005,,,TRUE,TG4D7BLGB,1,062452
,ENT-MAXIME,0001454,2024/05/28,0.000,13720.0000,686.0000,1368.5700,13720.0000,0.000000,0.0000,13720.0000,LIBERE-TOI,,,33500,25001,0000022005,,,TRUE,1UN7HZJG4,1,062453
,ENT-MAXIME,0000967,2024/05/28,0.000,53750.0000,2687.5000,5361.5625,53750.0000,0.000000,0.0000,53750.0000,LIBERE-TOI,,,33500,02800,0000022005,,,TRUE,EURFSY8O9,1,062454
,VAL-MAURIC,0000943,2024/05/28,0.000,5500.0000,275.0000,548.6250,5500.0000,0.000000,0.0000,5500.0000,LIBERE-TOI,,,33500,16000,0000022005,,,TRUE,U9FYAXMI8,1,062455
,VAL-MAURIC,0000943,2024/05/28,0.000,2500.0000,125.0000,249.3750,2500.0000,0.000000,0.0000,2500.0000,LIBERE-TOI,,,33500,16700,0000022005,,,TRUE,U9FYAXMI8,1,062455
,VAL-MAURIC,0001462,2024/05/28,0.000,805.0000,40.2500,80.2988,805.0000,0.000000,0.0000,805.0000,LIBERE-TOI,,,33500,25001,0000022005,,,TRUE,JTQPMMPR0,1,062456
,VAL-MAURIC,0001472,2024/05/28,0.000,931.0000,46.5500,92.8673,931.0000,0.000000,0.0000,931.0000,LIBERE-TOI,,,33500,25001,0000022005,,,TRUE,IOE9FFTF4,1,062457
,ASCENSEUR-,0000936,2024/05/28,0.000,143825.4000,7191.2700,14346.5837,143825.4000,0.000000,0.0000,143825.4000,LIBERE-TOI,,,33500,14240,0000022005,,,TRUE,2ZCK5R6GD,1,062460
,VITRERIE-2,0001448,2024/05/28,0.000,775.0000,38.7500,77.3063,775.0000,0.000000,0.0000,775.0000,LIBERE-TOI,,,33200,06100,0000022005,,,TRUE,6F7B46OLG,1,062461
....................3,ASCENSEUR-,0000936,2024/05/28,1.000,0.0000,0.0000,0.0000,0.0000,0.000000,0.0000,0.0000,LIBERE-TOI,,,33200,,0000022005,,,TRUE,2ZCK5R6GD,1,062460
....................4,ASCENSEUR-,0000936,2024/05/28,1.000,0.0000,0.0000,0.0000,0.0000,0.000000,0.0000,0.0000,LIBERE-TOI,,,33200,,0000022005,,,TRUE,2ZCK5R6GD,1,062460
,REINE-COUV,0000937,2024/05/31,0.000,4057.5400,202.8770,404.7396,4057.5400,0.000000,0.0000,4057.5400,LIBERE-TOI,,,33500,09600,0000022005,,,TRUE,1IQIK77T3,1,062676
,CONST-MESK,0001348,2024/05/31,0.000,11070.6000,553.5300,1104.2924,11070.6000,0.000000,0.0000,11070.6000,CONS-ATIKA,,,33500,02300,0000023020,,,TRUE,EO10BPGC1,1,062715
,CONST-MESK,0001348,2024/05/31,0.000,45800.7900,2290.0395,4568.6288,45800.7900,0.000000,0.0000,45800.7900,CONS-ATIKA,,,33500,02335,0000023020,,,TRUE,EO10BPGC1,1,062715
,CONST-MESK,0001348,2024/05/31,0.000,2258.7700,112.9385,225.3123,2258.7700,0.000000,0.0000,2258.7700,CONS-ATIKA,,,33500,02510,0000023020,,,TRUE,EO10BPGC1,1,062715
,CONST-MESK,0001348,2024/05/31,0.000,5770.0000,288.5000,575.5575,5770.0000,0.000000,0.0000,5770.0000,CONS-ATIKA,,,33500,02775,0000023020,,,TRUE,EO10BPGC1,1,062715
,CONST-MESK,0001348,2024/05/31,0.000,11434.2700,571.7135,1140.5684,11434.2700,0.000000,0.0000,11434.2700,CONS-ATIKA,,,33500,03000,0000023020,,,TRUE,EO10BPGC1,1,062715
,CONST-MESK,0001348,2024/05/31,0.000,24976.8200,1248.8410,2491.4378,24976.8200,0.000000,0.0000,24976.8200,CONS-ATIKA,,,33500,03530,0000023020,,,TRUE,EO10BPGC1,1,062715
,ENT-ARSENE,0000945,2024/06/01,0.000,4461.7500,223.0875,445.0596,4461.7500,0.000000,0.0000,4461.7500,LIBERE-TOI,,,33500,15100,0000022005,,,TRUE,2AAGBAN54,1,062746
,VAL-MAURIC,0000943,2024/06/01,0.000,17625.0000,881.2500,1758.0938,17625.0000,0.000000,0.0000,17625.0000,LIBERE-TOI,,,33500,16000,0000022005,,,TRUE,QNQSI6BKO,1,062754
,ENT-MAXIME,0001256,2024/06/01,0.000,3839.0000,191.9500,382.9403,3839.0000,0.000000,0.0000,3839.0000,CSS-ENERGI,,,33500,03000,0000023010,,,TRUE,F6ODNWR7R,1,062780
,ENT-ARSENE,0000815,2024/06/01,0.000,14331.0000,716.5500,1429.5173,14331.0000,0.000000,0.0000,14331.0000,CIUSSS-MCQ,,,33500,15401,0000021020,,,TRUE,VCI832WRM,1,062911
,F-DAIGLE--,0001305,2024/06/01,0.000,6500.0000,325.0000,648.3750,6500.0000,0.000000,0.0000,6500.0000,FESTIVAL-W,,,33200,08000,0000023019,,,TRUE,ZF6PZYJ8I,1,062913
,NOVO-BETON,0001314,2024/06/01,0.000,23300.0000,1165.0000,2324.1750,23300.0000,0.000000,0.0000,23300.0000,FESTIVAL-W,,,33500,03000,0000023019,,,TRUE,O8W613TAQ,1,062914
,VAL-MAURIC,0001295,2024/06/03,0.000,77875.0000,3893.7500,7768.0313,77875.0000,0.000000,0.0000,77875.0000,FESTIVAL-W,,,33500,16000,0000023019,,,TRUE,VOWI30X75,1,062474
,ENT-MAXIME,0001431,2024/06/03,0.000,6787.3500,339.3675,677.0382,6787.3500,0.000000,0.0000,6787.3500,FESTIVAL-W,,,33500,25001,0000023019,,,TRUE,FWPOOOQM2,1,062475
,ENT-MAXIME,0001437,2024/06/03,0.000,-1852.6500,-92.6325,-184.8018,-1852.6500,0.000000,0.0000,-1852.6500,FESTIVAL-W,,,33500,25001,0000023019,,,TRUE,HIDOYI5EH,1,062476
,ENT-MAXIME,0001437,2024/06/03,0.000,-1755.0000,-87.7500,-175.0613,-1755.0000,0.000000,0.0000,-1755.0000,FESTIVAL-W,,,33500,25001,0000023019,,,TRUE,HIDOYI5EH,1,062476
,ENT-MAXIME,0001430,2024/06/03,0.000,-3645.0000,-182.2500,-363.5888,-3645.0000,0.000000,0.0000,-3645.0000,FESTIVAL-W,,,33500,25001,0000023019,,,TRUE,QD0CRGWHI,1,062477
,CANDELA---,0001395,2024/06/03,0.000,3085.5000,154.2750,307.7786,3085.5000,0.000000,0.0000,3085.5000,LUC-FARRIE,,,33500,25001,0000023018,,,TRUE,MMOOZV2DF,1,062478
,PEINT-DUPO,0001303,2024/06/03,0.000,3994.0000,199.7000,398.4015,3994.0000,0.000000,0.0000,3994.0000,FESTIVAL-W,,,33500,09910,0000023019,,,TRUE,LPEUODUWO,1,062492
,MULTI-ENER,0001296,2024/06/03,0.000,45900.0000,2295.0000,4578.5250,45900.0000,0.000000,0.0000,45900.0000,FESTIVAL-W,,,33500,15001,0000023019,,,TRUE,HDHGJ3KEY,1,062507
,CUISIVERSI,0001451,2024/06/03,0.000,6819.5400,340.9770,680.2491,6819.5400,0.000000,0.0000,6819.5400,SOC-DEV-SH,,,33500,25001,0000024004,,,TRUE,XA25732XZ,1,062509
,MARC-COSSE,0001424,2024/06/03,0.000,23300.0000,1165.0000,2324.1750,23300.0000,0.000000,0.0000,23300.0000,SOC-DEV-SH,,,33500,16000,0000024004,,,TRUE,ZDTQDIHYY,1,062511
,ENT-MAXIME,0001313,2024/06/03,0.000,16663.5000,833.1750,1662.1841,16663.5000,0.000000,0.0000,16663.5000,FESTIVAL-W,,,33500,02300,0000023019,,,TRUE,F06HVX8YK,1,062513
,L-MILETTE-,0001470,2024/06/03,0.000,4000.0000,200.0000,399.0000,4000.0000,0.000000,0.0000,4000.0000,LIBERE-TOI,,,33500,25001,0000022005,,,TRUE,I7V8AZ9NV,1,062656
,INST-D-L--,0001278,2024/06/06,0.000,5506.9700,275.3485,549.3203,5506.9700,0.000000,0.0000,5506.9700,LIBERE-TOI,,,33500,08000,0000022005,,,TRUE,9CKS9ZP7T,1,062786
,CENTRE-TAP,0001304,2024/06/10,0.000,7821.0000,391.0500,780.1448,7821.0000,0.000000,0.0000,7821.0000,FESTIVAL-W,,,33500,09600,0000023019,,,TRUE,HS19ZQPO9,1,062562
,CENTRE-TAP,0001366,2024/06/10,0.000,2626.0000,131.3000,261.9435,2626.0000,0.000000,0.0000,2626.0000,FESTIVAL-W,,,33500,09600,0000023019,,,TRUE,ZMTIC7WP1,1,062563
,CENTRE-TAP,0001304,2024/06/10,0.000,11830.0000,591.5000,1180.0425,11830.0000,0.000000,0.0000,11830.0000,FESTIVAL-W,,,33500,09600,0000023019,,,TRUE,BC3GVNPFJ,1,062564
,SYS-MAURIC,0001299,2024/06/10,0.000,610.0000,30.5000,60.8475,610.0000,0.000000,0.0000,610.0000,FESTIVAL-W,,,33500,09200,0000023019,,,TRUE,YOM7MA9GZ,1,062565
,PROT-CFS--,0001471,2024/06/10,0.000,31735.4000,1586.7700,3165.6062,31735.4000,0.000000,0.0000,31735.4000,CONS-ATIKA,,,33200,10000,0000023020,,,TRUE,MHORAFMZC,1,062569
,ACG-ISOLAT,0001464,2024/06/10,0.000,14130.0000,706.5000,1409.4675,14130.0000,0.000000,0.0000,14130.0000,CIUSSS-T-R,,,33500,02070,0000024009,,,TRUE,I71HY47QQ,1,062580
,SHALWIN---,0001298,2024/06/10,0.000,13755.8600,687.7930,1372.1470,13755.8600,0.000000,0.0000,13755.8600,FESTIVAL-W,,,33500,08000,0000023019,,,TRUE,Q46OJ5IYG,1,062596
,F-DAIGLE--,0001449,2024/06/12,0.000,400.0000,20.0000,39.9000,400.0000,0.000000,0.0000,400.0000,SOC-DEV-SH,,,33200,25001,0000024004,,,TRUE,LXQOR131Z,1,062620
,INFOTECK--,0001439,2024/06/13,0.000,8141.1900,407.0595,812.0837,8141.1900,0.000000,0.0000,8141.1900,FESTIVAL-W,,,33500,25100,0000023019,,,TRUE,S92HP0YAX,1,062646
,CONST-REGI,0001352,2024/06/14,0.000,109478.0000,5473.9000,10920.4305,109478.0000,0.000000,0.0000,109478.0000,CONS-ATIKA,,,33500,03530,0000023020,,,TRUE,J1QDPY8PP,1,062785
,PRO-ARMATU,0001329,2024/06/19,0.000,26302.6100,1315.1305,2623.6853,26302.6100,0.000000,0.0000,26302.6100,CONS-ATIKA,,,33500,03000,0000023020,,,TRUE,QW5XSAU18,1,062784
,VAL-MAURIC,0001335,2024/06/21,0.000,2200.0000,110.0000,219.4500,2200.0000,0.000000,0.0000,2200.0000,CONS-ATIKA,,,33500,16150,0000023020,,,TRUE,V2TG4ZRWQ,1,062806
,VAL-MAURIC,0001335,2024/06/21,0.000,4770.0000,238.5000,475.8075,4770.0000,0.000000,0.0000,4770.0000,CONS-ATIKA,,,33200,16220,0000023020,,,TRUE,V2TG4ZRWQ,1,062806
,VAL-MAURIC,0001335,2024/06/21,0.000,9200.0000,460.0000,917.7000,9200.0000,0.000000,0.0000,9200.0000,CONS-ATIKA,,,33500,16300,0000023020,,,TRUE,V2TG4ZRWQ,1,062806
,VAL-MAURIC,0001335,2024/06/21,0.000,6600.0000,330.0000,658.3500,6600.0000,0.000000,0.0000,6600.0000,CONS-ATIKA,,,33500,16500,0000023020,,,TRUE,V2TG4ZRWQ,1,062806
,VAL-MAURIC,0001295,2024/06/21,0.000,8150.0000,407.5000,812.9625,8150.0000,0.000000,0.0000,8150.0000,FESTIVAL-W,,,33500,16000,0000023019,,,TRUE,MJZ6E9YEM,1,062826
,VAL-MAURIC,0001438,2024/06/21,0.000,14799.0000,739.9500,1476.2003,14799.0000,0.000000,0.0000,14799.0000,FESTIVAL-W,,,33500,25001,0000023019,,,TRUE,CXL5Y9ORB,1,062827
,VAL-MAURIC,0001483,2024/06/21,0.000,16000.0000,800.0000,1596.0000,16000.0000,0.000000,0.0000,16000.0000,FESTIVAL-W,,,33500,25001,0000023019,,,TRUE,N9K6VAB99,1,062828
,MULTI-ENER,0001494,2024/06/25,0.000,8820.0000,441.0000,879.7950,8820.0000,0.000000,0.0000,8820.0000,CSS-CH-ROY,,,33500,15001,0000024014,,,TRUE,MC3FWT2E2,1,062716
,BOULAY----,0001414,2024/06/25,0.000,3375.0000,168.7500,336.6563,3375.0000,0.000000,0.0000,3375.0000,CONS-ATIKA,,,33500,05500,0000023020,,,TRUE,2BIZDGYAU,1,062804
,BOULAY----,0001414,2024/06/25,0.000,2100.0000,105.0000,209.4750,2100.0000,0.000000,0.0000,2100.0000,CONS-ATIKA,,,33500,05500,0000023020,,,TRUE,U19K8CKTD,1,062805
,ENT-MAXIME,0001313,2024/06/25,0.000,30946.5000,1547.3250,3086.9134,30946.5000,0.000000,0.0000,30946.5000,FESTIVAL-W,,,33500,02300,0000023019,,,TRUE,6PFBXSTNF,1,062829
,PAVAGE-MT-,0001503,2024/06/25,0.000,4800.0000,240.0000,478.8000,4800.0000,0.000000,0.0000,4800.0000,BRP-MEGATE,,,33500,25001,0000023026,,,TRUE,8Q7SX5AF5,1,062831
,ENS-FX-BOI,0001412,2024/06/26,0.000,828.0000,41.4000,82.5930,828.0000,0.000000,0.0000,828.0000,,,,33500,06400,0000023018,,,TRUE,9XX3FWNNQ,1,062743
,MULTI-ENER,0001296,2024/06/26,0.000,18000.0000,900.0000,1795.5000,18000.0000,0.000000,0.0000,18000.0000,FESTIVAL-W,,,33500,15001,0000023019,,,TRUE,273R8AIM1,1,062744
,ASCENSEUR-,0000936,2024/06/26,0.000,34146.0000,1707.3000,3406.0635,34146.0000,0.000000,0.0000,34146.0000,LIBERE-TOI,,,33500,14240,0000022005,,,TRUE,PLTYRY3TP,1,062745
,PLOMBER-2B,0001341,2024/06/26,0.000,29092.8000,1454.6400,2902.0068,29092.8000,0.000000,0.0000,29092.8000,CONS-ATIKA,,,33500,15401,0000023020,,,TRUE,51S4MG2GW,1,062747
,PLOMBER-2B,0001341,2024/06/26,0.000,5919.5800,295.9790,590.4781,5919.5800,0.000000,0.0000,5919.5800,CONS-ATIKA,,,33500,15410,0000023020,,,TRUE,51S4MG2GW,1,062747
,ENT-MAXIME,0001511,2024/06/27,0.000,3654.5000,182.7250,364.5364,3654.5000,0.000000,0.0000,3654.5000,LIBERE-TOI,,,33500,25001,0000022005,,,TRUE,2V3ATGF9W,1,062810
,ENT-MAXIME,0001515,2024/06/27,0.000,12151.8000,607.5900,1212.1421,12151.8000,0.000000,0.0000,12151.8000,FESTIVAL-W,,,33500,25001,0000023019,,,TRUE,07EGWIFPK,1,062830
,REINE-COUV,0001417,2024/06/27,0.000,-6115.4500,-305.7725,-610.0161,-6115.4500,0.000000,0.0000,-6115.4500,LIBERE-TOI,,,33500,25001,0000022005,,,TRUE,08Q7OXNIF,1,062897
,SIDE-ACOUS,0001516,2024/06/28,0.000,26000.0000,1300.0000,2593.5000,26000.0000,0.000000,0.0000,26000.0000,CONS-ATIKA,,,33500,06100,0000023020,,,TRUE,8HRHKRJRY,1,062802
,SIDE-ACOUS,0001339,2024/06/28,0.000,29000.0000,1450.0000,2892.7500,29000.0000,0.000000,0.0000,29000.0000,CONS-ATIKA,,,33500,09200,0000023020,,,TRUE,K54C27G5N,1,062803
,CONST-MESK,0001348,2024/06/28,0.000,8633.2500,431.6625,861.1667,8633.2500,0.000000,0.0000,8633.2500,CONS-ATIKA,,,33500,02335,0000023020,,,TRUE,MX9URDPGH,1,062881
,REGULVAR--,0001228,2024/06/30,0.000,828.0000,41.4000,82.5930,828.0000,0.000000,0.0000,828.0000,CSS-CH-ROY,,,33500,15900,0000023007,,,TRUE,7RKAW1MCH,1,062898
,J-GARCEAU-,0001343,2024/07/01,0.000,5800.0000,290.0000,578.5500,5800.0000,0.000000,0.0000,5800.0000,FESTIVAL-W,,,33500,07000,0000023019,,,TRUE,FJT5E9S1I,1,063072
,PREFAB-GOS,0001368,2024/07/01,0.000,15780.0000,789.0000,1574.0550,15780.0000,0.000000,0.0000,15780.0000,CONS-ATIKA,,,33200,03000,0000023020,,,TRUE,0BJUS46DJ,1,063145
,MANUGYPSE-,0001403,2024/07/01,0.000,9949.3300,497.4665,992.4457,9949.3300,0.000000,0.0000,9949.3300,CONS-ATIKA,,,33200,06100,0000023020,,,TRUE,F54LF400C,1,063155
,INST-D-L--,0001278,2024/07/04,0.000,24093.0300,1204.6515,2403.2797,24093.0300,0.000000,0.0000,24093.0300,LIBERE-TOI,,,33500,08000,0000022005,,,TRUE,HGMR7RZQG,1,062787
,F-DAIGLE--,0001468,2024/07/08,0.000,1420.0000,71.0000,141.6450,1420.0000,0.000000,0.0000,1420.0000,CIUSSS-T-R,,,33200,08000,0000024009,,,TRUE,EWUYUBLAS,1,062857
,RGF-------,0001496,2024/07/08,0.000,7227.0000,361.3500,720.8933,7227.0000,0.000000,0.0000,7227.0000,CSS-CH-ROY,,,33500,16000,0000024014,,,TRUE,VJH5CEC8V,1,062864
,ENT-ARSENE,0001493,2024/07/08,0.000,5625.0000,281.2500,561.0938,5625.0000,0.000000,0.0000,5625.0000,CSS-CH-ROY,,,33500,15401,0000024014,,,TRUE,7X3EQ3MFD,1,062865
,GAUTHIER--,0001479,2024/07/08,0.000,10620.0000,531.0000,1059.3450,10620.0000,0.000000,0.0000,10620.0000,CSS-CH-ROY,,,33500,15001,0000024013,,,TRUE,1QJFGDFY9,1,062867
,PEINT-DUPO,0001466,2024/07/11,0.000,4230.0000,211.5000,421.9425,4230.0000,0.000000,0.0000,4230.0000,BRP-MEGATE,,,33500,09910,0000023026,,,TRUE,U7IE5RX1D,1,062908
,PEINT-DUPO,0001466,2024/07/11,0.000,12888.0000,644.4000,1285.5780,12888.0000,0.000000,0.0000,12888.0000,BRP-MEGATE,,,33500,09910,0000023026,,,TRUE,U7IE5RX1D,1,062908
,PEINT-DUPO,0001466,2024/07/11,0.000,6692.0000,334.6000,667.5270,6692.0000,0.000000,0.0000,6692.0000,BRP-MEGATE,,,33500,09910,0000023026,,,TRUE,U7IE5RX1D,1,062908
,PEINT-DUPO,0001466,2024/07/11,0.000,13824.0000,691.2000,1378.9440,13824.0000,0.000000,0.0000,13824.0000,BRP-MEGATE,,,33500,09910,0000023026,,,TRUE,U7IE5RX1D,1,062908
,SCRIPTAM--,0001253,2024/07/11,0.000,243.0000,12.1500,24.2393,243.0000,0.000000,0.0000,243.0000,CSS-ENERGI,,,33200,10000,0000023010,,,TRUE,WQ9IK6KB9,1,062910
,VAL-MAURIC,0000943,2024/07/11,0.000,5500.0000,275.0000,548.6250,5500.0000,0.000000,0.0000,5500.0000,LIBERE-TOI,,,33500,16000,0000022005,,,TRUE,DWSSU82IM,1,062977
,VAL-MAURIC,0000943,2024/07/11,0.000,8000.0000,400.0000,798.0000,8000.0000,0.000000,0.0000,8000.0000,LIBERE-TOI,,,33500,16500,0000022005,,,TRUE,DWSSU82IM,1,062977
,ENT-MAXIME,0001431,2024/07/15,0.000,1696.8300,84.8415,169.2588,1696.8300,0.000000,0.0000,1696.8300,FESTIVAL-W,,,33500,25001,0000023019,,,TRUE,CM76DSA8I,1,063071
,ENT-MAXIME,0001440,2024/07/15,0.000,5751.2200,287.5610,573.6842,5751.2200,0.000000,0.0000,5751.2200,FESTIVAL-W,,,33500,25100,0000023019,,,TRUE,7RXA16GK7,1,063073
,VAL-MAURIC,0001482,2024/07/16,0.000,291.0000,14.5500,29.0273,291.0000,0.000000,0.0000,291.0000,LIBERE-TOI,,,33500,25001,0000022005,,,TRUE,J662RO4DJ,1,062978
,VAL-MAURIC,0001335,2024/07/16,0.000,33000.0000,1650.0000,3291.7500,33000.0000,0.000000,0.0000,33000.0000,CONS-ATIKA,,,33500,16130,0000023020,,,TRUE,JRR9UP6VS,1,062979
,VAL-MAURIC,0001335,2024/07/16,0.000,13800.0000,690.0000,1376.5500,13800.0000,0.000000,0.0000,13800.0000,CONS-ATIKA,,,33500,16300,0000023020,,,TRUE,JRR9UP6VS,1,062979
,DROLET-SIM,0001534,2024/07/16,0.000,16353.2500,817.6625,1631.2367,16353.2500,0.000000,0.0000,16353.2500,9405-5993-,,,33200,07460,0000023004,,,TRUE,WG83UVEQ0,1,063074
,BOULAY----,0001480,2024/07/17,0.000,10850.7000,542.5350,1082.3573,10850.7000,0.000000,0.0000,10850.7000,LIBERE-TOI,,,33500,25001,0000022005,,,TRUE,666R4JLAR,1,063143
,MULTI-ENER,0001296,2024/07/18,0.000,1440.0000,72.0000,143.6400,1440.0000,0.000000,0.0000,1440.0000,FESTIVAL-W,,,33500,15001,0000023019,,,TRUE,E1U4W8IGE,1,063013
,MULTI-ENER,0001494,2024/07/18,0.000,43200.0000,2160.0000,4309.2000,43200.0000,0.000000,0.0000,43200.0000,CSS-CH-ROY,,,33500,15001,0000024014,,,TRUE,19UEMIF92,1,063014
,PEINT-DUPO,0001330,2024/07/18,0.000,18000.0000,900.0000,1795.5000,18000.0000,0.000000,0.0000,18000.0000,CONS-ATIKA,,,33500,09910,0000023020,,,TRUE,3H2QPPE30,1,063015
,INTEGRAIR-,0001351,2024/07/18,0.000,9450.0000,472.5000,942.6375,9450.0000,0.000000,0.0000,9450.0000,CONS-ATIKA,,,33500,15900,0000023020,,,TRUE,WQM9ZAU2Y,1,063018
,TROTTIER-E,0001531,2024/07/18,0.000,279.0000,13.9500,27.8303,279.0000,0.000000,0.0000,279.0000,CIUSSS-ADM,,,33500,16000,0000024015,,,TRUE,ZKKS824EL,1,063019
,PLOMBER-2B,0001507,2024/07/18,0.000,1501.6700,75.0835,149.7916,1501.6700,0.000000,0.0000,1501.6700,CONS-ATIKA,,,33500,25001,0000023020,,,TRUE,A6D2PCMOC,1,063023
,PLOMBER-2B,0001341,2024/07/18,0.000,59067.2000,2953.3600,5891.9532,59067.2000,0.000000,0.0000,59067.2000,CONS-ATIKA,,,33500,15401,0000023020,,,TRUE,C1AOQ77YJ,1,063024
,PLOMBER-2B,0001341,2024/07/18,0.000,29597.8900,1479.8945,2952.3895,29597.8900,0.000000,0.0000,29597.8900,CONS-ATIKA,,,33500,15410,0000023020,,,TRUE,C1AOQ77YJ,1,063024
,RGF-------,0001496,2024/07/18,0.000,31729.5000,1586.4750,3165.0176,31729.5000,0.000000,0.0000,31729.5000,CSS-CH-ROY,,,33500,16000,0000024014,,,TRUE,NZ2BOLXDA,1,063033
,GAUTHIER--,0001479,2024/07/18,0.000,15930.0000,796.5000,1589.0175,15930.0000,0.000000,0.0000,15930.0000,CSS-CH-ROY,,,33500,15001,0000024013,,,TRUE,E7S5JUOXC,1,063034
,KB-ELECTRI,0001477,2024/07/18,0.000,129257.0000,6462.8500,12893.3858,129257.0000,0.000000,0.0000,129257.0000,CSS-CH-ROY,,,33500,16000,0000024013,,,TRUE,5F06758XY,1,063037
,ENT-ARSENE,0001493,2024/07/18,0.000,45816.9300,2290.8465,4570.2388,45816.9300,0.000000,0.0000,45816.9300,CSS-CH-ROY,,,33500,15401,0000024014,,,TRUE,KP3OCLJJX,1,063038
,ISOL-FLAMC,0001489,2024/07/18,0.000,8310.0000,415.5000,828.9225,8310.0000,0.000000,0.0000,8310.0000,CSS-CH-ROY,,,33500,15260,0000024014,,,TRUE,ND3XL2TH8,1,063080
,IDEES-FIL-,0001406,2024/07/31,0.000,6261.6000,313.0800,624.5946,6261.6000,0.000000,0.0000,6261.6000,FESTIVAL-W,,,33500,25100,0000023019,,,TRUE,8JB6QHNNI,1,063204
,QUINOX----,0001475,2024/08/01,0.000,2658.5000,132.9250,265.1854,2658.5000,0.000000,0.0000,2658.5000,,,,33500,25001,0000022032,,,TRUE,XK4NHZR0A,1,063217
,QUINOX----,0001374,2024/08/01,0.000,-8765.8300,-438.2915,-874.3915,-8765.8300,0.000000,0.0000,-8765.8300,ST-ONGE-FO,,,33500,07600,0000022032,,,TRUE,KSRUQVBNF,1,063218
,CONC-C3M--,0001367,2024/08/01,0.000,450.0000,22.5000,44.8875,450.0000,0.000000,0.0000,450.0000,ST-ONGE-FO,,,33200,25001,0000022032,,,TRUE,A4MXGMLH2,1,063219
,QUINOX----,0001474,2024/08/01,0.000,7249.5000,362.4750,723.1376,7249.5000,0.000000,0.0000,7249.5000,ST-ONGE-FO,,,33500,25001,0000022032,,,TRUE,WEBOTCKCY,1,063220
,FAB-------,0001404,2024/08/01,0.000,300.0000,15.0000,29.9250,300.0000,0.000000,0.0000,300.0000,LUC-FARRIE,,,33200,25001,0000023018,,,TRUE,WZ8GN58UR,1,063221
,BEDCOLAB--,0001559,2024/08/01,0.000,77820.0000,3891.0000,7762.5450,77820.0000,0.000000,0.0000,77820.0000,CSS-CH-ROY,,,33500,06400,0000024014,,,TRUE,6N2KYLN6G,1,063361
,QUINTECH--,0001425,2024/08/05,0.000,14000.0000,700.0000,1396.5000,14000.0000,0.000000,0.0000,14000.0000,CONS-ATIKA,,,33200,08000,0000023020,,,TRUE,2HX6QCP3R,1,063047
,BOULAY----,0001414,2024/08/05,0.000,4900.0000,245.0000,488.7750,4900.0000,0.000000,0.0000,4900.0000,CONS-ATIKA,,,33500,05500,0000023020,,,TRUE,298V81F5O,1,063049
,ENT-MAXIME,0000967,2024/08/05,0.000,43000.0000,2150.0000,4289.2500,43000.0000,0.000000,0.0000,43000.0000,LIBERE-TOI,,,33500,02800,0000022005,,,TRUE,4JIGUDOI6,1,063055
,ACG-ISOLAT,0001498,2024/08/12,0.000,7835.0000,391.7500,781.5413,7835.0000,0.000000,0.0000,7835.0000,CSS-CH-ROY,,,33500,02070,0000024014,,,TRUE,6CJS2HQR3,1,063105
,ISOL-FLAMC,0001489,2024/08/12,0.000,8310.0000,415.5000,828.9225,8310.0000,0.000000,0.0000,8310.0000,CSS-CH-ROY,,,33500,15260,0000024014,,,TRUE,6F8U96CJ7,1,063115
,DROLET-SIM,0001540,2024/08/14,0.000,1942.6000,97.1300,193.7744,1942.6000,0.000000,0.0000,1942.6000,9405-5993-,,,33200,07460,0000023004,,,TRUE,IEV0WK09Y,1,063162
,ENT-ARSENE,0001493,2024/08/15,0.000,54162.7200,2708.1360,5402.7313,54162.7200,0.000000,0.0000,54162.7200,CSS-CH-ROY,,,33500,15401,0000024014,,,TRUE,B2R60SQKI,1,063237
,F-DAIGLE--,0001537,2024/08/19,0.000,22.0000,1.1000,2.1945,22.0000,0.000000,0.0000,22.0000,BRP-MEGATE,,,33200,25001,0000023026,,,TRUE,6RKPJ2KCN,1,063194
,F-DAIGLE--,0001544,2024/08/19,0.000,34.4000,1.7200,3.4314,34.4000,0.000000,0.0000,34.4000,CIUSSS-T-R,,,33200,09200,0000024009,,,TRUE,1DH63NHRO,1,063236
,TROTTIER-E,0001531,2024/08/20,0.000,13000.0000,650.0000,1296.7500,13000.0000,0.000000,0.0000,13000.0000,CIUSSS-ADM,,,33500,16000,0000024015,,,TRUE,3EYGYUJJC,1,063210
,CLOT-N-S--,0001463,2024/08/20,0.000,8665.0000,433.2500,864.3338,8665.0000,0.000000,0.0000,8665.0000,LIBERE-TOI,,,33500,25001,0000022005,,,TRUE,W7MXKGY5S,1,063211
,ASCENSEUR-,0000936,2024/08/20,0.000,5841.6000,292.0800,582.6996,5841.6000,0.000000,0.0000,5841.6000,LIBERE-TOI,,,33500,14240,0000022005,,,TRUE,EP9X6JNVO,1,063213
,PEINT-DUPO,0001539,2024/08/20,0.000,2278.0000,113.9000,227.2305,2278.0000,0.000000,0.0000,2278.0000,CIUSSS-T-R,,,33500,09910,0000024009,,,TRUE,P68UDDBV0,1,063238
,MULTI-ENER,0001494,2024/08/22,0.000,47610.0000,2380.5000,4749.0975,47610.0000,0.000000,0.0000,47610.0000,CSS-CH-ROY,,,33500,15001,0000024014,,,TRUE,HN24S463P,1,063231
,GAUTHIER--,0001479,2024/08/22,0.000,15930.0000,796.5000,1589.0175,15930.0000,0.000000,0.0000,15930.0000,CSS-CH-ROY,,,33500,15001,0000024013,,,TRUE,7KFGY0873,1,063234
,CIRTECH---,0001509,2024/08/22,0.000,8400.0000,420.0000,837.9000,8400.0000,0.000000,0.0000,8400.0000,CSS-CH-ROY,,,33500,07500,0000024013,,,TRUE,VCOBKEPH4,1,063235
,ARMECO----,0001500,2024/08/26,0.000,4735.0000,236.7500,472.3163,4735.0000,0.000000,0.0000,4735.0000,CONS-ATIKA,,,33200,09200,0000023020,,,TRUE,ZR818RB37,1,063348
,ENT-MAXIME,0000967,2024/08/26,0.000,2565.0000,128.2500,255.8588,2565.0000,0.000000,0.0000,2565.0000,LIBERE-TOI,,,33500,02500,0000022005,,,TRUE,2EY8BP5KP,1,063355
,ENT-MAXIME,0000967,2024/08/26,0.000,8185.0000,409.2500,816.4538,8185.0000,0.000000,0.0000,8185.0000,LIBERE-TOI,,,33500,02800,0000022005,,,TRUE,2EY8BP5KP,1,063355
,F-DAIGLE--,0001541,2024/08/27,0.000,22.0000,1.1000,2.1945,22.0000,0.000000,0.0000,22.0000,BRP-MEGATE,,,33200,25001,0000023026,,,TRUE,MSXQ9ZNBZ,1,063251
,GLISSIERES,0001551,2024/08/27,0.000,200.0000,10.0000,19.9500,200.0000,0.000000,0.0000,200.0000,TRANSP-LEM,,,33200,05500,0000024016,,,TRUE,ADEW54V2F,1,063252
,VAL-MAURIC,0001295,2024/08/27,0.000,2850.0000,142.5000,284.2875,2850.0000,0.000000,0.0000,2850.0000,FESTIVAL-W,,,33500,16000,0000023019,,,TRUE,R4YTPR1RQ,1,063253
,VAL-MAURIC,0001483,2024/08/27,0.000,3900.0000,195.0000,389.0250,3900.0000,0.000000,0.0000,3900.0000,FESTIVAL-W,,,33500,25001,0000023019,,,TRUE,7FRF0PYJ3,1,063254
,QUINTECH--,0001425,2024/08/27,0.000,596.0000,29.8000,59.4510,596.0000,0.000000,0.0000,596.0000,CONS-ATIKA,,,33200,08000,0000023020,,,TRUE,BKZJ3A6J0,1,063266
,PEINT-DUPO,0001330,2024/08/27,0.000,28200.0000,1410.0000,2812.9500,28200.0000,0.000000,0.0000,28200.0000,CONS-ATIKA,,,33500,09910,0000023020,,,TRUE,7U6R2FKVY,1,063267
,PLOMBER-2B,0001341,2024/08/27,0.000,17015.0000,850.7500,1697.2463,17015.0000,0.000000,0.0000,17015.0000,CONS-ATIKA,,,33500,15260,0000023020,,,TRUE,0DCZ5GI45,1,063269
,PLOMBER-2B,0001341,2024/08/27,0.000,7551.6700,377.5835,753.2791,7551.6700,0.000000,0.0000,7551.6700,CONS-ATIKA,,,33500,15410,0000023020,,,TRUE,0DCZ5GI45,1,063269
,CHAMPAGNE.,0001524,2024/08/27,0.000,1189.1500,59.4575,118.6177,1189.1500,0.000000,0.0000,1189.1500,CIUSSS-ADM,,,33200,10000,0000024015,,,TRUE,CGGNAFQSS,1,063275
,SOC-COMM-A,0001530,2024/08/27,0.000,6531.2700,326.5635,651.4942,6531.2700,0.000000,0.0000,6531.2700,CIUSSS-ADM,,,33500,15950,0000024015,,,TRUE,TGT3KYMU9,1,063354
,BOULAY----,0001414,2024/08/29,0.000,64095.0000,3204.7500,6393.4763,64095.0000,0.000000,0.0000,64095.0000,CONS-ATIKA,,,33500,05500,0000023020,,,TRUE,1P122WVFG,1,063350
,SIDE-ACOUS,0001339,2024/08/29,0.000,33800.0000,1690.0000,3371.5500,33800.0000,0.000000,0.0000,33800.0000,CONS-ATIKA,,,33500,09200,0000023020,,,TRUE,UNB5ZH9ZJ,1,063351
,DROLET-SIM,0001538,2024/08/29,0.000,1284.4600,64.2230,128.1249,1284.4600,0.000000,0.0000,1284.4600,CONS-ATIKA,,,33200,06100,0000023020,,,TRUE,6BCCCLKHY,1,063352
,CLAUDEBEDA,0001529,2024/08/30,0.000,3909.0000,195.4500,389.9228,3909.0000,0.000000,0.0000,3909.0000,CIUSSS-ADM,,,33500,15001,0000024015,,,TRUE,AVS0MNH8X,1,063268
,CONST-MESK,0001348,2024/08/30,0.000,11202.2500,560.1125,1117.4244,11202.2500,0.000000,0.0000,11202.2500,CONS-ATIKA,,,33500,02335,0000023020,,,TRUE,DSDKBO96D,1,063440
,CONST-MESK,0001348,2024/08/30,0.000,6237.0000,311.8500,622.1408,6237.0000,0.000000,0.0000,6237.0000,CONS-ATIKA,,,33500,02740,0000023020,,,TRUE,DSDKBO96D,1,063440
,CONST-MESK,0001348,2024/08/30,0.000,18752.5000,937.6250,1870.5619,18752.5000,0.000000,0.0000,18752.5000,CONS-ATIKA,,,33500,02775,0000023020,,,TRUE,DSDKBO96D,1,063440
,PRO-ARMATU,0001328,2024/09/01,0.000,66350.0000,3317.5000,6618.4125,66350.0000,0.000000,0.0000,66350.0000,CONS-ATIKA,,,33500,03000,0000023020,,,TRUE,FHBH7HGZF,1,063589
,CONST-REGI,0001350,2024/09/01,0.000,560000.0000,28000.0000,55860.0000,560000.0000,0.000000,0.0000,560000.0000,CONS-ATIKA,,,33500,03000,0000023020,,,TRUE,4C5FXYRZ0,1,063590
,QUINOX----,0000956,2024/09/01,0.000,135481.1800,6774.0590,13514.2477,135481.1800,0.000000,0.0000,135481.1800,LIBERE-TOI,,,33500,07460,0000022005,,,TRUE,YKQ4VXCVE,1,063793
,PEINT-DUPO,0001486,2024/09/03,0.000,14474.0000,723.7000,1443.7815,14474.0000,0.000000,0.0000,14474.0000,CSS-CH-ROY,,,33500,09910,0000024013,,,TRUE,RU2OAH6CS,1,063309
,RGF-------,0001496,2024/09/03,0.000,51366.8200,2568.3410,5123.8403,51366.8200,0.000000,0.0000,51366.8200,CSS-CH-ROY,,,33500,16000,0000024014,,,TRUE,1F7NTNC97,1,063310
,KB-ELECTRI,0001477,2024/09/03,0.000,28000.0000,1400.0000,2793.0000,28000.0000,0.000000,0.0000,28000.0000,CSS-CH-ROY,,,33500,16000,0000024013,,,TRUE,KUX7IV5KL,1,063311
,SYS-MAURIC,0001490,2024/09/03,0.000,105500.0000,5275.0000,10523.6250,105500.0000,0.000000,0.0000,105500.0000,CSS-CH-ROY,,,33500,09200,0000024014,,,TRUE,YLNF9W7HL,1,063315
,SOUDEX-MET,0001485,2024/09/03,0.000,4426.0000,221.3000,441.4935,4426.0000,0.000000,0.0000,4426.0000,CSS-CH-ROY,,,33500,05500,0000024013,,,TRUE,AOIYD9QXQ,1,063316
,AQUAFLO...,0001526,2024/09/03,0.000,2295.0000,114.7500,228.9263,2295.0000,0.000000,0.0000,2295.0000,CIUSSS-ADM,,,33500,13930,0000024015,,,TRUE,U3HNDZAI5,1,063349
,ISOL-FLAMC,0001489,2024/09/09,0.000,16620.0000,831.0000,1657.8450,16620.0000,0.000000,0.0000,16620.0000,CSS-CH-ROY,,,33500,15260,0000024014,,,TRUE,JB243IW5R,1,063368
,COUVRE-PLA,0001553,2024/09/10,0.000,8172.8800,408.6440,815.2448,8172.8800,0.000000,0.0000,8172.8800,CSS-CH-ROY,,,33500,09600,0000024014,,,TRUE,IY90ERN1T,1,063424
,COUVRE-PLA,0001512,2024/09/10,0.000,8799.3400,439.9670,877.7342,8799.3400,0.000000,0.0000,8799.3400,CSS-CH-ROY,,,33500,09600,0000024014,,,TRUE,OXWAZM9XA,1,063620
,CBM-INDUST,0001558,2024/09/16,0.000,743.7500,37.1875,74.1891,743.7500,0.000000,0.0000,743.7500,LIBERE-TOI,,,33500,25001,0000022005,,,TRUE,6XM0H2P5E,1,063461
,ENT-ARSENE,0001506,2024/09/16,0.000,500.0000,25.0000,49.8750,500.0000,0.000000,0.0000,500.0000,,,,33500,15401,0000024009,,,TRUE,HO5PWZ1HW,1,063509
,ENT-ARSENE,0001506,2024/09/16,0.000,1648.0000,82.4000,164.3880,1648.0000,0.000000,0.0000,1648.0000,,,,33500,15401,0000024009,,,TRUE,HO5PWZ1HW,1,063509
,ENT-ARSENE,0001506,2024/09/16,0.000,2872.0000,143.6000,286.4820,2872.0000,0.000000,0.0000,2872.0000,,,,33500,15401,0000024009,,,TRUE,HO5PWZ1HW,1,063509
,CONST-JARI,0001478,2024/09/17,0.000,5158.0000,257.9000,514.5105,5158.0000,0.000000,0.0000,5158.0000,CSS-CH-ROY,,,33500,07330,0000024013,,,TRUE,0T15B6QKX,1,063416
,CONST-JARI,0001478,2024/09/17,0.000,18568.8000,928.4400,1852.2378,18568.8000,0.000000,0.0000,18568.8000,CSS-CH-ROY,,,33500,07330,0000024013,,,TRUE,ZBFN14IHB,1,063417
,CENTRE-TAP,0001533,2024/09/17,0.000,4925.0000,246.2500,491.2688,4925.0000,0.000000,0.0000,4925.0000,CIUSSS-T-R,,,33500,25001,0000024009,,,TRUE,N9NM702W2,1,063420
,CENTRE-TAP,0001533,2024/09/17,0.000,2770.0000,138.5000,276.3075,2770.0000,0.000000,0.0000,2770.0000,CIUSSS-T-R,,,33500,25001,0000024009,,,TRUE,56Z8CZOGZ,1,063421
,CENTRE-TAP,0001467,2024/09/17,0.000,930.0000,46.5000,92.7675,930.0000,0.000000,0.0000,930.0000,,,,33500,09200,0000024009,,,TRUE,59BWXS7IE,1,063422
,CENTRE-TAP,0001467,2024/09/17,0.000,1440.0000,72.0000,143.6400,1440.0000,0.000000,0.0000,1440.0000,,,,33500,09200,0000024009,,,TRUE,A9D80C2UG,1,063423
,KB-ELECTRI,0001477,2024/09/19,0.000,73956.5000,3697.8250,7377.1609,73956.5000,0.000000,0.0000,73956.5000,CSS-CH-ROY,,,33500,16000,0000024013,,,TRUE,THFXSVBR9,1,063512
,REGULVAR--,0001495,2024/09/23,0.000,61564.5000,3078.2250,6141.0589,61564.5000,0.000000,0.0000,61564.5000,CSS-CH-ROY,,,33500,15900,0000024014,,,TRUE,9NPRXO2MS,1,063560
,CONST-JARI,0001478,2024/09/24,0.000,27853.2000,1392.6600,2778.3567,27853.2000,0.000000,0.0000,27853.2000,CSS-CH-ROY,,,33500,07330,0000024013,,,TRUE,CVYIUF7ZB,1,063506
,ENT-ARSENE,0001493,2024/09/24,0.000,98679.1000,4933.9550,9843.2402,98679.1000,0.000000,0.0000,98679.1000,CSS-CH-ROY,,,33500,15401,0000024014,,,TRUE,C0PYSCV4O,1,063510
,MULTI-ENER,0001494,2024/09/24,0.000,8010.0000,400.5000,798.9975,8010.0000,0.000000,0.0000,8010.0000,CSS-CH-ROY,,,33500,15001,0000024014,,,TRUE,U9QQ07P4H,1,063513
,INTEGRAIR-,0001351,2024/09/24,0.000,22500.0000,1125.0000,2244.3750,22500.0000,0.000000,0.0000,22500.0000,CONS-ATIKA,,,33500,15900,0000023020,,,TRUE,7CFLZWX7M,1,063526
,TROTTIER-E,0001531,2024/09/24,0.000,45000.0000,2250.0000,4488.7500,45000.0000,0.000000,0.0000,45000.0000,CIUSSS-ADM,,,33500,16000,0000024015,,,TRUE,YRNTT4O6J,1,063536
,REFR-NORDI,0001353,2024/09/24,0.000,339800.0000,16990.0000,33895.0500,339800.0000,0.000000,0.0000,339800.0000,CONS-ATIKA,,,33500,15001,0000023020,,,TRUE,DO0CZ572S,1,063578
,VAL-MAURIC,0001335,2024/09/25,0.000,66000.0000,3300.0000,6583.5000,66000.0000,0.000000,0.0000,66000.0000,CONS-ATIKA,,,33500,16130,0000023020,,,TRUE,THD3BZDR0,1,063579
,VAL-MAURIC,0001335,2024/09/25,0.000,69000.0000,3450.0000,6882.7500,69000.0000,0.000000,0.0000,69000.0000,CONS-ATIKA,,,33500,16300,0000023020,,,TRUE,THD3BZDR0,1,063579
,VAL-MAURIC,0001335,2024/09/25,0.000,66660.0000,3333.0000,6649.3350,66660.0000,0.000000,0.0000,66660.0000,CONS-ATIKA,,,33500,16500,0000023020,,,TRUE,THD3BZDR0,1,063579
,VAL-MAURIC,0001335,2024/09/25,0.000,18400.0000,920.0000,1835.4000,18400.0000,0.000000,0.0000,18400.0000,CONS-ATIKA,,,33500,16800,0000023020,,,TRUE,THD3BZDR0,1,063579
,ARMECO----,0001547,2024/09/25,0.000,6615.0000,330.7500,659.8463,6615.0000,0.000000,0.0000,6615.0000,CIUSSS-ADM,,,33200,10000,0000024015,,,TRUE,P3PN2FLZ0,1,063582
,QUINOX----,0000956,2024/09/25,0.000,63937.6000,3196.8800,6377.7756,63937.6000,0.000000,0.0000,63937.6000,LIBERE-TOI,,,33500,07460,0000022005,,,TRUE,D6U2JKHOL,1,063584
,PARMETAL--,0001513,2024/09/26,0.000,11138.4000,556.9200,1111.0554,11138.4000,0.000000,0.0000,11138.4000,,,,33500,05120,0000024014,,,TRUE,T6V097M30,1,063561
,CONST-MESK,0001348,2024/09/26,0.000,7527.5500,376.3775,750.8731,7527.5500,0.000000,0.0000,7527.5500,CONS-ATIKA,,,33500,02335,0000023020,,,TRUE,8Y2AACGMD,1,063587
,CONST-MESK,0001348,2024/09/26,0.000,6155.4500,307.7725,614.0061,6155.4500,0.000000,0.0000,6155.4500,CONS-ATIKA,,,33500,02775,0000023020,,,TRUE,8Y2AACGMD,1,063587
,CONST-MESK,0001348,2024/09/26,0.000,12977.5000,648.8750,1294.5056,12977.5000,0.000000,0.0000,12977.5000,CONS-ATIKA,,,33500,02920,0000023020,,,TRUE,8Y2AACGMD,1,063587
,SIDE-ACOUS,0001555,2024/09/27,0.000,16090.0000,804.5000,1604.9775,16090.0000,0.000000,0.0000,16090.0000,CONS-ATIKA,,,33500,25001,0000023020,,,TRUE,GD8KJRG55,1,063580
,SIDE-ACOUS,0001339,2024/09/27,0.000,65000.0000,3250.0000,6483.7500,65000.0000,0.000000,0.0000,65000.0000,CONS-ATIKA,,,33500,09200,0000023020,,,TRUE,COB9ZX981,1,063581
,RGF-------,0001496,2024/09/30,0.000,49064.1700,2453.2085,4894.1510,49064.1700,0.000000,0.0000,49064.1700,CSS-CH-ROY,,,33500,16000,0000024014,,,TRUE,KDKOMAQV8,1,063567
,CLAUDEBEDA,0001529,2024/09/30,0.000,10980.0000,549.0000,1095.2550,10980.0000,0.000000,0.0000,10980.0000,CIUSSS-ADM,,,33500,15001,0000024015,,,TRUE,XFSVLZDNA,1,063583
,CONST-REGI,0001352,2024/09/30,0.000,91240.0000,4562.0000,9101.1900,91240.0000,0.000000,0.0000,91240.0000,CONS-ATIKA,,,33500,02775,0000023020,,,TRUE,AM3K1JJ2J,1,063648
,PEINT-DUPO,0001505,2024/09/30,0.000,29944.0000,1497.2000,2986.9140,29944.0000,0.000000,0.0000,29944.0000,9405-5993-,,,33500,25001,0000023004,,,TRUE,G9VADE3TK,1,063672
,METAL-LAMI,0001545,2024/09/30,0.000,1389.9600,69.4980,138.6485,1389.9600,0.000000,0.0000,1389.9600,TRANSP-LEM,,,33200,06100,0000024016,,,TRUE,NIZU6EU33,1,063702
,ISOL-FLAMC,0001489,2024/09/30,0.000,24930.0000,1246.5000,2486.7675,24930.0000,0.000000,0.0000,24930.0000,CSS-CH-ROY,,,33500,15260,0000024014,,,TRUE,VX54WJC79,1,063705
,COMETAL---,0001567,2024/09/30,0.000,195.0000,9.7500,19.4513,195.0000,0.000000,0.0000,195.0000,CIUSSS-T-R,,,33200,25001,0000024009,,,TRUE,B7J0F5D8T,1,063706
,COMETAL---,0001567,2024/09/30,0.000,200.0000,10.0000,19.9500,200.0000,0.000000,0.0000,200.0000,CIUSSS-T-R,,,33200,25001,0000024009,,,TRUE,SXIA3QNT9,1,063707
,SYS-MAURIC,0001490,2024/09/30,0.000,10500.0000,525.0000,1047.3750,10500.0000,0.000000,0.0000,10500.0000,CSS-CH-ROY,,,33500,09200,0000024014,,,TRUE,F362G3PAL,1,063708
,ENT-ARSENE,0001527,2024/09/30,0.000,43485.0700,2174.2535,4337.6357,43485.0700,0.000000,0.0000,43485.0700,CIUSSS-ADM,,,33500,15401,0000024015,,,TRUE,WCPHKRZLS,1,063729
,ENT-MAXIME,0001313,2024/10/01,0.000,4400.0000,220.0000,438.9000,4400.0000,0.000000,0.0000,4400.0000,FESTIVAL-W,,,33500,02070,0000023019,,,TRUE,4GJS375YC,1,063753
,ENT-MAXIME,0001313,2024/10/01,0.000,13053.0000,652.6500,1302.0368,13053.0000,0.000000,0.0000,13053.0000,FESTIVAL-W,,,33500,02300,0000023019,,,TRUE,4GJS375YC,1,063753
,ENT-MAXIME,0001430,2024/10/01,0.000,-405.0000,-20.2500,-40.3988,-405.0000,0.000000,0.0000,-405.0000,FESTIVAL-W,,,33500,25001,0000023019,,,TRUE,Q55PO3GNP,1,063754
,ENT-MAXIME,0001431,2024/10/01,0.000,942.6900,47.1345,94.0333,942.6900,0.000000,0.0000,942.6900,FESTIVAL-W,,,33500,25001,0000023019,,,TRUE,1Z9Z8DUOV,1,063755
,ENT-MAXIME,0001437,2024/10/01,0.000,-205.8500,-10.2925,-20.5335,-205.8500,0.000000,0.0000,-205.8500,FESTIVAL-W,,,33500,25001,0000023019,,,TRUE,Y74P0JI4H,1,063756
,ENT-MAXIME,0001437,2024/10/01,0.000,-195.0000,-9.7500,-19.4513,-195.0000,0.000000,0.0000,-195.0000,FESTIVAL-W,,,33500,25001,0000023019,,,TRUE,Y74P0JI4H,1,063756
,ENT-MAXIME,0001515,2024/10/01,0.000,1350.2000,67.5100,134.6825,1350.2000,0.000000,0.0000,1350.2000,FESTIVAL-W,,,33500,25001,0000023019,,,TRUE,57UP86D7H,1,063757
,ENT-MAXIME,0001440,2024/10/01,0.000,639.0200,31.9510,63.7422,639.0200,0.000000,0.0000,639.0200,FESTIVAL-W,,,33500,25100,0000023019,,,TRUE,884WUWZ85,1,063758
,VAL-MAURIC,0001335,2024/10/01,0.000,26400.0000,1320.0000,2633.4000,26400.0000,0.000000,0.0000,26400.0000,CONS-ATIKA,,,33500,16130,0000023020,,,TRUE,1HSHA5S09,1,063906
,VAL-MAURIC,0001335,2024/10/01,0.000,2200.0000,110.0000,219.4500,2200.0000,0.000000,0.0000,2200.0000,CONS-ATIKA,,,33500,16150,0000023020,,,TRUE,1HSHA5S09,1,063906
,VAL-MAURIC,0001335,2024/10/01,0.000,46000.0000,2300.0000,4588.5000,46000.0000,0.000000,0.0000,46000.0000,CONS-ATIKA,,,33500,16300,0000023020,,,TRUE,1HSHA5S09,1,063906
,VAL-MAURIC,0001335,2024/10/01,0.000,16500.0000,825.0000,1645.8750,16500.0000,0.000000,0.0000,16500.0000,CONS-ATIKA,,,33500,16500,0000023020,,,TRUE,1HSHA5S09,1,063906
,F-DAIGLE--,0001521,2024/10/02,0.000,5906.0000,295.3000,589.1235,5906.0000,0.000000,0.0000,5906.0000,CIUSSS-ADM,,,33200,08000,0000024015,,,TRUE,7PD4MW7RO,1,063649
,CONST-MESK,0001348,2024/10/07,0.000,133662.3100,6683.1155,13332.8154,133662.3100,0.000000,0.0000,133662.3100,CONS-ATIKA,,,33500,02740,0000023020,,,TRUE,OAFU1OZ2N,1,063730
,CONST-MESK,0001348,2024/10/07,0.000,3164.8700,158.2435,315.6958,3164.8700,0.000000,0.0000,3164.8700,CONS-ATIKA,,,33500,02775,0000023020,,,TRUE,OAFU1OZ2N,1,063730
,CONST-MESK,0001348,2024/10/07,0.000,2285.9200,114.2960,228.0205,2285.9200,0.000000,0.0000,2285.9200,CONS-ATIKA,,,33500,02920,0000023020,,,TRUE,OAFU1OZ2N,1,063730
,PEINT-DUPO,0001492,2024/10/16,0.000,3200.0000,160.0000,319.2000,3200.0000,0.000000,0.0000,3200.0000,CSS-CH-ROY,,,33500,09910,0000024014,,,TRUE,NT6S24GS9,1,063775
,BRAVURA...,0001357,2024/10/19,0.000,21753.4100,0.0000,2169.9026,21753.4100,0.000000,0.0000,21753.4100,CONS-ATIKA,,,33500,08560,0000023020,,,TRUE,E0KU71JSH,1,063794
,BRAVURA...,0001357,2024/10/19,0.000,21753.4000,0.0000,2169.9017,21753.4000,0.000000,0.0000,21753.4000,CONS-ATIKA,,,33500,08560,0000023020,,,TRUE,3DGGYBLEB,1,067695
,CLIMATISAT,0000946,2024/10/21,0.000,4100.0000,205.0000,408.9750,4100.0000,0.000000,0.0000,4100.0000,LIBERE-TOI,,,33500,15080,0000022005,,,TRUE,SS010C2IR,1,063766
,CLIMATISAT,0000946,2024/10/21,0.000,9000.0000,450.0000,897.7500,9000.0000,0.000000,0.0000,9000.0000,LIBERE-TOI,,,33500,15700,0000022005,,,TRUE,SS010C2IR,1,063766
,CLIMATISAT,0000946,2024/10/21,0.000,3000.0000,150.0000,299.2500,3000.0000,0.000000,0.0000,3000.0000,LIBERE-TOI,,,33500,15750,0000022005,,,TRUE,SS010C2IR,1,063766
,CLIMATISAT,0000946,2024/10/21,0.000,34550.0000,1727.5000,3446.3625,34550.0000,0.000000,0.0000,34550.0000,LIBERE-TOI,,,33500,15800,0000022005,,,TRUE,SS010C2IR,1,063766
,CLIMATISAT,0000946,2024/10/21,0.000,850.0000,42.5000,84.7875,850.0000,0.000000,0.0000,850.0000,LIBERE-TOI,,,33500,15950,0000022005,,,TRUE,SS010C2IR,1,063766
,CLIMATISAT,0001318,2024/10/21,0.000,2372.8400,118.6420,236.6908,2372.8400,0.000000,0.0000,2372.8400,LIBERE-TOI,,,33500,25001,0000022005,,,TRUE,W2K7E7FRD,1,063767
,CLIMATISAT,0001270,2024/10/21,0.000,1197.8100,59.8905,119.4815,1197.8100,0.000000,0.0000,1197.8100,LIBERE-TOI,,,33500,25001,0000022005,,,TRUE,RQL25EIJD,1,063768
,CLIMATISAT,0001344,2024/10/21,0.000,254.3100,12.7155,25.3674,254.3100,0.000000,0.0000,254.3100,LIBERE-TOI,,,33500,25001,0000022005,,,TRUE,2NK95QMX1,1,063769
,REGULVAR--,0001583,2024/10/21,0.000,366.2600,18.3130,36.5344,366.2600,0.000000,0.0000,366.2600,CSS-CH-ROY,,,33500,25001,0000024014,,,TRUE,BMZSJXTQ9,1,063838
,CLIMATISAT,0001391,2024/10/22,0.000,164.8800,8.2440,16.4468,164.8800,0.000000,0.0000,164.8800,LIBERE-TOI,,,33500,25001,0000022005,,,TRUE,LMVC6TPNI,1,063770
,CLIMATISAT,0001387,2024/10/22,0.000,181.4600,9.0730,18.1006,181.4600,0.000000,0.0000,181.4600,LIBERE-TOI,,,33500,25100,0000022005,,,TRUE,QONBWAF8Q,1,063771
,TROTTIER-E,0001531,2024/10/22,0.000,18000.0000,900.0000,1795.5000,18000.0000,0.000000,0.0000,18000.0000,CIUSSS-ADM,,,33500,16000,0000024015,,,TRUE,PRP2UT5C3,1,063864
,METAL-LAMI,0001563,2024/10/22,0.000,544.1700,27.2085,54.2810,544.1700,0.000000,0.0000,544.1700,,,,33200,06100,0000024018,,,TRUE,S2JR7GQQ5,1,063884
,METAL-LAMI,0001563,2024/10/22,0.000,2408.6000,120.4300,240.2579,2408.6000,0.000000,0.0000,2408.6000,,,,33200,06100,0000024018,,,TRUE,VDJXW1PRS,1,063885
,ENT-ARSENE,0001573,2024/10/22,0.000,4622.6600,231.1330,461.1103,4622.6600,0.000000,0.0000,4622.6600,CIUSSS-T-R,,,33500,25001,0000024015,,,TRUE,XQAQK3YMI,1,064099
,ENT-ARSENE,0001527,2024/10/22,0.000,51367.6500,2568.3825,5123.9231,51367.6500,0.000000,0.0000,51367.6500,CIUSSS-ADM,,,33500,15401,0000024015,,,TRUE,9I1GZ90LK,1,064100
,ENT-DEN-JO,0001418,2024/10/23,0.000,1.0000,0.0500,0.0998,1.0000,0.000000,0.0000,1.0000,LIBERE-TOI,,,33500,00400,0000022005,,,TRUE,5U3FXBMHL,1,063821
,CLOT-N-S--,0001246,2024/10/23,0.000,5000.0000,250.0000,498.7500,5000.0000,0.000000,0.0000,5000.0000,LIBERE-TOI,,,33500,10000,0000022005,,,TRUE,T4183TR12,1,063822
,CLIMATISAT,0001283,2024/10/23,0.000,9728.9400,486.4470,970.4618,9728.9400,0.000000,0.0000,9728.9400,LIBERE-TOI,,,33500,25001,0000022005,,,TRUE,D843PH85K,1,063823
,REINE-COUV,0001362,2024/10/23,0.000,0.6000,0.0300,0.0599,0.6000,0.000000,0.0000,0.6000,LIBERE-TOI,,,33500,25001,0000022005,,,TRUE,2LCNJI9RM,1,063824
,CLIMATISAT,0001285,2024/10/23,0.000,12955.0000,647.7500,1292.2613,12955.0000,0.000000,0.0000,12955.0000,LIBERE-TOI,,,33200,25001,0000022005,,,TRUE,9PM9OWXAO,1,063825
,VAL-MAURIC,0001580,2024/10/23,0.000,3019.0000,150.9500,301.1453,3019.0000,0.000000,0.0000,3019.0000,LIBERE-TOI,,,33500,25001,0000022005,,,TRUE,CH52SVEE5,1,063851
,PEINT-DUPO,0001330,2024/10/23,0.000,45000.0000,2250.0000,4488.7500,45000.0000,0.000000,0.0000,45000.0000,CONS-ATIKA,,,33500,09910,0000023020,,,TRUE,9SQAV3XH4,1,063855
....................3,ENT-MAXIME,0000967,2024/10/23,1.000,0.0000,0.0000,0.0000,0.0000,0.000000,0.0000,0.0000,LIBERE-TOI,,,33200,,0000022005,,,FALSE,OFS1EYJ8V,1,
....................4,ENT-MAXIME,0000967,2024/10/23,1.000,0.0000,0.0000,0.0000,0.0000,0.000000,0.0000,0.0000,LIBERE-TOI,,,33200,,0000022005,,,FALSE,OFS1EYJ8V,1,
,REINE-COUV,0000937,2024/10/24,0.000,12.9200,0.6460,1.2888,12.9200,0.000000,0.0000,12.9200,LIBERE-TOI,,,33500,09600,0000022005,,,TRUE,XA1OL5OBX,1,063827
,ARMECO----,0001272,2024/10/24,0.000,175.0000,8.7500,17.4563,175.0000,0.000000,0.0000,175.0000,LIBERE-TOI,,,33200,25001,0000022005,,,TRUE,XXQIDK4F7,1,063828
,MILETTE-G-,0001319,2024/10/24,0.000,130.9400,6.5470,13.0613,130.9400,0.000000,0.0000,130.9400,LIBERE-TOI,,,33200,25001,0000022005,,,TRUE,VW6O5PRT7,1,063829
,VAL-MAURIC,0001460,2024/10/24,0.000,1256.0000,62.8000,125.2860,1256.0000,0.000000,0.0000,1256.0000,LIBERE-TOI,,,33500,25001,0000022005,,,TRUE,8H1R98U3L,1,063830
,QUINTECH--,0001425,2024/10/24,0.000,47680.0000,2384.0000,4756.0800,47680.0000,0.000000,0.0000,47680.0000,CONS-ATIKA,,,33200,08000,0000023020,,,TRUE,VLXLT5586,1,063859
,QUINTECH--,0001425,2024/10/24,0.000,27500.0000,1375.0000,2743.1250,27500.0000,0.000000,0.0000,27500.0000,CONS-ATIKA,,,33200,08000,0000023020,,,TRUE,66BGXXWZY,1,063861
,ENT-ARSENE,0001493,2024/10/24,0.000,66339.6700,3316.9835,6617.3821,66339.6700,0.000000,0.0000,66339.6700,CSS-CH-ROY,,,33500,15401,0000024014,,,TRUE,W0X8DXFUS,1,063910
,VAL-MAURIC,0001335,2024/10/25,0.000,33000.0000,1650.0000,3291.7500,33000.0000,0.000000,0.0000,33000.0000,CONS-ATIKA,,,33500,16130,0000023020,,,TRUE,CF7M7E2DI,1,063854
,VAL-MAURIC,0001335,2024/10/25,0.000,23000.0000,1150.0000,2294.2500,23000.0000,0.000000,0.0000,23000.0000,CONS-ATIKA,,,33500,16300,0000023020,,,TRUE,CF7M7E2DI,1,063854
,VAL-MAURIC,0001335,2024/10/25,0.000,33300.0000,1665.0000,3321.6750,33300.0000,0.000000,0.0000,33300.0000,CONS-ATIKA,,,33500,16500,0000023020,,,TRUE,CF7M7E2DI,1,063854
,VAL-MAURIC,0001335,2024/10/25,0.000,18400.0000,920.0000,1835.4000,18400.0000,0.000000,0.0000,18400.0000,CONS-ATIKA,,,33500,16800,0000023020,,,TRUE,CF7M7E2DI,1,063854
,COUVRE-PLA,0001552,2024/10/25,0.000,461.6200,23.0810,46.0466,461.6200,0.000000,0.0000,461.6200,CSS-CH-ROY,,,33500,25100,0000024014,,,TRUE,XNWI7HFWK,1,063871
,COUVRE-PLA,0001512,2024/10/25,0.000,2545.3000,127.2650,253.8937,2545.3000,0.000000,0.0000,2545.3000,CSS-CH-ROY,,,33500,09600,0000024014,,,TRUE,GU7DLFVMX,1,063872
,REFR-NORDI,0001353,2024/10/28,0.000,32400.0000,1620.0000,3231.9000,32400.0000,0.000000,0.0000,32400.0000,CONS-ATIKA,,,33500,15001,0000023020,,,TRUE,9UMBPTEUJ,1,063865
,REFR-NORDI,0001353,2024/10/28,0.000,4200.0000,210.0000,418.9500,4200.0000,0.000000,0.0000,4200.0000,CONS-ATIKA,,,33500,15900,0000023020,,,TRUE,9UMBPTEUJ,1,063865
,COMETAL---,0001564,2024/10/28,0.000,425.0000,21.2500,42.3938,425.0000,0.000000,0.0000,425.0000,CIUSSS-T-R,,,33200,09200,0000024009,,,TRUE,YILHH70WV,1,063907
,REGULVAR--,0001495,2024/10/29,0.000,54436.5000,2721.8250,5430.0409,54436.5000,0.000000,0.0000,54436.5000,CSS-CH-ROY,,,33500,15900,0000024014,,,TRUE,CQESCQ7CG,1,063837
,ENT-MAXIME,0001491,2024/10/29,0.000,18429.5200,921.4760,1838.3446,18429.5200,0.000000,0.0000,18429.5200,CSS-CH-ROY,,,33500,03000,0000024014,,,TRUE,ECUDOTGOJ,1,063847
,GAUTHIER--,0001479,2024/10/29,0.000,31860.0000,1593.0000,3178.0350,31860.0000,0.000000,0.0000,31860.0000,CSS-CH-ROY,,,33500,15001,0000024013,,,TRUE,J9YQ2RQVF,1,063848
,ENT-MAXIME,0001571,2024/10/29,0.000,4975.0000,248.7500,496.2563,4975.0000,0.000000,0.0000,4975.0000,LIBERE-TOI,,,33500,25001,0000022005,,,TRUE,5J0Z70IOU,1,063849
,INTEGRAIR-,0001351,2024/10/29,0.000,14073.0000,703.6500,1403.7818,14073.0000,0.000000,0.0000,14073.0000,CONS-ATIKA,,,33500,15900,0000023020,,,TRUE,OYF2MU0LJ,1,063850
,SIC-EXPERT,0001575,2024/10/30,0.000,2600.0000,130.0000,259.3500,2600.0000,0.000000,0.0000,2600.0000,CIUSSS-T-R,,,33200,25001,0000024015,,,TRUE,H3YFID7M4,1,063895
,SIC-EXPERT,0001575,2024/10/30,0.000,295.0000,14.7500,29.4263,295.0000,0.000000,0.0000,295.0000,CIUSSS-T-R,,,33200,25001,0000024015,,,TRUE,H3YFID7M4,1,063895
,SIC-EXPERT,0001575,2024/10/30,0.000,215.0000,10.7500,21.4463,215.0000,0.000000,0.0000,215.0000,CIUSSS-T-R,,,33200,25001,0000024015,,,TRUE,H3YFID7M4,1,063895
,SIC-EXPERT,0001575,2024/10/30,0.000,3725.0000,186.2500,371.5688,3725.0000,0.000000,0.0000,3725.0000,CIUSSS-T-R,,,33200,25001,0000024015,,,TRUE,H3YFID7M4,1,063895
,SIC-EXPERT,0001577,2024/10/30,0.000,445.0000,22.2500,44.3888,445.0000,0.000000,0.0000,445.0000,CIUSSS-T-R,,,33200,25001,0000024015,,,TRUE,JC5M3M7TF,1,063896
,RGF-------,0001496,2024/10/30,0.000,59575.5000,2978.7750,5942.6561,59575.5000,0.000000,0.0000,59575.5000,CSS-CH-ROY,,,33500,16000,0000024014,,,TRUE,RR3Y3UHH2,1,063911
,PEINT-DUPO,0001578,2024/10/30,0.000,1480.0000,74.0000,147.6300,1480.0000,0.000000,0.0000,1480.0000,FESTIVAL-W,,,33500,09910,0000023019,,,TRUE,5U8647EW7,1,063990
,ENT-MAXIME,0001550,2024/10/30,0.000,7248.0000,362.4000,722.9880,7248.0000,0.000000,0.0000,7248.0000,FESTIVAL-W,,,33500,03000,0000023019,,,TRUE,JECO5VQTY,1,063991
,AMBIANCE..,0001520,2024/10/30,0.000,29206.1400,1460.3070,2913.3125,29206.1400,0.000000,0.0000,29206.1400,CIUSSS-ADM,,,33500,06400,0000024015,,,TRUE,E1LV8YPYA,1,064118
,INTEGRAIR-,0001351,2024/10/31,0.000,12665.7000,633.2850,1263.4036,12665.7000,0.000000,0.0000,12665.7000,CONS-ATIKA,,,33500,15900,0000023020,,,TRUE,1DPZ99TSI,1,067696
,CLAUDEBEDA,0001529,2024/10/31,0.000,24513.7500,1225.6875,2445.2466,24513.7500,0.000000,0.0000,24513.7500,CIUSSS-ADM,,,33500,15001,0000024015,,,TRUE,M55JDEBA8,1,063856
,AMBIANCE..,0001520,2024/10/31,0.000,21743.8600,1087.1930,2168.9500,21743.8600,0.000000,0.0000,21743.8600,CIUSSS-ADM,,,33500,06400,0000024015,,,TRUE,SCXHRZDT6,1,063898
,CIRTECH---,0001508,2024/10/31,0.000,16000.0000,800.0000,1596.0000,16000.0000,0.000000,0.0000,16000.0000,CSS-CH-ROY,,,33500,07500,0000024014,,,TRUE,DVZN3IBI4,1,063912
,SIDE-ACOUS,0001339,2024/10/31,0.000,10110.0000,505.5000,1008.4725,10110.0000,0.000000,0.0000,10110.0000,CONS-ATIKA,,,33500,09200,0000023020,,,TRUE,P6B82D6NA,1,063985
,SYS-MAURIC,0001490,2024/10/31,0.000,4500.0000,225.0000,448.8750,4500.0000,0.000000,0.0000,4500.0000,CSS-CH-ROY,,,33500,09200,0000024014,,,TRUE,IQKHD07X6,1,063993
,ISOL-FLAMC,0001489,2024/10/31,0.000,8310.0000,415.5000,828.9225,8310.0000,0.000000,0.0000,8310.0000,CSS-CH-ROY,,,33500,15260,0000024014,,,TRUE,99345K7SA,1,063995
,COLICO----,0001605,2024/10/31,0.000,3235.0000,161.7500,322.6913,3235.0000,0.000000,0.0000,3235.0000,CONS-ATIKA,,,33200,07460,0000023020,,,TRUE,RZ6V9TNJR,1,064025
,R-D-ROUSSE,0001487,2024/10/31,0.000,110053.1900,5502.6595,10977.8057,110053.1900,0.000000,0.0000,110053.1900,CONS-ATIKA,,,33500,08000,0000023020,,,TRUE,5DQT34O8H,1,064030
,RGF-------,0001620,2024/10/31,0.000,-26629.1500,-1331.4575,-2656.2577,-26629.1500,0.000000,0.0000,-26629.1500,CSS-CH-ROY,,,33500,16000,0000024014,,,TRUE,J56IPQEHO,1,064071
,RGF-------,0001620,2024/10/31,0.000,-2958.8000,-147.9400,-295.1403,-2958.8000,0.000000,0.0000,-2958.8000,CSS-CH-ROY,,,33500,16000,0000024014,,,TRUE,AV69TLP7P,1,064072
,QUINOX----,0000956,2024/11/01,0.000,21320.5500,1066.0275,2126.7249,21320.5500,0.000000,0.0000,21320.5500,LIBERE-TOI,,,33500,07460,0000022005,,,TRUE,WW6KZD79W,1,063946
,CONST-REGI,0001352,2024/11/04,0.000,7000.0000,350.0000,698.2500,7000.0000,0.000000,0.0000,7000.0000,CONS-ATIKA,,,33500,02775,0000023020,,,TRUE,SZZAB0CCG,1,064105
,FRANCO----,0001584,2024/11/08,0.000,15646.0000,782.3000,1560.6885,15646.0000,0.000000,0.0000,15646.0000,OMH-SHAWIN,,,33500,07200,0000024022,,,TRUE,T9UDLA57W,1,063994
,F-DAIGLE--,0001521,2024/11/11,0.000,5953.0000,297.6500,593.8118,5953.0000,0.000000,0.0000,5953.0000,CIUSSS-ADM,,,33200,08000,0000024015,,,TRUE,9QPFRLRTV,1,064024
,QUINTECH--,0001425,2024/11/11,0.000,11324.0000,566.2000,1129.5690,11324.0000,0.000000,0.0000,11324.0000,CONS-ATIKA,,,33200,08000,0000023020,,,TRUE,BSDGJF9C0,1,064104
,ENT-ARSENE,0001493,2024/11/11,0.000,49067.4100,2453.3705,4894.4741,49067.4100,0.000000,0.0000,49067.4100,CSS-CH-ROY,,,33500,15401,0000024014,,,TRUE,41DPUWDAB,1,064123
,BOULAY----,0001517,2024/11/14,0.000,12903.3000,645.1650,1287.1042,12903.3000,0.000000,0.0000,12903.3000,CIUSSS-ADM,,,33500,05500,0000024015,,,TRUE,BSRIOBARK,1,064103
,D-DIONNE--,0001337,2024/11/18,0.000,12775.0000,638.7500,1274.3063,12775.0000,0.000000,0.0000,12775.0000,CONS-ATIKA,,,33500,09300,0000023020,,,TRUE,9XREBFN6I,1,064101
,D-DIONNE--,0001338,2024/11/18,0.000,80000.0000,4000.0000,7980.0000,80000.0000,0.000000,0.0000,80000.0000,CONS-ATIKA,,,33500,09300,0000023020,,,TRUE,1NMSDKQRU,1,064102
,F-DAIGLE--,0001574,2024/11/19,0.000,10267.0000,513.3500,1024.1333,10267.0000,0.000000,0.0000,10267.0000,SOC-DEV-SH,,,33200,25001,0000024021,,,TRUE,JRDGQD000,1,064043
,CANAC-----,0001597,2024/11/19,0.000,129.7900,6.4895,12.9466,129.7900,0.000000,0.0000,129.7900,OMH-SHAWIN,,,33200,06100,0000024022,,,TRUE,RMF2BVFWQ,1,064051
,ACG-ISOLAT,0001484,2024/11/19,0.000,11675.0000,583.7500,1164.5813,11675.0000,0.000000,0.0000,11675.0000,CSS-CH-ROY,,,33500,02070,0000024013,,,TRUE,BOTV6SI8K,1,064053
,KB-ELECTRI,0001477,2024/11/20,0.000,5754.7500,287.7375,574.0363,5754.7500,0.000000,0.0000,5754.7500,CSS-CH-ROY,,,33500,16000,0000024013,,,TRUE,5TEROMAC1,1,064125
,REGULVAR--,0001495,2024/11/21,0.000,32874.7500,1643.7375,3279.2563,32874.7500,0.000000,0.0000,32874.7500,CSS-CH-ROY,,,33500,15900,0000024014,,,TRUE,0R6N1MJSA,1,064129
,PEINT-DUPO,0001492,2024/11/21,0.000,1200.0000,60.0000,119.7000,1200.0000,0.000000,0.0000,1200.0000,CSS-CH-ROY,,,33500,09910,0000024014,,,TRUE,SQKPVVY2B,1,064130
,MULTI-ENER,0001494,2024/11/21,0.000,21060.0000,1053.0000,2100.7350,21060.0000,0.000000,0.0000,21060.0000,CSS-CH-ROY,,,33500,15001,0000024014,,,TRUE,K9LIQ7M1N,1,064132
,F-DAIGLE--,0001521,2024/11/21,0.000,376.0000,18.8000,37.5060,376.0000,0.000000,0.0000,376.0000,CIUSSS-ADM,,,33200,08000,0000024015,,,TRUE,QYC8OILNP,1,064182
,PEINT-DUPO,0001523,2024/11/22,0.000,12594.0000,629.7000,1256.2515,12594.0000,0.000000,0.0000,12594.0000,CIUSSS-ADM,,,33500,09910,0000024015,,,TRUE,576HEXEXS,1,064167
,VAL-MAURIC,0001335,2024/11/22,0.000,49500.0000,2475.0000,4937.6250,49500.0000,0.000000,0.0000,49500.0000,CONS-ATIKA,,,33500,16130,0000023020,,,TRUE,DK7UZ8OPJ,1,064168
,VAL-MAURIC,0001335,2024/11/22,0.000,6600.0000,330.0000,658.3500,6600.0000,0.000000,0.0000,6600.0000,CONS-ATIKA,,,33500,16150,0000023020,,,TRUE,DK7UZ8OPJ,1,064168
,VAL-MAURIC,0001335,2024/11/22,0.000,69000.0000,3450.0000,6882.7500,69000.0000,0.000000,0.0000,69000.0000,CONS-ATIKA,,,33500,16300,0000023020,,,TRUE,DK7UZ8OPJ,1,064168
,VAL-MAURIC,0001335,2024/11/22,0.000,50040.0000,2502.0000,4991.4900,50040.0000,0.000000,0.0000,50040.0000,CONS-ATIKA,,,33500,16500,0000023020,,,TRUE,DK7UZ8OPJ,1,064168
,VAL-MAURIC,0001335,2024/11/22,0.000,11700.0000,585.0000,1167.0750,11700.0000,0.000000,0.0000,11700.0000,CONS-ATIKA,,,33500,16700,0000023020,,,TRUE,DK7UZ8OPJ,1,064168
,VAL-MAURIC,0001335,2024/11/22,0.000,2900.0000,145.0000,289.2750,2900.0000,0.000000,0.0000,2900.0000,CONS-ATIKA,,,33200,16720,0000023020,,,TRUE,DK7UZ8OPJ,1,064168
,VAL-MAURIC,0001335,2024/11/22,0.000,9200.0000,460.0000,917.7000,9200.0000,0.000000,0.0000,9200.0000,CONS-ATIKA,,,33500,16800,0000023020,,,TRUE,DK7UZ8OPJ,1,064168
,VAL-MAURIC,0001510,2024/11/22,0.000,431.0000,21.5500,42.9923,431.0000,0.000000,0.0000,431.0000,CONS-ATIKA,,,33500,25001,0000023020,,,TRUE,9GM2D35NG,1,064169
,SOC-COMM-A,0001530,2024/11/22,0.000,52329.1300,2616.4565,5219.8307,52329.1300,0.000000,0.0000,52329.1300,CIUSSS-ADM,,,33500,15950,0000024015,,,TRUE,0BZ4CF082,1,064172
,SOC-COMM-A,0001530,2024/11/22,0.000,1450.4400,72.5220,144.6814,1450.4400,0.000000,0.0000,1450.4400,CIUSSS-ADM,,,33500,15950,0000024015,,,TRUE,XYU5IVCJN,1,064173
,PLOMBER-2B,0001341,2024/11/22,0.000,82467.3700,4123.3685,8226.1202,82467.3700,0.000000,0.0000,82467.3700,CONS-ATIKA,,,33500,15410,0000023020,,,TRUE,AS5R6L1TE,1,064174
,PLOMBER-2B,0001566,2024/11/22,0.000,592.8600,29.6430,59.1378,592.8600,0.000000,0.0000,592.8600,CONS-ATIKA,,,33500,25001,0000023020,,,TRUE,1IM22RNVZ,1,064175
,TROTTIER-E,0001531,2024/11/22,0.000,34875.0000,1743.7500,3478.7813,34875.0000,0.000000,0.0000,34875.0000,CIUSSS-ADM,,,33500,16000,0000024015,,,TRUE,BL9U1QLPV,1,064176
,ENT-MAXIME,0001491,2024/11/24,0.000,969.9700,48.4985,96.7545,969.9700,0.000000,0.0000,969.9700,CSS-CH-ROY,,,33500,03000,0000024014,,,TRUE,5BU6MPMCP,1,064133
,MULTI-ENER,0001296,2024/11/25,0.000,13300.0000,665.0000,1326.6750,13300.0000,0.000000,0.0000,13300.0000,FESTIVAL-W,,,33500,15001,0000023019,,,TRUE,4IVKCPOGS,1,064086
,MULTI-ENER,0001435,2024/11/25,0.000,167.3000,8.3650,16.6882,167.3000,0.000000,0.0000,167.3000,FESTIVAL-W,,,33500,25001,0000023019,,,TRUE,YJTII0Z75,1,064087
,ENT-MAXIME,0001613,2024/11/25,0.000,57541.7500,2877.0875,5739.7896,57541.7500,0.000000,0.0000,57541.7500,SOC-DEV-SH,,,33500,03000,0000024025,,,TRUE,FNG3FPXPN,1,064134
,REFR-NORDI,0001353,2024/11/25,0.000,80100.0000,4005.0000,7989.9750,80100.0000,0.000000,0.0000,80100.0000,CONS-ATIKA,,,33500,15001,0000023020,,,TRUE,FSU7HRYSR,1,064170
,TROTTIER-E,0001592,2024/11/25,0.000,2822.4400,141.1220,281.5384,2822.4400,0.000000,0.0000,2822.4400,CIUSSS-T-R,,,33500,25001,0000024015,,,TRUE,U695V78D1,1,064177
,AQUAFLO...,0001526,2024/11/26,0.000,4972.5000,248.6250,496.0069,4972.5000,0.000000,0.0000,4972.5000,CIUSSS-ADM,,,33500,13930,0000024015,,,TRUE,NQOJK2PVD,1,064241
,CLAUDEBEDA,0001579,2024/11/26,0.000,12964.4100,648.2205,1293.1999,12964.4100,0.000000,0.0000,12964.4100,CIUSSS-T-R,,,33500,25001,0000024015,,,TRUE,EGZ5MZ75X,1,064242
,MACONNERIE,0000940,2024/11/27,0.000,76402.0000,3820.1000,7621.0995,76402.0000,0.000000,0.0000,76402.0000,LIBERE-TOI,,,33500,04000,0000022005,,,TRUE,S0UYBOQHS,1,064161
,COUVERT-FP,0001593,2024/11/27,0.000,1500.0000,75.0000,149.6250,1500.0000,0.000000,0.0000,1500.0000,OMH-SHAWIN,,,33500,07510,0000024022,,,TRUE,5VWDAK7IZ,1,064214
,COUVERT-FP,0001585,2024/11/27,0.000,31602.0000,1580.1000,3152.2995,31602.0000,0.000000,0.0000,31602.0000,OMH-SHAWIN,,,33500,07510,0000024022,,,TRUE,577IOQGVO,1,064215
,VITR-ASBES,0001568,2024/11/27,0.000,3895.0000,194.7500,388.5263,3895.0000,0.000000,0.0000,3895.0000,CIUSSS-T-R,,,33500,08000,0000024015,,,TRUE,1WNYMVWJQ,1,064238
,BOULAY----,0001621,2024/11/27,0.000,1221.4200,61.0710,121.8366,1221.4200,0.000000,0.0000,1221.4200,PARENT-EMI,,,33200,25001,0000024023,,,TRUE,5RLHX6BRB,1,064244
,NOUVEL-HOR,0001601,2024/11/27,0.000,9314.8800,465.7440,929.1593,9314.8800,0.000000,0.0000,9314.8800,,,,33200,08000,0000024023,,,TRUE,NHZS2O2YM,1,064245
,NOUVEL-HOR,0001601,2024/11/27,0.000,75.0000,3.7500,7.4813,75.0000,0.000000,0.0000,75.0000,,,,33200,08000,0000024023,,,TRUE,NHZS2O2YM,1,064245
,QUINTECH--,0001556,2024/11/27,0.000,1123.4400,56.1720,112.0631,1123.4400,0.000000,0.0000,1123.4400,CONS-ATIKA,,,33500,25001,0000023020,,,TRUE,WO1AZAZ8Q,1,064247
,QUINTECH--,0001606,2024/11/27,0.000,607.8900,30.3945,60.6370,607.8900,0.000000,0.0000,607.8900,CONS-ATIKA,,,33200,08000,0000023020,,,TRUE,5WN8PVLK6,1,064248
,RGF-------,0001496,2024/11/28,0.000,113292.0000,5664.6000,11300.8770,113292.0000,0.000000,0.0000,113292.0000,CSS-CH-ROY,,,33500,16000,0000024014,,,TRUE,D5ZNBZXA9,1,064209
,SIDE-ACOUS,0001339,2024/11/28,0.000,16800.0000,840.0000,1675.8000,16800.0000,0.000000,0.0000,16800.0000,CONS-ATIKA,,,33500,09200,0000023020,,,TRUE,HXVKSNHBQ,1,064239
,SIDE-ACOUS,0001608,2024/11/28,0.000,4260.0000,213.0000,424.9350,4260.0000,0.000000,0.0000,4260.0000,CIUSSS-T-R,,,33500,25001,0000024015,,,TRUE,IXT1149I8,1,064240
,SIDE-ACOUS,0001624,2024/11/28,0.000,2030.0000,101.5000,202.4925,2030.0000,0.000000,0.0000,2030.0000,CIUSSS-T-R,,,33500,09200,0000024015,,,TRUE,O70268QRA,1,064246
,CLAUDEBEDA,0001529,2024/11/30,0.000,26364.1500,1318.2075,2629.8240,26364.1500,0.000000,0.0000,26364.1500,CIUSSS-ADM,,,33500,15001,0000024015,,,TRUE,EK5I4B1JE,1,064166
,INTEGRAIR-,0001351,2024/11/30,0.000,4670.2100,233.5105,465.8534,4670.2100,0.000000,0.0000,4670.2100,CONS-ATIKA,,,33500,15900,0000023020,,,TRUE,M5TLE5BBI,1,064171
,COUVRE-MAG,0001522,2024/11/30,0.000,34380.0000,1719.0000,3429.4050,34380.0000,0.000000,0.0000,34380.0000,CIUSSS-ADM,,,33500,09600,0000024015,,,TRUE,RLX8JRTSE,1,064237
,ENT-ARSENE,0001527,2024/11/30,0.000,15793.8400,789.6920,1575.4355,15793.8400,0.000000,0.0000,15793.8400,CIUSSS-ADM,,,33500,15401,0000024015,,,TRUE,2ZSA8Z0E6,1,064351
,ISOL-FLAMC,0001489,2024/11/30,0.000,16620.0000,831.0000,1657.8450,16620.0000,0.000000,0.0000,16620.0000,CSS-CH-ROY,,,33500,15260,0000024014,,,TRUE,5FALL8P40,1,064386
,ENT-D-ALAR,0001596,2024/12/01,0.000,2318.0000,115.9000,231.2205,2318.0000,0.000000,0.0000,2318.0000,LIBERE-TOI,,,33500,25001,0000022005,,,TRUE,9K99L436N,1,064538
,CLAUDEBEDA,0001579,2024/12/02,0.000,1440.4900,72.0245,143.6889,1440.4900,0.000000,0.0000,1440.4900,CIUSSS-T-R,,,33500,25001,0000024015,,,TRUE,IGRORJ68Y,1,064268
,CLAUDEBEDA,0001529,2024/12/02,0.000,6873.1000,343.6550,685.5917,6873.1000,0.000000,0.0000,6873.1000,CIUSSS-ADM,,,33500,15001,0000024015,,,TRUE,JYCAPGLXJ,1,064269
,FRANCO----,0001584,2024/12/03,0.000,11265.0000,563.2500,1123.6838,11265.0000,0.000000,0.0000,11265.0000,OMH-SHAWIN,,,33500,07200,0000024022,,,TRUE,Z7VFTUHLX,1,064208
,CUISIVERSI,0001557,2024/12/04,0.000,19599.9600,979.9980,1955.0960,19599.9600,0.000000,0.0000,19599.9600,CONS-ATIKA,,,33500,06400,0000023020,,,TRUE,4K96PQLPE,1,064236
,RENODIRECT,0001628,2024/12/05,0.000,4569.9900,228.4995,455.8565,4569.9900,0.000000,0.0000,4569.9900,CONS-ATIKA,,,33200,07330,0000023020,,,TRUE,PLQ9333ZF,1,064362
,NOUVEL-HOR,0001601,2024/12/06,0.000,42327.2900,2116.3645,4222.1472,42327.2900,0.000000,0.0000,42327.2900,,,,33200,08000,0000024023,,,TRUE,F8L5Q1U49,1,064350
,STERIS-CAN,0001546,2024/12/06,0.000,91335.0000,4566.7500,9110.6663,91335.0000,0.000000,0.0000,91335.0000,,,,33200,08000,0000024015,,,TRUE,2OYKHR1DW,1,064361
,SYS-MAURIC,0001490,2024/12/10,0.000,3000.0000,150.0000,299.2500,3000.0000,0.000000,0.0000,3000.0000,CSS-CH-ROY,,,33500,09200,0000024014,,,TRUE,8OS8X93U6,1,064327
,JOURNAULT-,0001607,2024/12/10,0.000,6678.0000,333.9000,666.1305,6678.0000,0.000000,0.0000,6678.0000,OMH-SHAWIN,,,33200,06100,0000024022,,,TRUE,BN17LJ76F,1,064328
,GOUT-PT-QC,0001634,2024/12/10,0.000,1565.4000,78.2700,156.1487,1565.4000,0.000000,0.0000,1565.4000,OMH-SHAWIN,,,33500,25001,0000024022,,,TRUE,29WMNCJHB,1,064330
,SCRIPTAM--,0001604,2024/12/10,0.000,3118.0000,155.9000,311.0205,3118.0000,0.000000,0.0000,3118.0000,CSS-CH-ROY,,,33200,06400,0000024014,,,TRUE,AOUCM8KMH,1,064376
,COUVERT-FP,0001585,2024/12/10,0.000,27398.0000,1369.9000,2732.9505,27398.0000,0.000000,0.0000,27398.0000,OMH-SHAWIN,,,33500,07510,0000024022,,,TRUE,EO2ZCJDOM,1,064388
,COUVERT-FP,0001585,2024/12/10,0.000,11410.0000,570.5000,1138.1475,11410.0000,0.000000,0.0000,11410.0000,OMH-SHAWIN,,,33500,07510,0000024022,,,TRUE,EO2ZCJDOM,1,064388
,D-DIONNE--,0001612,2024/12/10,0.000,6560.7600,328.0380,654.4358,6560.7600,0.000000,0.0000,6560.7600,RICHARD-DA,,,33500,09600,0000024024,,,TRUE,4NJAB2ZSF,1,064399
,COUVRE-MAG,0001522,2024/12/10,0.000,4820.0000,241.0000,480.7950,4820.0000,0.000000,0.0000,4820.0000,CIUSSS-ADM,,,33500,09600,0000024015,,,TRUE,NL4JGZCVC,1,064671
,ARMECO----,0001603,2024/12/11,0.000,7620.0000,381.0000,760.0950,7620.0000,0.000000,0.0000,7620.0000,CONS-ATIKA,,,33200,10000,0000023020,,,TRUE,YRFLTFFGR,1,064406
,ENT-ARSENE,0001527,2024/12/11,0.000,22397.7600,1119.8880,2234.1766,22397.7600,0.000000,0.0000,22397.7600,CIUSSS-ADM,,,33500,15401,0000024015,,,TRUE,B0FU1C5I6,1,064601
,RGF-------,0001496,2024/12/12,0.000,43583.8500,2179.1925,4347.4890,43583.8500,0.000000,0.0000,43583.8500,CSS-CH-ROY,,,33500,16000,0000024014,,,TRUE,USXHJETU1,1,064377
,RGF-------,0001633,2024/12/12,0.000,4287.5900,214.3795,427.6871,4287.5900,0.000000,0.0000,4287.5900,CSS-CH-ROY,,,33500,25001,0000024014,,,TRUE,0MWK5EK19,1,064380
,BOULAY----,0001614,2024/12/12,0.000,7895.0000,394.7500,787.5263,7895.0000,0.000000,0.0000,7895.0000,OMH-SHAWIN,,,33500,05500,0000024022,,,TRUE,KS5XHMKRE,1,064381
,RGF-------,0001633,2024/12/12,0.000,583.5500,29.1775,58.2091,583.5500,0.000000,0.0000,583.5500,CSS-CH-ROY,,,33500,25001,0000024014,,,TRUE,LOAPU12NA,1,064389
,F-DAIGLE--,0001618,2024/12/13,0.000,995.0000,49.7500,99.2513,995.0000,0.000000,0.0000,995.0000,OMH-SHAWIN,,,33200,06100,0000024022,,,TRUE,VLIT64EMI,1,064379
,MULTI-ENER,0001494,2024/12/16,0.000,15480.0000,774.0000,1544.1300,15480.0000,0.000000,0.0000,15480.0000,CSS-CH-ROY,,,33500,15001,0000024014,,,TRUE,7WM85SHMU,1,064378
,CUISIVERSI,0001610,2024/12/16,0.000,19390.2100,969.5105,1934.1734,19390.2100,0.000000,0.0000,19390.2100,RICHARD-DA,,,33500,06430,0000024024,,,TRUE,Y54PAOLO3,1,064398
,QUINOX----,0000956,2024/12/16,0.000,4732.9100,236.6455,472.1078,4732.9100,0.000000,0.0000,4732.9100,LIBERE-TOI,,,33500,07460,0000022005,,,TRUE,D3X3XJEZV,1,064400
,TROTTIER-E,0001531,2024/12/16,0.000,11700.0000,585.0000,1167.0750,11700.0000,0.000000,0.0000,11700.0000,CIUSSS-ADM,,,33500,16000,0000024015,,,TRUE,ZOHLNDZ4Z,1,064404
,ENT-MAXIME,0001613,2024/12/17,0.000,57541.7500,2877.0875,5739.7896,57541.7500,0.000000,0.0000,57541.7500,SOC-DEV-SH,,,33500,03000,0000024025,,,TRUE,FK64W0Z6N,1,064385
,COUVERT-FP,0001635,2024/12/17,0.000,-3107.9500,-155.3975,-310.0180,-3107.9500,0.000000,0.0000,-3107.9500,OMH-SHAWIN,,,33500,25001,0000024022,,,TRUE,R4XMPG5D5,1,064387
,D-DIONNE--,0001338,2024/12/17,0.000,17020.0000,851.0000,1697.7450,17020.0000,0.000000,0.0000,17020.0000,CONS-ATIKA,,,33500,09300,0000023020,,,TRUE,OZ8O7YU20,1,064401
,PEINT-DUPO,0001330,2024/12/17,0.000,10000.0000,500.0000,997.5000,10000.0000,0.000000,0.0000,10000.0000,CONS-ATIKA,,,33500,09910,0000023020,,,TRUE,8JCRJ7ZDR,1,064402
,INTEGRAIR-,0001351,2024/12/17,0.000,2476.9400,123.8470,247.0748,2476.9400,0.000000,0.0000,2476.9400,CONS-ATIKA,,,33500,15900,0000023020,,,TRUE,LTJ5K12W3,1,064407
,VAL-MAURIC,0001335,2024/12/18,0.000,33000.0000,1650.0000,3291.7500,33000.0000,0.000000,0.0000,33000.0000,CONS-ATIKA,,,33500,16130,0000023020,,,TRUE,AX0VSM32C,1,064439
,VAL-MAURIC,0001335,2024/12/18,0.000,4400.0000,220.0000,438.9000,4400.0000,0.000000,0.0000,4400.0000,CONS-ATIKA,,,33500,16150,0000023020,,,TRUE,AX0VSM32C,1,064439
,VAL-MAURIC,0001335,2024/12/18,0.000,16650.0000,832.5000,1660.8375,16650.0000,0.000000,0.0000,16650.0000,CONS-ATIKA,,,33500,16500,0000023020,,,TRUE,AX0VSM32C,1,064439
,ENT-ARSENE,0001493,2024/12/19,0.000,46029.9100,2301.4955,4591.4835,46029.9100,0.000000,0.0000,46029.9100,CSS-CH-ROY,,,33500,15401,0000024014,,,TRUE,YHXUKGHWQ,1,064441
,F-DAIGLE--,0001521,2024/12/19,0.000,964.0000,48.2000,96.1590,964.0000,0.000000,0.0000,964.0000,CIUSSS-ADM,,,33200,08000,0000024015,,,TRUE,G5XOCWE3T,1,064454
,VAL-MAURIC,0001627,2024/12/19,0.000,-2550.0000,-127.5000,-254.3625,-2550.0000,0.000000,0.0000,-2550.0000,LIBERE-TOI,,,33500,25001,0000022005,,,TRUE,31VS75Z91,1,064455
,VAL-MAURIC,0001625,2024/12/19,0.000,-7158.3500,-357.9175,-714.0454,-7158.3500,0.000000,0.0000,-7158.3500,LIBERE-TOI,,,33500,25001,0000022005,,,TRUE,YBO6BIEKR,1,064456
,ACCS------,0001632,2024/12/19,0.000,1097.1500,54.8575,109.4407,1097.1500,0.000000,0.0000,1097.1500,CIUSSS-T-R,,,33500,25001,0000024015,,,TRUE,XIUH3MCE1,1,064457
,SOC-COMM-A,0001530,2024/12/19,0.000,3687.2000,184.3600,367.7982,3687.2000,0.000000,0.0000,3687.2000,CIUSSS-ADM,,,33500,15950,0000024015,,,TRUE,RV0NEPF0V,1,064458
,REFR-NORDI,0001353,2024/12/19,0.000,4900.0000,245.0000,488.7750,4900.0000,0.000000,0.0000,4900.0000,CONS-ATIKA,,,33500,15001,0000023020,,,TRUE,7T7GMXIFX,1,064535
,PLOMBER-2B,0001341,2024/12/19,0.000,37071.8400,1853.5920,3697.9160,37071.8400,0.000000,0.0000,37071.8400,CONS-ATIKA,,,33500,15410,0000023020,,,TRUE,OM4FP1Q1W,1,064536
,PLOMBER-2B,0001341,2024/12/19,0.000,2875.0000,143.7500,286.7813,2875.0000,0.000000,0.0000,2875.0000,CONS-ATIKA,,,33500,15950,0000023020,,,TRUE,OM4FP1Q1W,1,064536
,PLOMBER-2B,0001501,2024/12/19,0.000,893.5600,44.6780,89.1326,893.5600,0.000000,0.0000,893.5600,CONS-ATIKA,,,33500,25001,0000023020,,,TRUE,TN80CGRKY,1,064537
,VITR-ASBES,0001420,2024/12/20,0.000,51376.6500,2568.8325,5124.8208,51376.6500,0.000000,0.0000,51376.6500,CONS-ATIKA,,,33500,08120,0000023020,,,TRUE,Y2WHZHB3N,1,064534
,COMETAL---,0001623,2024/12/31,0.000,2050.0000,102.5000,204.4875,2050.0000,0.000000,0.0000,2050.0000,SOC-DEV-SH,,,33200,10000,0000024025,,,TRUE,8YGJM5A8K,1,064519
,QUINOX----,0000956,2025/01/01,0.000,4360.0000,218.0000,434.9100,4360.0000,0.000000,0.0000,4360.0000,LIBERE-TOI,,,33500,07460,0000022005,,,TRUE,0XK18ZYET,1,064683
,QUINOX----,0000957,2025/01/01,0.000,-4360.0000,-218.0000,-434.9100,-4360.0000,0.000000,0.0000,-4360.0000,LIBERE-TOI,,,33500,07460,0000022005,,,TRUE,PDKZSEQ69,1,064684
,CANAC-----,0001591,2025/01/01,0.000,5592.0000,279.6000,557.8020,5592.0000,0.000000,0.0000,5592.0000,CONS-ATIKA,,,33200,06100,0000023020,,,TRUE,DCERPEXYH,1,064737
,CANAC-----,0001591,2025/01/01,0.000,27.7900,1.3895,2.7721,27.7900,0.000000,0.0000,27.7900,CONS-ATIKA,,,33200,06100,0000023020,,,TRUE,DCERPEXYH,1,064737
,CANAC-----,0001591,2025/01/01,0.000,29.9400,1.4970,2.9865,29.9400,0.000000,0.0000,29.9400,CONS-ATIKA,,,33200,06100,0000023020,,,TRUE,DCERPEXYH,1,064737
,CANAC-----,0001591,2025/01/01,0.000,217.9800,10.8990,21.7435,217.9800,0.000000,0.0000,217.9800,CONS-ATIKA,,,33200,06100,0000023020,,,TRUE,DCERPEXYH,1,064737
,CANAC-----,0001591,2025/01/01,0.000,125.6500,6.2825,12.5336,125.6500,0.000000,0.0000,125.6500,CONS-ATIKA,,,33200,06100,0000023020,,,TRUE,DCERPEXYH,1,064737
,ARMECO----,0001331,2025/01/01,0.000,7620.0000,381.0000,760.0950,7620.0000,0.000000,0.0000,7620.0000,CONS-ATIKA,,,33200,10810,0000023020,,,TRUE,ZI1RCJ0XX,1,064738
,LOC-H-MAUR,0001364,2025/01/01,0.000,2220.5000,111.0250,221.4949,2220.5000,0.000000,0.0000,2220.5000,CONS-ATIKA,,,33200,25100,0000023020,,,TRUE,HUPCA1VIN,1,064739
,LOC-T-RIV-,0001365,2025/01/01,0.000,29357.9000,1467.8950,2928.4505,29357.9000,0.000000,0.0000,29357.9000,CONS-ATIKA,,,33200,00400,0000023020,,,TRUE,68V0LDGN7,1,064740
,MANUGYPSE-,0001403,2025/01/01,0.000,27017.9600,1350.8980,2695.0415,27017.9600,0.000000,0.0000,27017.9600,CONS-ATIKA,,,33200,06100,0000023020,,,TRUE,KRKJVELUN,1,064741
,BEACON----,0001443,2025/01/01,0.000,5160.9600,258.0480,514.8058,5160.9600,0.000000,0.0000,5160.9600,CONS-ATIKA,,,33200,07330,0000023020,,,TRUE,SLJ0LRIVW,1,064742
,BEACON----,0001443,2025/01/01,0.000,20000.0000,1000.0000,1995.0000,20000.0000,0.000000,0.0000,20000.0000,CONS-ATIKA,,,33200,07330,0000023020,,,TRUE,SLJ0LRIVW,1,064742
,CANAC-----,0001453,2025/01/01,0.000,9425.3000,471.2650,940.1737,9425.3000,0.000000,0.0000,9425.3000,CONS-ATIKA,,,33200,06100,0000023020,,,TRUE,CKWSJS12D,1,064743
,DROLET-SIM,0001572,2025/01/01,0.000,22133.0800,1106.6540,2207.7747,22133.0800,0.000000,0.0000,22133.0800,CONS-ATIKA,,,33200,06100,0000023020,,,TRUE,L2GG6UAY4,1,064744
,DROLET-SIM,0001587,2025/01/01,0.000,6427.7100,321.3855,641.1641,6427.7100,0.000000,0.0000,6427.7100,CONS-ATIKA,,,33200,06100,0000023020,,,TRUE,CLHJE6O0C,1,064745
,CANAC-----,0001369,2025/01/01,0.000,2006.0000,100.3000,200.0985,2006.0000,0.000000,0.0000,2006.0000,CONS-ATIKA,,,33200,07000,0000023020,,,TRUE,AV4AE1IY3,1,064746
,CENTRE-TAP,0001304,2025/01/01,0.000,348.0000,17.4000,34.7130,348.0000,0.000000,0.0000,348.0000,FESTIVAL-W,,,33500,09600,0000023019,,,TRUE,TPIFCGTNU,1,064806
,COMETAL---,0001363,2025/01/01,0.000,4845.0000,242.2500,483.2888,4845.0000,0.000000,0.0000,4845.0000,FESTIVAL-W,,,33200,10000,0000023019,,,TRUE,5YD24QKGJ,1,064807
,AQUAFLO...,0001672,2025/01/01,0.000,3900.0000,195.0000,389.0250,3900.0000,0.000000,0.0000,3900.0000,CIUSSS-T-R,,,33500,25001,0000024015,,,TRUE,XKJYSPGI0,1,064808
,ENT-ARSENE,0001670,2025/01/01,0.000,1616.2200,80.8110,161.2179,1616.2200,0.000000,0.0000,1616.2200,CIUSSS-T-R,,,33500,25001,0000024015,,,TRUE,Y17ZG1BXU,1,064809
,ENT-ARSENE,0001631,2025/01/01,0.000,623.7000,31.1850,62.2141,623.7000,0.000000,0.0000,623.7000,CIUSSS-T-R,,,33500,25001,0000024015,,,TRUE,TZKWEVB1I,1,064810
,ENT-ARSENE,0001602,2025/01/01,0.000,693.0000,34.6500,69.1268,693.0000,0.000000,0.0000,693.0000,CIUSSS-T-R,,,33500,25001,0000024015,,,TRUE,JACFCPS47,1,064811
,TROTTIER-E,0001582,2025/01/01,0.000,1369.4300,68.4715,136.6006,1369.4300,0.000000,0.0000,1369.4300,CIUSSS-T-R,,,33500,25001,0000024015,,,TRUE,CWOQ4I2OD,1,064812
,AMBIANCE..,0001536,2025/01/01,0.000,4100.0000,205.0000,408.9750,4100.0000,0.000000,0.0000,4100.0000,CIUSSS-ADM,,,33500,06400,0000024015,,,TRUE,O5DCL1A5O,1,067370
,BOULAY----,0001519,2025/01/01,0.000,12800.0000,640.0000,1276.8000,12800.0000,0.000000,0.0000,12800.0000,CIUSSS-ADM,,,33500,05500,0000024015,,,TRUE,QS74GVYL3,1,064867
....................3,QUINOX----,0000957,2025/01/01,1.000,0.0000,0.0000,0.0000,0.0000,0.000000,0.0000,0.0000,LIBERE-TOI,,,33200,,0000022005,,,TRUE,PDKZSEQ69,1,064684
....................4,QUINOX----,0000957,2025/01/01,1.000,0.0000,0.0000,0.0000,0.0000,0.000000,0.0000,0.0000,LIBERE-TOI,,,33200,,0000022005,,,TRUE,PDKZSEQ69,1,064684
,REGULVAR--,0001495,2025/01/07,0.000,15761.2500,788.0625,1572.1847,15761.2500,0.000000,0.0000,15761.2500,CSS-CH-ROY,,,33500,15900,0000024014,,,TRUE,X7HPTOKXL,1,064517
,ADAPTATION,0001639,2025/01/10,0.000,800.0000,40.0000,79.8000,800.0000,0.000000,0.0000,800.0000,RICHARD-DA,,,33200,10820,0000024024,,,TRUE,THTR49VVX,1,064565
,ENT-ARSENE,0001493,2025/01/10,0.000,52371.4500,2618.5725,5224.0521,52371.4500,0.000000,0.0000,52371.4500,CSS-CH-ROY,,,33500,15401,0000024014,,,TRUE,6ALCSQS8R,1,064936
,BEDCOLAB--,0001559,2025/01/14,0.000,97275.0000,4863.7500,9703.1813,97275.0000,0.000000,0.0000,97275.0000,CSS-CH-ROY,,,33500,06400,0000024014,,,TRUE,1SD5E6T6I,1,064635
,BEDCOLAB--,0001636,2025/01/14,0.000,15157.0000,757.8500,1511.9108,15157.0000,0.000000,0.0000,15157.0000,CSS-CH-ROY,,,33500,25001,0000024014,,,TRUE,WPCNB3HKK,1,064636
,BOULAY----,0001414,2025/01/15,0.000,4000.0000,200.0000,399.0000,4000.0000,0.000000,0.0000,4000.0000,CONS-ATIKA,,,33500,05500,0000023020,,,TRUE,1X8R0DYIC,1,064642
,COMETAL---,0001648,2025/01/15,0.000,605.0000,30.2500,60.3488,605.0000,0.000000,0.0000,605.0000,CONS-ATIKA,,,33200,10000,0000023020,,,TRUE,8EWHXYU2P,1,064644
,TROTTIER-E,0001629,2025/01/16,0.000,3136.2600,156.8130,312.8419,3136.2600,0.000000,0.0000,3136.2600,CIUSSS-T-R,,,33500,25001,0000024015,,,TRUE,B9H9TTSZL,1,064639
,PORTES-RO-,0001615,2025/01/20,0.000,4781.6400,239.0820,476.9686,4781.6400,0.000000,0.0000,4781.6400,SOC-DEV-SH,,,33500,08000,0000024025,,,TRUE,U8IVUFTJH,1,064688
,MAC-FG----,0001609,2025/01/20,0.000,9625.0000,481.2500,960.0938,9625.0000,0.000000,0.0000,9625.0000,OMH-SHAWIN,,,33500,04000,0000024022,,,TRUE,ZN3DKBDHW,1,064691
,PEINT-DUPO,0001492,2025/01/21,0.000,8000.0000,400.0000,798.0000,8000.0000,0.000000,0.0000,8000.0000,CSS-CH-ROY,,,33500,09910,0000024014,,,TRUE,ANX17POJP,1,064627
,REFR-NORDI,0001353,2025/01/21,0.000,12100.0000,605.0000,1206.9750,12100.0000,0.000000,0.0000,12100.0000,CONS-ATIKA,,,33500,15001,0000023020,,,TRUE,97WS3NFTW,1,064640
,MULTI-ENER,0001494,2025/01/23,0.000,216810.0000,10840.5000,21626.7975,216810.0000,0.000000,0.0000,216810.0000,CSS-CH-ROY,,,33500,15001,0000024014,,,TRUE,JFL0WLRLP,1,064690
,VAL-MAURIC,0001335,2025/01/24,0.000,49950.0000,2497.5000,4982.5125,49950.0000,0.000000,0.0000,49950.0000,CONS-ATIKA,,,33500,16130,0000023020,,,TRUE,W4DTNI1LI,1,064696
,VAL-MAURIC,0001335,2025/01/24,0.000,15400.0000,770.0000,1536.1500,15400.0000,0.000000,0.0000,15400.0000,CONS-ATIKA,,,33500,16150,0000023020,,,TRUE,W4DTNI1LI,1,064696
,VAL-MAURIC,0001335,2025/01/24,0.000,16500.0000,825.0000,1645.8750,16500.0000,0.000000,0.0000,16500.0000,CONS-ATIKA,,,33500,16500,0000023020,,,TRUE,W4DTNI1LI,1,064696
,VAL-MAURIC,0001335,2025/01/24,0.000,5850.0000,292.5000,583.5375,5850.0000,0.000000,0.0000,5850.0000,CONS-ATIKA,,,33500,16700,0000023020,,,TRUE,W4DTNI1LI,1,064696
,VAL-MAURIC,0001335,2025/01/24,0.000,9200.0000,460.0000,917.7000,9200.0000,0.000000,0.0000,9200.0000,CONS-ATIKA,,,33500,16800,0000023020,,,TRUE,W4DTNI1LI,1,064696
,GAUTHIER--,0001479,2025/01/28,0.000,21240.0000,1062.0000,2118.6900,21240.0000,0.000000,0.0000,21240.0000,CSS-CH-ROY,,,33500,15001,0000024013,,,TRUE,WUUF8S4RY,1,064685
,REGULVAR--,0001495,2025/01/28,0.000,12042.0000,602.1000,1201.1895,12042.0000,0.000000,0.0000,12042.0000,CSS-CH-ROY,,,33500,15900,0000024014,,,TRUE,K2XJLC7NO,1,064687
,D-DIONNE--,0001338,2025/01/28,0.000,5000.0000,250.0000,498.7500,5000.0000,0.000000,0.0000,5000.0000,CONS-ATIKA,,,33500,09300,0000023020,,,TRUE,8NYPM8QCI,1,064698
,RAYMOND-DE,0001334,2025/01/28,0.000,4245.0000,212.2500,423.4388,4245.0000,0.000000,0.0000,4245.0000,CONS-ATIKA,,,33200,12500,0000023020,,,TRUE,6WGST60EB,1,064702
,INTEGRAIR-,0001351,2025/01/28,0.000,3927.3300,196.3665,391.7512,3927.3300,0.000000,0.0000,3927.3300,CONS-ATIKA,,,33500,15900,0000023020,,,TRUE,UC09G957P,1,064706
,ACG-ISOLAT,0001464,2025/01/29,0.000,3000.0000,150.0000,299.2500,3000.0000,0.000000,0.0000,3000.0000,CIUSSS-T-R,,,33500,02070,0000024009,,,TRUE,MUD65H556,1,064720
,BLASTRAC--,0001465,2025/01/29,0.000,700.0000,35.0000,69.8250,700.0000,0.000000,0.0000,700.0000,CIUSSS-T-R,,,33500,02070,0000024009,,,TRUE,6C5AZ9XHB,1,064721
,F-DAIGLE--,0001468,2025/01/29,0.000,2220.0000,111.0000,221.4450,2220.0000,0.000000,0.0000,2220.0000,CIUSSS-T-R,,,33200,08000,0000024009,,,TRUE,QVH6IO222,1,064722
,BOULAY----,0001655,2025/01/29,0.000,1016.0000,50.8000,101.3460,1016.0000,0.000000,0.0000,1016.0000,OMH-SHAWIN,,,33500,25001,0000024022,,,TRUE,55VY1SPH0,1,064774
,GROUPESANI,0001300,2025/01/30,0.000,148.0000,7.4000,14.7630,148.0000,0.000000,0.0000,148.0000,FESTIVAL-W,,,33200,10000,0000023019,,,TRUE,QPZ3PZ87Q,1,064728
,ARMECO----,0001660,2025/01/31,0.000,775.0000,38.7500,77.3063,775.0000,0.000000,0.0000,775.0000,CONS-ATIKA,,,33200,25001,0000023020,,,TRUE,0U2SBNWCK,1,064780
,RGF-------,0001496,2025/01/31,0.000,91668.1500,4583.4075,9143.8980,91668.1500,0.000000,0.0000,91668.1500,CSS-CH-ROY,,,33500,16000,0000024014,,,TRUE,2A6W99B0B,1,064798
,SYS-MAURIC,0001490,2025/01/31,0.000,42000.0000,2100.0000,4189.5000,42000.0000,0.000000,0.0000,42000.0000,CSS-CH-ROY,,,33500,09200,0000024014,,,TRUE,JLWVTGAI2,1,064799
,NOUVEL-HOR,0001601,2025/02/01,0.000,15372.8800,768.6440,1533.4448,15372.8800,0.000000,0.0000,15372.8800,,,,33200,08000,0000024023,,,TRUE,KBYPLGELM,1,064969
,PARMETAL--,0001513,2025/02/01,0.000,7497.0000,374.8500,747.8258,7497.0000,0.000000,0.0000,7497.0000,,,,33500,05120,0000024014,,,TRUE,LZN8VCGSN,1,065093
,CBM-INDUST,0001561,2025/02/01,0.000,118.7500,5.9375,11.8453,118.7500,0.000000,0.0000,118.7500,LIBERE-TOI,,,33500,25001,0000022005,,,TRUE,DWDE1QREL,1,065097
,CBM-INDUST,0001561,2025/02/01,0.000,356.2500,17.8125,35.5359,356.2500,0.000000,0.0000,356.2500,LIBERE-TOI,,,33500,25001,0000022005,,,TRUE,DIW529H92,1,065098
,CBM-INDUST,0001558,2025/02/01,0.000,2231.2500,111.5625,222.5672,2231.2500,0.000000,0.0000,2231.2500,LIBERE-TOI,,,33500,25001,0000022005,,,TRUE,DLECR1C5Y,1,065099
,SIDE-ACOUS,0001555,2025/02/01,0.000,33800.0000,1690.0000,3371.5500,33800.0000,0.000000,0.0000,33800.0000,CONS-ATIKA,,,33500,25001,0000023020,,,TRUE,FT46KVU5S,1,065116
,SIDE-ACOUS,0001339,2025/02/01,0.000,16090.0000,804.5000,1604.9775,16090.0000,0.000000,0.0000,16090.0000,CONS-ATIKA,,,33500,09200,0000023020,,,TRUE,CWJBFD2JK,1,065117
,DHDEMOLITI,0001535,2025/02/01,0.000,10875.0000,543.7500,1084.7813,10875.0000,0.000000,0.0000,10875.0000,CSS-CH-ROY,,,33500,02070,0000024014,,,TRUE,DHU2P72OH,1,065119
,ARMECO----,0001532,2025/02/01,0.000,4860.0000,243.0000,484.7850,4860.0000,0.000000,0.0000,4860.0000,CIUSSS-ADM,,,33200,10000,0000024015,,,TRUE,CNCQJQETR,1,065120
,F-DAIGLE--,0001643,2025/02/01,0.000,1038.0000,51.9000,103.5405,1038.0000,0.000000,0.0000,1038.0000,CONS-ATIKA,,,33200,25001,0000023020,,,TRUE,WKN9NM2V6,1,065121
,CLAUDEBEDA,0001562,2025/02/01,0.000,14123.1500,706.1575,1408.7842,14123.1500,0.000000,0.0000,14123.1500,CIUSSS-ADM,,,33500,25001,0000024015,,,TRUE,UN9Q0LPZV,1,065122
,F-DAIGLE--,0001514,2025/02/01,0.000,154.0000,7.7000,15.3615,154.0000,0.000000,0.0000,154.0000,BRP-MEGATE,,,33200,25001,0000023026,,,TRUE,GPOFPZD78,1,065123
,PLANCHER-D,0001473,2025/02/01,0.000,775.0000,38.7500,77.3063,775.0000,0.000000,0.0000,775.0000,SOC-DEV-SH,,,33500,25001,0000024004,,,TRUE,EFH7R1CJG,1,065124
,F-DAIGLE--,0001452,2025/02/01,0.000,1210.0000,60.5000,120.6975,1210.0000,0.000000,0.0000,1210.0000,ARBEC-BOIS,,,33200,25001,0000024011,,,TRUE,VAIA88NK7,1,065125
,MARC-COSSE,0001384,2025/02/01,0.000,450.0000,22.5000,44.8875,450.0000,0.000000,0.0000,450.0000,BRP-MEGATE,,,33500,16000,0000023026,,,TRUE,3VCL5YNON,1,065126
,MARC-COSSE,0001384,2025/02/01,0.000,4500.0000,225.0000,448.8750,4500.0000,0.000000,0.0000,4500.0000,BRP-MEGATE,,,33500,16000,0000023026,,,TRUE,3VCL5YNON,1,065126
,ISOL-TRIFL,0001380,2025/02/01,0.000,8900.0000,445.0000,887.7750,8900.0000,0.000000,0.0000,8900.0000,SOC-IMMOBI,,,33500,15260,0000023025,,,TRUE,6M54HCRVJ,1,065127
,MARC-COSSE,0001236,2025/02/01,0.000,1225.0000,61.2500,122.1938,1225.0000,0.000000,0.0000,1225.0000,BRP-MEGATE,,,33500,16000,0000023009,,,TRUE,L46F865UA,1,065128
,ASP-CONTRO,0001160,2025/02/01,0.000,253.4100,12.6705,25.2776,253.4100,0.000000,0.0000,253.4100,CIUSSS-T-R,,,33500,25001,0000021028,,,TRUE,E7D35IVAZ,1,065129
,ISOL-FLAMC,0001121,2025/02/01,0.000,825.0000,41.2500,82.2938,825.0000,0.000000,0.0000,825.0000,CIUSSS-ADM,,,33500,25001,0000021022,,,TRUE,RLWLRNHQH,1,065130
,ROGER-BELL,0001120,2025/02/01,0.000,450.0000,22.5000,44.8875,450.0000,0.000000,0.0000,450.0000,CIUSSS-ADM,,,33500,25001,0000021022,,,TRUE,YGD4RTD87,1,065131
,ASP-CONTRO,0000994,2025/02/01,0.000,819.8200,40.9910,81.7770,819.8200,0.000000,0.0000,819.8200,CIUSSS-T-R,,,33500,25001,0000021028,,,TRUE,57FDME6Z8,1,065132
,ASP-CONTRO,0000993,2025/02/01,0.000,421.6000,21.0800,42.0546,421.6000,0.000000,0.0000,421.6000,CIUSSS-T-R,,,33500,25001,0000021028,,,TRUE,EIQ36HTVK,1,065133
,ASP-CONTRO,0000916,2025/02/01,0.000,143.0500,7.1525,14.2692,143.0500,0.000000,0.0000,143.0500,CPE-ENTRE-,,,33500,25001,0000021029,,,TRUE,PZ9O3JR6B,1,065134
,CLIMATISAT,0000889,2025/02/01,0.000,1087.0900,54.3545,108.4372,1087.0900,0.000000,0.0000,1087.0900,CIUSSS-MCQ,,,33500,25001,0000021032,,,TRUE,2NDQT1S00,1,065135
,ASP-CONTRO,0000915,2025/02/01,0.000,21.4700,1.0735,2.1416,21.4700,0.000000,0.0000,21.4700,CPE-ENTRE-,,,33500,25001,0000021029,,,TRUE,MB44D1WWD,1,065136
....................3,ASP-CONTRO,0001160,2025/02/01,1.000,0.0000,0.0000,0.0000,0.0000,0.000000,0.0000,0.0000,CIUSSS-T-R,,,33200,,0000021028,,,TRUE,E7D35IVAZ,1,065129
....................3,ISOL-FLAMC,0001121,2025/02/01,1.000,0.0000,0.0000,0.0000,0.0000,0.000000,0.0000,0.0000,CIUSSS-ADM,,,33200,,0000021022,,,TRUE,RLWLRNHQH,1,065130
....................3,ROGER-BELL,0001120,2025/02/01,1.000,0.0000,0.0000,0.0000,0.0000,0.000000,0.0000,0.0000,CIUSSS-ADM,,,33200,,0000021022,,,TRUE,YGD4RTD87,1,065131
....................3,ASP-CONTRO,0000994,2025/02/01,1.000,0.0000,0.0000,0.0000,0.0000,0.000000,0.0000,0.0000,CIUSSS-T-R,,,33200,,0000021028,,,TRUE,57FDME6Z8,1,065132
....................3,ASP-CONTRO,0000993,2025/02/01,1.000,0.0000,0.0000,0.0000,0.0000,0.000000,0.0000,0.0000,CIUSSS-T-R,,,33200,,0000021028,,,TRUE,EIQ36HTVK,1,065133
....................3,CLIMATISAT,0000889,2025/02/01,1.000,0.0000,0.0000,0.0000,0.0000,0.000000,0.0000,0.0000,CIUSSS-MCQ,,,33200,,0000021032,,,TRUE,2NDQT1S00,1,065135
....................4,ASP-CONTRO,0001160,2025/02/01,1.000,0.0000,0.0000,0.0000,0.0000,0.000000,0.0000,0.0000,CIUSSS-T-R,,,33200,,0000021028,,,TRUE,E7D35IVAZ,1,065129
....................4,ISOL-FLAMC,0001121,2025/02/01,1.000,0.0000,0.0000,0.0000,0.0000,0.000000,0.0000,0.0000,CIUSSS-ADM,,,33200,,0000021022,,,TRUE,RLWLRNHQH,1,065130
....................4,ROGER-BELL,0001120,2025/02/01,1.000,0.0000,0.0000,0.0000,0.0000,0.000000,0.0000,0.0000,CIUSSS-ADM,,,33200,,0000021022,,,TRUE,YGD4RTD87,1,065131
....................4,ASP-CONTRO,0000994,2025/02/01,1.000,0.0000,0.0000,0.0000,0.0000,0.000000,0.0000,0.0000,CIUSSS-T-R,,,33200,,0000021028,,,TRUE,57FDME6Z8,1,065132
....................4,ASP-CONTRO,0000993,2025/02/01,1.000,0.0000,0.0000,0.0000,0.0000,0.000000,0.0000,0.0000,CIUSSS-T-R,,,33200,,0000021028,,,TRUE,EIQ36HTVK,1,065133
....................4,CLIMATISAT,0000889,2025/02/01,1.000,0.0000,0.0000,0.0000,0.0000,0.000000,0.0000,0.0000,CIUSSS-MCQ,,,33200,,0000021032,,,TRUE,2NDQT1S00,1,065135
,F-DAIGLE--,0001654,2025/02/05,0.000,1300.0000,65.0000,129.6750,1300.0000,0.000000,0.0000,1300.0000,SOC-DEV-SH,,,33200,08000,0000024025,,,TRUE,Y577G45LX,1,064859
,ARMECO----,0001660,2025/02/06,0.000,1175.0000,58.7500,117.2063,1175.0000,0.000000,0.0000,1175.0000,CONS-ATIKA,,,33200,25001,0000023020,,,TRUE,PCND25ZX8,1,064837
,KB-ELECTRI,0001477,2025/02/07,0.000,2626.7500,131.3375,262.0183,2626.7500,0.000000,0.0000,2626.7500,CSS-CH-ROY,,,33500,16000,0000024013,,,TRUE,FQVH99FIV,1,064860
,F-DAIGLE--,0001668,2025/02/11,0.000,8454.5200,422.7260,843.3384,8454.5200,0.000000,0.0000,8454.5200,CONS-ATIKA,,,33200,08000,0000023020,,,TRUE,U60380B41,1,064899
,CUISIVERSI,0001669,2025/02/12,0.000,5793.7200,289.6860,577.9236,5793.7200,0.000000,0.0000,5793.7200,CONS-ATIKA,,,33500,25001,0000023020,,,TRUE,8LHC35YIW,1,064898
,ACIER-RAY-,0001549,2025/02/17,0.000,3610.0000,180.5000,360.0975,3610.0000,0.000000,0.0000,3610.0000,FESTIVAL-W,,,33200,25001,0000023019,,,TRUE,9FY96R4VA,1,064881
,F-DAIGLE--,0001576,2025/02/20,0.000,3395.0000,169.7500,338.6513,3395.0000,0.000000,0.0000,3395.0000,SOC-DEV-SH,,,33200,25001,0000024021,,,TRUE,YKV6NVBIH,1,064934
,BOULAY----,0001622,2025/02/20,0.000,11200.0000,560.0000,1117.2000,11200.0000,0.000000,0.0000,11200.0000,CONS-ATIKA,,,33200,05500,0000023020,,,TRUE,8K6ADS8G4,1,065021
,MULTI-ENER,0001494,2025/02/21,0.000,25560.0000,1278.0000,2549.6100,25560.0000,0.000000,0.0000,25560.0000,CSS-CH-ROY,,,33500,15001,0000024014,,,TRUE,KWADME2FX,1,064945
,REGULVAR--,0001495,2025/02/24,0.000,3172.5000,158.6250,316.4569,3172.5000,0.000000,0.0000,3172.5000,CSS-CH-ROY,,,33500,15900,0000024014,,,TRUE,3OM4THHCX,1,064949
,F-DAIGLE--,0001654,2025/02/25,0.000,7451.6800,372.5840,743.3051,7451.6800,0.000000,0.0000,7451.6800,SOC-DEV-SH,,,33200,08000,0000024025,,,TRUE,HG547Y913,1,064933
,VAL-MAURIC,0001378,2025/02/25,0.000,120000.0000,6000.0000,11970.0000,120000.0000,0.000000,0.0000,120000.0000,SOC-IMMOBI,,,33500,16000,0000023025,,,TRUE,FNHLTMH3T,1,065144
,RGF-------,0001496,2025/02/28,0.000,38101.5000,1905.0750,3800.6246,38101.5000,0.000000,0.0000,38101.5000,CSS-CH-ROY,,,33500,16000,0000024014,,,TRUE,26MJUWQL0,1,065013
,SIDE-ACOUS,0001616,2025/02/28,0.000,17000.0000,850.0000,1695.7500,17000.0000,0.000000,0.0000,17000.0000,SOC-DEV-SH,,,33500,09200,0000024025,,,TRUE,6BRIVER48,1,065014
,COMETAL---,0001623,2025/02/28,0.000,350.0000,17.5000,34.9125,350.0000,0.000000,0.0000,350.0000,SOC-DEV-SH,,,33200,10000,0000024025,,,TRUE,ESOCM89GU,1,065015
,PLOMBER-2B,0001673,2025/02/28,0.000,8321.7700,416.0885,830.0966,8321.7700,0.000000,0.0000,8321.7700,CONS-ATIKA,,,33500,25001,0000023020,,,TRUE,JVJ7UO9P3,1,065016
,PLOMBER-2B,0001664,2025/02/28,0.000,2821.5900,141.0795,281.4536,2821.5900,0.000000,0.0000,2821.5900,CONS-ATIKA,,,33500,25001,0000023020,,,TRUE,9NP5T7ZNK,1,065017
,PLOMBER-2B,0001341,2025/02/28,0.000,3432.5800,171.6290,342.3999,3432.5800,0.000000,0.0000,3432.5800,CONS-ATIKA,,,33500,15410,0000023020,,,TRUE,M6T9CHP2Q,1,065018
,INTEGRAIR-,0001351,2025/02/28,0.000,4245.2300,212.2615,423.4617,4245.2300,0.000000,0.0000,4245.2300,CONS-ATIKA,,,33500,15900,0000023020,,,TRUE,TEV6QKJOH,1,065020
,BOULAY----,0001666,2025/02/28,0.000,1313.3000,65.6650,131.0017,1313.3000,0.000000,0.0000,1313.3000,CONS-ATIKA,,,33200,05500,0000023020,,,TRUE,YR030WQZ2,1,065022
,BOULAY----,0001676,2025/02/28,0.000,982.0000,49.1000,97.9545,982.0000,0.000000,0.0000,982.0000,CIUSSS-T-R,,,33200,05500,0000024015,,,TRUE,T8TCMAUH8,1,065023
,SOC-COMM-A,0001530,2025/02/28,0.000,2772.0900,138.6045,276.5160,2772.0900,0.000000,0.0000,2772.0900,CIUSSS-ADM,,,33500,15950,0000024015,,,TRUE,XW485WZ0J,1,065024
,PEINT-DUPO,0001589,2025/02/28,0.000,4649.0000,232.4500,463.7378,4649.0000,0.000000,0.0000,4649.0000,,,,33500,09910,0000024023,,,TRUE,JUG9XE4ZU,1,065025
,PEINT-DUPO,0001330,2025/02/28,0.000,10000.0000,500.0000,997.5000,10000.0000,0.000000,0.0000,10000.0000,CONS-ATIKA,,,33500,09910,0000023020,,,TRUE,4HD70ZV42,1,065026
,PEINT-DUPO,0001492,2025/02/28,0.000,5200.0000,260.0000,518.7000,5200.0000,0.000000,0.0000,5200.0000,CSS-CH-ROY,,,33500,09910,0000024014,,,TRUE,HE87H3SB0,1,065027
,DROLET-SIM,0001662,2025/02/28,0.000,875.2400,43.7620,87.3052,875.2400,0.000000,0.0000,875.2400,CONS-ATIKA,,,33200,06100,0000023020,,,TRUE,FLG8AD703,1,065028
,SYS-MAURIC,0001490,2025/02/28,0.000,18500.0000,925.0000,1845.3750,18500.0000,0.000000,0.0000,18500.0000,CSS-CH-ROY,,,33500,09200,0000024014,,,TRUE,QANW3ZJGC,1,065092
,VAL-MAURIC,0001569,2025/02/28,0.000,1306.0000,65.3000,130.2735,1306.0000,0.000000,0.0000,1306.0000,CONS-ATIKA,,,33500,25001,0000023020,,,TRUE,MDESPZDIU,1,065100
,VAL-MAURIC,0001595,2025/02/28,0.000,6264.0000,313.2000,624.8340,6264.0000,0.000000,0.0000,6264.0000,CONS-ATIKA,,,33500,25001,0000023020,,,TRUE,5CAEI488J,1,065101
,VAL-MAURIC,0001594,2025/02/28,0.000,598.0000,29.9000,59.6505,598.0000,0.000000,0.0000,598.0000,CONS-ATIKA,,,33500,25001,0000023020,,,TRUE,FYC1UPQ88,1,065102
,VAL-MAURIC,0001638,2025/02/28,0.000,15113.0000,755.6500,1507.5218,15113.0000,0.000000,0.0000,15113.0000,CONS-ATIKA,,,33500,25001,0000023020,,,TRUE,B4ADPJP3B,1,065103
,VAL-MAURIC,0001653,2025/02/28,0.000,4136.0000,206.8000,412.5660,4136.0000,0.000000,0.0000,4136.0000,CONS-ATIKA,,,33500,25001,0000023020,,,TRUE,TZE5O7XZV,1,065104
,VAL-MAURIC,0001335,2025/02/28,0.000,39150.0000,1957.5000,3905.2125,39150.0000,0.000000,0.0000,39150.0000,CONS-ATIKA,,,33500,16130,0000023020,,,TRUE,J9XWT3U01,1,065105
,VAL-MAURIC,0001335,2025/02/28,0.000,13200.0000,660.0000,1316.7000,13200.0000,0.000000,0.0000,13200.0000,CONS-ATIKA,,,33500,16150,0000023020,,,TRUE,J9XWT3U01,1,065105
,VAL-MAURIC,0001335,2025/02/28,0.000,221805.0000,11090.2500,22125.0488,221805.0000,0.000000,0.0000,221805.0000,CONS-ATIKA,,,33200,16220,0000023020,,,TRUE,J9XWT3U01,1,065105
,VAL-MAURIC,0001335,2025/02/28,0.000,99900.0000,4995.0000,9965.0250,99900.0000,0.000000,0.0000,99900.0000,CONS-ATIKA,,,33500,16500,0000023020,,,TRUE,J9XWT3U01,1,065105
,VAL-MAURIC,0001335,2025/02/28,0.000,40950.0000,2047.5000,4084.7625,40950.0000,0.000000,0.0000,40950.0000,CONS-ATIKA,,,33500,16700,0000023020,,,TRUE,J9XWT3U01,1,065105
,VAL-MAURIC,0001335,2025/02/28,0.000,11600.0000,580.0000,1157.1000,11600.0000,0.000000,0.0000,11600.0000,CONS-ATIKA,,,33200,16720,0000023020,,,TRUE,J9XWT3U01,1,065105
,VAL-MAURIC,0001335,2025/02/28,0.000,36800.0000,1840.0000,3670.8000,36800.0000,0.000000,0.0000,36800.0000,CONS-ATIKA,,,33500,16800,0000023020,,,TRUE,J9XWT3U01,1,065105
,VAL-MAURIC,0001335,2025/02/28,0.000,26850.0000,1342.5000,2678.2875,26850.0000,0.000000,0.0000,26850.0000,CONS-ATIKA,,,33500,16500,0000023020,,,TRUE,RDE88F5F5,1,065106
,CONST-REGI,0001352,2025/02/28,0.000,23245.0000,1162.2500,2318.6888,23245.0000,0.000000,0.0000,23245.0000,CONS-ATIKA,,,33500,03530,0000023020,,,TRUE,E7H6VQGYF,1,065112
,VITR-ASBES,0001420,2025/02/28,0.000,15808.2000,790.4100,1576.8680,15808.2000,0.000000,0.0000,15808.2000,CONS-ATIKA,,,33500,08120,0000023020,,,TRUE,JYGS9L2JN,1,065113
,MAC-FG----,0001609,2025/02/28,0.000,350.0000,17.5000,34.9125,350.0000,0.000000,0.0000,350.0000,OMH-SHAWIN,,,33500,04000,0000024022,,,TRUE,D8UQY2Y17,1,065213
,F-DAIGLE--,0001677,2025/03/04,0.000,780.0000,39.0000,77.8050,780.0000,0.000000,0.0000,780.0000,MUN-ST-ELI,,,33200,08000,0000024027,,,TRUE,1AS9OYXXU,1,065091
,NOUVEL-HOR,0001674,2025/03/05,0.000,4672.0000,233.6000,466.0320,4672.0000,0.000000,0.0000,4672.0000,SOC-DEV-SH,,,33200,08000,0000024025,,,TRUE,VD6JX06JK,1,065142
,BOULAY----,0001680,2025/03/18,0.000,816.9000,40.8450,81.4858,816.9000,0.000000,0.0000,816.9000,CONS-ATIKA,,,33200,05500,0000023020,,,TRUE,O4P1CBU6U,1,065150
,INTEGRAIR-,0001650,2025/03/18,0.000,2102.7200,105.1360,209.7463,2102.7200,0.000000,0.0000,2102.7200,CONS-ATIKA,,,33500,25001,0000023020,,,TRUE,1N6XZ4SBU,1,065151
,BOULAY----,0001682,2025/03/18,0.000,689.1000,34.4550,68.7377,689.1000,0.000000,0.0000,689.1000,RICHARD-DA,,,33200,08000,0000024024,,,TRUE,2NK1Q0R3Q,1,065152
,PEINT-DUPO,0001330,2025/03/18,0.000,6338.0000,316.9000,632.2155,6338.0000,0.000000,0.0000,6338.0000,CONS-ATIKA,,,33500,09910,0000023020,,,TRUE,DLVEWHCEJ,1,065153
,F-DAIGLE--,0001677,2025/03/19,0.000,5105.0000,255.2500,509.2238,5105.0000,0.000000,0.0000,5105.0000,MUN-ST-ELI,,,33200,08000,0000024027,,,TRUE,5ZXPDNWIH,1,065282
,CHARTRAY-R,0001376,2025/03/21,0.000,37905.3400,1895.2670,3781.0577,37905.3400,0.000000,0.0000,37905.3400,SOC-IMMOBI,,,33500,15001,0000023025,,,TRUE,MJC9ODWHF,1,065346
,CHARTRAY-R,0001376,2025/03/21,0.000,3964.1000,198.2050,395.4190,3964.1000,0.000000,0.0000,3964.1000,SOC-IMMOBI,,,33500,15001,0000023025,,,TRUE,PUYSQ6BY0,1,065347
,ARMECO----,0001675,2025/03/24,0.000,2385.0000,119.2500,237.9038,2385.0000,0.000000,0.0000,2385.0000,CIUSSS-T-R,,,33200,25001,0000024015,,,TRUE,UCRFRPVY0,1,065201
,QUINTECH--,0001426,2025/03/24,0.000,1000.0000,50.0000,99.7500,1000.0000,0.000000,0.0000,1000.0000,CONS-ATIKA,,,33200,08120,0000023020,,,TRUE,18ZN85HZR,1,065202
,QUINTECH--,0001426,2025/03/24,0.000,25103.0000,1255.1500,2504.0243,25103.0000,0.000000,0.0000,25103.0000,CONS-ATIKA,,,33200,08120,0000023020,,,TRUE,20QPQW7XL,1,065203
,GAUTHIER--,0001479,2025/03/25,0.000,10620.0000,531.0000,1059.3450,10620.0000,0.000000,0.0000,10620.0000,CSS-CH-ROY,,,33500,15001,0000024013,,,TRUE,D86OLSXT0,1,065281
,PLOMBER-2B,0001341,2025/03/26,0.000,14581.7900,729.0895,1454.5336,14581.7900,0.000000,0.0000,14581.7900,CONS-ATIKA,,,33500,15410,0000023020,,,TRUE,T526F8WWJ,1,065219
,REGULVAR--,0001495,2025/03/26,0.000,13513.5000,675.6750,1347.9716,13513.5000,0.000000,0.0000,13513.5000,CSS-CH-ROY,,,33500,15900,0000024014,,,TRUE,N8V7YKGU2,1,065220
,INTEGRAIR-,0001351,2025/03/26,0.000,709.2000,35.4600,70.7427,709.2000,0.000000,0.0000,709.2000,CONS-ATIKA,,,33500,15900,0000023020,,,TRUE,0A8NYZZVV,1,065221
,MULTI-ENER,0001494,2025/03/26,0.000,37080.0000,1854.0000,3698.7300,37080.0000,0.000000,0.0000,37080.0000,CSS-CH-ROY,,,33500,15001,0000024014,,,TRUE,3X42K4T68,1,065222
,VAL-MAURIC,0001335,2025/03/26,0.000,7500.0000,375.0000,748.1250,7500.0000,0.000000,0.0000,7500.0000,CONS-ATIKA,,,33200,16080,0000023020,,,TRUE,M0YW0483H,1,065223
,VAL-MAURIC,0001335,2025/03/26,0.000,11925.0000,596.2500,1189.5188,11925.0000,0.000000,0.0000,11925.0000,CONS-ATIKA,,,33200,16220,0000023020,,,TRUE,M0YW0483H,1,065223
,VAL-MAURIC,0001651,2025/03/26,0.000,8748.0000,437.4000,872.6130,8748.0000,0.000000,0.0000,8748.0000,CONS-ATIKA,,,33500,25001,0000023020,,,TRUE,MVI0TET4L,1,065224
,VAL-MAURIC,0001671,2025/03/26,0.000,5041.0000,252.0500,502.8398,5041.0000,0.000000,0.0000,5041.0000,CONS-ATIKA,,,33500,25001,0000023020,,,TRUE,WYFI0X68W,1,065225
,VAL-MAURIC,0001681,2025/03/26,0.000,1427.0000,71.3500,142.3433,1427.0000,0.000000,0.0000,1427.0000,CONS-ATIKA,,,33500,25001,0000023020,,,TRUE,NJ8LUT458,1,065227
,VITR-ASBES,0001420,2025/03/26,0.000,11856.1500,592.8075,1182.6510,11856.1500,0.000000,0.0000,11856.1500,CONS-ATIKA,,,33500,08120,0000023020,,,TRUE,KSNC4SXVD,1,065228
,TROTTIER-E,0001582,2025/03/30,0.000,152.1600,7.6080,15.1780,152.1600,0.000000,0.0000,152.1600,CIUSSS-T-R,,,33500,25001,0000024015,,,TRUE,OIP5XVVCP,1,065360
,TROTTIER-E,0001629,2025/03/30,0.000,348.4700,17.4235,34.7599,348.4700,0.000000,0.0000,348.4700,CIUSSS-T-R,,,33500,25001,0000024015,,,TRUE,O7JM4B9UA,1,065361
,TROTTIER-E,0001592,2025/03/30,0.000,313.6100,15.6805,31.2826,313.6100,0.000000,0.0000,313.6100,CIUSSS-T-R,,,33500,25001,0000024015,,,TRUE,GS0GH5HEB,1,065362
,TROTTIER-E,0001531,2025/03/30,0.000,6896.0000,344.8000,687.8760,6896.0000,0.000000,0.0000,6896.0000,CIUSSS-ADM,,,33500,16000,0000024015,,,TRUE,IGCV6YB4E,1,065363
,SYS-MAURIC,0001490,2025/03/31,0.000,26500.0000,1325.0000,2643.3750,26500.0000,0.000000,0.0000,26500.0000,CSS-CH-ROY,,,33500,09200,0000024014,,,TRUE,3CZHYAJ3B,1,065278
,RGF-------,0001496,2025/03/31,0.000,8586.9000,429.3450,856.5433,8586.9000,0.000000,0.0000,8586.9000,CSS-CH-ROY,,,33500,16000,0000024014,,,TRUE,OEDKAJVQP,1,065279
,RGF-------,0001688,2025/03/31,0.000,782.1600,39.1080,78.0205,782.1600,0.000000,0.0000,782.1600,CSS-CH-ROY,,,33500,25001,0000024014,,,TRUE,BYWXUTRRM,1,065280
,SIDE-ACOUS,0001616,2025/03/31,0.000,9000.0000,450.0000,897.7500,9000.0000,0.000000,0.0000,9000.0000,SOC-DEV-SH,,,33500,09200,0000024025,,,TRUE,B0VYXY7YG,1,065338
,SIDE-ACOUS,0001692,2025/03/31,0.000,1460.0000,73.0000,145.6350,1460.0000,0.000000,0.0000,1460.0000,SOC-DEV-SH,,,33500,25001,0000024025,,,TRUE,XJ3K02HUG,1,065339
,MACONNERIE,0001637,2025/03/31,0.000,45000.0000,2250.0000,4488.7500,45000.0000,0.000000,0.0000,45000.0000,OFFICE-T-R,,,33500,04000,0000024020,,,TRUE,HKX1KW1O2,1,065394
,ENT-ARSENE,0001282,2025/04/01,0.000,-2776.4600,-138.8230,-276.9519,-2776.4600,0.000000,0.0000,-2776.4600,LIBERE-TOI,,,33500,25001,0000022005,,,TRUE,ZAI8ACUGL,1,065429
,ENT-ARSENE,0001359,2025/04/01,0.000,-266.9000,-13.3450,-26.6233,-266.9000,0.000000,0.0000,-266.9000,LIBERE-TOI,,,33500,25001,0000022005,,,TRUE,QGAR5HHJS,1,065430
,ENT-ARSENE,0000945,2025/04/01,0.000,35963.2500,1798.1625,3587.3342,35963.2500,0.000000,0.0000,35963.2500,LIBERE-TOI,,,33500,15100,0000022005,,,TRUE,FCTUX6P38,1,065432
,ENT-ARSENE,0000945,2025/04/01,0.000,27086.7500,1354.3375,2701.9033,27086.7500,0.000000,0.0000,27086.7500,LIBERE-TOI,,,33500,15460,0000022005,,,TRUE,FCTUX6P38,1,065432
,REFR-NORDI,0001661,2025/04/01,0.000,391.0000,19.5500,39.0023,391.0000,0.000000,0.0000,391.0000,CONS-ATIKA,,,33500,25001,0000023020,,,TRUE,V89XK0B1Z,1,065726
,BOULAY----,0001709,2025/04/01,0.000,4212.0000,210.6000,420.1470,4212.0000,0.000000,0.0000,4212.0000,CIUSSS-T-R,,,33500,25001,0000024015,,,TRUE,T9GMGU11B,1,065825
,ADFVENTILA,0001696,2025/04/02,0.000,1700.0000,85.0000,169.5750,1700.0000,0.000000,0.0000,1700.0000,OFFICE-T-R,,,33500,00400,0000024020,,,TRUE,GTHX53MDU,1,065288
,D-DIONNE--,0001686,2025/04/09,0.000,2510.0000,125.5000,250.3725,2510.0000,0.000000,0.0000,2510.0000,MUN-ST-ELI,,,33500,25001,0000024027,,,TRUE,4HJKZZPS7,1,065396
,PLOMBER-2B,0001665,2025/04/10,0.000,2300.0000,115.0000,229.4250,2300.0000,0.000000,0.0000,2300.0000,CONS-ATIKA,,,33500,25001,0000023020,,,TRUE,LA1QML7S5,1,065357
,BEDCOLAB--,0001559,2025/04/11,0.000,19455.0000,972.7500,1940.6363,19455.0000,0.000000,0.0000,19455.0000,CSS-CH-ROY,,,33500,06400,0000024014,,,TRUE,OHFVROW74,1,065395
,REFR-NORDI,0001663,2025/04/14,0.000,1104.0000,55.2000,110.1240,1104.0000,0.000000,0.0000,1104.0000,CONS-ATIKA,,,33500,25001,0000023020,,,TRUE,GSI0SUSNT,1,065406
,CHARTRAY-R,0001376,2025/04/15,0.000,53130.5600,2656.5280,5299.7734,53130.5600,0.000000,0.0000,53130.5600,SOC-IMMOBI,,,33500,15001,0000023025,,,TRUE,T1EOR61UG,1,065443
,INTEGRAIR-,0001351,2025/04/16,0.000,550.4900,27.5245,54.9114,550.4900,0.000000,0.0000,550.4900,CONS-ATIKA,,,33500,15900,0000023020,,,TRUE,XR5ZLAMWY,1,065407
,VAL-MAURIC,0001690,2025/04/16,0.000,3195.0000,159.7500,318.7013,3195.0000,0.000000,0.0000,3195.0000,MUN-ST-ELI,,,33500,25001,0000024027,,,TRUE,SJ8I3T3IG,1,065648
,VAL-MAURIC,0001691,2025/04/17,0.000,2982.0000,149.1000,297.4545,2982.0000,0.000000,0.0000,2982.0000,MUN-ST-ELI,,,33500,25001,0000024027,,,TRUE,KX5YPPCBW,1,065649
,RCM-MODULA,0001718,2025/04/18,0.000,3635.1700,181.7585,362.6082,3635.1700,0.000000,0.0000,3635.1700,CONSEIL-AT,,,33500,06400,0000025007,X000001750,,FALSE,FU6CAEKWQ,1,
....................5,RCM-MODULA,0001718,2025/04/18,1.000,0.0000,0.0000,0.0000,0.0000,0.000000,0.0000,0.0000,CONSEIL-AT,,,33200,,0000025007,,,FALSE,FU6CAEKWQ,1,
,ENT-ARSENE,0001493,2025/04/22,0.000,105642.9000,5282.1450,10537.8793,105642.9000,0.000000,0.0000,105642.9000,CSS-CH-ROY,,,33500,15401,0000024014,,,TRUE,8OSWWZU0N,1,065674
,ENT-ARSENE,0001375,2025/04/22,0.000,15904.0500,795.2025,1586.4290,15904.0500,0.000000,0.0000,15904.0500,SOC-IMMOBI,,,33500,15401,0000023025,,,TRUE,HSEAIGKLY,1,065675
,ADAPTATION,0001599,2025/04/23,0.000,2500.0000,125.0000,249.3750,2500.0000,0.000000,0.0000,2500.0000,RICHARD-DA,,,33500,14430,0000024024,,,TRUE,JIAFWTKAX,1,065468
,PEINT-DUPO,0001492,2025/04/24,0.000,8000.0000,400.0000,798.0000,8000.0000,0.000000,0.0000,8000.0000,CSS-CH-ROY,,,33500,09910,0000024014,,,TRUE,WZLYUGBYY,1,065442
,PLOMBLPCLC,0001647,2025/04/24,0.000,7500.0000,375.0000,748.1250,7500.0000,0.000000,0.0000,7500.0000,MUN-ST-ELI,,,33500,15401,0000024027,,,TRUE,DQ1LJGP6M,1,065474
,COMETAL---,0001695,2025/04/24,0.000,1710.0000,85.5000,170.5725,1710.0000,0.000000,0.0000,1710.0000,MUN-ST-ELI,,,33200,10160,0000024027,,,TRUE,A3JC23S5H,1,065475
,PEINT-DUPO,0001617,2025/04/24,0.000,21422.0000,1071.1000,2136.8445,21422.0000,0.000000,0.0000,21422.0000,SOC-DEV-SH,,,33500,09900,0000024025,,,TRUE,KOJEXFHCW,1,065476
,PEINT-DUPO,0001646,2025/04/24,0.000,7544.0000,377.2000,752.5140,7544.0000,0.000000,0.0000,7544.0000,MUN-ST-ELI,,,33500,09900,0000024027,,,TRUE,DBY9H4GC5,1,065477
,MULTI-ENER,0001377,2025/04/24,0.000,20250.0000,1012.5000,2019.9375,20250.0000,0.000000,0.0000,20250.0000,SOC-IMMOBI,,,33500,15950,0000023025,,,TRUE,52J5OUG2P,1,065478
,MULTI-ENER,0001494,2025/04/24,0.000,61830.0000,3091.5000,6167.5425,61830.0000,0.000000,0.0000,61830.0000,CSS-CH-ROY,,,33500,15001,0000024014,,,TRUE,0N2HQLONT,1,065479
,REGULVAR--,0001495,2025/04/24,0.000,2565.0000,128.2500,255.8588,2565.0000,0.000000,0.0000,2565.0000,CSS-CH-ROY,,,33500,15900,0000024014,,,TRUE,NCF6ZQSQN,1,065480
,PORTOMATIC,0001689,2025/04/24,0.000,6000.0000,300.0000,598.5000,6000.0000,0.000000,0.0000,6000.0000,MUN-ST-ELI,,,33500,08110,0000024027,,,TRUE,U7B4CV2S4,1,065487
,VAL-MAURIC,0001626,2025/04/25,0.000,3697.0000,184.8500,368.7758,3697.0000,0.000000,0.0000,3697.0000,LIBERE-TOI,,,33500,25001,0000022005,,,TRUE,OWYJK31CG,1,065533
,VAL-MAURIC,0001667,2025/04/25,0.000,1943.0800,97.1540,193.8222,1943.0800,0.000000,0.0000,1943.0800,LIBERE-TOI,,,33500,25001,0000022005,,,TRUE,WQM9JTS6T,1,065534
,PLOMB-MTCA,0001642,2025/04/25,0.000,1.0000,0.0500,0.0998,1.0000,0.000000,0.0000,1.0000,SOC-DEV-SH,,,33500,15401,0000024025,,,TRUE,BV38WR6F7,1,065579
,GAUTHIER--,0001479,2025/04/28,0.000,11800.0000,590.0000,1177.0500,11800.0000,0.000000,0.0000,11800.0000,CSS-CH-ROY,,,33500,15001,0000024013,,,TRUE,Y1OHJ9K0U,1,065494
,SYS-MAURIC,0001645,2025/04/30,0.000,16598.0000,829.9000,1655.6505,16598.0000,0.000000,0.0000,16598.0000,MUN-ST-ELI,,,33500,09200,0000024027,,,TRUE,BHHT7SBPO,1,065497
,VAL-MAURIC,0001378,2025/04/30,0.000,69220.8000,3461.0400,6904.7748,69220.8000,0.000000,0.0000,69220.8000,SOC-IMMOBI,,,33500,16000,0000023025,,,TRUE,P86NPQWYP,1,065498
,RGF-------,0001496,2025/04/30,0.000,6306.3000,315.3150,629.0534,6306.3000,0.000000,0.0000,6306.3000,CSS-CH-ROY,,,33500,16000,0000024014,,,TRUE,FVKODWOG8,1,065514
,SYS-MAURIC,0001490,2025/04/30,0.000,9500.0000,475.0000,947.6250,9500.0000,0.000000,0.0000,9500.0000,CSS-CH-ROY,,,33500,09200,0000024014,,,TRUE,O8QWX49IP,1,065515
,REFR-NORDI,0001657,2025/04/30,0.000,18896.5000,944.8250,1884.9259,18896.5000,0.000000,0.0000,18896.5000,CONS-ATIKA,,,33500,25001,0000023020,,,TRUE,CZISAO75T,1,065531
,RCM-MODULA,0001718,2025/04/30,0.000,3635.1700,181.7585,362.6082,3635.1700,0.000000,0.0000,3635.1700,CONSEIL-AT,,,33500,06400,0000025007,,,TRUE,HHV5LMT6X,1,065532
,SIDE-ACOUS,0001616,2025/04/30,0.000,5800.0000,290.0000,578.5500,5800.0000,0.000000,0.0000,5800.0000,SOC-DEV-SH,,,33500,09200,0000024025,,,TRUE,EQ04LBT57,1,065608
,LOC-RAYDAN,0001678,2025/04/30,0.000,16390.0000,819.5000,1634.9025,16390.0000,0.000000,0.0000,16390.0000,CONS-ATIKA,,,33200,00400,0000023020,,,TRUE,4GFRE2O3N,1,065650
,ISOL-FLAMC,0001154,2025/04/30,0.000,1895.0000,94.7500,189.0263,1895.0000,0.000000,0.0000,1895.0000,CIUSSS-ADM,,,33500,25001,0000021022,,,TRUE,VEM8RS0K5,1,065651
,ENS-FX-BOI,0001411,2025/04/30,0.000,2070.0000,103.5000,206.4825,2070.0000,0.000000,0.0000,2070.0000,LUC-FARRIE,,,33200,06400,0000023018,,,TRUE,4BYT4OHVW,1,065652
,MESAR-----,0001320,2025/04/30,0.000,405.7400,20.2870,40.4726,405.7400,0.000000,0.0000,405.7400,LUC-FARRIE,,,33200,25001,0000023018,,,TRUE,57FTFEU5M,1,065653
,MESAR-----,0001320,2025/04/30,0.000,350.0000,17.5000,34.9125,350.0000,0.000000,0.0000,350.0000,LUC-FARRIE,,,33200,25001,0000023018,,,TRUE,57FTFEU5M,1,065653
,CUISIVERSI,0001385,2025/04/30,0.000,3123.3300,156.1665,311.5522,3123.3300,0.000000,0.0000,3123.3300,BRP-MEGATE,,,33500,06400,0000023026,,,TRUE,J019G3XW4,1,065654
,ACIER-RAY-,0001548,2025/04/30,0.000,480.0000,24.0000,47.8800,480.0000,0.000000,0.0000,480.0000,TRANSP-LEM,,,33200,05500,0000024016,,,TRUE,ZV6UX3237,1,065655
,BOULAY----,0001684,2025/04/30,0.000,643.0000,32.1500,64.1393,643.0000,0.000000,0.0000,643.0000,CIUSSS-T-R,,,33500,05500,0000024015,,,TRUE,UWRW61D9Q,1,065824
,ENT-ARSENE,0001630,2025/04/30,0.000,1454.5900,72.7295,145.0954,1454.5900,0.000000,0.0000,1454.5900,CIUSSS-T-R,,,33500,25015,0000024015,,,TRUE,7IXZEY1HE,1,065826
....................3,RCM-MODULA,0001718,2025/04/30,1.000,0.0000,0.0000,0.0000,0.0000,0.000000,0.0000,0.0000,CONSEIL-AT,,,33200,,0000025007,,,TRUE,HHV5LMT6X,1,065532
....................3,ISOL-FLAMC,0001154,2025/04/30,1.000,0.0000,0.0000,0.0000,0.0000,0.000000,0.0000,0.0000,CIUSSS-ADM,,,33200,,0000021022,,,TRUE,VEM8RS0K5,1,065651
....................4,RCM-MODULA,0001718,2025/04/30,1.000,0.0000,0.0000,0.0000,0.0000,0.000000,0.0000,0.0000,CONSEIL-AT,,,33200,,0000025007,,,TRUE,HHV5LMT6X,1,065532
....................4,ISOL-FLAMC,0001154,2025/04/30,1.000,0.0000,0.0000,0.0000,0.0000,0.000000,0.0000,0.0000,CIUSSS-ADM,,,33200,,0000021022,,,TRUE,VEM8RS0K5,1,065651
,MAISONNEUV,0001586,2025/05/01,0.000,153511.3500,7675.5675,15312.7572,153511.3500,0.000000,0.0000,153511.3500,OFFICE-T-R,,,33200,08000,0000024020,,,TRUE,85VRACYND,1,065610
,ACIER-RAY-,0001732,2025/05/01,0.000,271.7600,13.5880,27.1081,271.7600,0.000000,0.0000,271.7600,SOC-IMMOBI,,,33200,02070,0000023025,,,TRUE,J7EGI2SY1,1,065828
,MAC-FG----,0001619,2025/05/02,0.000,5950.0000,297.5000,593.5125,5950.0000,0.000000,0.0000,5950.0000,SOC-DEV-SH,,,33500,04000,0000024025,,,TRUE,PLOI1G4D8,1,065609
,COUVREURGR,0001741,2025/05/08,0.000,16800.0000,840.0000,1675.8000,16800.0000,0.000000,0.0000,16800.0000,SOC-DEV-SH,,,33500,07330,0000024025,,,TRUE,ZJVKAVZSH,1,065607
,PEINT-DUPO,0001492,2025/05/20,0.000,19000.0000,950.0000,1895.2500,19000.0000,0.000000,0.0000,19000.0000,CSS-CH-ROY,,,33500,09910,0000024014,,,TRUE,HBP8LA2Q6,1,065748
,BOULAY----,0001740,2025/05/22,0.000,2302.4400,115.1220,229.6684,2302.4400,0.000000,0.0000,2302.4400,CONS-ATIKA,,,33200,05500,0000023020,,,TRUE,ZAUSWAKV5,1,065686
,BOULAY----,0001740,2025/05/22,0.000,480.0000,24.0000,47.8800,480.0000,0.000000,0.0000,480.0000,CONS-ATIKA,,,33200,05500,0000023020,,,TRUE,ZAUSWAKV5,1,065686
,BOULAY----,0001738,2025/05/22,0.000,3584.0100,179.2005,357.5050,3584.0100,0.000000,0.0000,3584.0100,CONS-ATIKA,,,33200,05500,0000023020,,,TRUE,U3UH2U3GE,1,065687
,MULTI-ENER,0001494,2025/05/22,0.000,3420.0000,171.0000,341.1450,3420.0000,0.000000,0.0000,3420.0000,CSS-CH-ROY,,,33500,15001,0000024014,,,TRUE,9QAFJDFXO,1,065745
,ENT-MAXIME,0001613,2025/05/22,0.000,12787.0600,639.3530,1275.5092,12787.0600,0.000000,0.0000,12787.0600,SOC-DEV-SH,,,33500,03000,0000024025,,,TRUE,PAIAIGLZ9,1,065749
,ENT-MAXIME,0001491,2025/05/22,0.000,2155.5100,107.7755,215.0121,2155.5100,0.000000,0.0000,2155.5100,CSS-CH-ROY,,,33500,03000,0000024014,,,TRUE,MOUVZT6OK,1,065751
,MAC-FG----,0001734,2025/05/22,0.000,5400.0000,270.0000,538.6500,5400.0000,0.000000,0.0000,5400.0000,OMH-SHAWIN,,,33500,25001,0000024022,,,TRUE,9YM24LLV6,1,065803
,ARMECO----,0001706,2025/05/22,0.000,130.0000,6.5000,12.9675,130.0000,0.000000,0.0000,130.0000,HABITAT-ME,,,33200,10000,0000025005,,,TRUE,1ZN7KY2IR,1,065811
,MULTI-ENER,0001377,2025/05/23,0.000,1395.0000,69.7500,139.1513,1395.0000,0.000000,0.0000,1395.0000,SOC-IMMOBI,,,33500,15950,0000023025,,,TRUE,OLWAXKZY1,1,065746
,ARTDEMOLIT,0001694,2025/05/23,0.000,57670.4700,2883.5235,5752.6294,57670.4700,0.000000,0.0000,57670.4700,HABITAT-ME,,,33500,02070,0000025005,,,TRUE,A0WIZ0P0K,1,065940
,VAL-MAURIC,0001378,2025/05/28,0.000,10488.0000,524.4000,1046.1780,10488.0000,0.000000,0.0000,10488.0000,SOC-IMMOBI,,,33500,16000,0000023025,,,TRUE,Z3DORNBLI,1,065747
,MULTI-ENER,0001736,2025/05/28,0.000,1350.0000,67.5000,134.6625,1350.0000,0.000000,0.0000,1350.0000,HABITAT-ME,,,33500,15401,0000025005,,,TRUE,XTS3HLLMN,1,065752
,ENT-MAXIME,0001707,2025/05/28,0.000,10566.0800,528.3040,1053.9665,10566.0800,0.000000,0.0000,10566.0800,HABITAT-ME,,,33500,02000,0000025005,,,TRUE,FMN45638T,1,065753
,REFR-NORDI,0001353,2025/05/31,0.000,9700.0000,485.0000,967.5750,9700.0000,0.000000,0.0000,9700.0000,CONS-ATIKA,,,33500,15001,0000023020,,,TRUE,PRSGPWMV8,1,065868
,REFR-NORDI,0001353,2025/05/31,0.000,23800.0000,1190.0000,2374.0500,23800.0000,0.000000,0.0000,23800.0000,CONS-ATIKA,,,33500,15900,0000023020,,,TRUE,PRSGPWMV8,1,065868
,REFR-NORDI,0001354,2025/05/31,0.000,-28000.0000,-1400.0000,-2793.0000,-28000.0000,0.000000,0.0000,-28000.0000,CONS-ATIKA,,,33500,15900,0000023020,,,TRUE,KRBU5QIR8,1,065869
,COMETAL---,0001776,2025/05/31,0.000,2195.0000,109.7500,218.9513,2195.0000,0.000000,0.0000,2195.0000,ENERCYCLE-,,,33200,10000,0000025010,,,TRUE,RVASMLOR8,1,065882
,PEINT-DUPO,0001737,2025/05/31,0.000,10094.0000,504.7000,1006.8765,10094.0000,0.000000,0.0000,10094.0000,PLS-SHAWIN,,,33500,09910,0000025009,,,TRUE,8FQL4HZRO,1,065938
,VAL-MAURIC,0001697,2025/05/31,0.000,3410.0000,170.5000,340.1475,3410.0000,0.000000,0.0000,3410.0000,CONS-ATIKA,,,33500,25001,0000023020,,,TRUE,55IT2YWFA,1,065941
,INTEGRAIR-,0001656,2025/05/31,0.000,2378.3600,118.9180,237.2414,2378.3600,0.000000,0.0000,2378.3600,CONS-ATIKA,,,33500,25001,0000023020,,,TRUE,ZF8H2LIGZ,1,065942
,VAL-MAURIC,0001598,2025/05/31,0.000,7670.0000,383.5000,765.0825,7670.0000,0.000000,0.0000,7670.0000,RICHARD-DA,,,33500,16000,0000024024,,,TRUE,21VNKVJYQ,1,065943
,PLOMBER-2B,0001649,2025/05/31,0.000,1390.4200,69.5210,138.6944,1390.4200,0.000000,0.0000,1390.4200,CONS-ATIKA,,,33500,25001,0000023020,,,TRUE,UQQ0R2WV4,1,065963
....................3,COMETAL---,0001776,2025/05/31,1.000,0.0000,0.0000,0.0000,0.0000,0.000000,0.0000,0.0000,ENERCYCLE-,,,33200,,0000025010,,,TRUE,RVASMLOR8,1,065882
....................6,COMETAL---,0001776,2025/05/31,1.000,0.0000,0.0000,0.0000,0.0000,0.000000,0.0000,0.0000,ENERCYCLE-,,,33200,,0000025010,,,TRUE,RVASMLOR8,1,065882
,LAMPRON-BR,0001381,2025/06/01,0.000,9255.0000,462.7500,923.1863,9255.0000,0.000000,0.0000,9255.0000,SOC-IMMOBI,,,33500,04000,0000023025,,,TRUE,9I1B0HAJD,1,065857
,ENT-ARSENE,0001493,2025/06/01,0.000,69969.9100,3498.4955,6979.4985,69969.9100,0.000000,0.0000,69969.9100,CSS-CH-ROY,,,33500,15401,0000024014,,,TRUE,88UXVRW7L,1,065958
,QUINC-PORT,0001499,2025/06/04,0.000,-5614.4000,-280.7200,-560.0364,-5614.4000,0.000000,0.0000,-5614.4000,LIBERE-TOI,,,33500,25001,0000022005,,,TRUE,0146MEUUI,1,065827
,PEINT-DUPO,0001617,2025/06/05,0.000,20000.0000,1000.0000,1995.0000,20000.0000,0.000000,0.0000,20000.0000,SOC-DEV-SH,,,33500,09900,0000024025,,,TRUE,26SX8LH3B,1,065855
,ACG-ISOLAT,0001498,2025/06/09,0.000,14590.0000,729.5000,1455.3525,14590.0000,0.000000,0.0000,14590.0000,CSS-CH-ROY,,,33500,02070,0000024014,,,TRUE,LFT1FSRL5,1,065856
,CONST-MESK,0001348,2025/06/09,0.000,15183.3900,759.1695,1514.5432,15183.3900,0.000000,0.0000,15183.3900,CONS-ATIKA,,,33500,02920,0000023020,,,TRUE,9G9CFJCS8,1,066017
,PEDLEX----,0001743,2025/06/10,0.000,6702.0200,335.1010,668.5265,6702.0200,0.000000,0.0000,6702.0200,CONS-ATIKA,,,33500,12500,0000023020,,,TRUE,8F9XSBGIW,1,065883
,PORTES-RO-,0001800,2025/06/11,0.000,394.0000,19.7000,39.3015,394.0000,0.000000,0.0000,394.0000,,,,33200,08000,0000024025,,,TRUE,CNZDA7ZRU,1,065914
,MAISONNEUV,0001586,2025/06/11,0.000,210184.4400,10509.2220,20965.8979,210184.4400,0.000000,0.0000,210184.4400,OFFICE-T-R,,,33200,08000,0000024020,,,TRUE,S66XJK7U8,1,065920
,BOULAY----,0001792,2025/06/11,0.000,1008.6700,50.4335,100.6148,1008.6700,0.000000,0.0000,1008.6700,CONS-ATIKA,,,33200,05500,0000023020,,,TRUE,69J7Y5CRX,1,066013
,GOUT-PT-QC,0001750,2025/06/16,0.000,3225.4000,161.2700,321.7337,3225.4000,0.000000,0.0000,3225.4000,SOC-DEV-SH,,,33500,07000,0000024025,,,TRUE,POCFFGOVP,1,065954
,ENT-ARSENE,0001588,2025/06/16,0.000,2043.0600,102.1530,203.7952,2043.0600,0.000000,0.0000,2043.0600,CIUSSS-T-R,,,33500,25001,0000024015,,,TRUE,FM5AX2E8N,1,066112
,ENT-ARSENE,0001683,2025/06/16,0.000,514.3900,25.7195,51.3104,514.3900,0.000000,0.0000,514.3900,CIUSSS-T-R,,,33500,25001,0000024015,,,TRUE,BNNARQ0ZP,1,066113
,COMETAL---,0001623,2025/06/17,0.000,1865.0000,93.2500,186.0338,1865.0000,0.000000,0.0000,1865.0000,SOC-DEV-SH,,,33200,10000,0000024025,,,TRUE,P16I2E0EN,1,065957
,COMETAL---,0001746,2025/06/17,0.000,670.0000,33.5000,66.8325,670.0000,0.000000,0.0000,670.0000,CONSEIL-AT,,,33200,10000,0000025007,,,TRUE,ZP7DBPBHH,1,066018
,F-DAIGLE--,0001742,2025/06/17,0.000,696.0000,34.8000,69.4260,696.0000,0.000000,0.0000,696.0000,CONS-ATIKA,,,33200,10810,0000023020,,,TRUE,6L2HMC5H0,1,066019
....................3,COMETAL---,0001746,2025/06/17,1.000,0.0000,0.0000,0.0000,0.0000,0.000000,0.0000,0.0000,CONSEIL-AT,,,33200,,0000025007,,,TRUE,ZP7DBPBHH,1,066018
....................4,COMETAL---,0001746,2025/06/17,1.000,0.0000,0.0000,0.0000,0.0000,0.000000,0.0000,0.0000,CONSEIL-AT,,,33200,,0000025007,,,TRUE,ZP7DBPBHH,1,066018
,F-DAIGLE--,0001733,2025/06/18,0.000,2790.0000,139.5000,278.3025,2790.0000,0.000000,0.0000,2790.0000,SOC-IMMOBI,,,33200,08000,0000023025,,,TRUE,VIJTMMBZG,1,065962
,MULTI-ENER,0001494,2025/06/20,0.000,4590.0000,229.5000,457.8525,4590.0000,0.000000,0.0000,4590.0000,CSS-CH-ROY,,,33500,15001,0000024014,,,TRUE,9YW4CK7EF,1,065955
,PEINT-DUPO,0001492,2025/06/20,0.000,4000.0000,200.0000,399.0000,4000.0000,0.000000,0.0000,4000.0000,CSS-CH-ROY,,,33500,09910,0000024014,,,TRUE,GU7GGBIQJ,1,065956
,ARTDEMOLIT,0001694,2025/06/23,0.000,59418.0600,2970.9030,5926.9515,59418.0600,0.000000,0.0000,59418.0600,HABITAT-ME,,,33500,02070,0000025005,,,TRUE,CHMJB6VFE,1,066105
,ENT-MAXIME,0001707,2025/06/25,0.000,52830.4000,2641.5200,5269.8324,52830.4000,0.000000,0.0000,52830.4000,HABITAT-ME,,,33500,02000,0000025005,,,TRUE,NNXSJO4LH,1,066015
,ENT-MAXIME,0001711,2025/06/25,0.000,2693.9300,134.6965,268.7195,2693.9300,0.000000,0.0000,2693.9300,REMBOUR-PR,,,33500,02300,0000025008,,,TRUE,4EPC4DG5L,1,066063
,SYS-MAURIC,0001490,2025/06/25,0.000,7700.0000,385.0000,768.0750,7700.0000,0.000000,0.0000,7700.0000,CSS-CH-ROY,,,33500,09200,0000024014,,,TRUE,EQTLFP3DY,1,066064
,F-DAIGLE--,0001716,2025/06/26,0.000,8000.0000,400.0000,798.0000,8000.0000,0.000000,0.0000,8000.0000,CONSEIL-AT,,,33200,08000,0000025007,,,TRUE,DN026M3K5,1,066016
....................3,F-DAIGLE--,0001716,2025/06/26,1.000,0.0000,0.0000,0.0000,0.0000,0.000000,0.0000,0.0000,CONSEIL-AT,,,33200,,0000025007,,,TRUE,DN026M3K5,1,066016
....................4,F-DAIGLE--,0001716,2025/06/26,1.000,0.0000,0.0000,0.0000,0.0000,0.000000,0.0000,0.0000,CONSEIL-AT,,,33200,,0000025007,,,TRUE,DN026M3K5,1,066016
,MULTI-ENER,0001736,2025/06/27,0.000,1350.0000,67.5000,134.6625,1350.0000,0.000000,0.0000,1350.0000,HABITAT-ME,,,33500,15401,0000025005,,,TRUE,7P37LIUVH,1,066014
....................3,MULTI-ENER,0001736,2025/06/27,1.000,0.0000,0.0000,0.0000,0.0000,0.000000,0.0000,0.0000,HABITAT-ME,,,33200,,0000025005,,,TRUE,7P37LIUVH,1,066014
....................4,MULTI-ENER,0001736,2025/06/27,1.000,0.0000,0.0000,0.0000,0.0000,0.000000,0.0000,0.0000,HABITAT-ME,,,33200,,0000025005,,,TRUE,7P37LIUVH,1,066014
,ENT-ARSENE,0001493,2025/06/30,0.000,29455.9600,1472.7980,2938.2320,29455.9600,0.000000,0.0000,29455.9600,CSS-CH-ROY,,,33500,15401,0000024014,,,TRUE,BZOFM5698,1,066098
,ENT-ARSENE,0001527,2025/06/30,0.000,5895.0000,294.7500,588.0263,5895.0000,0.000000,0.0000,5895.0000,CIUSSS-ADM,,,33500,15401,0000024015,,,TRUE,PY1NKQYS6,1,066104
,MACONNERIE,0001637,2025/07/01,0.000,4050.0000,202.5000,403.9875,4050.0000,0.000000,0.0000,4050.0000,OFFICE-T-R,,,33500,04000,0000024020,,,TRUE,5EVD6QAIU,1,066170
,CHAMPAGNE.,0001804,2025/07/04,0.000,584.0000,29.2000,58.2540,584.0000,0.000000,0.0000,584.0000,,,,33200,10000,0000025011,,,TRUE,CIM0ZYSW9,1,066099
,CHAMPAGNE.,0001804,2025/07/04,0.000,490.2000,24.5100,48.8975,490.2000,0.000000,0.0000,490.2000,,,,33200,10000,0000025011,,,TRUE,CIM0ZYSW9,1,066099
,CHAMPAGNE.,0001804,2025/07/04,0.000,1003.6000,50.1800,100.1091,1003.6000,0.000000,0.0000,1003.6000,,,,33200,10000,0000025011,,,TRUE,CIM0ZYSW9,1,066099
,CHAMPAGNE.,0001804,2025/07/04,0.000,38.2000,1.9100,3.8105,38.2000,0.000000,0.0000,38.2000,,,,33200,10000,0000025011,,,TRUE,CIM0ZYSW9,1,066099
,CHAMPAGNE.,0001804,2025/07/04,0.000,2116.0000,105.8000,211.0710,2116.0000,0.000000,0.0000,2116.0000,,,,33200,10000,0000025011,,,TRUE,KHU9PFQTN,1,066313
....................3,CHAMPAGNE.,0001804,2025/07/04,1.000,0.0000,0.0000,0.0000,0.0000,0.000000,0.0000,0.0000,,,,33200,,0000025011,,,TRUE,CIM0ZYSW9,1,066099
....................8,CHAMPAGNE.,0001804,2025/07/04,1.000,0.0000,0.0000,0.0000,0.0000,0.000000,0.0000,0.0000,,,,33200,,0000025011,,,TRUE,KHU9PFQTN,1,066313
,FRANSYL...,0001808,2025/07/08,0.000,5745.0000,287.2500,573.0638,5745.0000,0.000000,0.0000,5745.0000,GROUPE-FJH,,,33200,07000,0000025010,,,TRUE,U1LEU1KJ2,1,066163
,FRANSYL...,0001808,2025/07/08,0.000,340.0000,17.0000,33.9150,340.0000,0.000000,0.0000,340.0000,GROUPE-FJH,,,33200,07000,0000025010,,,TRUE,U1LEU1KJ2,1,066163
,ARMECO----,0001706,2025/07/08,0.000,3135.0000,156.7500,312.7163,3135.0000,0.000000,0.0000,3135.0000,HABITAT-ME,,,33200,10000,0000025005,,,TRUE,ZG3G8TBJH,1,066172
,REGULVAR--,0001495,2025/07/10,0.000,3159.0000,157.9500,315.1103,3159.0000,0.000000,0.0000,3159.0000,CSS-CH-ROY,,,33500,15900,0000024014,,,TRUE,0H4P05KO0,1,066171
,PLOMB-MTCA,0001758,2025/07/15,0.000,24885.0000,1244.2500,2482.2788,24885.0000,0.000000,0.0000,24885.0000,ENERCYCLE-,,,33500,15400,0000025010,,,TRUE,EXGTPHVR9,1,066164
,SYS-MAURIC,0001490,2025/07/15,0.000,6000.0000,300.0000,598.5000,6000.0000,0.000000,0.0000,6000.0000,CSS-CH-ROY,,,33500,09200,0000024014,,,TRUE,EHEVQKWZX,1,066165
,PEINT-DUPO,0001492,2025/07/15,0.000,14000.0000,700.0000,1396.5000,14000.0000,0.000000,0.0000,14000.0000,CSS-CH-ROY,,,33500,09910,0000024014,,,TRUE,LQHQGX98I,1,066166
,MULTI-ENER,0001494,2025/07/15,0.000,250560.0000,12528.0000,24993.3600,250560.0000,0.000000,0.0000,250560.0000,CSS-CH-ROY,,,33500,15001,0000024014,,,TRUE,OVQACCUJP,1,066167
,PLOMB-MTCA,0001788,2025/07/15,0.000,9990.0000,499.5000,996.5025,9990.0000,0.000000,0.0000,9990.0000,,,,33500,15401,0000025011,,,TRUE,MTVP805B0,1,066168
,RGF-------,0001496,2025/07/15,0.000,6108.3000,305.4150,609.3029,6108.3000,0.000000,0.0000,6108.3000,CSS-CH-ROY,,,33500,16000,0000024014,,,TRUE,YE1X8WJPH,1,066169
,BOULAY----,0001709,2025/07/15,0.000,1880.0000,94.0000,187.5300,1880.0000,0.000000,0.0000,1880.0000,CIUSSS-T-R,,,33500,25001,0000024015,,,TRUE,VHXKH5O72,1,066173
,GAUTHIER--,0001803,2025/07/15,0.000,5832.0000,291.6000,581.7420,5832.0000,0.000000,0.0000,5832.0000,HABITAT-ME,,,33500,15001,0000025005,,,TRUE,5R5B40ZGU,1,066174
,SYS-MAURIC,0001739,2025/07/15,0.000,19500.0000,975.0000,1945.1250,19500.0000,0.000000,0.0000,19500.0000,HABITAT-ME,,,33500,09200,0000025005,,,TRUE,0GCLDPODL,1,066243
,ENT-MAXIME,0001711,2025/07/15,0.000,15265.6300,763.2815,1522.7466,15265.6300,0.000000,0.0000,15265.6300,REMBOUR-PR,,,33500,02300,0000025008,,,TRUE,ONU9NKS3C,1,066285
....................3,PLOMB-MTCA,0001758,2025/07/15,1.000,0.0000,0.0000,0.0000,0.0000,0.000000,0.0000,0.0000,ENERCYCLE-,,,33200,,0000025010,,,TRUE,EXGTPHVR9,1,066164
....................3,PLOMB-MTCA,0001788,2025/07/15,1.000,0.0000,0.0000,0.0000,0.0000,0.000000,0.0000,0.0000,,,,33200,,0000025011,,,TRUE,MTVP805B0,1,066168
....................3,SYS-MAURIC,0001739,2025/07/15,1.000,0.0000,0.0000,0.0000,0.0000,0.000000,0.0000,0.0000,HABITAT-ME,,,33200,,0000025005,,,TRUE,0GCLDPODL,1,066243
....................4,SYS-MAURIC,0001739,2025/07/15,1.000,0.0000,0.0000,0.0000,0.0000,0.000000,0.0000,0.0000,HABITAT-ME,,,33200,,0000025005,,,TRUE,0GCLDPODL,1,066243
....................5,SYS-MAURIC,0001739,2025/07/15,1.000,0.0000,0.0000,0.0000,0.0000,0.000000,0.0000,0.0000,HABITAT-ME,,,33200,,0000025005,,,TRUE,0GCLDPODL,1,066243
....................6,PLOMB-MTCA,0001758,2025/07/15,1.000,0.0000,0.0000,0.0000,0.0000,0.000000,0.0000,0.0000,ENERCYCLE-,,,33200,,0000025010,,,TRUE,EXGTPHVR9,1,066164
....................8,PLOMB-MTCA,0001788,2025/07/15,1.000,0.0000,0.0000,0.0000,0.0000,0.000000,0.0000,0.0000,,,,33200,,0000025011,,,TRUE,MTVP805B0,1,066168
,ENT-MAXIME,0001707,2025/07/16,0.000,63396.4800,3169.8240,6323.7989,63396.4800,0.000000,0.0000,63396.4800,HABITAT-ME,,,33500,02000,0000025005,,,TRUE,940ZO7C3J,1,066240
,COMETAL---,0001809,2025/07/16,0.000,4885.0000,244.2500,487.2788,4885.0000,0.000000,0.0000,4885.0000,,,,33200,08000,0000025011,,,TRUE,4S3OA7U5E,1,066241
,MULTI-ENER,0001736,2025/07/16,0.000,4500.0000,225.0000,448.8750,4500.0000,0.000000,0.0000,4500.0000,HABITAT-ME,,,33500,15401,0000025005,,,TRUE,HVDTVESK2,1,066242
,ACCS------,0001826,2025/07/16,0.000,1376.5500,68.8275,137.3109,1376.5500,0.000000,0.0000,1376.5500,CIUSSS-T-R,,,33500,25001,0000024015,,,TRUE,QB5KGRCKR,1,066256
,BOULAY----,0001745,2025/07/17,0.000,5337.2600,266.8630,532.3917,5337.2600,0.000000,0.0000,5337.2600,CONSEIL-AT,,,33500,05500,0000025007,,,TRUE,1ZN3UZ6A5,1,066252
....................3,BOULAY----,0001745,2025/07/17,1.000,0.0000,0.0000,0.0000,0.0000,0.000000,0.0000,0.0000,CONSEIL-AT,,,33200,,0000025007,,,TRUE,1ZN3UZ6A5,1,066252
....................4,BOULAY----,0001745,2025/07/17,1.000,0.0000,0.0000,0.0000,0.0000,0.000000,0.0000,0.0000,CONSEIL-AT,,,33200,,0000025007,,,TRUE,1ZN3UZ6A5,1,066252
,IPRIMACONS,0001818,2025/07/18,0.000,1490.0000,74.5000,148.6275,1490.0000,0.000000,0.0000,1490.0000,CSS-CH-ROY,,,33500,02000,0000025012,,,TRUE,MKPNULHHC,1,066254
....................3,IPRIMACONS,0001818,2025/07/18,1.000,0.0000,0.0000,0.0000,0.0000,0.000000,0.0000,0.0000,CSS-CH-ROY,,,33200,,0000025012,,,TRUE,MKPNULHHC,1,066254
....................6,IPRIMACONS,0001818,2025/07/18,1.000,0.0000,0.0000,0.0000,0.0000,0.000000,0.0000,0.0000,CSS-CH-ROY,,,33200,,0000025012,,,TRUE,MKPNULHHC,1,066254
....................8,IPRIMACONS,0001818,2025/07/18,1.000,0.0000,0.0000,0.0000,0.0000,0.000000,0.0000,0.0000,CSS-CH-ROY,,,33200,,0000025012,,,TRUE,MKPNULHHC,1,066254
,VAL-MAURIC,0001378,2025/08/01,0.000,10051.2000,502.5600,1002.6072,10051.2000,0.000000,0.0000,10051.2000,SOC-IMMOBI,,,33500,16000,0000023025,,,TRUE,6IRT0XKO3,1,066447
,ISOL-ARCTI,0001765,2025/08/01,0.000,2969.0000,148.4500,296.1578,2969.0000,0.000000,0.0000,2969.0000,ENERCYCLE-,,,33500,07000,0000025010,,,TRUE,6TNJZR534,1,066629
....................3,ISOL-ARCTI,0001765,2025/08/01,1.000,0.0000,0.0000,0.0000,0.0000,0.000000,0.0000,0.0000,ENERCYCLE-,,,33200,,0000025010,,,TRUE,6TNJZR534,1,066629
....................6,ISOL-ARCTI,0001765,2025/08/01,1.000,0.0000,0.0000,0.0000,0.0000,0.000000,0.0000,0.0000,ENERCYCLE-,,,33200,,0000025010,,,TRUE,6TNJZR534,1,066629
,SIGNALCONS,0001795,2025/08/04,0.000,400.0000,20.0000,39.9000,400.0000,0.000000,0.0000,400.0000,CONSEIL-AT,,,33200,00400,0000025007,,,TRUE,YLQ01UBGJ,1,066217
,F-DAIGLE--,0001716,2025/08/11,0.000,37071.0000,1853.5500,3697.8323,37071.0000,0.000000,0.0000,37071.0000,CONSEIL-AT,,,33200,08000,0000025007,,,TRUE,Y8EEJYIIP,1,066314
....................5,F-DAIGLE--,0001716,2025/08/11,1.000,0.0000,0.0000,0.0000,0.0000,0.000000,0.0000,0.0000,CONSEIL-AT,,,33200,,0000025007,,,TRUE,Y8EEJYIIP,1,066314
,COUVERT-FP,0001635,2025/08/15,0.000,-1316.0500,-65.8025,-131.2760,-1316.0500,0.000000,0.0000,-1316.0500,OMH-SHAWIN,,,33500,25001,0000024022,,,TRUE,FZ0Q8NRGD,1,066409
,COUVERT-FP,0001635,2025/08/15,0.000,970.7200,48.5360,96.8293,970.7200,0.000000,0.0000,970.7200,OMH-SHAWIN,,,33500,25001,0000024022,,,TRUE,FZ0Q8NRGD,1,066409
,COUVERT-FP,0001585,2025/08/15,0.000,7990.0000,399.5000,797.0025,7990.0000,0.000000,0.0000,7990.0000,OMH-SHAWIN,,,33500,07510,0000024022,,,TRUE,JTTXQK1MH,1,066410
,ENT-MAXIME,0001711,2025/08/19,0.000,1995.5100,99.7755,199.0521,1995.5100,0.000000,0.0000,1995.5100,REMBOUR-PR,,,33500,02300,0000025008,,,TRUE,BFM34CIT9,1,066348
,ARMECO----,0001823,2025/08/19,0.000,1430.0000,71.5000,142.6425,1430.0000,0.000000,0.0000,1430.0000,HABITAT-ME,,,33200,10000,0000025005,,,TRUE,UWA0PB3JP,1,066356
,COMETAL---,0001752,2025/08/19,0.000,3850.0000,192.5000,384.0375,3850.0000,0.000000,0.0000,3850.0000,CONSEIL-AT,,,33200,10000,0000025007,,,TRUE,8RMZ0P66J,1,066357
,PEINT-DUPO,0001379,2025/08/19,0.000,10834.0000,541.7000,1080.6915,10834.0000,0.000000,0.0000,10834.0000,SOC-IMMOBI,,,33500,09910,0000023025,,,TRUE,CZ3EBLZEO,1,066359
,CHAMPAGNE.,0001804,2025/08/19,0.000,1212.0000,60.6000,120.8970,1212.0000,0.000000,0.0000,1212.0000,,,,33200,10000,0000025011,,,TRUE,EXMV02EOV,1,066371
,CHAMPAGNE.,0001804,2025/08/19,0.000,1.8000,0.0900,0.1796,1.8000,0.000000,0.0000,1.8000,,,,33200,10000,0000025011,,,TRUE,EXMV02EOV,1,066371
,F-DAIGLE--,0001716,2025/08/20,0.000,40500.0000,2025.0000,4039.8750,40500.0000,0.000000,0.0000,40500.0000,CONSEIL-AT,,,33200,08000,0000025007,,,TRUE,5T8EVA6OO,1,066484
,PEINT-DUPO,0001708,2025/08/22,0.000,16900.0000,845.0000,1685.7750,16900.0000,0.000000,0.0000,16900.0000,HABITAT-ME,,,33500,09910,0000025005,X000001735,,FALSE,TRN4JF8R4,1,
,FORME-CONC,0001693,2025/08/22,0.000,45208.3300,2260.4165,4509.5309,45208.3300,0.000000,0.0000,45208.3300,HABITAT-ME,,,33500,06400,0000025005,,,TRUE,MG9JG5VE9,1,066471
,ENT-MAXIME,0001747,2025/08/25,0.000,56942.8100,2847.1405,5680.0453,56942.8100,0.000000,0.0000,56942.8100,CONSEIL-AT,,,33500,02315,0000025007,,,TRUE,HQR8CQB0Q,1,066470
,GAUTHIER--,0001803,2025/08/25,0.000,21384.0000,1069.2000,2133.0540,21384.0000,0.000000,0.0000,21384.0000,HABITAT-ME,,,33500,15001,0000025005,,,TRUE,7L6S7096O,1,066472
,MULTI-ENER,0001736,2025/08/25,0.000,4500.0000,225.0000,448.8750,4500.0000,0.000000,0.0000,4500.0000,HABITAT-ME,,,33500,15401,0000025005,,,TRUE,YJMBIPBP1,1,066473
....................3,ENT-MAXIME,0001747,2025/08/25,1.000,0.0000,0.0000,0.0000,0.0000,0.000000,0.0000,0.0000,CONSEIL-AT,,,33200,,0000025007,,,TRUE,HQR8CQB0Q,1,066470
....................4,ENT-MAXIME,0001747,2025/08/25,1.000,0.0000,0.0000,0.0000,0.0000,0.000000,0.0000,0.0000,CONSEIL-AT,,,33200,,0000025007,,,TRUE,HQR8CQB0Q,1,066470
....................5,ENT-MAXIME,0001747,2025/08/25,1.000,0.0000,0.0000,0.0000,0.0000,0.000000,0.0000,0.0000,CONSEIL-AT,,,33200,,0000025007,,,TRUE,HQR8CQB0Q,1,066470
,F-DAIGLE--,0001449,2025/08/26,0.000,125.0000,6.2500,12.4688,125.0000,0.000000,0.0000,125.0000,SOC-DEV-SH,,,33200,25001,0000024004,,,TRUE,UDOO2AGKS,1,066412
,ENT-MAXIME,0001825,2025/08/27,0.000,234097.8700,11704.8935,23351.2625,234097.8700,0.000000,0.0000,234097.8700,CSS-CH-ROY,,,33500,02000,0000025012,,,TRUE,VKHHCR6O7,1,066415
,PLOMB-MTCA,0001788,2025/08/27,0.000,14985.0000,749.2500,1494.7538,14985.0000,0.000000,0.0000,14985.0000,,,,33500,15401,0000025011,,,TRUE,ENI9Y11ML,1,066418
,REGULVAR--,0001495,2025/08/27,0.000,23073.7500,1153.6875,2301.6066,23073.7500,0.000000,0.0000,23073.7500,CSS-CH-ROY,,,33500,15900,0000024014,,,TRUE,BKF590EOC,1,066419
,MULTI-ENER,0001494,2025/08/27,0.000,111780.0000,5589.0000,11150.0550,111780.0000,0.000000,0.0000,111780.0000,CSS-CH-ROY,,,33500,15001,0000024014,,,TRUE,YY8P7JYB9,1,066420
,REGULVAR--,0001817,2025/08/27,0.000,10249.2000,512.4600,1022.3577,10249.2000,0.000000,0.0000,10249.2000,CSS-CH-ROY,,,33500,15935,0000025012,,,TRUE,D2VVP5GPB,1,066421
,CBM-INDUST,0001798,2025/08/27,0.000,27914.0000,1395.7000,2784.4215,27914.0000,0.000000,0.0000,27914.0000,,,,33500,06400,0000025011,,,TRUE,QSXS3Q8FB,1,066422
,SYS-MAURIC,0001827,2025/08/27,0.000,4205.0000,210.2500,419.4488,4205.0000,0.000000,0.0000,4205.0000,CSS-CH-ROY,,,33500,25001,0000024014,,,TRUE,3DXFBWMKX,1,066423
,SYS-MAURIC,0001490,2025/08/27,0.000,1000.0000,50.0000,99.7500,1000.0000,0.000000,0.0000,1000.0000,CSS-CH-ROY,,,33500,09200,0000024014,,,TRUE,H0YW0GS2K,1,066424
,ISOL-FLAMC,0001489,2025/08/27,0.000,24930.0000,1246.5000,2486.7675,24930.0000,0.000000,0.0000,24930.0000,CSS-CH-ROY,,,33500,15260,0000024014,,,TRUE,21CFANZE4,1,066425
,MAX-SIM-EL,0001786,2025/08/27,0.000,14996.1000,749.8050,1495.8610,14996.1000,0.000000,0.0000,14996.1000,,,,33500,16000,0000025011,,,TRUE,INJW7J7DH,1,066426
,PLOMB-MTCA,0001813,2025/08/27,0.000,37150.0000,1857.5000,3705.7125,37150.0000,0.000000,0.0000,37150.0000,CSS-CH-ROY,,,33500,15410,0000025012,,,TRUE,OLJ9FCYRP,1,066450
,SYS-MAURIC,0001821,2025/08/27,0.000,768.0000,38.4000,76.6080,768.0000,0.000000,0.0000,768.0000,HABITAT-ME,,,33500,25001,0000025005,,,TRUE,LHAW50ST2,1,066451
,SYS-MAURIC,0001739,2025/08/27,0.000,5500.0000,275.0000,548.6250,5500.0000,0.000000,0.0000,5500.0000,HABITAT-ME,,,33500,09200,0000025005,,,TRUE,DVZKBVGZ0,1,066452
,SYS-MAURIC,0001836,2025/08/27,0.000,6340.0000,317.0000,632.4150,6340.0000,0.000000,0.0000,6340.0000,HABITAT-ME,,,33500,25001,0000025005,,,TRUE,RVIXQOVBE,1,066453
,SYS-MAURIC,0001832,2025/08/27,0.000,225.0000,11.2500,22.4438,225.0000,0.000000,0.0000,225.0000,HABITAT-ME,,,33500,25001,0000025005,,,TRUE,6A42LBHJ4,1,066454
,SYS-MAURIC,0001787,2025/08/27,0.000,21800.0000,1090.0000,2174.5500,21800.0000,0.000000,0.0000,21800.0000,,,,33500,09200,0000025011,,,TRUE,J0ILQO6DG,1,066455
,PEINT-DUPO,0001708,2025/08/27,0.000,16900.0000,845.0000,1685.7750,16900.0000,0.000000,0.0000,16900.0000,HABITAT-ME,,,33500,09910,0000025005,,,TRUE,LX0MP6DRW,1,066456
,RGF-------,0001496,2025/08/27,0.000,13320.0000,666.0000,1328.6700,13320.0000,0.000000,0.0000,13320.0000,CSS-CH-ROY,,,33500,16000,0000024014,,,TRUE,UM25MMC8B,1,066494
,MAISONNEUV,0001586,2025/08/27,0.000,80785.1000,4039.2550,8058.3137,80785.1000,0.000000,0.0000,80785.1000,OFFICE-T-R,,,33200,08000,0000024020,,,TRUE,7B1VJTEV6,1,066495
....................3,ENT-MAXIME,0001825,2025/08/27,1.000,0.0000,0.0000,0.0000,0.0000,0.000000,0.0000,0.0000,CSS-CH-ROY,,,33200,,0000025012,,,TRUE,VKHHCR6O7,1,066415
....................3,REGULVAR--,0001817,2025/08/27,1.000,0.0000,0.0000,0.0000,0.0000,0.000000,0.0000,0.0000,CSS-CH-ROY,,,33200,,0000025012,,,TRUE,D2VVP5GPB,1,066421
....................3,CBM-INDUST,0001798,2025/08/27,1.000,0.0000,0.0000,0.0000,0.0000,0.000000,0.0000,0.0000,,,,33200,,0000025011,,,TRUE,QSXS3Q8FB,1,066422
....................3,MAX-SIM-EL,0001786,2025/08/27,1.000,0.0000,0.0000,0.0000,0.0000,0.000000,0.0000,0.0000,,,,33200,,0000025011,,,TRUE,INJW7J7DH,1,066426
....................3,PLOMB-MTCA,0001813,2025/08/27,1.000,0.0000,0.0000,0.0000,0.0000,0.000000,0.0000,0.0000,CSS-CH-ROY,,,33200,,0000025012,,,TRUE,OLJ9FCYRP,1,066450
....................3,SYS-MAURIC,0001787,2025/08/27,1.000,0.0000,0.0000,0.0000,0.0000,0.000000,0.0000,0.0000,,,,33200,,0000025011,,,TRUE,J0ILQO6DG,1,066455
....................6,ENT-MAXIME,0001825,2025/08/27,1.000,0.0000,0.0000,0.0000,0.0000,0.000000,0.0000,0.0000,CSS-CH-ROY,,,33200,,0000025012,,,TRUE,VKHHCR6O7,1,066415
....................6,REGULVAR--,0001817,2025/08/27,1.000,0.0000,0.0000,0.0000,0.0000,0.000000,0.0000,0.0000,CSS-CH-ROY,,,33200,,0000025012,,,TRUE,D2VVP5GPB,1,066421
....................6,PLOMB-MTCA,0001813,2025/08/27,1.000,0.0000,0.0000,0.0000,0.0000,0.000000,0.0000,0.0000,CSS-CH-ROY,,,33200,,0000025012,,,TRUE,OLJ9FCYRP,1,066450
....................8,CBM-INDUST,0001798,2025/08/27,1.000,0.0000,0.0000,0.0000,0.0000,0.000000,0.0000,0.0000,,,,33200,,0000025011,,,TRUE,QSXS3Q8FB,1,066422
....................8,MAX-SIM-EL,0001786,2025/08/27,1.000,0.0000,0.0000,0.0000,0.0000,0.000000,0.0000,0.0000,,,,33200,,0000025011,,,TRUE,INJW7J7DH,1,066426
....................8,SYS-MAURIC,0001787,2025/08/27,1.000,0.0000,0.0000,0.0000,0.0000,0.000000,0.0000,0.0000,,,,33200,,0000025011,,,TRUE,J0ILQO6DG,1,066455
,ENT-ARSENE,0001493,2025/08/31,0.000,58727.6500,2936.3825,5858.0831,58727.6500,0.000000,0.0000,58727.6500,CSS-CH-ROY,,,33500,15401,0000024014,,,TRUE,FNTMN22EQ,1,066637
,COUVRE-PLA,0001407,2025/09/01,0.000,1891.7500,94.5875,188.7021,1891.7500,0.000000,0.0000,1891.7500,BRP-MEGATE,,,33500,09310,0000023026,,,TRUE,6PGB75U8Q,1,066665
,SIGNOPLUS-,0001839,2025/09/01,0.000,1692.5400,84.6270,168.8309,1692.5400,0.000000,0.0000,1692.5400,CONSEIL-AT,,,33200,00400,0000025007,,,TRUE,3A2G5SXNG,1,066929
,FERBLANTER,0001785,2025/09/01,0.000,20712.4700,1035.6235,2066.0689,20712.4700,0.000000,0.0000,20712.4700,,,,33500,15001,0000025011,,,TRUE,4NY6UBWE0,1,066981
....................3,FERBLANTER,0001785,2025/09/01,1.000,0.0000,0.0000,0.0000,0.0000,0.000000,0.0000,0.0000,,,,33200,,0000025011,,,TRUE,4NY6UBWE0,1,066981
....................8,FERBLANTER,0001785,2025/09/01,1.000,0.0000,0.0000,0.0000,0.0000,0.000000,0.0000,0.0000,,,,33200,,0000025011,,,TRUE,4NY6UBWE0,1,066981
,GROUPE-FOU,0001782,2025/09/03,0.000,14350.0000,717.5000,1431.4125,14350.0000,0.000000,0.0000,14350.0000,ENERCYCLE-,,,33200,06100,0000025010,,,TRUE,GULCNGGN4,1,066603
,FRANCO----,0001748,2025/09/05,0.000,18975.8700,948.7935,1892.8430,18975.8700,0.000000,0.0000,18975.8700,HABITAT-ME,,,33500,07000,0000025005,,,TRUE,KGFQGECOW,1,066549
,QUINTECH--,0001502,2025/09/08,0.000,1500.0000,75.0000,149.6250,1500.0000,0.000000,0.0000,1500.0000,CSS-CH-ROY,,,33200,08110,0000024014,,,TRUE,00RUBKQHX,1,066579
,ARMECO----,0001714,2025/09/10,0.000,820.0000,41.0000,81.7950,820.0000,0.000000,0.0000,820.0000,CONSEIL-AT,,,33200,10000,0000025007,,,TRUE,YH96FHZEI,1,066634
,ARMECO----,0001731,2025/09/10,0.000,1775.0000,88.7500,177.0563,1775.0000,0.000000,0.0000,1775.0000,CONSEIL-AT,,,33200,10000,0000025007,,,TRUE,NISAK270W,1,066635
,ARMECO----,0001714,2025/09/10,0.000,3160.0000,158.0000,315.2100,3160.0000,0.000000,0.0000,3160.0000,CONSEIL-AT,,,33200,10000,0000025007,,,TRUE,0MT221LLZ,1,066636
,ARMECO----,0001706,2025/09/10,0.000,141.8700,7.0935,14.1515,141.8700,0.000000,0.0000,141.8700,HABITAT-ME,,,33200,10000,0000025005,,,TRUE,VYU7KPON0,1,066654
....................3,ARMECO----,0001714,2025/09/10,1.000,0.0000,0.0000,0.0000,0.0000,0.000000,0.0000,0.0000,CONSEIL-AT,,,33200,,0000025007,,,TRUE,YH96FHZEI,1,066634
....................3,ARMECO----,0001731,2025/09/10,1.000,0.0000,0.0000,0.0000,0.0000,0.000000,0.0000,0.0000,CONSEIL-AT,,,33200,,0000025007,,,TRUE,NISAK270W,1,066635
....................4,ARMECO----,0001714,2025/09/10,1.000,0.0000,0.0000,0.0000,0.0000,0.000000,0.0000,0.0000,CONSEIL-AT,,,33200,,0000025007,,,TRUE,YH96FHZEI,1,066634
....................4,ARMECO----,0001731,2025/09/10,1.000,0.0000,0.0000,0.0000,0.0000,0.000000,0.0000,0.0000,CONSEIL-AT,,,33200,,0000025007,,,TRUE,NISAK270W,1,066635
....................5,ARMECO----,0001714,2025/09/10,1.000,0.0000,0.0000,0.0000,0.0000,0.000000,0.0000,0.0000,CONSEIL-AT,,,33200,,0000025007,,,TRUE,0MT221LLZ,1,066636
,COMETAL---,0001806,2025/09/11,0.000,595.0000,29.7500,59.3513,595.0000,0.000000,0.0000,595.0000,CONSEIL-AT,,,33200,10000,0000025007,,,TRUE,J2DY68UVZ,1,066633
,ARMECO----,0001706,2025/09/16,0.000,141.8700,7.0935,14.1515,141.8700,0.000000,0.0000,141.8700,HABITAT-ME,,,33200,10000,0000025005,,,TRUE,TGWHLVAW7,1,066655
,BARETTE-ST,0001778,2025/09/16,0.000,15100.0000,755.0000,1506.2250,15100.0000,0.000000,0.0000,15100.0000,ENERCYCLE-,,,33500,07500,0000025010,,,TRUE,BMLVGPZ0Y,1,066672
....................3,BARETTE-ST,0001778,2025/09/16,1.000,0.0000,0.0000,0.0000,0.0000,0.000000,0.0000,0.0000,ENERCYCLE-,,,33200,,0000025010,,,TRUE,BMLVGPZ0Y,1,066672
....................6,BARETTE-ST,0001778,2025/09/16,1.000,0.0000,0.0000,0.0000,0.0000,0.000000,0.0000,0.0000,ENERCYCLE-,,,33200,,0000025010,,,TRUE,BMLVGPZ0Y,1,066672
,ENT-ARSENE,0001493,2025/09/18,0.000,11500.9600,575.0480,1147.2208,11500.9600,0.000000,0.0000,11500.9600,CSS-CH-ROY,,,33500,15401,0000024014,,,TRUE,NCVJTGQV0,1,066979
,ENT-ARSENE,0001853,2025/09/19,0.000,13109.6100,655.4805,1307.6836,13109.6100,0.000000,0.0000,13109.6100,CSS-CH-ROY,,,33500,25001,0000024014,,,TRUE,5GQI1IGPL,1,066978
,PLOMB-MTCA,0001813,2025/09/23,0.000,37150.0000,1857.5000,3705.7125,37150.0000,0.000000,0.0000,37150.0000,CSS-CH-ROY,,,33500,15410,0000025012,,,TRUE,VB8IVOSWZ,1,066669
,BOULAY----,0001858,2025/09/23,0.000,130.0000,6.5000,12.9675,130.0000,0.000000,0.0000,130.0000,,,,33200,25001,0000025012,,,TRUE,S3EPQC5M3,1,066670
,PLOMB-MTCA,0001758,2025/09/23,0.000,19355.0000,967.7500,1930.6613,19355.0000,0.000000,0.0000,19355.0000,ENERCYCLE-,,,33500,15400,0000025010,,,TRUE,U4JAZUG54,1,066671
....................7,PLOMB-MTCA,0001758,2025/09/23,1.000,0.0000,0.0000,0.0000,0.0000,0.000000,0.0000,0.0000,ENERCYCLE-,,,33200,,0000025010,,,TRUE,U4JAZUG54,1,066671
....................8,PLOMB-MTCA,0001813,2025/09/23,1.000,0.0000,0.0000,0.0000,0.0000,0.000000,0.0000,0.0000,CSS-CH-ROY,,,33200,,0000025012,,,TRUE,VB8IVOSWZ,1,066669
,MAX-SIM-EL,0001786,2025/09/24,0.000,5832.0400,291.6020,581.7460,5832.0400,0.000000,0.0000,5832.0400,,,,33500,16000,0000025011,,,TRUE,LHZMUD1NZ,1,066684
,QUINTECH--,0001425,2025/09/24,0.000,1475.0000,73.7500,147.1313,1475.0000,0.000000,0.0000,1475.0000,CONS-ATIKA,,,33200,08000,0000023020,,,TRUE,3YHCW2TAS,1,066685
,PEINT-DUPO,0001492,2025/09/24,0.000,2000.0000,100.0000,199.5000,2000.0000,0.000000,0.0000,2000.0000,CSS-CH-ROY,,,33500,09910,0000024014,,,TRUE,B1K8SM3G6,1,066686
,QUINTECH--,0001502,2025/09/24,0.000,3905.0000,195.2500,389.5238,3905.0000,0.000000,0.0000,3905.0000,CSS-CH-ROY,,,33200,08110,0000024014,,,TRUE,K1V16CXIC,1,066687
,BOULAY----,0001745,2025/09/24,0.000,5337.2600,266.8630,532.3917,5337.2600,0.000000,0.0000,5337.2600,CONSEIL-AT,,,33500,05500,0000025007,,,TRUE,NB5V6B3MQ,1,066688
,CANDELA---,0001843,2025/09/24,0.000,360.0000,18.0000,35.9100,360.0000,0.000000,0.0000,360.0000,,,,33500,25001,0000025005,,,TRUE,5Q6VRUIZJ,1,066695
,ENT-ARSENE,0001527,2025/09/24,0.000,15437.6800,771.8840,1539.9086,15437.6800,0.000000,0.0000,15437.6800,CIUSSS-ADM,,,33500,15401,0000024015,,,TRUE,S6SIS7MYM,1,066740
,ENT-ARSENE,0001573,2025/09/24,0.000,513.6300,25.6815,51.2346,513.6300,0.000000,0.0000,513.6300,CIUSSS-T-R,,,33500,25001,0000024015,,,TRUE,G09L1QLR4,1,066741
,ENT-ARSENE,0001588,2025/09/24,0.000,227.0100,11.3505,22.6442,227.0100,0.000000,0.0000,227.0100,CIUSSS-T-R,,,33500,25001,0000024015,,,TRUE,Z04GUSZKV,1,066742
,ENT-ARSENE,0001683,2025/09/24,0.000,57.1500,2.8575,5.7007,57.1500,0.000000,0.0000,57.1500,CIUSSS-T-R,,,33500,25001,0000024015,,,TRUE,P3TYT4XNM,1,066743
,ENT-ARSENE,0001631,2025/09/24,0.000,69.3000,3.4650,6.9127,69.3000,0.000000,0.0000,69.3000,CIUSSS-T-R,,,33500,25001,0000024015,,,TRUE,5NYNBCL76,1,066744
,ENT-ARSENE,0001630,2025/09/24,0.000,161.6300,8.0815,16.1226,161.6300,0.000000,0.0000,161.6300,CIUSSS-T-R,,,33500,25015,0000024015,,,TRUE,I7SQ791XZ,1,066745
,PLOMB-MTCA,0001788,2025/09/24,0.000,15478.8000,773.9400,1544.0103,15478.8000,0.000000,0.0000,15478.8000,,,,33500,15401,0000025011,,,TRUE,QNEGFNLB0,1,066753
....................5,BOULAY----,0001745,2025/09/24,1.000,0.0000,0.0000,0.0000,0.0000,0.000000,0.0000,0.0000,CONSEIL-AT,,,33200,,0000025007,,,TRUE,NB5V6B3MQ,1,066688
,VAL-MAURIC,0001769,2025/09/30,0.000,5857.2500,292.8625,584.2607,5857.2500,0.000000,0.0000,5857.2500,ENERCYCLE-,,,33500,16000,0000025010,,,TRUE,POFDIS5IJ,1,066767
,ENT-MAXIME,0001825,2025/09/30,0.000,108045.1700,5402.2585,10777.5057,108045.1700,0.000000,0.0000,108045.1700,CSS-CH-ROY,,,33500,02000,0000025012,,,TRUE,SOQ4M0G1L,1,066768
,SYS-MAURIC,0001814,2025/09/30,0.000,22901.0000,1145.0500,2284.3748,22901.0000,0.000000,0.0000,22901.0000,CSS-CH-ROY,,,33500,09250,0000025012,,,TRUE,P8ZVNSK52,1,066769
,REGULVAR--,0001817,2025/09/30,0.000,2562.3000,128.1150,255.5894,2562.3000,0.000000,0.0000,2562.3000,CSS-CH-ROY,,,33500,15935,0000025012,,,TRUE,0BYKZZZ20,1,066770
,RAYMOND-AR,0001768,2025/09/30,0.000,13444.4000,672.2200,1341.0789,13444.4000,0.000000,0.0000,13444.4000,ENERCYCLE-,,,33200,08000,0000025010,,,TRUE,1V113ABDD,1,066786
,RAYMOND-AR,0001768,2025/09/30,0.000,325.3000,16.2650,32.4487,325.3000,0.000000,0.0000,325.3000,ENERCYCLE-,,,33200,08000,0000025010,,,TRUE,1V113ABDD,1,066786
,REGULVAR--,0001495,2025/09/30,0.000,20243.2500,1012.1625,2019.2642,20243.2500,0.000000,0.0000,20243.2500,CSS-CH-ROY,,,33500,15900,0000024014,,,TRUE,8VLS9KJQD,1,066787
,MULTI-ENER,0001494,2025/09/30,0.000,16470.0000,823.5000,1642.8825,16470.0000,0.000000,0.0000,16470.0000,CSS-CH-ROY,,,33500,15001,0000024014,,,TRUE,8JD96Z4Q3,1,066788
,SYS-MAURIC,0001490,2025/09/30,0.000,940.0000,47.0000,93.7650,940.0000,0.000000,0.0000,940.0000,CSS-CH-ROY,,,33500,09200,0000024014,,,TRUE,MBJGUSX9N,1,066789
,ENT-MAXIME,0001707,2025/09/30,0.000,10566.0800,528.3040,1053.9665,10566.0800,0.000000,0.0000,10566.0800,HABITAT-ME,,,33500,02000,0000025005,,,TRUE,NMKH8U8F0,1,066790
,FORME-CONC,0001693,2025/09/30,0.000,45208.3300,2260.4165,4509.5309,45208.3300,0.000000,0.0000,45208.3300,HABITAT-ME,,,33500,06400,0000025005,,,TRUE,VGMQZZOSA,1,066791
,FORME-CONC,0001847,2025/09/30,0.000,866.0000,43.3000,86.3835,866.0000,0.000000,0.0000,866.0000,HABITAT-ME,,,33500,25001,0000025005,,,TRUE,GRFGDBYJB,1,066792
,MULTI-ENER,0001736,2025/09/30,0.000,5400.0000,270.0000,538.6500,5400.0000,0.000000,0.0000,5400.0000,HABITAT-ME,,,33500,15401,0000025005,,,TRUE,M7QFD2UYI,1,066793
,SYS-MAURIC,0001739,2025/09/30,0.000,26000.0000,1300.0000,2593.5000,26000.0000,0.000000,0.0000,26000.0000,HABITAT-ME,,,33500,09200,0000025005,,,TRUE,8JENIBE2O,1,066794
,SYS-MAURIC,0001739,2025/09/30,0.000,5630.0000,281.5000,561.5925,5630.0000,0.000000,0.0000,5630.0000,HABITAT-ME,,,33500,09200,0000025005,,,TRUE,BL28MI3FK,1,066795
,MULTI-ENER,0001377,2025/09/30,0.000,2745.0000,137.2500,273.8138,2745.0000,0.000000,0.0000,2745.0000,SOC-IMMOBI,,,33500,15950,0000023025,,,TRUE,5VYBRFL6E,1,066796
,CBM-INDUST,0001798,2025/09/30,0.000,6978.5000,348.9250,696.1054,6978.5000,0.000000,0.0000,6978.5000,,,,33500,06400,0000025011,,,TRUE,OHYHI3929,1,066797
,SYS-MAURIC,0001787,2025/09/30,0.000,12900.0000,645.0000,1286.7750,12900.0000,0.000000,0.0000,12900.0000,,,,33500,09200,0000025011,,,TRUE,KCPR6WAS3,1,066798
,ARTDEMOLIT,0001859,2025/09/30,0.000,11500.0000,575.0000,1147.1250,11500.0000,0.000000,0.0000,11500.0000,CONSEIL-AT,,,33500,25001,0000025007,,,TRUE,WD36QW19H,1,066799
,RGF-------,0001856,2025/09/30,0.000,957.3900,47.8695,95.4997,957.3900,0.000000,0.0000,957.3900,CSS-CH-ROY,,,33500,25001,0000024014,,,TRUE,QSG2Z8F10,1,066826
,RGF-------,0001856,2025/09/30,0.000,783.4400,39.1720,78.1481,783.4400,0.000000,0.0000,783.4400,CSS-CH-ROY,,,33500,25001,0000024014,,,TRUE,QSG2Z8F10,1,066826
,RGF-------,0001856,2025/09/30,0.000,560.7300,28.0365,55.9328,560.7300,0.000000,0.0000,560.7300,CSS-CH-ROY,,,33500,25001,0000024014,,,TRUE,QSG2Z8F10,1,066826
,RGF-------,0001856,2025/09/30,0.000,782.1600,39.1080,78.0205,782.1600,0.000000,0.0000,782.1600,CSS-CH-ROY,,,33500,25001,0000024014,,,TRUE,QSG2Z8F10,1,066826
,RGF-------,0001880,2025/09/30,0.000,2005.5000,100.2750,200.0486,2005.5000,0.000000,0.0000,2005.5000,CSS-CH-ROY,,,33500,25001,0000024014,,,TRUE,B6YF9N12C,1,066827
,RGF-------,0001880,2025/09/30,0.000,222.8300,11.1415,22.2273,222.8300,0.000000,0.0000,222.8300,CSS-CH-ROY,,,33500,25001,0000024014,,,TRUE,7U1H7H1W8,1,066828
,RGF-------,0001856,2025/09/30,0.000,106.3800,5.3190,10.6114,106.3800,0.000000,0.0000,106.3800,CSS-CH-ROY,,,33500,25001,0000024014,,,TRUE,8ZNYS92S8,1,066829
,RGF-------,0001856,2025/09/30,0.000,87.0500,4.3525,8.6832,87.0500,0.000000,0.0000,87.0500,CSS-CH-ROY,,,33500,25001,0000024014,,,TRUE,8ZNYS92S8,1,066829
,RGF-------,0001856,2025/09/30,0.000,62.3100,3.1155,6.2154,62.3100,0.000000,0.0000,62.3100,CSS-CH-ROY,,,33500,25001,0000024014,,,TRUE,8ZNYS92S8,1,066829
,RGF-------,0001856,2025/09/30,0.000,86.9100,4.3455,8.6693,86.9100,0.000000,0.0000,86.9100,CSS-CH-ROY,,,33500,25001,0000024014,,,TRUE,8ZNYS92S8,1,066829
,RGF-------,0001633,2025/09/30,0.000,476.4000,23.8200,47.5209,476.4000,0.000000,0.0000,476.4000,CSS-CH-ROY,,,33500,25001,0000024014,,,TRUE,SCUS302VO,1,066830
,RGF-------,0001633,2025/09/30,0.000,64.8400,3.2420,6.4678,64.8400,0.000000,0.0000,64.8400,CSS-CH-ROY,,,33500,25001,0000024014,,,TRUE,SCUS302VO,1,066830
,RGF-------,0001688,2025/09/30,0.000,86.9100,4.3455,8.6693,86.9100,0.000000,0.0000,86.9100,CSS-CH-ROY,,,33500,25001,0000024014,,,TRUE,8TSQXEKQ4,1,066831
,RGF-------,0001496,2025/09/30,0.000,57770.0100,2888.5005,5762.5585,57770.0100,0.000000,0.0000,57770.0100,CSS-CH-ROY,,,33500,16000,0000024014,,,TRUE,EZYSBA0ZH,1,066832
,PEINT-DUPO,0001815,2025/09/30,0.000,9244.0000,462.2000,922.0890,9244.0000,0.000000,0.0000,9244.0000,CSS-CH-ROY,,,33500,09680,0000025012,,,TRUE,IDQRQMPCZ,1,066875
,PEINT-DUPO,0001815,2025/09/30,0.000,8144.0000,407.2000,812.3640,8144.0000,0.000000,0.0000,8144.0000,CSS-CH-ROY,,,33500,09910,0000025012,,,TRUE,IDQRQMPCZ,1,066875
,PEINT-DUPO,0001866,2025/09/30,0.000,1096.0000,54.8000,109.3260,1096.0000,0.000000,0.0000,1096.0000,CSS-CH-ROY,,,33500,25001,0000025012,,,TRUE,AQVWK0MTX,1,066876
,ROGER-BELL,0001845,2025/09/30,0.000,5250.0000,262.5000,523.6875,5250.0000,0.000000,0.0000,5250.0000,CSS-CH-ROY,,,33500,07500,0000025012,,,TRUE,R3BTRC26F,1,066877
,ROGER-BELL,0001867,2025/09/30,0.000,5193.6000,259.6800,518.0616,5193.6000,0.000000,0.0000,5193.6000,CSS-CH-ROY,,,33500,25001,0000025012,,,TRUE,93DEQANQV,1,066878
,CONST-MESK,0001644,2025/09/30,0.000,2769.3000,138.4650,276.2377,2769.3000,0.000000,0.0000,2769.3000,CONS-ATIKA,,,33500,25001,0000023020,,,TRUE,MG5IJOY5F,1,066882
,QUINTECH--,0001502,2025/09/30,0.000,150.0000,7.5000,14.9625,150.0000,0.000000,0.0000,150.0000,CSS-CH-ROY,,,33200,08110,0000024014,,,TRUE,E3D8QPOAV,1,066930
,FERBLANTER,0001874,2025/09/30,0.000,390.3500,19.5175,38.9374,390.3500,0.000000,0.0000,390.3500,OMH-ST-CAS,,,33500,25001,0000025011,,,TRUE,EFZKQ4TLR,1,066980
....................3,VAL-MAURIC,0001769,2025/09/30,1.000,0.0000,0.0000,0.0000,0.0000,0.000000,0.0000,0.0000,ENERCYCLE-,,,33200,,0000025010,,,TRUE,POFDIS5IJ,1,066767
....................3,SYS-MAURIC,0001814,2025/09/30,1.000,0.0000,0.0000,0.0000,0.0000,0.000000,0.0000,0.0000,CSS-CH-ROY,,,33200,,0000025012,,,TRUE,P8ZVNSK52,1,066769
....................3,RAYMOND-AR,0001768,2025/09/30,1.000,0.0000,0.0000,0.0000,0.0000,0.000000,0.0000,0.0000,ENERCYCLE-,,,33200,,0000025010,,,TRUE,1V113ABDD,1,066786
....................3,PEINT-DUPO,0001815,2025/09/30,1.000,0.0000,0.0000,0.0000,0.0000,0.000000,0.0000,0.0000,CSS-CH-ROY,,,33200,,0000025012,,,TRUE,IDQRQMPCZ,1,066875
....................6,VAL-MAURIC,0001769,2025/09/30,1.000,0.0000,0.0000,0.0000,0.0000,0.000000,0.0000,0.0000,ENERCYCLE-,,,33200,,0000025010,,,TRUE,POFDIS5IJ,1,066767
....................6,SYS-MAURIC,0001814,2025/09/30,1.000,0.0000,0.0000,0.0000,0.0000,0.000000,0.0000,0.0000,CSS-CH-ROY,,,33200,,0000025012,,,TRUE,P8ZVNSK52,1,066769
....................6,RAYMOND-AR,0001768,2025/09/30,1.000,0.0000,0.0000,0.0000,0.0000,0.000000,0.0000,0.0000,ENERCYCLE-,,,33200,,0000025010,,,TRUE,1V113ABDD,1,066786
....................6,PEINT-DUPO,0001815,2025/09/30,1.000,0.0000,0.0000,0.0000,0.0000,0.000000,0.0000,0.0000,CSS-CH-ROY,,,33200,,0000025012,,,TRUE,IDQRQMPCZ,1,066875
....................8,ENT-MAXIME,0001825,2025/09/30,1.000,0.0000,0.0000,0.0000,0.0000,0.000000,0.0000,0.0000,CSS-CH-ROY,,,33200,,0000025012,,,TRUE,SOQ4M0G1L,1,066768
....................8,REGULVAR--,0001817,2025/09/30,1.000,0.0000,0.0000,0.0000,0.0000,0.000000,0.0000,0.0000,CSS-CH-ROY,,,33200,,0000025012,,,TRUE,0BYKZZZ20,1,066770
....................8,PEINT-DUPO,0001815,2025/09/30,1.000,0.0000,0.0000,0.0000,0.0000,0.000000,0.0000,0.0000,CSS-CH-ROY,,,33200,,0000025012,,,TRUE,IDQRQMPCZ,1,066875
,DROLET-SIM,0001882,2025/10/02,0.000,4883.6700,244.1835,487.1461,4883.6700,0.000000,0.0000,4883.6700,OMH-ST-CAS,,,33200,07460,0000025011,,,TRUE,ZTO03FS7P,1,066848
,ROGER-BELL,0001760,2025/10/14,0.000,13900.0000,695.0000,1386.5250,13900.0000,0.000000,0.0000,13900.0000,ENERCYCLE-,,,33500,07500,0000025010,,,TRUE,FD8FA76GC,1,066950
....................3,ROGER-BELL,0001760,2025/10/14,1.000,0.0000,0.0000,0.0000,0.0000,0.000000,0.0000,0.0000,ENERCYCLE-,,,33200,,0000025010,,,TRUE,FD8FA76GC,1,066950
....................6,ROGER-BELL,0001760,2025/10/14,1.000,0.0000,0.0000,0.0000,0.0000,0.000000,0.0000,0.0000,ENERCYCLE-,,,33200,,0000025010,,,TRUE,FD8FA76GC,1,066950
....................7,ROGER-BELL,0001760,2025/10/14,1.000,0.0000,0.0000,0.0000,0.0000,0.000000,0.0000,0.0000,ENERCYCLE-,,,33200,,0000025010,,,TRUE,FD8FA76GC,1,066950
,AGRO-115--,0001841,2025/10/16,0.000,1322.5300,66.1265,131.9224,1322.5300,0.000000,0.0000,1322.5300,GROUPE-FJH,,,33200,06100,0000025010,,,TRUE,ZMA2RGSQT,1,066997
,CEMFORT---,0001893,2025/10/16,0.000,318.5000,15.9250,31.7704,318.5000,0.000000,0.0000,318.5000,OMH-ST-CAS,,,33200,25001,0000025011,,,TRUE,XF5XLJMRU,1,067114
,ALTEK-----,0001878,2025/10/20,0.000,7360.0000,368.0000,734.1600,7360.0000,0.000000,0.0000,7360.0000,HABITAT-ME,,,33200,25001,0000025005,,,TRUE,LSSZ630VH,1,067018
,ALTEK-----,0001877,2025/10/20,0.000,3680.0000,184.0000,367.0800,3680.0000,0.000000,0.0000,3680.0000,HABITAT-ME,,,33200,25001,0000025005,,,TRUE,IQCM8PD1P,1,067019
,CUISIVERSI,0001840,2025/10/20,0.000,6505.0000,325.2500,648.8738,6505.0000,0.000000,0.0000,6505.0000,OFFICE-T-R,,,33500,06400,0000024020,,,TRUE,YPHRP7OP4,1,067020
,AVALEX----,0001784,2025/10/20,0.000,6390.0000,319.5000,637.4025,6390.0000,0.000000,0.0000,6390.0000,,,,33500,09910,0000025011,,,TRUE,TOWYWXSQI,1,067021
....................3,AVALEX----,0001784,2025/10/20,1.000,0.0000,0.0000,0.0000,0.0000,0.000000,0.0000,0.0000,,,,33200,,0000025011,,,TRUE,TOWYWXSQI,1,067021
....................8,AVALEX----,0001784,2025/10/20,1.000,0.0000,0.0000,0.0000,0.0000,0.000000,0.0000,0.0000,,,,33200,,0000025011,,,TRUE,TOWYWXSQI,1,067021
,ENT-MAXIME,0001825,2025/10/24,0.000,18007.5300,900.3765,1796.2511,18007.5300,0.000000,0.0000,18007.5300,CSS-CH-ROY,,,33500,02000,0000025012,,,TRUE,TV7QECWYC,1,067135
,ENT-MAXIME,0001707,2025/10/24,0.000,42264.3100,2113.2155,4215.8649,42264.3100,0.000000,0.0000,42264.3100,HABITAT-ME,,,33500,02000,0000025005,,,TRUE,1YURA6YIY,1,067174
,ENT-MAXIME,0001747,2025/10/24,0.000,5167.1700,258.3585,515.4252,5167.1700,0.000000,0.0000,5167.1700,CONSEIL-AT,,,33500,02315,0000025007,,,TRUE,8SS4WMTIM,1,067175
,SYS-MAURIC,0001739,2025/10/25,0.000,4000.0000,200.0000,399.0000,4000.0000,0.000000,0.0000,4000.0000,HABITAT-ME,,,33500,09200,0000025005,,,TRUE,PJXO453D0,1,067176
,AMB-BOIS-S,0001659,2025/10/28,0.000,1014.3000,50.7150,101.1764,1014.3000,0.000000,0.0000,1014.3000,,,,33200,25001,0000023020,,,TRUE,6BKH2U6CB,1,067066
,PEINT-DUPO,0001708,2025/10/28,0.000,25431.0000,1271.5500,2536.7423,25431.0000,0.000000,0.0000,25431.0000,HABITAT-ME,,,33500,09910,0000025005,,,TRUE,GD4CE4EV5,1,067067
,PEINT-DUPO,0001708,2025/10/28,0.000,4522.0000,226.1000,451.0695,4522.0000,0.000000,0.0000,4522.0000,HABITAT-ME,,,33500,09910,0000025005,,,TRUE,GD4CE4EV5,1,067067
,COUVRE-PLA,0001698,2025/10/28,0.000,18737.0000,936.8500,1869.0158,18737.0000,0.000000,0.0000,18737.0000,HABITAT-ME,,,33500,09600,0000025005,,,TRUE,0FEDVOZEX,1,067068
,COUVRE-PLA,0001890,2025/10/28,0.000,175.0000,8.7500,17.4563,175.0000,0.000000,0.0000,175.0000,HABITAT-ME,,,33500,09600,0000025005,,,TRUE,2SR2M2MDI,1,067069
,MULTI-ENER,0001736,2025/10/28,0.000,14850.0000,742.5000,1481.2875,14850.0000,0.000000,0.0000,14850.0000,HABITAT-ME,,,33500,15401,0000025005,,,TRUE,CZW6CL4X5,1,067070
,MULTI-ENER,0001870,2025/10/28,0.000,4056.6500,202.8325,404.6508,4056.6500,0.000000,0.0000,4056.6500,HABITAT-ME,,,33500,25001,0000025005,,,TRUE,0IZH86O6U,1,067071
,ARTDEMOLIT,0001694,2025/10/28,0.000,57670.4700,2883.5235,5752.6294,57670.4700,0.000000,0.0000,57670.4700,HABITAT-ME,,,33500,02070,0000025005,,,TRUE,BGB0KMPUU,1,067072
,REGULVAR--,0001495,2025/10/28,0.000,17388.0000,869.4000,1734.4530,17388.0000,0.000000,0.0000,17388.0000,CSS-CH-ROY,,,33500,15900,0000024014,,,TRUE,JMWW2TQU6,1,067073
,COUVRE-PLA,0001698,2025/10/28,0.000,14097.6400,704.8820,1406.2396,14097.6400,0.000000,0.0000,14097.6400,HABITAT-ME,,,33500,09600,0000025005,,,TRUE,U5HS6LFFL,1,067074
,BOULAY----,0001709,2025/10/28,0.000,469.0000,23.4500,46.7828,469.0000,0.000000,0.0000,469.0000,CIUSSS-T-R,,,33500,25001,0000024015,,,TRUE,Y5ZLJTJ7X,1,067075
,BOULAY----,0001709,2025/10/28,0.000,1290.0000,64.5000,128.6775,1290.0000,0.000000,0.0000,1290.0000,CIUSSS-T-R,,,33500,25001,0000024015,,,TRUE,Y5ZLJTJ7X,1,067075
,BOULAY----,0001781,2025/10/28,0.000,840.0000,42.0000,83.7900,840.0000,0.000000,0.0000,840.0000,CIUSSS-T-R,,,33200,25001,0000024015,,,TRUE,7DX4NNHIG,1,067076
,BOULAY----,0001781,2025/10/28,0.000,590.0000,29.5000,58.8525,590.0000,0.000000,0.0000,590.0000,CIUSSS-T-R,,,33200,25001,0000024015,,,TRUE,7DX4NNHIG,1,067076
,VAL-MAURIC,0001876,2025/10/28,0.000,539.2100,26.9605,53.7862,539.2100,0.000000,0.0000,539.2100,SOC-IMMOBI,,,33500,25001,0000023025,,,TRUE,NJ9PGQA0K,1,067077
,D-DIONNE--,0001779,2025/10/28,0.000,15165.0000,758.2500,1512.7088,15165.0000,0.000000,0.0000,15165.0000,ENERCYCLE-,,,33500,09600,0000025010,,,TRUE,A5U6DXLKG,1,067134
....................3,D-DIONNE--,0001779,2025/10/28,1.000,0.0000,0.0000,0.0000,0.0000,0.000000,0.0000,0.0000,ENERCYCLE-,,,33200,,0000025010,,,TRUE,A5U6DXLKG,1,067134
....................6,D-DIONNE--,0001779,2025/10/28,1.000,0.0000,0.0000,0.0000,0.0000,0.000000,0.0000,0.0000,ENERCYCLE-,,,33200,,0000025010,,,TRUE,A5U6DXLKG,1,067134
,AVALEX----,0001784,2025/10/29,0.000,6390.0000,319.5000,637.4025,6390.0000,0.000000,0.0000,6390.0000,,,,33500,09910,0000025011,X000001816,,FALSE,N98RRIT4M,1,
,GAUTHIER--,0001771,2025/10/29,0.000,26460.0000,1323.0000,2639.3850,26460.0000,0.000000,0.0000,26460.0000,ENERCYCLE-,,,33500,15700,0000025010,,,TRUE,F8O8759EP,1,067084
,DEMBEC----,0001796,2025/10/29,0.000,1.0000,0.0500,0.0998,1.0000,0.000000,0.0000,1.0000,,,,33500,00400,0000025011,,,TRUE,KW6ED14EV,1,067085
,SYS-MAURIC,0001757,2025/10/29,0.000,9500.0000,475.0000,947.6250,9500.0000,0.000000,0.0000,9500.0000,ENERCYCLE-,,,33500,09200,0000025010,,,TRUE,BRSL8450D,1,067088
,SYS-MAURIC,0001787,2025/10/29,0.000,10500.0000,525.0000,1047.3750,10500.0000,0.000000,0.0000,10500.0000,,,,33500,09200,0000025011,,,TRUE,FFOTYQGD7,1,067089
,VAL-MAURIC,0001769,2025/10/29,0.000,24657.2500,1232.8625,2459.5607,24657.2500,0.000000,0.0000,24657.2500,ENERCYCLE-,,,33500,16000,0000025010,,,TRUE,3I0FDV8HS,1,067090
,MULTI-ENER,0001494,2025/10/29,0.000,1800.0000,90.0000,179.5500,1800.0000,0.000000,0.0000,1800.0000,CSS-CH-ROY,,,33500,15001,0000024014,,,TRUE,DN3F845VL,1,067091
,MAX-SIM-EL,0001786,2025/10/29,0.000,14122.6200,706.1310,1408.7313,14122.6200,0.000000,0.0000,14122.6200,,,,33500,16000,0000025011,,,TRUE,KPPKFIJ1V,1,067092
,LAMPRON-BR,0001763,2025/10/29,0.000,15400.0000,770.0000,1536.1500,15400.0000,0.000000,0.0000,15400.0000,ENERCYCLE-,,,33500,04000,0000025010,,,TRUE,1RMFOANX3,1,067093
,PLOMB-MTCA,0001788,2025/10/29,0.000,39960.0000,1998.0000,3986.0100,39960.0000,0.000000,0.0000,39960.0000,,,,33500,15401,0000025011,,,TRUE,PCXXOZOFB,1,067094
,CBM-INDUST,0001798,2025/10/29,0.000,20935.0000,1046.7500,2088.2663,20935.0000,0.000000,0.0000,20935.0000,,,,33500,06400,0000025011,,,TRUE,369S1Z0W9,1,067095
,CBM-INDUST,0001798,2025/10/29,0.000,0.5000,0.0250,0.0499,0.5000,0.000000,0.0000,0.5000,,,,33500,06400,0000025011,,,TRUE,C697CZ3EV,1,067096
,COUVRE-PLA,0001807,2025/10/29,0.000,30702.5700,1535.1285,3062.5814,30702.5700,0.000000,0.0000,30702.5700,,,,33500,09600,0000025011,,,TRUE,WZHN09WAH,1,067097
,COUVRE-PLA,0001807,2025/10/29,0.000,11574.4000,578.7200,1154.5464,11574.4000,0.000000,0.0000,11574.4000,,,,33500,09600,0000025011,,,TRUE,4UKCLE2W6,1,067098
,PEINT-DUPO,0001766,2025/10/29,0.000,1200.0000,60.0000,119.7000,1200.0000,0.000000,0.0000,1200.0000,ENERCYCLE-,,,33500,09900,0000025010,,,TRUE,MD72R8PE4,1,067099
,CEMFORT---,0001894,2025/10/29,0.000,2833.8800,141.6940,282.6795,2833.8800,0.000000,0.0000,2833.8800,OMH-ST-CAS,,,33200,07400,0000025011,,,TRUE,GZHULRQIF,1,067115
....................3,GAUTHIER--,0001771,2025/10/29,1.000,0.0000,0.0000,0.0000,0.0000,0.000000,0.0000,0.0000,ENERCYCLE-,,,33200,,0000025010,,,TRUE,F8O8759EP,1,067084
....................3,DEMBEC----,0001796,2025/10/29,1.000,0.0000,0.0000,0.0000,0.0000,0.000000,0.0000,0.0000,,,,33200,,0000025011,,,TRUE,KW6ED14EV,1,067085
....................3,SYS-MAURIC,0001757,2025/10/29,1.000,0.0000,0.0000,0.0000,0.0000,0.000000,0.0000,0.0000,ENERCYCLE-,,,33200,,0000025010,,,TRUE,BRSL8450D,1,067088
....................3,LAMPRON-BR,0001763,2025/10/29,1.000,0.0000,0.0000,0.0000,0.0000,0.000000,0.0000,0.0000,ENERCYCLE-,,,33200,,0000025010,,,TRUE,1RMFOANX3,1,067093
....................6,GAUTHIER--,0001771,2025/10/29,1.000,0.0000,0.0000,0.0000,0.0000,0.000000,0.0000,0.0000,ENERCYCLE-,,,33200,,0000025010,,,TRUE,F8O8759EP,1,067084
....................6,SYS-MAURIC,0001757,2025/10/29,1.000,0.0000,0.0000,0.0000,0.0000,0.000000,0.0000,0.0000,ENERCYCLE-,,,33200,,0000025010,,,TRUE,BRSL8450D,1,067088
....................6,LAMPRON-BR,0001763,2025/10/29,1.000,0.0000,0.0000,0.0000,0.0000,0.000000,0.0000,0.0000,ENERCYCLE-,,,33200,,0000025010,,,TRUE,1RMFOANX3,1,067093
....................7,VAL-MAURIC,0001769,2025/10/29,1.000,0.0000,0.0000,0.0000,0.0000,0.000000,0.0000,0.0000,ENERCYCLE-,,,33200,,0000025010,,,TRUE,3I0FDV8HS,1,067090
....................8,DEMBEC----,0001796,2025/10/29,1.000,0.0000,0.0000,0.0000,0.0000,0.000000,0.0000,0.0000,,,,33200,,0000025011,,,TRUE,KW6ED14EV,1,067085
,CLOT-N-S--,0001611,2025/10/30,0.000,6985.5600,349.2780,696.8096,6985.5600,0.000000,0.0000,6985.5600,CONS-ATIKA,,,33500,02300,0000023020,,,TRUE,D9QP9XER7,1,067173
,F-DAIGLE--,0001881,2025/10/31,0.000,6180.0000,309.0000,616.4550,6180.0000,0.000000,0.0000,6180.0000,OMH-ST-CAS,,,33200,08000,0000025011,,,TRUE,1Z50YRTR6,1,067137
,FERBLANTER,0001874,2025/10/31,0.000,141.9500,7.0975,14.1595,141.9500,0.000000,0.0000,141.9500,OMH-ST-CAS,,,33500,25001,0000025011,,,TRUE,P9KIUOS24,1,067232
,FERBLANTER,0001785,2025/10/31,0.000,15063.6100,753.1805,1502.5951,15063.6100,0.000000,0.0000,15063.6100,,,,33500,15001,0000025011,,,TRUE,NWA3JQT57,1,067233
,CMD-GROUPE,0001772,2025/10/31,0.000,3511.0000,175.5500,350.2223,3511.0000,0.000000,0.0000,3511.0000,ENERCYCLE-,,,33500,10000,0000025010,,,TRUE,2PPRBRV3Z,1,067235
,VAL-MAURIC,0001887,2025/10/31,0.000,565.4100,28.2705,56.3996,565.4100,0.000000,0.0000,565.4100,CSS-CH-ROY,,,33500,25012,0000025012,,,TRUE,6HPTX9WTU,1,067251
,LOC-T-RIV-,0001830,2025/10/31,0.000,4310.3600,215.5180,429.9584,4310.3600,0.000000,0.0000,4310.3600,CSS-CH-ROY,,,33200,00400,0000025012,,,TRUE,JOLOY0N0L,1,067252
,TECH-ALARM,0001871,2025/10/31,0.000,904.4700,45.2235,90.2209,904.4700,0.000000,0.0000,904.4700,CSS-CH-ROY,,,33500,25001,0000025012,,,TRUE,DR047OCXT,1,067253
....................3,CMD-GROUPE,0001772,2025/10/31,1.000,0.0000,0.0000,0.0000,0.0000,0.000000,0.0000,0.0000,ENERCYCLE-,,,33200,,0000025010,,,TRUE,2PPRBRV3Z,1,067235
....................6,CMD-GROUPE,0001772,2025/10/31,1.000,0.0000,0.0000,0.0000,0.0000,0.000000,0.0000,0.0000,ENERCYCLE-,,,33200,,0000025010,,,TRUE,2PPRBRV3Z,1,067235
,FERBLANTER,0001785,2025/11/01,0.000,26460.1900,1323.0095,2639.4040,26460.1900,0.000000,0.0000,26460.1900,,,,33500,15001,0000025011,,,TRUE,GC2JQ299C,1,067286
,AVALEX----,0001784,2025/11/01,0.000,7987.5000,399.3750,796.7531,7987.5000,0.000000,0.0000,7987.5000,,,,33500,09910,0000025011,,,TRUE,L8NR9B95C,1,067300
,MAC-FG----,0001925,2025/11/01,0.000,860.0000,43.0000,85.7850,860.0000,0.000000,0.0000,860.0000,OMH-ST-CAS,,,33500,25001,0000025011,,,TRUE,KBHOAU0S7,1,067301
,ACIER-ATR-,0001744,2025/11/01,0.000,16041.0000,802.0500,1600.0898,16041.0000,0.000000,0.0000,16041.0000,CONSEIL-AT,,,33500,03000,0000025007,,,TRUE,BILIVL5VK,1,067305
,ENT-ARSENE,0001375,2025/11/01,0.000,15904.0500,795.2025,1586.4290,15904.0500,0.000000,0.0000,15904.0500,SOC-IMMOBI,,,33500,15401,0000023025,,,TRUE,S8XAOQWQX,1,067320
,RAYMOND-DE,0001767,2025/11/01,0.000,2090.0000,104.5000,208.4775,2090.0000,0.000000,0.0000,2090.0000,ENERCYCLE-,,,33500,12000,0000025010,,,TRUE,KVR5BS94F,1,067323
,PLOMBER-2B,0001341,2025/11/01,0.000,6420.3900,321.0195,640.4339,6420.3900,0.000000,0.0000,6420.3900,CONS-ATIKA,,,33500,15410,0000023020,,,TRUE,POGCOIG1L,1,067341
,PLOMBER-2B,0001652,2025/11/01,0.000,2742.6400,137.1320,273.5783,2742.6400,0.000000,0.0000,2742.6400,CONS-ATIKA,,,33500,25001,0000023020,,,TRUE,EHJZ2PDQD,1,067342
,PLOMBER-2B,0001566,2025/11/01,0.000,65.8700,3.2935,6.5705,65.8700,0.000000,0.0000,65.8700,CONS-ATIKA,,,33500,25001,0000023020,,,TRUE,6K4MF6GP6,1,067343
,CLAUDEBEDA,0001554,2025/11/01,0.000,113.7400,5.6870,11.3456,113.7400,0.000000,0.0000,113.7400,CIUSSS-ADM,,,33500,00400,0000024015,,,TRUE,UVGMBW00V,1,067368
,EQUITECK--,0001528,2025/11/01,0.000,1750.0000,87.5000,174.5625,1750.0000,0.000000,0.0000,1750.0000,CIUSSS-ADM,,,33500,15950,0000024015,,,TRUE,P8GNFPO2A,1,067369
,COUVRE-PLA,0001831,2025/11/01,0.000,1048.5700,52.4285,104.5949,1048.5700,0.000000,0.0000,1048.5700,OMH-ST-CAS,,,33500,09600,0000025011,,,TRUE,4U6O5HHJ0,1,067439
,COUVRE-PLA,0001807,2025/11/01,0.000,11174.4300,558.7215,1114.6494,11174.4300,0.000000,0.0000,11174.4300,,,,33500,09600,0000025011,,,TRUE,918HVWAS1,1,067440
,ENT-MAXIME,0001846,2025/11/01,0.000,7322.0400,366.1020,730.3735,7322.0400,0.000000,0.0000,7322.0400,CSS-CH-ROY,,,33500,25001,0000025012,,,TRUE,0IZ6HAM9R,1,067602
,MEI-SCIAGE,0001812,2025/11/01,0.000,3985.0000,199.2500,397.5038,3985.0000,0.000000,0.0000,3985.0000,CSS-CH-ROY,,,33500,02220,0000025012,,,TRUE,GEYW02KVQ,1,067606
,TECH-ALARM,0001862,2025/11/01,0.000,904.4700,45.2235,90.2209,904.4700,0.000000,0.0000,904.4700,CSS-CH-ROY,,,33500,25001,0000025012,,,TRUE,1UHW3ZI45,1,067607
,ROGER-BELL,0001829,2025/11/01,0.000,1500.0000,75.0000,149.6250,1500.0000,0.000000,0.0000,1500.0000,CSS-CH-ROY,,,33500,07500,0000025012,,,TRUE,QZB1P33RM,1,067608
,CANAC-----,0001802,2025/11/01,0.000,11043.0000,552.1500,1101.5393,11043.0000,0.000000,0.0000,11043.0000,,,,33500,06200,0000025011,,,TRUE,0S1LEE8M5,1,067622
,PEINT-DUPO,0001589,2025/11/01,0.000,1349.0000,67.4500,134.5628,1349.0000,0.000000,0.0000,1349.0000,,,,33500,03000,0000024023,,,TRUE,VJP7R3W0W,1,067623
,PEINT-DUPO,0001589,2025/11/01,0.000,5284.0000,264.2000,527.0790,5284.0000,0.000000,0.0000,5284.0000,,,,33500,09200,0000024023,,,TRUE,VJP7R3W0W,1,067623
,PEINT-DUPO,0001589,2025/11/01,0.000,1750.0000,87.5000,174.5625,1750.0000,0.000000,0.0000,1750.0000,,,,33500,09910,0000024023,,,TRUE,VJP7R3W0W,1,067623
....................3,ACIER-ATR-,0001744,2025/11/01,1.000,0.0000,0.0000,0.0000,0.0000,0.000000,0.0000,0.0000,CONSEIL-AT,,,33200,,0000025007,,,TRUE,BILIVL5VK,1,067305
....................3,RAYMOND-DE,0001767,2025/11/01,1.000,0.0000,0.0000,0.0000,0.0000,0.000000,0.0000,0.0000,ENERCYCLE-,,,33200,,0000025010,,,TRUE,KVR5BS94F,1,067323
....................3,MEI-SCIAGE,0001812,2025/11/01,1.000,0.0000,0.0000,0.0000,0.0000,0.000000,0.0000,0.0000,CSS-CH-ROY,,,33200,,0000025012,,,TRUE,GEYW02KVQ,1,067606
....................3,CANAC-----,0001802,2025/11/01,1.000,0.0000,0.0000,0.0000,0.0000,0.000000,0.0000,0.0000,,,,33200,,0000025011,,,TRUE,0S1LEE8M5,1,067622
....................4,ACIER-ATR-,0001744,2025/11/01,1.000,0.0000,0.0000,0.0000,0.0000,0.000000,0.0000,0.0000,CONSEIL-AT,,,33200,,0000025007,,,TRUE,BILIVL5VK,1,067305
....................5,ACIER-ATR-,0001744,2025/11/01,1.000,0.0000,0.0000,0.0000,0.0000,0.000000,0.0000,0.0000,CONSEIL-AT,,,33200,,0000025007,,,TRUE,BILIVL5VK,1,067305
....................6,RAYMOND-DE,0001767,2025/11/01,1.000,0.0000,0.0000,0.0000,0.0000,0.000000,0.0000,0.0000,ENERCYCLE-,,,33200,,0000025010,,,TRUE,KVR5BS94F,1,067323
....................6,MEI-SCIAGE,0001812,2025/11/01,1.000,0.0000,0.0000,0.0000,0.0000,0.000000,0.0000,0.0000,CSS-CH-ROY,,,33200,,0000025012,,,TRUE,GEYW02KVQ,1,067606
....................7,RAYMOND-DE,0001767,2025/11/01,1.000,0.0000,0.0000,0.0000,0.0000,0.000000,0.0000,0.0000,ENERCYCLE-,,,33200,,0000025010,,,TRUE,KVR5BS94F,1,067323
....................8,MEI-SCIAGE,0001812,2025/11/01,1.000,0.0000,0.0000,0.0000,0.0000,0.000000,0.0000,0.0000,CSS-CH-ROY,,,33200,,0000025012,,,TRUE,GEYW02KVQ,1,067606
....................8,CANAC-----,0001802,2025/11/01,1.000,0.0000,0.0000,0.0000,0.0000,0.000000,0.0000,0.0000,,,,33200,,0000025011,,,TRUE,0S1LEE8M5,1,067622
,COUVRE-PLA,0001912,2025/11/03,0.000,-1067.8600,-53.3930,-106.5190,-1067.8600,0.000000,0.0000,-1067.8600,OMH-ST-CAS,,,33500,25001,0000025011,,,TRUE,SX0I078SE,1,067234
,CEMFORT---,0001894,2025/11/05,0.000,8501.6200,425.0810,848.0366,8501.6200,0.000000,0.0000,8501.6200,OMH-ST-CAS,,,33200,07400,0000025011,,,TRUE,ZQIP2BRGL,1,067196
,CEMFORT---,0001893,2025/11/05,0.000,955.5000,47.7750,95.3111,955.5000,0.000000,0.0000,955.5000,OMH-ST-CAS,,,33200,25001,0000025011,,,TRUE,9OQVY7HZ4,1,067197
,MAC-FG----,0001789,2025/11/07,0.000,14500.0000,725.0000,1446.3750,14500.0000,0.000000,0.0000,14500.0000,,,,33500,04000,0000025011,,,TRUE,DUN7KK618,1,067302
....................3,MAC-FG----,0001789,2025/11/07,1.000,0.0000,0.0000,0.0000,0.0000,0.000000,0.0000,0.0000,,,,33200,,0000025011,,,TRUE,DUN7KK618,1,067302
....................8,MAC-FG----,0001789,2025/11/07,1.000,0.0000,0.0000,0.0000,0.0000,0.000000,0.0000,0.0000,,,,33200,,0000025011,,,TRUE,DUN7KK618,1,067302
,DROLET-SIM,0001882,2025/11/11,0.000,8134.5800,406.7290,811.4244,8134.5800,0.000000,0.0000,8134.5800,OMH-ST-CAS,,,33200,07460,0000025011,,,TRUE,WYK49L6FA,1,067219
,PEINT-DUPO,0001708,2025/11/13,0.000,14111.0000,705.5500,1407.5723,14111.0000,0.000000,0.0000,14111.0000,HABITAT-ME,,,33500,09910,0000025005,,,TRUE,K5LJ6PCPD,1,067265
,CONST-REGI,0001755,2025/11/13,0.000,68940.0000,3447.0000,6876.7650,68940.0000,0.000000,0.0000,68940.0000,CONSEIL-AT,,,33500,03000,0000025007,,,TRUE,8QJ5LY9BC,1,067276
....................3,CONST-REGI,0001755,2025/11/13,1.000,0.0000,0.0000,0.0000,0.0000,0.000000,0.0000,0.0000,CONSEIL-AT,,,33200,,0000025007,,,TRUE,8QJ5LY9BC,1,067276
....................4,CONST-REGI,0001755,2025/11/13,1.000,0.0000,0.0000,0.0000,0.0000,0.000000,0.0000,0.0000,CONSEIL-AT,,,33200,,0000025007,,,TRUE,8QJ5LY9BC,1,067276
....................5,CONST-REGI,0001755,2025/11/13,1.000,0.0000,0.0000,0.0000,0.0000,0.000000,0.0000,0.0000,CONSEIL-AT,,,33200,,0000025007,,,TRUE,8QJ5LY9BC,1,067276
,ARMECO----,0001805,2025/11/17,0.000,32745.0000,1637.2500,3266.3138,32745.0000,0.000000,0.0000,32745.0000,CONS-ATIKA,,,33500,12500,0000023020,,,TRUE,VJTKA0CXD,1,067306
,PLOMB-MTCA,0001758,2025/11/17,0.000,11060.0000,553.0000,1103.2350,11060.0000,0.000000,0.0000,11060.0000,ENERCYCLE-,,,33500,15400,0000025010,,,TRUE,14MVH0Y4S,1,067331
,PEINT-DUPO,0001766,2025/11/17,0.000,2023.0000,101.1500,201.7943,2023.0000,0.000000,0.0000,2023.0000,ENERCYCLE-,,,33500,09900,0000025010,,,TRUE,GHXVWV2U7,1,067433
,PEINT-DUPO,0001766,2025/11/17,0.000,4444.0000,222.2000,443.2890,4444.0000,0.000000,0.0000,4444.0000,ENERCYCLE-,,,33500,09900,0000025010,,,TRUE,GHXVWV2U7,1,067433
....................3,PEINT-DUPO,0001766,2025/11/17,1.000,0.0000,0.0000,0.0000,0.0000,0.000000,0.0000,0.0000,ENERCYCLE-,,,33200,,0000025010,,,TRUE,GHXVWV2U7,1,067433
....................6,PEINT-DUPO,0001766,2025/11/17,1.000,0.0000,0.0000,0.0000,0.0000,0.000000,0.0000,0.0000,ENERCYCLE-,,,33200,,0000025010,,,TRUE,GHXVWV2U7,1,067433
....................7,PEINT-DUPO,0001766,2025/11/17,1.000,0.0000,0.0000,0.0000,0.0000,0.000000,0.0000,0.0000,ENERCYCLE-,,,33200,,0000025010,,,TRUE,GHXVWV2U7,1,067433
,ISOL-FLAMC,0001793,2025/11/18,0.000,6750.0000,337.5000,673.3125,6750.0000,0.000000,0.0000,6750.0000,ENERCYCLE-,,,33500,15700,0000025010,,,TRUE,JQZ2TODTJ,1,067327
,VITRERIE-P,0001762,2025/11/18,0.000,19252.1500,962.6075,1920.4020,19252.1500,0.000000,0.0000,19252.1500,ENERCYCLE-,,,33500,08000,0000025010,,,TRUE,SAWS01GF1,1,067328
....................3,ISOL-FLAMC,0001793,2025/11/18,1.000,0.0000,0.0000,0.0000,0.0000,0.000000,0.0000,0.0000,ENERCYCLE-,,,33200,,0000025010,,,TRUE,JQZ2TODTJ,1,067327
....................3,VITRERIE-P,0001762,2025/11/18,1.000,0.0000,0.0000,0.0000,0.0000,0.000000,0.0000,0.0000,ENERCYCLE-,,,33200,,0000025010,,,TRUE,SAWS01GF1,1,067328
....................6,ISOL-FLAMC,0001793,2025/11/18,1.000,0.0000,0.0000,0.0000,0.0000,0.000000,0.0000,0.0000,ENERCYCLE-,,,33200,,0000025010,,,TRUE,JQZ2TODTJ,1,067327
....................6,VITRERIE-P,0001762,2025/11/18,1.000,0.0000,0.0000,0.0000,0.0000,0.000000,0.0000,0.0000,ENERCYCLE-,,,33200,,0000025010,,,TRUE,SAWS01GF1,1,067328
....................7,ISOL-FLAMC,0001793,2025/11/18,1.000,0.0000,0.0000,0.0000,0.0000,0.000000,0.0000,0.0000,ENERCYCLE-,,,33200,,0000025010,,,TRUE,JQZ2TODTJ,1,067327
....................7,VITRERIE-P,0001762,2025/11/18,1.000,0.0000,0.0000,0.0000,0.0000,0.000000,0.0000,0.0000,ENERCYCLE-,,,33200,,0000025010,,,TRUE,SAWS01GF1,1,067328
,FRANCO----,0001761,2025/11/19,0.000,2520.0000,126.0000,251.3700,2520.0000,0.000000,0.0000,2520.0000,ENERCYCLE-,,,33500,07000,0000025010,,,TRUE,257Q3HMK7,1,067329
,CHARTRAY-R,0001891,2025/11/19,0.000,3271.7500,163.5875,326.3571,3271.7500,0.000000,0.0000,3271.7500,SOC-IMMOBI,,,33500,25001,0000023025,,,TRUE,SC1TV0JE1,1,067395
....................3,FRANCO----,0001761,2025/11/19,1.000,0.0000,0.0000,0.0000,0.0000,0.000000,0.0000,0.0000,ENERCYCLE-,,,33200,,0000025010,,,TRUE,257Q3HMK7,1,067329
....................6,FRANCO----,0001761,2025/11/19,1.000,0.0000,0.0000,0.0000,0.0000,0.000000,0.0000,0.0000,ENERCYCLE-,,,33200,,0000025010,,,TRUE,257Q3HMK7,1,067329
....................7,FRANCO----,0001761,2025/11/19,1.000,0.0000,0.0000,0.0000,0.0000,0.000000,0.0000,0.0000,ENERCYCLE-,,,33200,,0000025010,,,TRUE,257Q3HMK7,1,067329
,CBM-INDUST,0001764,2025/11/20,0.000,9205.0000,460.2500,918.1988,9205.0000,0.000000,0.0000,9205.0000,ENERCYCLE-,,,33500,06400,0000025010,,,TRUE,PKB1M5QYQ,1,067324
,GOUT-PT-QC,0001775,2025/11/20,0.000,3425.4000,171.2700,341.6837,3425.4000,0.000000,0.0000,3425.4000,ENERCYCLE-,,,33500,07400,0000025010,,,TRUE,PRP2EMQFF,1,067325
,D-DIONNE--,0001779,2025/11/20,0.000,825.0000,41.2500,82.2938,825.0000,0.000000,0.0000,825.0000,ENERCYCLE-,,,33500,09600,0000025010,,,TRUE,6R07TLW6C,1,067326
,FORME-CONC,0001921,2025/11/20,0.000,190.0000,9.5000,18.9525,190.0000,0.000000,0.0000,190.0000,GROUPE-FJH,,,33500,25001,0000025010,,,TRUE,ZEIGCKC0V,1,067330
,MULTI-ENER,0001494,2025/11/20,0.000,10620.0000,531.0000,1059.3450,10620.0000,0.000000,0.0000,10620.0000,CSS-CH-ROY,,,33500,15001,0000024014,,,TRUE,QMNLFQ9OQ,1,067397
....................3,CBM-INDUST,0001764,2025/11/20,1.000,0.0000,0.0000,0.0000,0.0000,0.000000,0.0000,0.0000,ENERCYCLE-,,,33200,,0000025010,,,TRUE,PKB1M5QYQ,1,067324
....................3,GOUT-PT-QC,0001775,2025/11/20,1.000,0.0000,0.0000,0.0000,0.0000,0.000000,0.0000,0.0000,ENERCYCLE-,,,33200,,0000025010,,,TRUE,PRP2EMQFF,1,067325
....................6,CBM-INDUST,0001764,2025/11/20,1.000,0.0000,0.0000,0.0000,0.0000,0.000000,0.0000,0.0000,ENERCYCLE-,,,33200,,0000025010,,,TRUE,PKB1M5QYQ,1,067324
....................6,GOUT-PT-QC,0001775,2025/11/20,1.000,0.0000,0.0000,0.0000,0.0000,0.000000,0.0000,0.0000,ENERCYCLE-,,,33200,,0000025010,,,TRUE,PRP2EMQFF,1,067325
....................7,CBM-INDUST,0001764,2025/11/20,1.000,0.0000,0.0000,0.0000,0.0000,0.000000,0.0000,0.0000,ENERCYCLE-,,,33200,,0000025010,,,TRUE,PKB1M5QYQ,1,067324
....................7,GOUT-PT-QC,0001775,2025/11/20,1.000,0.0000,0.0000,0.0000,0.0000,0.000000,0.0000,0.0000,ENERCYCLE-,,,33200,,0000025010,,,TRUE,PRP2EMQFF,1,067325
....................7,D-DIONNE--,0001779,2025/11/20,1.000,0.0000,0.0000,0.0000,0.0000,0.000000,0.0000,0.0000,ENERCYCLE-,,,33200,,0000025010,,,TRUE,6R07TLW6C,1,067326
,PARMETAL--,0001513,2025/11/24,0.000,2784.6000,139.2300,277.7639,2784.6000,0.000000,0.0000,2784.6000,,,,33500,05120,0000024014,,,TRUE,X6FA6QOXR,1,067396
,COUVRE-PLA,0001936,2025/11/24,0.000,3767.6100,188.3805,375.8191,3767.6100,0.000000,0.0000,3767.6100,OMH-ST-CAS,,,33500,25001,0000025011,,,TRUE,0VDF601C6,1,067441
,COUVRE-PLA,0001851,2025/11/24,0.000,3767.6100,188.3805,375.8191,3767.6100,0.000000,0.0000,3767.6100,OMH-ST-CAS,,,33500,25011,0000025011,,,TRUE,04YLW0W24,1,067442
,COUVRE-PLA,0001807,2025/11/24,0.000,17122.5900,856.1295,1707.9784,17122.5900,0.000000,0.0000,17122.5900,,,,33500,09600,0000025011,,,TRUE,89G4G2OYX,1,067443
,MULTI-ENER,0001929,2025/11/25,0.000,2453.4000,122.6700,244.7267,2453.4000,0.000000,0.0000,2453.4000,HABITAT-ME,,,33500,25001,0000025005,,,TRUE,L469QS0J8,1,067366
,MULTI-ENER,0001736,2025/11/25,0.000,6300.0000,315.0000,628.4250,6300.0000,0.000000,0.0000,6300.0000,HABITAT-ME,,,33500,15401,0000025005,,,TRUE,056U4PDQD,1,067367
,RAYMOND-AR,0001768,2025/11/25,0.000,2820.3000,141.0150,281.3249,2820.3000,0.000000,0.0000,2820.3000,ENERCYCLE-,,,33200,08000,0000025010,,,TRUE,HJPDMUGSN,1,067404
,SYS-MAURIC,0001930,2025/11/25,0.000,700.0000,35.0000,69.8250,700.0000,0.000000,0.0000,700.0000,OMH-ST-CAS,,,33500,25001,0000025011,,,TRUE,3C9VRQ2ZJ,1,067429
,MAX-SIM-EL,0001786,2025/11/25,0.000,15564.0700,778.2035,1552.5160,15564.0700,0.000000,0.0000,15564.0700,,,,33500,16000,0000025011,,,TRUE,8BSPBW7QQ,1,067430
,SYS-MAURIC,0001787,2025/11/25,0.000,32000.0000,1600.0000,3192.0000,32000.0000,0.000000,0.0000,32000.0000,,,,33500,09200,0000025011,,,TRUE,RJ0OWAL3T,1,067431
,SYS-MAURIC,0001757,2025/11/25,0.000,3540.0000,177.0000,353.1150,3540.0000,0.000000,0.0000,3540.0000,ENERCYCLE-,,,33500,09200,0000025010,,,TRUE,YKWNES7W7,1,067432
,GAUTHIER--,0001771,2025/11/25,0.000,11340.0000,567.0000,1131.1650,11340.0000,0.000000,0.0000,11340.0000,ENERCYCLE-,,,33500,15700,0000025010,,,TRUE,SR29XLDJ2,1,067436
,VAL-MAURIC,0001916,2025/11/25,0.000,916.0000,45.8000,91.3710,916.0000,0.000000,0.0000,916.0000,GROUPE-FJH,,,33500,25001,0000025010,,,TRUE,JGUC487PV,1,067437
,VAL-MAURIC,0001769,2025/11/25,0.000,97116.0000,4855.8000,9687.3210,97116.0000,0.000000,0.0000,97116.0000,ENERCYCLE-,,,33500,16000,0000025010,,,TRUE,S00AGKCRR,1,067438
,SOC-COMM-A,0001530,2025/11/25,0.000,2411.5500,120.5775,240.5521,2411.5500,0.000000,0.0000,2411.5500,CIUSSS-ADM,,,33500,15950,0000024015,,,TRUE,GSGMMRE8V,1,067457
,REGULVAR--,0001817,2025/11/25,0.000,4270.5000,213.5250,425.9824,4270.5000,0.000000,0.0000,4270.5000,CSS-CH-ROY,,,33500,15935,0000025012,,,TRUE,N3CKRGVDW,1,067464
,REGULVAR--,0001495,2025/11/25,0.000,4500.0000,225.0000,448.8750,4500.0000,0.000000,0.0000,4500.0000,CSS-CH-ROY,,,33500,15900,0000024014,,,TRUE,BXSW3ZK5V,1,067465
,ENT-MAXIME,0001900,2025/11/25,0.000,58230.8400,2911.5420,5808.5263,58230.8400,0.000000,0.0000,58230.8400,GESTION-FR,,,33500,02315,0000025015,,,TRUE,3S9YQPCQ4,1,067466
,ENT-MAXIME,0001747,2025/11/25,0.000,28686.8300,1434.3415,2861.5113,28686.8300,0.000000,0.0000,28686.8300,CONSEIL-AT,,,33500,02315,0000025007,,,TRUE,H6G80NASM,1,067479
,ENT-MAXIME,0001945,2025/11/25,0.000,-1522.0000,-76.1000,-151.8195,-1522.0000,0.000000,0.0000,-1522.0000,CONSEIL-AT,,,33500,25001,0000025007,,,TRUE,YUXU6SPTC,1,067480
,GAUTHIER--,0001892,2025/11/25,0.000,1504.3900,75.2195,150.0629,1504.3900,0.000000,0.0000,1504.3900,HABITAT-ME,,,33500,25001,0000025005,,,TRUE,WCV0JQQHV,1,067483
,GAUTHIER--,0001873,2025/11/25,0.000,931.5000,46.5750,92.9171,931.5000,0.000000,0.0000,931.5000,HABITAT-ME,,,33500,25001,0000025005,,,TRUE,CUCBD4XZG,1,067484
,GAUTHIER--,0001803,2025/11/25,0.000,5832.0000,291.6000,581.7420,5832.0000,0.000000,0.0000,5832.0000,HABITAT-ME,,,33500,15001,0000025005,,,TRUE,4G6U9SGHA,1,067485
,ENT-MAXIME,0001707,2025/11/25,0.000,10566.0800,528.3040,1053.9665,10566.0800,0.000000,0.0000,10566.0800,HABITAT-ME,,,33500,02000,0000025005,,,TRUE,NPOD0V1UT,1,067486
,SYS-MAURIC,0001922,2025/11/25,0.000,5228.0000,261.4000,521.4930,5228.0000,0.000000,0.0000,5228.0000,HABITAT-ME,,,33500,09200,0000025005,,,TRUE,NK74MJH1H,1,067487
,COUVRE-PLA,0001919,2025/11/25,0.000,481.9500,24.0975,48.0745,481.9500,0.000000,0.0000,481.9500,HABITAT-ME,,,33500,25001,0000025005,,,TRUE,1SMN5WY1L,1,067510
,GAUTHIER--,0001834,2025/11/25,0.000,4830.7500,241.5375,481.8673,4830.7500,0.000000,0.0000,4830.7500,HABITAT-ME,,,33500,25001,0000025005,,,TRUE,OYPLMCLTR,1,067511
,SYS-MAURIC,0001739,2025/11/25,0.000,9096.0000,454.8000,907.3260,9096.0000,0.000000,0.0000,9096.0000,HABITAT-ME,,,33500,09200,0000025005,,,TRUE,LSER5RO0J,1,067513
....................7,RAYMOND-AR,0001768,2025/11/25,1.000,0.0000,0.0000,0.0000,0.0000,0.000000,0.0000,0.0000,ENERCYCLE-,,,33200,,0000025010,,,TRUE,HJPDMUGSN,1,067404
....................7,SYS-MAURIC,0001757,2025/11/25,1.000,0.0000,0.0000,0.0000,0.0000,0.000000,0.0000,0.0000,ENERCYCLE-,,,33200,,0000025010,,,TRUE,YKWNES7W7,1,067432
....................7,GAUTHIER--,0001771,2025/11/25,1.000,0.0000,0.0000,0.0000,0.0000,0.000000,0.0000,0.0000,ENERCYCLE-,,,33200,,0000025010,,,TRUE,SR29XLDJ2,1,067436
....................8,ENT-MAXIME,0001900,2025/11/25,1.000,0.0000,0.0000,0.0000,0.0000,0.000000,0.0000,0.0000,GESTION-FR,,,33200,,0000025015,,,TRUE,3S9YQPCQ4,1,067466
....................9,ENT-MAXIME,0001900,2025/11/25,1.000,0.0000,0.0000,0.0000,0.0000,0.000000,0.0000,0.0000,GESTION-FR,,,33200,,0000025015,,,TRUE,3S9YQPCQ4,1,067466
,PLOMBERIE-,0001726,2025/11/27,0.000,31800.0000,1590.0000,3172.0500,31800.0000,0.000000,0.0000,31800.0000,CONSEIL-AT,,,33500,15401,0000025007,,,TRUE,1NUL8B5JR,1,067481
....................3,PLOMBERIE-,0001726,2025/11/27,1.000,0.0000,0.0000,0.0000,0.0000,0.000000,0.0000,0.0000,CONSEIL-AT,,,33200,,0000025007,,,TRUE,1NUL8B5JR,1,067481
....................4,PLOMBERIE-,0001726,2025/11/27,1.000,0.0000,0.0000,0.0000,0.0000,0.000000,0.0000,0.0000,CONSEIL-AT,,,33200,,0000025007,,,TRUE,1NUL8B5JR,1,067481
....................5,PLOMBERIE-,0001726,2025/11/27,1.000,0.0000,0.0000,0.0000,0.0000,0.000000,0.0000,0.0000,CONSEIL-AT,,,33200,,0000025007,,,TRUE,1NUL8B5JR,1,067481
,R-D-ROUSSE,0001759,2025/11/28,0.000,4882.5100,244.1255,487.0304,4882.5100,0.000000,0.0000,4882.5100,ENERCYCLE-,,,33500,08000,0000025010,,,TRUE,ILF4G96VN,1,067553
,COFF-BERGE,0001932,2025/11/28,0.000,10930.0000,546.5000,1090.2675,10930.0000,0.000000,0.0000,10930.0000,GESTION-FR,,,33500,03000,0000025015,,,TRUE,F6WO1MWDW,1,067593
....................3,R-D-ROUSSE,0001759,2025/11/28,1.000,0.0000,0.0000,0.0000,0.0000,0.000000,0.0000,0.0000,ENERCYCLE-,,,33200,,0000025010,,,TRUE,ILF4G96VN,1,067553
....................6,R-D-ROUSSE,0001759,2025/11/28,1.000,0.0000,0.0000,0.0000,0.0000,0.000000,0.0000,0.0000,ENERCYCLE-,,,33200,,0000025010,,,TRUE,ILF4G96VN,1,067553
....................7,R-D-ROUSSE,0001759,2025/11/28,1.000,0.0000,0.0000,0.0000,0.0000,0.000000,0.0000,0.0000,ENERCYCLE-,,,33200,,0000025010,,,TRUE,ILF4G96VN,1,067553
....................8,COFF-BERGE,0001932,2025/11/28,1.000,0.0000,0.0000,0.0000,0.0000,0.000000,0.0000,0.0000,GESTION-FR,,,33200,,0000025015,,,TRUE,F6WO1MWDW,1,067593
....................9,COFF-BERGE,0001932,2025/11/28,1.000,0.0000,0.0000,0.0000,0.0000,0.000000,0.0000,0.0000,GESTION-FR,,,33200,,0000025015,,,TRUE,F6WO1MWDW,1,067593
,ACIER-ATR-,0001744,2025/11/30,0.000,5263.6500,263.1825,525.0491,5263.6500,0.000000,0.0000,5263.6500,CONSEIL-AT,,,33500,03000,0000025007,,,TRUE,LO5V679WP,1,067482
,COMETAL---,0001776,2025/11/30,0.000,295.0000,14.7500,29.4263,295.0000,0.000000,0.0000,295.0000,ENERCYCLE-,,,33200,10000,0000025010,,,TRUE,LJPHCIBD7,1,067552
,FERBLANTER,0001874,2025/11/30,0.000,65.7200,3.2860,6.5556,65.7200,0.000000,0.0000,65.7200,OMH-ST-CAS,,,33500,25001,0000025011,,,TRUE,90TFX4W6W,1,067554
,FERBLANTER,0001785,2025/11/30,0.000,6276.5200,313.8260,626.0829,6276.5200,0.000000,0.0000,6276.5200,,,,33500,15001,0000025011,,,TRUE,VYKR3E79P,1,067555
,ENT-ARSENE,0001493,2025/11/30,0.000,36494.1900,1824.7095,3640.2955,36494.1900,0.000000,0.0000,36494.1900,CSS-CH-ROY,,,33500,15401,0000024014,,,TRUE,TQ7OFEYRP,1,067624
....................7,COMETAL---,0001776,2025/11/30,1.000,0.0000,0.0000,0.0000,0.0000,0.000000,0.0000,0.0000,ENERCYCLE-,,,33200,,0000025010,,,TRUE,LJPHCIBD7,1,067552
,DHDEMOLITI,0001535,2025/12/01,0.000,3625.0000,181.2500,361.5938,3625.0000,0.000000,0.0000,3625.0000,CSS-CH-ROY,,,33500,02070,0000024014,,,TRUE,JDXW2D7Y1,1,067668
,COUVRE-PLA,0001699,2025/12/01,0.000,14097.6400,704.8820,1406.2396,14097.6400,0.000000,0.0000,14097.6400,HABITAT-ME,,,33500,09600,0000025005,,,TRUE,A25UFUBD4,1,067670
,AVALEX----,0001784,2025/12/01,0.000,7987.5000,399.3750,796.7531,7987.5000,0.000000,0.0000,7987.5000,,,,33500,09910,0000025011,,,TRUE,7KRTOAXZ2,1,067673
,COFF-BERGE,0001932,2025/12/01,0.000,23570.0000,1178.5000,2351.1075,23570.0000,0.000000,0.0000,23570.0000,GESTION-FR,,,33500,03000,0000025015,,,TRUE,3R3SY9BA6,1,067675
,AMBIANCE..,0001819,2025/12/01,0.000,3860.0000,193.0000,385.0350,3860.0000,0.000000,0.0000,3860.0000,CSS-CH-ROY,,,33500,06400,0000025012,,,TRUE,9KDLMEFQS,1,067686
,AMBIANCE..,0001886,2025/12/01,0.000,2100.0000,105.0000,209.4750,2100.0000,0.000000,0.0000,2100.0000,CSS-CH-ROY,,,33500,25001,0000025012,,,TRUE,ZDQ0R4WXG,1,067687
,AMBIANCE..,0001885,2025/12/01,0.000,975.0000,48.7500,97.2563,975.0000,0.000000,0.0000,975.0000,CSS-CH-ROY,,,33500,25001,0000025012,,,TRUE,8ZODO141W,1,067688
,DROLET-SIM,0001662,2025/12/01,0.000,350.0000,17.5000,34.9125,350.0000,0.000000,0.0000,350.0000,CONS-ATIKA,,,33200,06100,0000023020,,,TRUE,807MK7B4O,1,067691
,CUISIVERSI,0001557,2025/12/01,0.000,360.9900,18.0495,36.0088,360.9900,0.000000,0.0000,360.9900,CONS-ATIKA,,,33500,06400,0000023020,,,TRUE,9S7478AU4,1,067692
,COGECO-CON,0001441,2025/12/01,0.000,1260.0000,0.0000,0.0000,1260.0000,0.000000,0.0000,1260.0000,FESTIVAL-W,,,33500,25100,0000023019,,,TRUE,K9C4WZSCU,1,067693
....................3,AMBIANCE..,0001819,2025/12/01,1.000,0.0000,0.0000,0.0000,0.0000,0.000000,0.0000,0.0000,CSS-CH-ROY,,,33200,,0000025012,,,TRUE,9KDLMEFQS,1,067686
....................6,AMBIANCE..,0001819,2025/12/01,1.000,0.0000,0.0000,0.0000,0.0000,0.000000,0.0000,0.0000,CSS-CH-ROY,,,33200,,0000025012,,,TRUE,9KDLMEFQS,1,067686
....................7,CMD-GROUPE,0001772,2025/12/01,1.000,0.0000,0.0000,0.0000,0.0000,0.000000,0.0000,0.0000,ENERCYCLE-,,,33200,,0000025010,,,FALSE,UF07PR59E,1,
,PLOMB-ENER,0001906,2025/12/02,0.000,12105.0000,605.2500,1207.4738,12105.0000,0.000000,0.0000,12105.0000,GESTION-FR,,,33500,15401,0000025015,,,TRUE,8OTS8DLB0,1,067592
....................8,PLOMB-ENER,0001906,2025/12/02,1.000,0.0000,0.0000,0.0000,0.0000,0.000000,0.0000,0.0000,GESTION-FR,,,33200,,0000025015,,,TRUE,8OTS8DLB0,1,067592
....................9,PLOMB-ENER,0001906,2025/12/02,1.000,0.0000,0.0000,0.0000,0.0000,0.000000,0.0000,0.0000,GESTION-FR,,,33200,,0000025015,,,TRUE,8OTS8DLB0,1,067592
,COUVRE-PLA,0001698,2025/12/03,0.000,2935.6300,146.7815,292.8291,2935.6300,0.000000,0.0000,2935.6300,HABITAT-ME,,,33500,09600,0000025005,,,TRUE,FNLACNDJJ,1,067671
,FRANCO----,0001748,2025/12/03,0.000,11485.1300,574.2565,1145.6417,11485.1300,0.000000,0.0000,11485.1300,HABITAT-ME,,,33500,07000,0000025005,,,TRUE,0S72JAR6M,1,067697
....................3,FRANCO----,0001748,2025/12/03,1.000,0.0000,0.0000,0.0000,0.0000,0.000000,0.0000,0.0000,HABITAT-ME,,,33200,,0000025005,,,TRUE,0S72JAR6M,1,067697
....................4,FRANCO----,0001748,2025/12/03,1.000,0.0000,0.0000,0.0000,0.0000,0.000000,0.0000,0.0000,HABITAT-ME,,,33200,,0000025005,,,TRUE,0S72JAR6M,1,067697
,COUVRE-PLA,0001699,2025/12/05,0.000,13693.1300,684.6565,1365.8897,13693.1300,0.000000,0.0000,13693.1300,HABITAT-ME,,,33500,09600,0000025005,,,TRUE,VSY7KBEYW,1,067669
,GAUTHIER--,0001948,2025/12/08,0.000,382.5000,19.1250,38.1544,382.5000,0.000000,0.0000,382.5000,GROUPE-FJH,,,33500,25001,0000025010,,,TRUE,22DZ8PEVR,1,067572
,BOULAY----,0001700,2025/12/08,0.000,5892.5000,294.6250,587.7769,5892.5000,0.000000,0.0000,5892.5000,HABITAT-ME,,,33500,05500,0000025005,,,TRUE,992HHYJH8,1,067648
,CUISIVERSI,0001898,2025/12/11,0.000,7540.0000,377.0000,752.1150,7540.0000,0.000000,0.0000,7540.0000,OFFICE-T-R,,,33200,06100,0000024020,,,TRUE,THTYK3T6B,1,067734
,MULTI-ENER,0001736,2025/12/13,0.000,4500.0000,225.0000,448.8750,4500.0000,0.000000,0.0000,4500.0000,HABITAT-ME,,,33500,15401,0000025005,,,TRUE,6FPVYLLSG,1,067672
,DROLET-SIM,0001962,2025/12/15,0.000,6958.0400,347.9020,694.0645,6958.0400,0.000000,0.0000,6958.0400,OMH-ST-CAS,,,33200,07460,0000025011,,,TRUE,W9WK9DI5G,1,067664
,VAL-MAURIC,0001769,2025/12/15,0.000,10514.5000,525.7250,1048.8214,10514.5000,0.000000,0.0000,10514.5000,ENERCYCLE-,,,33500,16000,0000025010,,,TRUE,G87HWCREH,1,067674
,AVALEX----,0001784,2025/12/15,0.000,3195.0000,159.7500,318.7013,3195.0000,0.000000,0.0000,3195.0000,,,,33500,09910,0000025011,,,TRUE,3ALLUKAKR,1,067899
,AVENORD---,0001966,2025/12/16,0.000,868.0100,43.4005,86.5840,868.0100,0.000000,0.0000,868.0100,OMH-ST-CAS,,,33200,06100,0000025011,,,TRUE,I8276CM4R,1,067689
,AMB-BOIS-S,0001355,2025/12/17,0.000,3464.8000,173.2400,345.6138,3464.8000,0.000000,0.0000,3464.8000,CONS-ATIKA,,,33200,05500,0000023020,,,TRUE,BX0IENSBA,1,067694
,AMB-BOIS-S,0001355,2025/12/17,0.000,49035.2000,2451.7600,4891.2612,49035.2000,0.000000,0.0000,49035.2000,CONS-ATIKA,,,33200,06180,0000023020,,,TRUE,BX0IENSBA,1,067694
,GAUTHIER--,0001803,2025/12/17,0.000,5832.0000,291.6000,581.7420,5832.0000,0.000000,0.0000,5832.0000,HABITAT-ME,,,33500,15001,0000025005,,,TRUE,S34GHV2OU,1,067701
,BOULAY----,0001751,2025/12/17,0.000,2500.0000,125.0000,249.3750,2500.0000,0.000000,0.0000,2500.0000,CONSEIL-AT,,,33200,05500,0000025007,,,TRUE,TMOAEM9HX,1,067702
,PEINT-DUPO,0001708,2025/12/17,0.000,11322.0000,566.1000,1129.3695,11322.0000,0.000000,0.0000,11322.0000,HABITAT-ME,,,33500,09910,0000025005,,,TRUE,H94VZIZXB,1,067703
,PEINT-DUPO,0001708,2025/12/17,0.000,2262.0000,113.1000,225.6345,2262.0000,0.000000,0.0000,2262.0000,HABITAT-ME,,,33500,09910,0000025005,,,TRUE,H94VZIZXB,1,067703
,BOULAY----,0001908,2025/12/17,0.000,23745.0000,1187.2500,2368.5638,23745.0000,0.000000,0.0000,23745.0000,,,,33500,05500,0000025016,,,TRUE,ZHAA5E7SE,1,067735
,COFF-BERGE,0001933,2025/12/17,0.000,20700.0000,1035.0000,2064.8250,20700.0000,0.000000,0.0000,20700.0000,GESTION-FR,,,33500,03000,0000025015,,,TRUE,LAPHG3H1D,1,067736
,ENT-MAXIME,0001747,2025/12/17,0.000,17145.1900,857.2595,1710.2327,17145.1900,0.000000,0.0000,17145.1900,CONSEIL-AT,,,33500,02315,0000025007,,,TRUE,3URPGL2FH,1,067808
,ENT-MAXIME,0001707,2025/12/17,0.000,10566.0800,528.3040,1053.9665,10566.0800,0.000000,0.0000,10566.0800,HABITAT-ME,,,33500,02000,0000025005,,,TRUE,4207ZILOE,1,067809
,COUVRE-PLA,0001961,2025/12/17,0.000,1332.6100,66.6305,132.9278,1332.6100,0.000000,0.0000,1332.6100,OMH-ST-CAS,,,33500,25001,0000025011,,,TRUE,EIL3N7BJ5,1,067850
....................8,COFF-BERGE,0001933,2025/12/17,1.000,0.0000,0.0000,0.0000,0.0000,0.000000,0.0000,0.0000,GESTION-FR,,,33200,,0000025015,,,TRUE,LAPHG3H1D,1,067736
....................9,COFF-BERGE,0001933,2025/12/17,1.000,0.0000,0.0000,0.0000,0.0000,0.000000,0.0000,0.0000,GESTION-FR,,,33200,,0000025015,,,TRUE,LAPHG3H1D,1,067736
,ENT-MAXIME,0001900,2025/12/18,0.000,52407.7500,2620.3875,5227.6731,52407.7500,0.000000,0.0000,52407.7500,GESTION-FR,,,33500,02315,0000025015,,,TRUE,93MLDVT6M,1,067749
,M-MILETTE-,0001923,2025/12/18,0.000,63286.6000,3164.3300,6312.8384,63286.6000,0.000000,0.0000,63286.6000,OMH-ST-CAS,,,33500,25001,0000025011,,,TRUE,JWQ5KHQ9X,1,067769
,LOC-T-RIV-,0001943,2025/12/18,0.000,929.7400,46.4870,92.7416,929.7400,0.000000,0.0000,929.7400,OMH-ST-CAS,,,33200,25001,0000025011,,,TRUE,7U7Z307O9,1,067771
,CBM-INDUST,0001798,2025/12/18,0.000,48122.0000,2406.1000,4800.1695,48122.0000,0.000000,0.0000,48122.0000,,,,33500,06400,0000025011,,,TRUE,LGAXAN6FG,1,067833
,CBM-INDUST,0001798,2025/12/18,0.000,725.0000,36.2500,72.3188,725.0000,0.000000,0.0000,725.0000,,,,33500,06400,0000025011,,,TRUE,CV4VWEXBJ,1,067835
,DROLET-SIM,0001975,2025/12/18,0.000,8810.6100,440.5305,878.8583,8810.6100,0.000000,0.0000,8810.6100,GESTION-FR,,,33200,07460,0000025015,,,TRUE,O2XAID8TJ,1,067839
,ARMATURESM,0001934,2025/12/18,0.000,19350.0000,967.5000,1930.1625,19350.0000,0.000000,0.0000,19350.0000,GESTION-FR,,,33500,03000,0000025015,,,TRUE,WXG7XSZH6,1,067901
....................8,ARMATURESM,0001934,2025/12/18,1.000,0.0000,0.0000,0.0000,0.0000,0.000000,0.0000,0.0000,GESTION-FR,,,33200,,0000025015,,,TRUE,WXG7XSZH6,1,067901
....................9,ARMATURESM,0001934,2025/12/18,1.000,0.0000,0.0000,0.0000,0.0000,0.000000,0.0000,0.0000,GESTION-FR,,,33200,,0000025015,,,TRUE,WXG7XSZH6,1,067901
,BARETTE-ST,0001715,2025/12/19,0.000,23667.0800,1183.3540,2360.7912,23667.0800,0.000000,0.0000,23667.0800,CONSEIL-AT,,,33200,06100,0000025007,,,TRUE,X2PA3T1CI,1,067806
,FEN-UNIQUE,0001717,2025/12/19,0.000,14908.6400,745.4320,1487.1368,14908.6400,0.000000,0.0000,14908.6400,CONSEIL-AT,,,33200,08000,0000025007,,,TRUE,BRXT5DHKU,1,067807
,SYS-MAURIC,0001787,2025/12/19,0.000,51880.0000,2594.0000,5175.0300,51880.0000,0.000000,0.0000,51880.0000,,,,33500,09200,0000025011,,,TRUE,3RE3VII53,1,067830
,SYS-MAURIC,0001909,2025/12/19,0.000,4267.0000,213.3500,425.6333,4267.0000,0.000000,0.0000,4267.0000,OMH-ST-CAS,,,33500,25001,0000025011,,,TRUE,Y02HJRMZ1,1,067831
,FORME-CONC,0001693,2025/12/19,0.000,45208.3400,2260.4170,4509.5319,45208.3400,0.000000,0.0000,45208.3400,HABITAT-ME,,,33500,06400,0000025005,,,TRUE,8F4TS5Y1S,1,067832
,VENT-CJM--,0001723,2025/12/19,0.000,55000.0000,2750.0000,5486.2500,55000.0000,0.000000,0.0000,55000.0000,CONSEIL-AT,,,33500,15001,0000025007,,,TRUE,WLOITE73C,1,067878
....................3,BARETTE-ST,0001715,2025/12/19,1.000,0.0000,0.0000,0.0000,0.0000,0.000000,0.0000,0.0000,CONSEIL-AT,,,33200,,0000025007,,,TRUE,X2PA3T1CI,1,067806
....................3,FEN-UNIQUE,0001717,2025/12/19,1.000,0.0000,0.0000,0.0000,0.0000,0.000000,0.0000,0.0000,CONSEIL-AT,,,33200,,0000025007,,,TRUE,BRXT5DHKU,1,067807
....................3,VENT-CJM--,0001723,2025/12/19,1.000,0.0000,0.0000,0.0000,0.0000,0.000000,0.0000,0.0000,CONSEIL-AT,,,33200,,0000025007,,,TRUE,WLOITE73C,1,067878
....................4,BARETTE-ST,0001715,2025/12/19,1.000,0.0000,0.0000,0.0000,0.0000,0.000000,0.0000,0.0000,CONSEIL-AT,,,33200,,0000025007,,,TRUE,X2PA3T1CI,1,067806
....................4,FEN-UNIQUE,0001717,2025/12/19,1.000,0.0000,0.0000,0.0000,0.0000,0.000000,0.0000,0.0000,CONSEIL-AT,,,33200,,0000025007,,,TRUE,BRXT5DHKU,1,067807
....................4,VENT-CJM--,0001723,2025/12/19,1.000,0.0000,0.0000,0.0000,0.0000,0.000000,0.0000,0.0000,CONSEIL-AT,,,33200,,0000025007,,,TRUE,WLOITE73C,1,067878
....................5,FEN-UNIQUE,0001717,2025/12/19,1.000,0.0000,0.0000,0.0000,0.0000,0.000000,0.0000,0.0000,CONSEIL-AT,,,33200,,0000025007,,,TRUE,BRXT5DHKU,1,067807
....................5,VENT-CJM--,0001723,2025/12/19,1.000,0.0000,0.0000,0.0000,0.0000,0.000000,0.0000,0.0000,CONSEIL-AT,,,33200,,0000025007,,,TRUE,WLOITE73C,1,067878
,GAUTHIER--,0001892,2025/12/20,0.000,167.1500,8.3575,16.6732,167.1500,0.000000,0.0000,167.1500,HABITAT-ME,,,33500,25001,0000025005,,,TRUE,GG3N6JYEL,1,067855
,GAUTHIER--,0001834,2025/12/20,0.000,536.7500,26.8375,53.5408,536.7500,0.000000,0.0000,536.7500,HABITAT-ME,,,33500,25001,0000025005,,,TRUE,JKWBD335R,1,067856
,GAUTHIER--,0001873,2025/12/20,0.000,103.5000,5.1750,10.3241,103.5000,0.000000,0.0000,103.5000,HABITAT-ME,,,33500,25001,0000025005,,,TRUE,IBPKJ7828,1,067857
,GAUTHIER--,0001803,2025/12/20,0.000,4320.0000,216.0000,430.9200,4320.0000,0.000000,0.0000,4320.0000,HABITAT-ME,,,33500,15001,0000025005,,,TRUE,3KHMYKDZV,1,067858
,GAUTHIER--,0001771,2025/12/20,0.000,4200.0000,210.0000,418.9500,4200.0000,0.000000,0.0000,4200.0000,ENERCYCLE-,,,33500,15700,0000025010,,,TRUE,R9EEHY2HC,1,067861
,GAUTHIER--,0001948,2025/12/20,0.000,42.5000,2.1250,4.2394,42.5000,0.000000,0.0000,42.5000,GROUPE-FJH,,,33500,25001,0000025010,,,TRUE,0C3DJZ8GJ,1,067862
,LOC-T-RIV-,0001944,2025/12/31,0.000,929.7400,46.4870,92.7416,929.7400,0.000000,0.0000,929.7400,,,,33200,25001,0000025011,,,TRUE,G1KW5S7FP,1,067921
,BEACON----,0001879,2025/12/31,0.000,463.2800,23.1640,46.2122,463.2800,0.000000,0.0000,463.2800,GROUPE-FJH,,,33200,07400,0000025010,,,TRUE,QMHQBG1NX,1,067922
,SCIAGE-ROB,0001926,2025/12/31,0.000,625.0000,31.2500,62.3438,625.0000,0.000000,0.0000,625.0000,OMH-ST-CAS,,,33500,25001,0000025011,,,TRUE,XQ9HHNTSA,1,067923
,F-DAIGLE--,0001687,2025/12/31,0.000,497.0000,24.8500,49.5758,497.0000,0.000000,0.0000,497.0000,CIUSSS-T-R,,,33200,25001,0000024015,,,TRUE,ZERMQIWB3,1,068121
,BEDCOLAB--,0001581,2025/12/31,0.000,1081.0000,54.0500,107.8298,1081.0000,0.000000,0.0000,1081.0000,CSS-CH-ROY,,,33200,25001,0000024014,,,TRUE,7YJDRMF5G,1,068155
,COUVRE-PLA,0001837,2025/12/31,0.000,766.5900,38.3295,76.4674,766.5900,0.000000,0.0000,766.5900,CSS-CH-ROY,,,33500,25001,0000024014,,,TRUE,DYB9B05BZ,1,068156
....................7,BARETTE-ST,0001778,2025/12/31,1.000,0.0000,0.0000,0.0000,0.0000,0.000000,0.0000,0.0000,ENERCYCLE-,,,33200,,0000025010,,,FALSE,EJVE1D3EW,1,
,CANDELA---,0001844,2026/01/01,0.000,360.0000,18.0000,35.9100,360.0000,0.000000,0.0000,360.0000,HABITAT-ME,,,33500,25001,0000025005,,,TRUE,H14FNF5OQ,1,068032
,CANDELA---,0001753,2026/01/01,0.000,39014.4200,1950.7210,3891.6884,39014.4200,0.000000,0.0000,39014.4200,HABITAT-ME,,,33500,08000,0000025005,,,TRUE,H6YRBSLAA,1,068054
,KB-ELECTRI,0001702,2026/01/01,0.000,3595.0000,179.7500,358.6013,3595.0000,0.000000,0.0000,3595.0000,HABITAT-ME,,,33500,16000,0000025005,,,TRUE,GD5LPG3KU,1,068055
,KB-ELECTRI,0001702,2026/01/01,0.000,15157.5600,757.8780,1511.9666,15157.5600,0.000000,0.0000,15157.5600,HABITAT-ME,,,33500,16000,0000025005,,,TRUE,I22D56ZZ3,1,068056
,J-GARCEAU-,0001822,2026/01/01,0.000,9600.0000,480.0000,957.6000,9600.0000,0.000000,0.0000,9600.0000,HABITAT-ME,,,33500,07460,0000025005,,,TRUE,KT5Q7O5RM,1,068059
,J-GARCEAU-,0001822,2026/01/01,0.000,4800.0000,240.0000,478.8000,4800.0000,0.000000,0.0000,4800.0000,HABITAT-ME,,,33500,07460,0000025005,,,TRUE,5I0C08XZK,1,068060
,F-DAIGLE--,0001560,2026/01/01,0.000,13540.0000,677.0000,1350.6150,13540.0000,0.000000,0.0000,13540.0000,SOC-DEV-SH,,,33200,25001,0000024004,,,TRUE,AZJP0NWFG,1,068173
,F-DAIGLE--,0001574,2026/01/01,0.000,173.0000,8.6500,17.2568,173.0000,0.000000,0.0000,173.0000,SOC-DEV-SH,,,33200,25001,0000024021,,,TRUE,WCQPZU4GY,1,068174
,NOUVEL-HOR,0001674,2026/01/01,0.000,78.0000,3.9000,7.7805,78.0000,0.000000,0.0000,78.0000,SOC-DEV-SH,,,33200,08000,0000024025,,,TRUE,A9XNNBLNP,1,068175
,D-DIONNE--,0001612,2026/01/01,0.000,261.3600,13.0680,26.0707,261.3600,0.000000,0.0000,261.3600,RICHARD-DA,,,33500,09600,0000024024,,,TRUE,69H21NJWO,1,068176
,ADAPTATION,0001639,2026/01/01,0.000,300.0000,15.0000,29.9250,300.0000,0.000000,0.0000,300.0000,RICHARD-DA,,,33200,10820,0000024024,,,TRUE,WRCCPC4TW,1,068177
,RAYMOND-AR,0001865,2026/01/01,0.000,1.0000,0.0500,0.0998,1.0000,0.000000,0.0000,1.0000,GROUPE-FJH,,,33200,08000,0000025010,,,TRUE,EI48EERP5,1,068178
,ISOL-SG---,0001685,2026/01/01,0.000,800.0000,40.0000,79.8000,800.0000,0.000000,0.0000,800.0000,SOC-DEV-SH,,,33500,25001,0000024025,,,TRUE,E6TW97M9Q,1,068179
,FRANSYL...,0001810,2026/01/01,0.000,1.0000,0.0500,0.0998,1.0000,0.000000,0.0000,1.0000,GROUPE-FJH,,,33200,07000,0000025010,,,TRUE,2BO0LN5JX,1,068239
,RAYMOND-AR,0001768,2026/01/01,0.000,0.3000,0.0150,0.0299,0.3000,0.000000,0.0000,0.3000,ENERCYCLE-,,,33200,08000,0000025010,,,TRUE,LCSICJO4F,1,068240
,FRANSYL...,0001808,2026/01/01,0.000,285.0000,14.2500,28.4288,285.0000,0.000000,0.0000,285.0000,GROUPE-FJH,,,33200,07000,0000025010,,,TRUE,G08TTZ627,1,068241
,FRANSYL...,0001808,2026/01/01,0.000,35.0000,1.7500,3.4913,35.0000,0.000000,0.0000,35.0000,GROUPE-FJH,,,33200,07000,0000025010,,,TRUE,G08TTZ627,1,068241
,PLOMB-MTCA,0001947,2026/01/01,0.000,254.5300,12.7265,25.3894,254.5300,0.000000,0.0000,254.5300,GROUPE-FJH,,,33500,25001,0000025010,,,TRUE,OEFRANR9U,1,068242
,COMETAL---,0001776,2026/01/01,0.000,155.0000,7.7500,15.4613,155.0000,0.000000,0.0000,155.0000,ENERCYCLE-,,,33200,10000,0000025010,,,TRUE,V682AYNJY,1,068243
....................3,CANDELA---,0001753,2026/01/01,1.000,0.0000,0.0000,0.0000,0.0000,0.000000,0.0000,0.0000,HABITAT-ME,,,33200,,0000025005,,,TRUE,H6YRBSLAA,1,068054
....................4,CANDELA---,0001753,2026/01/01,1.000,0.0000,0.0000,0.0000,0.0000,0.000000,0.0000,0.0000,HABITAT-ME,,,33200,,0000025005,,,TRUE,H6YRBSLAA,1,068054
....................5,CANDELA---,0001753,2026/01/01,1.000,0.0000,0.0000,0.0000,0.0000,0.000000,0.0000,0.0000,HABITAT-ME,,,33200,,0000025005,,,TRUE,H6YRBSLAA,1,068054
....................7,LAMPRON-BR,0001763,2026/01/01,1.000,0.0000,0.0000,0.0000,0.0000,0.000000,0.0000,0.0000,ENERCYCLE-,,,33200,,0000025010,,,FALSE,OBUF558VM,1,
....................7,ISOL-ARCTI,0001765,2026/01/01,1.000,0.0000,0.0000,0.0000,0.0000,0.000000,0.0000,0.0000,ENERCYCLE-,,,33200,,0000025010,,,FALSE,BKCX3DUAT,1,
,RCM-MODULA,0001903,2026/01/20,0.000,13437.5000,671.8750,1340.3906,13437.5000,0.000000,0.0000,13437.5000,GESTION-FR,,,33500,06400,0000025015,,,TRUE,R053IOJRK,1,067929
,RCM-MODULA,0001903,2026/01/20,0.000,13437.5000,671.8750,1340.3906,13437.5000,0.000000,0.0000,13437.5000,GESTION-FR,,,33500,06400,0000025015,,,TRUE,5VFULQ5B4,1,068071
....................8,RCM-MODULA,0001903,2026/01/20,1.000,0.0000,0.0000,0.0000,0.0000,0.000000,0.0000,0.0000,GESTION-FR,,,33200,,0000025015,,,TRUE,R053IOJRK,1,067929
....................9,RCM-MODULA,0001903,2026/01/20,1.000,0.0000,0.0000,0.0000,0.0000,0.000000,0.0000,0.0000,GESTION-FR,,,33200,,0000025015,,,TRUE,R053IOJRK,1,067929
,BOULAY----,0001908,2026/01/21,0.000,1287.0000,64.3500,128.3783,1287.0000,0.000000,0.0000,1287.0000,,,,33500,05500,0000025016,,,TRUE,VEGREB0OO,1,067968
,MULTI-ENER,0001377,2026/01/22,0.000,1400.0000,70.0000,139.6500,1400.0000,0.000000,0.0000,1400.0000,SOC-IMMOBI,,,33500,15950,0000023025,,,TRUE,ATTJP524P,1,067965
,VENT-CJM--,0001972,2026/01/23,0.000,2887.5000,144.3750,288.0281,2887.5000,0.000000,0.0000,2887.5000,CONSEIL-AT,,,33500,25001,0000025007,,,TRUE,O7JKMC0QT,1,068052
,COFF-BERGE,0001933,2026/01/23,0.000,3450.0000,172.5000,344.1375,3450.0000,0.000000,0.0000,3450.0000,GESTION-FR,,,33500,03000,0000025015,,,TRUE,6MDCHQB7C,1,068074
,PLOMB-MTCA,0001917,2026/01/25,0.000,621.0000,31.0500,61.9448,621.0000,0.000000,0.0000,621.0000,CSS-CH-ROY,,,33500,25001,0000025012,,,TRUE,5RC9I40OZ,1,068011
,PLOMB-MTCA,0001954,2026/01/25,0.000,12366.3200,618.3160,1233.5404,12366.3200,0.000000,0.0000,12366.3200,OMH-ST-CAS,,,33500,25001,0000025011,,,TRUE,2ZYHNU8TQ,1,068016
,PLOMB-MTCA,0001953,2026/01/25,0.000,2008.5600,100.4280,200.3539,2008.5600,0.000000,0.0000,2008.5600,OMH-ST-CAS,,,33500,25001,0000025011,,,TRUE,MK0OOIO31,1,068017
,PLOMB-MTCA,0001952,2026/01/25,0.000,5408.9200,270.4460,539.5398,5408.9200,0.000000,0.0000,5408.9200,OMH-ST-CAS,,,33500,25001,0000025011,,,TRUE,Q48CCXR0N,1,068018
,PLOMB-MTCA,0001788,2026/01/25,0.000,19486.2000,974.3100,1943.7485,19486.2000,0.000000,0.0000,19486.2000,,,,33500,15401,0000025011,,,TRUE,VRH9YIM0N,1,068019
,SYS-MAURIC,0001941,2026/01/25,0.000,485.0000,24.2500,48.3788,485.0000,0.000000,0.0000,485.0000,HABITAT-ME,,,33500,25001,0000025005,,,TRUE,XYPH8NMAK,1,068069
,SYS-MAURIC,0001985,2026/01/25,0.000,149.0000,7.4500,14.8628,149.0000,0.000000,0.0000,149.0000,HABITAT-ME,,,33500,25001,0000025005,,,TRUE,ZBCQUGJU8,1,068070
,ENT-MAXIME,0001900,2026/01/26,0.000,5823.0800,291.1540,580.8522,5823.0800,0.000000,0.0000,5823.0800,GESTION-FR,,,33500,02315,0000025015,,,TRUE,7VXL5LY4O,1,068050
,ENT-MAXIME,0001990,2026/01/26,0.000,-1830.1000,-91.5050,-182.5525,-1830.1000,0.000000,0.0000,-1830.1000,CONSEIL-AT,,,33500,25001,0000025007,,,TRUE,HNREHEWEL,1,068053
,BARETTE-ST,0001715,2026/01/28,0.000,21588.0000,1079.4000,2153.4030,21588.0000,0.000000,0.0000,21588.0000,CONSEIL-AT,,,33200,06100,0000025007,,,TRUE,KYJJQ418O,1,068051
,ARTDEMOLIT,0001986,2026/01/28,0.000,509.3600,25.4680,50.8087,509.3600,0.000000,0.0000,509.3600,HABITAT-ME,,,33500,25001,0000025005,,,TRUE,X4GXXGGFB,1,068073
....................5,BARETTE-ST,0001715,2026/01/28,1.000,0.0000,0.0000,0.0000,0.0000,0.000000,0.0000,0.0000,CONSEIL-AT,,,33200,,0000025007,,,TRUE,KYJJQ418O,1,068051
,RGF-------,0001987,2026/01/31,0.000,462.6200,23.1310,46.1463,462.6200,0.000000,0.0000,462.6200,CSS-CH-ROY,,,33500,25001,0000024014,,,TRUE,QNDKDFUUJ,1,068076
,MULTI-ENER,0001835,2026/02/01,0.000,2735.7300,136.7865,272.8891,2735.7300,0.000000,0.0000,2735.7300,HABITAT-ME,,,33500,25001,0000025005,,,TRUE,8PEYXS1JS,1,068252
,MULTI-ENER,0001833,2026/02/01,0.000,607.8900,30.3945,60.6370,607.8900,0.000000,0.0000,607.8900,HABITAT-ME,,,33500,25001,0000025005,,,TRUE,M6GWYIXSH,1,068253
,METAL-LAMI,0001860,2026/02/01,0.000,2213.8700,110.6935,220.8335,2213.8700,0.000000,0.0000,2213.8700,HABITAT-ME,,,33200,07460,0000025005,,,TRUE,Y9HTR4C6Y,1,068254
,COMETAL---,0001752,2026/02/01,0.000,790.0000,39.5000,78.8025,790.0000,0.000000,0.0000,790.0000,CONSEIL-AT,,,33200,10000,0000025007,,,TRUE,13QJXYB1G,1,068255
,CANAC-----,0001801,2026/02/01,0.000,8051.2700,402.5635,803.1142,8051.2700,0.000000,0.0000,8051.2700,,,,33500,06200,0000025011,,,TRUE,DK4QU1MRM,1,068256
,SERRUPRO--,0001946,2026/02/01,0.000,605.0600,30.2530,60.3547,605.0600,0.000000,0.0000,605.0600,HABITAT-ME,,,33500,25001,0000025005,,,TRUE,EQIDHGD40,1,068257
....................3,CANAC-----,0001801,2026/02/01,1.000,0.0000,0.0000,0.0000,0.0000,0.000000,0.0000,0.0000,,,,33200,,0000025011,,,TRUE,DK4QU1MRM,1,068256
....................5,COMETAL---,0001746,2026/02/01,1.000,0.0000,0.0000,0.0000,0.0000,0.000000,0.0000,0.0000,CONSEIL-AT,,,33200,,0000025007,,,FALSE,LKQDY8LWN,1,
....................5,ARMECO----,0001731,2026/02/01,1.000,0.0000,0.0000,0.0000,0.0000,0.000000,0.0000,0.0000,CONSEIL-AT,,,33200,,0000025007,,,FALSE,OUBWFVUA7,1,
....................8,CANAC-----,0001801,2026/02/01,1.000,0.0000,0.0000,0.0000,0.0000,0.000000,0.0000,0.0000,,,,33200,,0000025011,,,TRUE,DK4QU1MRM,1,068256
,BARETTE-ST,0001715,2026/02/06,0.000,6001.6600,300.0830,598.6656,6001.6600,0.000000,0.0000,6001.6600,CONSEIL-AT,,,33200,06100,0000025007,,,TRUE,DN6OYX3BA,1,068109
,ENT-MAXIME,0001825,2026/02/10,0.000,40016.7300,2000.8365,3991.6688,40016.7300,0.000000,0.0000,40016.7300,CSS-CH-ROY,,,33500,02000,0000025012,,,TRUE,41HMWPD5M,1,068114
,ENT-MAXIME,0001846,2026/02/10,0.000,812.9600,40.6480,81.0928,812.9600,0.000000,0.0000,812.9600,CSS-CH-ROY,,,33500,25001,0000025012,,,TRUE,DU3LLKZQA,1,068115
,RCM-MODULA,0001718,2026/02/12,0.000,14540.6800,727.0340,1450.4328,14540.6800,0.000000,0.0000,14540.6800,CONSEIL-AT,,,33500,06400,0000025007,,,TRUE,KHX97PW18,1,068187
,REGULVAR--,0001817,2026/02/18,0.000,1898.0000,94.9000,189.3255,1898.0000,0.000000,0.0000,1898.0000,CSS-CH-ROY,,,33500,15935,0000025012,,,TRUE,DPZVXXWKW,1,068188
,BARETTE-ST,0001715,2026/02/18,0.000,826.3500,41.3175,82.4284,826.3500,0.000000,0.0000,826.3500,CONSEIL-AT,,,33200,06100,0000025007,,,TRUE,84ZVXTQM2,1,068207
,TC-DEMOLIT,0001973,2026/02/18,0.000,4399.2000,219.9600,438.8202,4399.2000,0.000000,0.0000,4399.2000,OMH-ST-CAS,,,33500,25001,0000025011,,,TRUE,6DBMI38OF,1,068222
,BARETTE-ST,0001968,2026/02/18,0.000,25954.0700,1297.7035,2588.9185,25954.0700,0.000000,0.0000,25954.0700,GESTION-FR,,,33500,07500,0000025015,,,TRUE,UXJV870VD,1,068235
,PLOMB-MTCA,0002003,2026/02/18,0.000,340.4000,17.0200,33.9549,340.4000,0.000000,0.0000,340.4000,GROUPE-FJH,,,33500,25001,0000025010,,,TRUE,QFCY3N4IS,1,068402
,CONST-BEAU,0001974,2026/02/19,0.000,3357.8500,167.8925,334.9455,3357.8500,0.000000,0.0000,3357.8500,OMH-ST-CAS,,,33500,25001,0000025011,,,TRUE,4PYQD9NS7,1,068267
,CONST-BEAU,0001928,2026/02/19,0.000,2946.7500,147.3375,293.9383,2946.7500,0.000000,0.0000,2946.7500,OMH-ST-CAS,,,33500,25001,0000025011,,,TRUE,7IAYYVI76,1,068268
,MAX-SIM-EL,0001963,2026/02/24,0.000,470.6000,23.5300,46.9424,470.6000,0.000000,0.0000,470.6000,OMH-ST-CAS,,,33500,25001,0000025011,,,TRUE,KQJCAHG6L,1,068223
,MAX-SIM-EL,0001786,2026/02/24,0.000,51504.5600,2575.2280,5137.5799,51504.5600,0.000000,0.0000,51504.5600,,,,33500,16000,0000025011,,,TRUE,Y7SBAX7C9,1,068224
,MAX-SIM-EL,0001854,2026/02/24,0.000,-29931.6700,-1496.5835,-2985.6841,-29931.6700,0.000000,0.0000,-29931.6700,OMH-ST-CAS,,,33500,25001,0000025011,,,TRUE,UXD5TZQGL,1,068225
,MAX-SIM-EL,0001854,2026/02/24,0.000,-1272.3800,-63.6190,-126.9199,-1272.3800,0.000000,0.0000,-1272.3800,OMH-ST-CAS,,,33500,25001,0000025011,,,TRUE,UXD5TZQGL,1,068225
,MAX-SIM-EL,0001854,2026/02/24,0.000,1736.4900,86.8245,173.2149,1736.4900,0.000000,0.0000,1736.4900,OMH-ST-CAS,,,33500,25001,0000025011,,,TRUE,UXD5TZQGL,1,068225
,MAX-SIM-EL,0001869,2026/02/24,0.000,1937.6500,96.8825,193.2806,1937.6500,0.000000,0.0000,1937.6500,OMH-ST-CAS,,,33500,25001,0000025011,,,TRUE,2BL8FZYIX,1,068226
,BARETTE-ST,0001902,2026/02/24,0.000,613.5100,30.6755,61.1976,613.5100,0.000000,0.0000,613.5100,GESTION-FR,,,33500,07500,0000025015,,,TRUE,0ZRQODLHH,1,068236
,BARETTE-ST,0001902,2026/02/24,0.000,13161.4900,658.0745,1312.8586,13161.4900,0.000000,0.0000,13161.4900,GESTION-FR,,,33500,07500,0000025015,,,TRUE,38Z9T9Y1E,1,068283
,MACON-G-BI,0001719,2026/02/24,0.000,80162.9000,4008.1450,7996.2493,80162.9000,0.000000,0.0000,80162.9000,CONSEIL-AT,,,33500,04000,0000025007,,,TRUE,A0NSLLQGL,1,068302
....................3,MACON-G-BI,0001719,2026/02/24,1.000,0.0000,0.0000,0.0000,0.0000,0.000000,0.0000,0.0000,CONSEIL-AT,,,33200,,0000025007,,,TRUE,A0NSLLQGL,1,068302
....................4,MACON-G-BI,0001719,2026/02/24,1.000,0.0000,0.0000,0.0000,0.0000,0.000000,0.0000,0.0000,CONSEIL-AT,,,33200,,0000025007,,,TRUE,A0NSLLQGL,1,068302
....................8,BARETTE-ST,0001902,2026/02/24,1.000,0.0000,0.0000,0.0000,0.0000,0.000000,0.0000,0.0000,GESTION-FR,,,33200,,0000025015,,,TRUE,0ZRQODLHH,1,068236
....................9,BARETTE-ST,0001902,2026/02/24,1.000,0.0000,0.0000,0.0000,0.0000,0.000000,0.0000,0.0000,GESTION-FR,,,33200,,0000025015,,,TRUE,0ZRQODLHH,1,068236
,MULTI-ENER,0001979,2026/02/25,0.000,4401.0000,220.0500,438.9998,4401.0000,0.000000,0.0000,4401.0000,CSS-CH-ROY,,,33500,15900,0000025019,,,TRUE,R7S0YLRK5,1,068278
....................3,MULTI-ENER,0001979,2026/02/25,1.000,0.0000,0.0000,0.0000,0.0000,0.000000,0.0000,0.0000,CSS-CH-ROY,,,33200,,0000025019,,,TRUE,R7S0YLRK5,1,068278
....................6,MULTI-ENER,0001979,2026/02/25,1.000,0.0000,0.0000,0.0000,0.0000,0.000000,0.0000,0.0000,CSS-CH-ROY,,,33200,,0000025019,,,TRUE,R7S0YLRK5,1,068278
,BOULAY----,0001745,2026/02/26,0.000,5552.0000,277.6000,553.8120,5552.0000,0.000000,0.0000,5552.0000,CONSEIL-AT,,,33500,05500,0000025007,,,TRUE,8E3G8Q5NF,1,068280
,BARETTE-ST,0001715,2026/02/27,0.000,2318.6400,115.9320,231.2843,2318.6400,0.000000,0.0000,2318.6400,CONSEIL-AT,,,33200,06100,0000025007,,,TRUE,YZLY7N5TA,1,068279
,PEINT-DUPO,0001492,2026/02/27,0.000,20204.0000,1010.2000,2015.3490,20204.0000,0.000000,0.0000,20204.0000,CSS-CH-ROY,,,33500,09910,0000024014,,,TRUE,QPZC877A4,1,068403
,SIDE-ACOUS,0001721,2026/02/28,0.000,29000.0000,1450.0000,2892.7500,29000.0000,0.000000,0.0000,29000.0000,CONSEIL-AT,,,33500,09200,0000025007,,,TRUE,KWA5IHTGM,1,068317
....................3,SIDE-ACOUS,0001721,2026/02/28,1.000,0.0000,0.0000,0.0000,0.0000,0.000000,0.0000,0.0000,CONSEIL-AT,,,33200,,0000025007,,,TRUE,KWA5IHTGM,1,068317
....................4,SIDE-ACOUS,0001721,2026/02/28,1.000,0.0000,0.0000,0.0000,0.0000,0.000000,0.0000,0.0000,CONSEIL-AT,,,33200,,0000025007,,,TRUE,KWA5IHTGM,1,068317
,METAL-LAMI,0001861,2026/03/01,0.000,789.1800,39.4590,78.7207,789.1800,0.000000,0.0000,789.1800,HABITAT-ME,,,33200,25001,0000025005,,,TRUE,NXBJ248PS,1,068449
,ARMECO----,0001889,2026/03/01,0.000,130.0000,6.5000,12.9675,130.0000,0.000000,0.0000,130.0000,HABITAT-ME,,,33200,10000,0000025005,,,TRUE,7N6I5T1LJ,1,068450
,BOULAY----,0002002,2026/03/01,0.000,374.7500,18.7375,37.3813,374.7500,0.000000,0.0000,374.7500,CONSEIL-AT,,,33200,25001,0000025007,,,TRUE,AVF7PF68T,1,068451
,MAC-FG----,0001924,2026/03/01,0.000,1750.0000,87.5000,174.5625,1750.0000,0.000000,0.0000,1750.0000,OMH-ST-CAS,,,33500,25011,0000025011,,,TRUE,8W3FU30SG,1,068452
,GAUTHIER--,0001873,2026/03/01,0.000,1035.0000,51.7500,103.2413,1035.0000,0.000000,0.0000,1035.0000,HABITAT-ME,,,33500,25001,0000025005,,,TRUE,AETCMZ0I1,1,068453
,GAUTHIER--,0001834,2026/03/01,0.000,5367.5000,268.3750,535.4081,5367.5000,0.000000,0.0000,5367.5000,HABITAT-ME,,,33500,25001,0000025005,,,TRUE,LO5F66Q8B,1,068454
,VAL-MAURIC,0002010,2026/03/09,0.000,4002.0000,200.1000,399.1995,4002.0000,0.000000,0.0000,4002.0000,SOC-IMMOBI,,,33500,25001,0000023025,,,TRUE,GLRNP11K1,1,068318
,COUVRE-PLA,0001863,2026/03/10,0.000,6371.6000,318.5800,635.5671,6371.6000,0.000000,0.0000,6371.6000,CSS-CH-ROY,,,33500,25001,0000024014,,,TRUE,MTZUGZILD,1,068359
,COUVRE-PLA,0002008,2026/03/10,0.000,3503.4300,175.1715,349.4671,3503.4300,0.000000,0.0000,3503.4300,CSS-CH-ROY,,,33500,25001,0000024014,,,TRUE,IXQ3T200D,1,068360
,BOULAY----,0001745,2026/03/10,0.000,1500.0000,75.0000,149.6250,1500.0000,0.000000,0.0000,1500.0000,CONSEIL-AT,,,33500,05500,0000025007,,,TRUE,P3GLRLM6L,1,068386
,DROLET-SIM,0001962,2026/03/16,0.000,19705.8300,985.2915,1965.6565,19705.8300,0.000000,0.0000,19705.8300,OMH-ST-CAS,,,33200,07460,0000025011,,,TRUE,OFK3H70RJ,1,068394
,AVENORD---,0001966,2026/03/16,0.000,4867.3600,243.3680,485.5192,4867.3600,0.000000,0.0000,4867.3600,OMH-ST-CAS,,,33200,06100,0000025011,,,TRUE,UQQX40EIQ,1,068395
,BARETTE-ST,0001715,2026/03/16,0.000,733.2400,36.6620,73.1407,733.2400,0.000000,0.0000,733.2400,CONSEIL-AT,,,33200,06100,0000025007,,,TRUE,IU1L39OEP,1,068489
,ISOL-FLAMC,0001489,2026/03/18,0.000,58170.0000,2908.5000,5802.4575,58170.0000,0.000000,0.0000,58170.0000,CSS-CH-ROY,,,33500,15260,0000024014,,,TRUE,H8PPZ8DDZ,1,068405
,M-MILETTE-,0001949,2026/03/20,0.000,63286.6000,3164.3300,6312.8384,63286.6000,0.000000,0.0000,63286.6000,OMH-ST-CAS,,,33500,25001,0000025011,,,TRUE,BIW70TAWD,1,068518
,MAISONNEUV,0001586,2026/03/26,0.000,299126.8100,14956.3405,29837.8993,299126.8100,0.000000,0.0000,299126.8100,OFFICE-T-R,,,33200,08000,0000024020,,,TRUE,UCG2UL5FI,1,068487
,BARETTE-ST,0001715,2026/03/26,0.000,15688.5800,784.4290,1564.9359,15688.5800,0.000000,0.0000,15688.5800,CONSEIL-AT,,,33200,06100,0000025007,,,TRUE,NTIWL91DT,1,068490
,RAMPE-MAUR,0001976,2026/03/30,0.000,24353.1200,1217.6560,2429.2237,24353.1200,0.000000,0.0000,24353.1200,GESTION-FR,,,33500,06100,0000025015,,,TRUE,1YD58MGJ9,1,068458