Numéro de projet,Code d'activité,Pourcentage de profit,Dépense à venir,Facturé à date
0000003001,07400,450.05,0.00,0.00
0000003002,07400,264.03,0.00,0.00
0000003003,01800,347.17,0.00,0.00
0000003005,00000,0.00,0.00,75404.75
0000003005,02315,1772.94,0.00,0.00
0000003006,01800,10.86,0.00,0.00
0000003007,00100,0.00,0.00,15000.00
0000003007,00401,0.00,0.00,16601.80
0000003007,02315,0.00,0.00,145000.00
0000003007,02450,0.00,0.00,72000.00
0000003007,05120,0.00,0.00,89000.00
0000003007,06100,0.00,0.00,54000.00
0000003007,06400,0.00,0.00,19000.00
0000003007,07460,0.00,0.00,66500.00
0000003007,07520,0.00,0.00,63800.00
0000003007,08100,0.00,0.00,45000.00
0000003007,08520,0.00,0.00,53000.00
0000003007,09200,0.00,0.00,50000.00
0000003007,09600,0.00,0.00,32500.00
0000003007,09900,0.00,0.00,9000.00
0000003007,10350,0.00,0.00,4755.00
0000003007,10650,0.00,0.00,8500.00
0000003007,15001,0.00,0.00,163200.00
0000003007,15401,0.00,0.00,23500.00
0000003007,16000,0.00,0.00,92100.00
0000003007,25001,0.00,0.00,1026.00
0000003007,25002,0.00,0.00,806.20
0000003007,25003,0.00,0.00,3396.60
0000003007,25004,0.00,0.00,106.92
0000003007,25005,0.00,0.00,2548.80
0000003007,25006,0.00,0.00,1095.60
0000003007,25007,0.00,0.00,866.60
0000003007,25008,0.00,0.00,248.40
0000003007,25009,0.00,0.00,389.88
0000003007,25010,0.00,0.00,1090.80
0000003007,25011,0.00,0.00,-9568.00
0000003007,25012,0.00,0.00,2526.81
0000003007,25013,0.00,0.00,2017.99
0000003007,25014,0.00,0.00,126.48
0000003007,25016,0.00,0.00,-4698.44
0000003007,25017,0.00,0.00,603.20
0000003007,25018,0.00,0.00,815.40
0000003007,99999,0.00,0.00,5500.00
0000003010,00000,0.00,0.00,3428.00
0000003011,00000,0.00,0.00,280632.86
0000003011,06100,0.00,0.00,-481.84
0000003012,00000,0.00,0.00,5129.32
0000003014,00000,0.00,0.00,7644.07
0000003015,00000,0.00,0.00,19980.00
0000003016,02120,34.92,0.00,0.00
0000003017,00000,0.00,0.00,2305.50
0000003018,00000,0.12,0.00,5471.50
0000003019,00000,0.00,0.00,5310.00
0000003020,00400,5231.05,0.00,23231.05
0000003020,00401,0.00,0.00,3226.00
0000003020,02220,0.00,0.00,10323.20
0000003020,06100,0.00,0.00,1290.40
0000003020,07310,0.00,0.00,8387.60
0000003020,07460,0.00,0.00,45164.00
0000003020,08500,0.00,0.00,19356.00
0000003020,09000,0.00,0.00,3871.20
0000003020,09900,0.00,0.00,1935.60
0000003020,25001,0.00,0.00,10858.66
0000003021,00000,0.00,0.00,3530.00
0000003021,07400,453.50,0.00,0.00
0000003022,00000,0.00,0.00,57548.95
0000003022,15400,497.32,0.00,0.00
0000003023,00000,0.00,0.00,3260.00
0000003024,00401,0.00,0.00,2007.73
0000003024,01800,15.43,0.00,265.43
0000003024,02220,0.00,0.00,4226.80
0000003024,02800,0.00,0.00,2007.73
0000003024,05500,0.00,0.00,31829.92
0000003024,06100,0.00,0.00,25720.08
0000003024,08700,0.00,0.00,11563.47
0000003024,13000,0.00,0.00,45358.85
0000003025,00401,0.00,0.00,1546.02
0000003025,01800,55.25,0.00,580.25
0000003025,02220,0.00,0.00,4969.35
0000003025,03300,0.00,0.00,1043.56
0000003025,04000,0.00,0.00,5400.03
0000003025,05100,0.00,0.00,5041.13
0000003025,05500,0.00,0.00,9000.05
0000003025,06100,0.00,0.00,3127.38
0000003025,07100,0.00,0.00,1739.27
0000003025,07400,0.00,0.00,1325.16
0000003025,08100,0.00,0.00,5002.48
0000003025,09250,0.00,0.00,7610.84
0000003025,09500,0.00,0.00,2650.32
0000003025,09650,0.00,0.00,1766.88
0000003025,09900,0.00,0.00,3583.45
0000003025,15400,0.00,0.00,8171.82
0000003025,16000,0.00,0.00,3423.33
0000003025,25001,85.61,0.00,905.11
0000003025,25002,94.82,0.00,1003.88
0000003025,25003,0.00,0.00,136.97
0000003026,00400,5111.18,0.00,69000.07
0000003026,02220,0.00,0.00,22175.00
0000003026,06100,0.00,0.00,13000.00
0000003026,07000,0.00,0.00,44762.79
0000003026,07400,0.00,0.00,89875.00
0000003026,08000,0.00,0.00,22000.00
0000003026,25001,0.00,0.00,281.46
0000003026,25002,0.00,0.00,108.00
0000003026,25003,0.00,0.00,532.92
0000003026,25004,0.00,0.00,1611.27
0000003026,25005,0.00,0.00,504.46
0000003026,25006,0.00,0.00,60.00
0000003027,00400,0.00,0.00,7000.00
0000003027,02220,0.00,0.00,2730.00
0000003027,05100,0.00,0.00,11831.00
0000003027,05500,0.00,0.00,500.00
0000003027,06100,0.00,0.00,7195.00
0000003027,07210,0.00,0.00,400.00
0000003027,07460,0.00,0.00,6300.00
0000003027,08000,0.00,0.00,3210.00
0000003027,09200,0.00,0.00,3700.00
0000003027,09600,0.00,0.00,675.00
0000003027,09910,0.00,0.00,450.00
0000003027,12000,0.00,0.00,3995.00
0000003027,15000,0.00,0.00,14120.00
0000003027,16000,0.00,0.00,3665.00
0000003027,25001,0.00,0.00,-10285.00
0000003027,25002,0.00,0.00,-870.00
0000003027,25003,0.00,0.00,-265.40
0000003027,25004,0.00,0.00,296.18
0000003027,25005,0.00,0.00,86.40
0000003027,25006,0.00,0.00,958.56
0000003027,25007,0.00,0.00,-1980.00
0000003028,00400,0.00,0.00,42229.00
0000003028,02220,0.00,0.00,10625.00
0000003028,02450,0.00,0.00,18910.00
0000003028,06100,0.00,0.00,70350.00
0000003028,07330,0.00,0.00,8750.00
0000003028,07460,0.00,0.00,22200.00
0000003028,08000,0.00,0.00,41240.00
0000003028,09200,0.00,0.00,22015.00
0000003028,09600,0.00,0.00,18500.00
0000003028,09900,0.00,0.00,9850.00
0000003028,12400,0.00,0.00,63990.00
0000003028,15001,0.00,0.00,28000.00
0000003028,15401,0.00,0.00,36600.00
0000003028,16000,0.00,0.00,49025.00
0000003028,25001,0.00,0.00,-105728.00
0000003028,25002,0.00,0.00,2447.60
0000003028,25003,0.00,0.00,900.00
0000003028,25004,0.00,0.00,8006.00
0000003028,25005,0.00,0.00,562.60
0000003028,25006,0.00,0.00,-800.00
0000004001,00000,0.00,0.00,23861.00
0000004002,00000,0.00,0.00,10183.15
0000004002,06100,50.08,0.00,0.00
0000004003,00000,0.00,0.00,1176.50
0000004004,00000,0.00,0.00,8250.00
0000004005,00000,0.00,0.00,3943.31
0000004006,00000,0.00,0.00,5650.95
0000004007,00000,0.00,0.00,12125.00
0000004008,00000,0.00,0.00,145000.00
0000004009,00000,0.00,0.00,5373.57
0000004010,00000,0.00,0.00,6994.18
0000004011,00000,0.00,0.00,17186.55
0000004012,00000,0.00,0.00,16440.00
0000004013,00000,0.00,0.00,23472.37
0000004015,00000,0.00,0.00,15537.00
0000004017,00000,0.00,0.00,3251.20
0000004018,00100,0.00,0.00,50000.00
0000004018,00400,0.00,0.00,28000.00
0000004018,02070,0.00,0.00,26000.00
0000004018,02220,0.00,0.00,10000.00
0000004018,03000,0.00,0.00,23000.00
0000004018,05000,0.00,0.00,3000.00
0000004018,06100,0.00,0.00,54635.00
0000004018,07000,0.00,0.00,10000.00
0000004018,07110,0.00,0.00,2000.00
0000004018,07400,0.00,0.00,40000.00
0000004018,07469,0.00,0.00,23000.00
0000004018,08000,0.00,0.00,18000.00
0000004018,09600,0.00,0.00,6000.00
0000004018,09900,0.00,0.00,15000.00
0000004018,15000,0.00,0.00,68000.00
0000004018,16000,0.00,0.00,90000.00
0000004018,25001,0.00,0.00,805.00
0000004018,25002,0.00,0.00,5091.37
0000004018,25003,0.00,0.00,697.58
0000004020,00000,0.00,0.00,1886.18
0000004021,00000,0.00,0.00,4847.06
0000004022,00000,0.00,0.00,35320.00
0000004024,00000,0.00,0.00,10128.08
0000004025,00000,0.00,0.00,25163.31
0000004026,00000,0.00,0.00,1011.78
0000004027,00000,0.00,0.00,11800.00
0000004028,00000,0.00,0.00,1650.00
0000004029,00000,0.00,0.00,7160.00
0000004030,00000,0.00,0.00,3567.67
0000004031,00000,0.00,0.00,30722.50
0000004032,00000,0.00,0.00,24284.83
0000004033,00000,0.00,0.00,13338.24
0000004034,00000,0.00,0.00,4150.00
0000004035,00000,0.00,0.00,80064.71
0000004036,00000,0.00,0.00,9186.61
0000004037,00000,0.00,0.00,955.00
0000005001,00000,0.00,0.00,18648.03
0000005001,03000,33.37,0.00,0.00
0000005002,00000,0.00,0.00,16979.65
0000005002,16000,119.35,0.00,0.00
0000005003,00000,0.00,0.00,19000.00
0000005003,06101,2230.98,0.00,0.00
0000005004,00000,0.00,0.00,17486.26
0000005005,00000,0.00,0.00,6955.00
0000005006,00000,0.00,0.00,69381.47
0000005006,05500,19.38,0.00,0.00
0000005007,00000,0.00,0.00,13930.00
0000005007,01800,22.90,0.00,0.00
0000005008,00000,0.00,0.00,8877.50
0000005009,00000,0.00,0.00,545.00
0000005010,00000,0.00,0.00,18405.16
0000005010,06101,2113.00,0.00,0.00
0000005010,25001,0.00,0.00,13288.00
0000005011,00000,0.00,0.00,83020.68
0000005012,00000,0.00,0.00,46734.40
0000005012,01800,20.05,0.00,0.00
0000005013,06100,0.00,0.00,70000.00
0000005013,06101,0.00,0.00,79841.00
0000005013,25001,0.00,0.00,3920.33
0000005014,00000,0.00,0.00,29363.50
0000005014,01800,26.87,0.00,0.00
0000005015,01800,14.93,0.00,0.00
0000005016,00000,0.00,0.00,87196.01
0000005017,00000,0.00,0.00,4490.00
0000005018,00000,0.00,0.00,7825.00
0000005018,03100,9.90,0.00,0.00
0000005019,00000,0.00,0.00,9103.00
0000005019,01800,8.00,0.00,0.00
0000005020,00000,0.00,0.00,527.50
0000005021,00000,0.00,0.00,1575.00
0000005022,00000,0.00,0.00,3272.00
0000005023,00000,0.00,0.00,532.80
0000005024,00000,0.00,0.00,38876.27
0000005025,00000,0.00,0.00,2700.00
0000005027,00000,0.00,0.00,21013.85
0000005028,00000,0.00,0.00,3227.29
0000005029,00000,0.00,0.00,7347.00
0000005030,00000,0.00,0.00,8011.98
0000005031,00000,0.00,0.00,12165.53
0000005033,00000,0.00,0.00,2999.25
0000005034,01800,80.70,0.00,280.70
0000005034,06101,0.00,0.00,42253.19
0000005034,06200,0.00,0.00,2456.76
0000005034,07200,0.00,0.00,2499.61
0000005034,07400,0.00,0.00,21552.50
0000005034,08100,0.00,0.00,6138.01
0000005034,09250,0.00,0.00,298.66
0000005034,10000,0.00,0.00,376.57
0000005034,25001,0.00,0.00,5437.16
0000005034,25002,0.00,0.00,62.61
0000005034,25003,0.00,0.00,1875.25
0000005035,00000,0.00,0.00,5520.00
0000005035,06100,251.01,0.00,0.00
0000005036,00000,0.00,0.00,8472.00
0000005036,01800,62.43,0.00,0.00
0000005037,00000,0.00,0.00,37936.00
0000005038,01800,57.09,0.00,362.08
0000005038,02315,0.00,0.00,474.80
0000005038,02850,0.00,0.00,8635.43
0000005038,03100,0.00,0.00,284.88
0000005038,03200,0.00,0.00,308.62
0000005038,03300,0.00,0.00,480.74
0000005038,04000,0.00,0.00,593.50
0000005038,05100,0.00,0.00,5602.64
0000005038,06100,0.00,0.00,2219.69
0000005038,06101,0.00,0.00,8249.65
0000005038,06200,0.00,0.00,344.23
0000005038,07200,0.00,0.00,486.67
0000005038,08100,0.00,0.00,11392.83
0000005038,09900,0.00,0.00,1163.26
0000005038,15500,0.00,0.00,919.93
0000005038,16000,0.00,0.00,2810.82
0000005038,25001,0.00,0.00,387.99
0000005038,25010,0.00,0.00,310.26
0000005039,00000,0.00,0.00,3962.00
0000005040,01800,173.60,0.00,733.60
0000005040,04000,0.00,0.00,10584.80
0000005040,06100,0.00,0.00,4544.85
0000005040,06101,0.00,0.00,97909.40
0000005040,07200,0.00,0.00,3850.22
0000005040,07300,0.00,0.00,396.93
0000005040,08100,0.00,0.00,2447.74
0000005040,08500,0.00,0.00,51819.21
0000005040,09250,0.00,0.00,5603.33
0000005040,09900,0.00,0.00,26462.00
0000005040,12000,0.00,0.00,7673.98
0000005040,15500,0.00,0.00,35062.15
0000005040,16000,0.00,0.00,37046.80
0000005040,25001,0.00,0.00,45566.98
0000005040,25002,0.00,0.00,8402.27
0000005040,25003,0.00,0.00,1711.15
0000005041,00000,0.00,0.00,63209.01
0000005042,00000,0.00,0.00,1500.00
0000005043,00000,0.00,0.00,6960.22
0000005044,00000,0.00,0.00,33449.32
0000005044,01800,49.91,0.00,0.00
0000005045,01800,0.00,0.00,345.00
0000005045,03100,0.00,0.00,69.00
0000005045,03300,0.00,0.00,69.00
0000005045,04000,0.00,0.00,3910.00
0000005045,05500,0.00,0.00,690.00
0000005045,06100,0.00,0.00,2254.00
0000005045,06101,0.00,0.00,12454.50
0000005045,06200,0.00,0.00,1506.50
0000005045,07200,0.00,0.00,615.25
0000005045,08100,0.00,0.00,690.00
0000005045,08500,0.00,0.00,25029.75
0000005045,09250,0.00,0.00,92.00
0000005045,09900,0.00,0.00,4600.00
0000005045,25010,0.00,0.00,811.28
0000005046,00000,0.00,0.00,1600.00
0000005047,00000,0.00,0.00,11260.75
0000005047,01800,32.08,0.00,0.00
0000006003,00000,0.00,0.00,11023.45
0000006003,01800,12.34,0.00,0.00
0000006004,00000,0.00,0.00,400.00
0000006005,00000,0.00,0.00,47919.39
0000006006,00000,0.00,0.00,1738.75
0000006007,00000,0.00,0.00,596.88
0000006008,00000,0.00,0.00,18955.48
0000006008,25001,-170.09,0.00,0.00
0000006009,00400,0.00,0.00,7939.57
0000006009,01800,260.91,0.00,2060.91
0000006009,06100,0.00,0.00,9023.28
0000006009,06101,0.00,0.00,68540.19
0000006009,08000,0.00,0.00,8036.00
0000006009,08100,0.00,0.00,41264.86
0000006009,08500,0.00,0.00,281781.19
0000006009,09900,0.00,0.00,2870.00
0000006009,25001,0.00,0.00,153.10
0000006009,25002,0.00,0.00,440.80
0000006010,01800,20.01,0.00,370.01
0000006010,06100,0.00,0.00,5200.50
0000006010,06101,0.00,0.00,17830.30
0000006010,08500,0.00,0.00,76453.19
0000006011,00400,0.00,0.00,1558.12
0000006011,01800,8.55,0.00,567.93
0000006011,06100,0.00,0.00,2827.44
0000006011,06101,0.00,0.00,22781.09
0000006011,08500,0.00,0.00,66298.42
0000006012,00000,0.00,0.00,4688.84
0000006013,00000,0.00,0.00,4000.00
0000006014,00000,0.00,0.00,1512.00
0000006015,00000,0.00,0.00,4827.93
0000006016,00000,0.00,0.00,1700.00
0000006017,00000,0.00,0.00,21587.00
0000006017,06100,888.94,0.00,0.00
0000006018,00000,0.00,0.00,2350.02
0000006019,00000,0.00,0.00,1065.00
0000006020,00000,0.00,0.00,2482.65
0000006021,00000,0.00,0.00,60436.11
0000006021,25001,0.00,0.00,23006.50
0000006022,00000,0.00,0.00,11599.84
0000006022,03360,96.01,0.00,0.00
0000006023,00000,0.00,0.00,3252.00
0000006023,06100,97.20,0.00,0.00
0000006024,00000,0.00,0.00,9413.67
0000006025,00000,0.00,0.00,1710.00
0000006026,06100,171.37,0.00,1171.37
0000006026,06101,0.00,0.00,56978.88
0000006026,08500,0.00,0.00,20578.95
0000006026,14400,0.00,0.00,12259.80
0000006026,25001,0.00,0.00,325.00
0000006027,00000,0.00,0.00,20353.14
0000006028,00000,0.00,0.00,55326.14
0000006028,08100,40.48,0.00,0.00
0000006029,00000,0.00,0.00,44220.87
0000006029,03200,33.26,0.00,0.00
0000006030,00000,0.00,0.00,10594.50
0000006031,00400,0.00,0.00,14394.97
0000006031,01800,0.00,0.00,1745.55
0000006031,02315,0.00,0.00,4887.54
0000006031,03300,76.11,0.00,476.11
0000006031,05500,0.00,0.00,8087.72
0000006031,06100,0.00,0.00,43056.90
0000006031,06101,0.00,0.00,142511.36
0000006031,07400,0.00,0.00,432.90
0000006031,08200,0.00,0.00,302.56
0000006031,09250,0.00,0.00,30097.94
0000006031,10000,0.00,0.00,1959.67
0000006031,11000,0.00,0.00,15128.10
0000006031,15400,0.00,0.00,11637.00
0000006031,16000,0.00,0.00,9135.05
0000006031,25001,0.00,0.00,598.70
0000006031,25002,0.00,0.00,1492.21
0000006031,25003,0.00,0.00,4674.12
0000006031,25004,0.00,0.00,5874.88
0000006031,25005,0.00,0.00,90607.60
0000006031,25006,0.00,0.00,3524.34
0000006031,25007,0.00,0.00,2343.65
0000006031,25008,0.00,0.00,2777.19
0000006031,25009,0.00,0.00,5993.57
0000006031,25010,0.00,0.00,1706.38
0000006031,25011,0.00,0.00,9920.22
0000006031,25012,0.00,0.00,-4973.84
0000006031,25013,0.00,0.00,4755.98
0000006031,25014,0.00,0.00,2178.48
0000006032,00000,0.00,0.00,5250.00
0000006033,00000,0.00,0.00,3163.28
0000006034,00000,0.00,0.00,1637.12
0000006035,00000,0.00,0.00,369.72
0000006036,00000,0.00,0.00,5737.50
0000006037,00000,0.00,0.00,14412.63
0000006037,03200,3.95,0.00,0.00
0000006038,00000,0.00,0.00,4241.20
0000006039,00000,0.00,0.00,1202.17
0000006040,00000,0.00,0.00,274.75
0000006041,00000,0.00,0.00,9369.95
0000006041,01800,69.73,0.00,0.00
0000006042,00000,0.00,0.00,1789.00
0000006043,00000,0.00,0.00,2143.00
0000006044,00000,0.00,0.00,2576.74
0000006045,00000,0.00,0.00,26000.00
0000006045,06100,145.04,0.00,0.00
0000007001,00000,0.00,0.00,50236.45
0000007001,01800,57.35,0.00,0.00
0000007002,00000,0.00,0.00,3751.68
0000007003,00000,0.00,0.00,27994.52
0000007004,00000,0.00,0.00,626.59
0000007005,00000,0.00,0.00,26230.70
0000007005,01800,22.17,0.00,0.00
0000007006,00000,0.00,0.00,7355.00
0000007008,01800,20.13,0.00,0.00
0000007009,00000,0.00,0.00,12300.00
0000007009,01800,58.22,0.00,0.00
0000007010,00400,1188.10,0.00,8718.10
0000007010,01800,0.00,0.00,575.15
0000007010,02315,0.00,0.00,23926.24
0000007010,02800,0.00,0.00,9129.93
0000007010,03100,0.00,0.00,43213.32
0000007010,03200,0.00,0.00,15108.04
0000007010,03300,0.00,0.00,20682.39
0000007010,05100,0.00,0.00,44631.64
0000007010,05500,0.00,0.00,18813.16
0000007010,06100,0.00,0.00,83860.32
0000007010,06101,0.00,0.00,76527.16
0000007010,06170,0.00,0.00,2285.65
0000007010,06200,0.00,0.00,897.23
0000007010,07100,0.00,0.00,19885.24
0000007010,07400,0.00,0.00,20150.96
0000007010,08100,0.00,0.00,28182.35
0000007010,08500,0.00,0.00,6462.39
0000007010,09300,0.00,0.00,16598.83
0000007010,09900,0.00,0.00,13380.29
0000007010,10000,0.00,0.00,1971.61
0000007010,25001,0.00,0.00,-27331.00
0000007010,25002,0.00,0.00,-2150.00
0000007010,25003,0.00,0.00,-429.42
0000007011,00000,0.00,0.00,4785.00
0000007011,06100,223.41,0.00,0.00
0000007012,00000,0.00,0.00,4700.00
0000007012,01800,18.33,0.00,0.00
0000007013,00000,0.00,0.00,9873.75
0000007013,16000,28.23,0.00,0.00
0000007014,00400,104.98,0.00,979.98
0000007014,00401,0.00,0.00,2706.48
0000007014,01800,0.00,0.00,1612.80
0000007014,06100,0.00,0.00,11465.99
0000007014,06101,0.00,0.00,33771.95
0000007014,07100,0.00,0.00,6945.65
0000007014,08100,0.00,0.00,1814.40
0000007014,08500,0.00,0.00,95527.07
0000007014,14800,0.00,0.00,1640.80
0000007015,00400,102.53,0.00,977.53
0000007015,00401,0.00,0.00,1013.13
0000007015,01800,0.00,0.00,728.07
0000007015,06100,0.00,0.00,2676.10
0000007015,06101,0.00,0.00,18660.71
0000007015,07400,0.00,0.00,1699.23
0000007015,08500,0.00,0.00,31269.97
0000007015,14800,0.00,0.00,1500.93
0000007015,25001,0.00,0.00,1568.78
0000007016,00400,105.12,0.00,980.12
0000007016,00401,0.00,0.00,2948.40
0000007016,01800,0.00,0.00,1730.40
0000007016,06100,0.00,0.00,5273.36
0000007016,06101,0.00,0.00,47403.90
0000007016,07400,0.00,0.00,2787.67
0000007016,08100,0.00,0.00,8014.72
0000007016,08120,0.00,0.00,9128.00
0000007016,08500,0.00,0.00,89264.80
0000007016,14800,0.00,0.00,2321.20
0000007016,25001,0.00,0.00,-1066.00
0000007017,00000,0.00,0.00,1119.00
0000007018,00000,0.00,0.00,4695.00
0000007018,06100,307.45,0.00,0.00
0000007019,00000,0.00,0.00,6756.34
0000007019,01800,5.71,0.00,0.00
0000007020,00000,0.00,0.00,1508.80
0000007020,06100,65.50,0.00,0.00
0000007021,00000,0.00,0.00,3200.00
0000007021,06100,142.78,0.00,0.00
0000007022,00000,0.00,0.00,1612.80
0000007023,00000,0.00,0.00,4788.00
0000007024,00000,0.00,0.00,21765.52
0000007025,00000,0.00,0.00,832.68
0000007026,00000,0.00,0.00,21813.88
0000007026,01800,71.53,0.00,0.00
0000007027,00000,0.00,0.00,6612.50
0000007028,00000,0.00,0.00,20658.44
0000007029,00000,0.00,0.00,2560.00
0000007029,06100,279.95,0.00,0.00
0000007030,00000,0.00,0.00,4079.50
0000007031,00000,0.00,0.00,5381.23
0000007031,06100,530.92,0.00,0.00
0000007032,00400,0.00,0.00,1346.96
0000007032,00401,0.00,0.00,2097.28
0000007032,01800,0.00,0.00,2034.00
0000007032,02070,0.00,0.00,11634.48
0000007032,06080,0.00,0.00,32507.84
0000007032,06100,0.00,0.00,5607.06
0000007032,06101,0.00,0.00,21917.48
0000007032,07200,0.00,0.00,13435.70
0000007032,07500,0.00,0.00,4520.00
0000007032,07620,0.00,0.00,13411.97
0000007032,14800,0.00,0.00,3107.50
0000007032,25001,0.00,0.00,3093.78
0000007032,25002,0.00,0.00,436.56
0000007033,00000,0.00,0.00,4818.24
0000007034,00000,0.00,0.00,2325.00
0000007035,00000,0.00,0.00,5911.00
0000007035,06100,384.94,0.00,0.00
0000007036,00000,0.00,0.00,17269.89
0000007036,03200,378.05,0.00,0.00
0000007037,00000,0.00,0.00,4493.50
0000007037,01800,40.36,0.00,0.00
0000007038,00100,314.98,0.00,2358.48
0000007038,00401,0.00,0.00,2189.36
0000007038,01800,0.00,0.00,8367.88
0000007038,06100,0.00,0.00,1621.62
0000007038,06101,0.00,0.00,35600.54
0000007038,07210,0.00,0.00,351.09
0000007038,07900,0.00,0.00,351.09
0000007038,08520,0.00,0.00,57400.79
0000007038,14840,0.00,0.00,6523.72
0000007038,25001,0.00,0.00,-18247.96
0000007038,25002,0.00,0.00,2574.00
0000007038,25003,0.00,0.00,918.20
0000007039,00000,0.00,0.00,5505.00
0000007040,00000,0.00,0.00,5390.00
0000007041,00000,0.00,0.00,12565.00
0000007041,02800,69.61,0.00,0.00
0000007042,00000,0.00,0.00,1525.69
0000007043,00000,0.00,0.00,19348.00
0000007043,01800,30.76,0.00,0.00
0000007044,00000,0.00,0.00,3932.50
0000007045,00000,0.00,0.00,135750.00
0000007045,01800,52.49,0.00,0.00
0000007046,00000,0.00,0.00,44345.60
0000007046,08000,108.07,0.00,0.00
0000007047,00000,0.00,0.00,13000.00
0000007048,00000,0.00,0.00,8700.00
0000007048,06100,649.84,0.00,0.00
0000007049,00000,0.00,0.00,1489.64
0000007050,00000,0.00,0.00,66769.34
0000007051,00000,0.00,0.00,11110.58
0000007051,00400,256.90,0.00,0.00
0000007052,00000,0.00,0.00,14346.06
0000007052,01800,14.70,0.00,0.00
0000007053,00000,0.00,0.00,999.88
0000007054,00000,0.00,0.00,40815.71
0000007055,00000,0.00,0.00,57472.43
0000007055,01800,35.03,0.00,0.00
0000007056,00400,7556.31,0.00,48356.31
0000007056,00401,0.00,0.00,4623.45
0000007056,02200,0.00,0.00,114341.48
0000007056,02820,0.00,0.00,14220.07
0000007056,03100,0.00,0.00,13306.05
0000007056,03200,0.00,0.00,13870.35
0000007056,03300,0.00,0.00,44635.26
0000007056,03360,0.00,0.00,10249.83
0000007056,05100,0.00,0.00,28300.26
0000007056,06100,0.00,0.00,128530.72
0000007056,07200,0.00,0.00,32524.19
0000007056,07260,0.00,0.00,649.65
0000007056,07270,0.00,0.00,2717.17
0000007056,07310,0.00,0.00,17208.72
0000007056,07410,0.00,0.00,45210.23
0000007056,07469,0.00,0.00,12950.39
0000007056,08110,0.00,0.00,15452.99
0000007056,08370,0.00,0.00,2139.83
0000007056,08400,0.00,0.00,35593.45
0000007056,09130,0.00,0.00,13012.05
0000007056,09250,0.00,0.00,32358.22
0000007056,09600,0.00,0.00,18375.25
0000007056,09900,0.00,0.00,9255.20
0000007056,10000,0.00,0.00,2222.81
0000007056,11405,0.00,0.00,37250.78
0000007056,12300,0.00,0.00,1944.22
0000007056,15001,0.00,0.00,76367.54
0000007056,15401,0.00,0.00,32541.98
0000007056,16000,0.00,0.00,108858.54
0000007056,25001,0.00,0.00,1023.34
0000007056,25002,0.00,0.00,1558.91
0000007056,25003,0.00,0.00,828.79
0000007056,25004,0.00,0.00,540.00
0000007056,25005,0.00,0.00,383.65
0000007056,25006,0.00,0.00,2534.76
0000007056,25007,0.00,0.00,1232.28
0000007056,25009,0.00,0.00,11304.15
0000007056,25010,0.00,0.00,357.37
0000007056,25011,0.00,0.00,1200.00
0000007056,25012,0.00,0.00,769.26
0000007056,25013,0.00,0.00,14573.52
0000007056,25016,0.00,0.00,4091.80
0000007056,25017,0.00,0.00,163.56
0000007056,25018,0.00,0.00,-2012.00
0000007056,25021,0.00,0.00,5409.60
0000007057,00000,0.00,0.00,442.87
0000007058,00000,0.00,0.00,2666.25
0000008001,00000,0.00,0.00,18964.00
0000008002,00000,0.00,0.00,832.00
0000008003,00000,0.00,0.00,740.32
0000008004,00000,0.00,0.00,3560.00
0000008006,00000,0.00,0.00,2951.20
0000008007,00400,0.00,0.00,13132.00
0000008007,00401,632.40,0.00,5895.90
0000008007,01800,0.00,0.00,2610.72
0000008007,04000,0.00,0.00,6018.78
0000008007,06100,0.00,0.00,34186.52
0000008007,06101,0.00,0.00,115038.84
0000008007,07200,0.00,0.00,8116.19
0000008007,07410,0.00,0.00,19891.38
0000008007,07469,0.00,0.00,3470.53
0000008007,08110,0.00,0.00,9282.56
0000008007,08120,0.00,0.00,16296.00
0000008007,08520,0.00,0.00,62997.18
0000008007,08900,0.00,0.00,24298.40
0000008007,25001,0.00,0.00,19311.80
0000008007,25002,0.00,0.00,2770.86
0000008007,25003,0.00,0.00,601.29
0000008008,00000,0.00,0.00,360.52
0000008009,00000,0.00,0.00,7031.94
0000008010,00000,0.00,0.00,960.00
0000008011,00000,0.00,0.00,1560.00
0000008012,00000,0.00,0.00,47433.66
0000008013,00000,0.00,0.00,26734.60
0000008014,00000,0.00,0.00,219.67
0000008015,00000,0.00,0.00,171.31
0000008016,00000,0.00,0.00,41930.00
0000008016,03200,31.25,0.00,0.00
0000008017,00100,0.00,0.00,1150.00
0000008017,00400,0.00,0.00,1380.00
0000008017,06220,0.00,0.00,11184.90
0000008017,07450,0.00,0.00,37086.35
0000008017,07460,0.00,0.00,8304.15
0000008017,07700,0.00,0.00,3663.90
0000008018,00400,60.10,0.00,560.10
0000008018,00401,0.00,0.00,2820.89
0000008018,01800,0.00,0.00,669.78
0000008018,03100,0.00,0.00,13655.70
0000008018,03300,0.00,0.00,15561.22
0000008018,03360,0.00,0.00,3633.56
0000008018,06100,0.00,0.00,38286.86
0000008018,06101,0.00,0.00,37847.04
0000008018,07400,0.00,0.00,11536.96
0000008018,07760,0.00,0.00,725.60
0000008018,08000,0.00,0.00,17672.15
0000008018,08050,0.00,0.00,1339.56
0000008018,09000,0.00,0.00,31768.77
0000008018,15000,0.00,0.00,39399.80
0000008018,25001,0.00,0.00,1525.50
0000008018,25002,0.00,0.00,775.00
0000008018,25003,0.00,0.00,1725.00
0000008018,25004,0.00,0.00,851.00
0000008018,25005,0.00,0.00,1495.00
0000008018,25006,0.00,0.00,257.49
0000008018,25007,0.00,0.00,767.57
0000008018,25008,0.00,0.00,230.00
0000008019,00000,0.00,0.00,6399.40
0000008020,00400,0.00,0.00,18737.70
0000008020,00401,0.00,0.00,15488.68
0000008020,02070,0.00,0.00,28598.86
0000008020,02130,0.00,0.00,21965.72
0000008020,04000,0.00,0.00,2801.75
0000008020,05500,0.00,0.00,7581.74
0000008020,07460,115.93,0.00,1068.64
0000008020,08100,0.00,0.00,7424.64
0000008020,09250,0.00,0.00,4987.12
0000008020,09310,0.00,0.00,10645.65
0000008020,09510,0.00,0.00,13840.65
0000008020,09900,0.00,0.00,2233.40
0000008020,09960,0.00,0.00,7399.62
0000008020,10260,0.00,0.00,2073.30
0000008020,12500,0.00,0.00,784.49
0000008020,15000,0.00,0.00,29065.15
0000008020,16000,0.00,0.00,17437.89
0000008020,25001,0.00,0.00,3565.01
0000008020,25002,0.00,0.00,15723.48
0000008021,00400,0.00,0.00,7285.93
0000008021,02465,135.61,0.00,1185.61
0000008021,02775,0.00,0.00,1210.99
0000008021,04000,0.00,0.00,2222.00
0000008021,05500,0.00,0.00,5130.60
0000008021,06100,0.00,0.00,16078.39
0000008021,06101,0.00,0.00,17609.35
0000008021,06170,0.00,0.00,100145.54
0000008021,06400,0.00,0.00,6532.68
0000008021,07200,0.00,0.00,6804.88
0000008021,07310,0.00,0.00,51932.58
0000008021,07460,0.00,0.00,38871.67
0000008021,08110,0.00,0.00,12497.64
0000008021,08500,0.00,0.00,10650.05
0000008021,09130,0.00,0.00,26414.03
0000008021,09250,0.00,0.00,31485.74
0000008021,09600,0.00,0.00,22258.89
0000008021,09900,0.00,0.00,8715.80
0000008021,10150,0.00,0.00,11682.17
0000008021,10400,0.00,0.00,1777.60
0000008021,15001,0.00,0.00,36185.27
0000008021,15401,0.00,0.00,11748.83
0000008021,16000,0.00,0.00,26991.75
0000008021,25001,0.00,0.00,3716.00
0000008021,25003,0.00,0.00,780.00
0000008021,25005,0.00,0.00,1367.14
0000008021,25006,0.00,0.00,432.00
0000008021,25007,0.00,0.00,1144.25
0000008021,25008,0.00,0.00,1891.74
0000008021,25010,0.00,0.00,3387.89
0000008021,25011,0.00,0.00,345.00
0000008021,25012,0.00,0.00,31.63
0000008021,25013,0.00,0.00,2076.04
0000008021,25014,0.00,0.00,1935.20
0000008021,25015,0.00,0.00,712.47
0000008021,25016,0.00,0.00,533.60
0000008021,25017,0.00,0.00,3171.09
0000008021,25018,0.00,0.00,174.00
0000008021,25019,0.00,0.00,1161.24
0000008021,25020,0.00,0.00,945.19
0000008021,25022,0.00,0.00,1936.24
0000008021,25023,0.00,0.00,315.35
0000008021,25024,0.00,0.00,11377.65
0000008021,25025,0.00,0.00,243.60
0000008021,25026,0.00,0.00,739.41
0000008021,25027,0.00,0.00,1522.54
0000008021,25028,0.00,0.00,135.00
0000008022,00000,0.00,0.00,6244.00
0000008023,00000,0.00,0.00,575.00
0000008023,06100,15.83,0.00,0.00
0000008024,00000,0.00,0.00,13630.91
0000008024,06100,673.57,0.00,0.00
0000008025,00000,0.00,0.00,4000.00
0000008026,00000,0.00,0.00,76841.38
0000008026,15401,39.65,0.00,0.00
0000008027,00000,0.00,0.00,7788.95
0000008028,00000,0.00,0.00,2303.43
0000008029,00000,0.00,0.00,378.96
0000008030,00000,0.00,0.00,3941.91
0000008031,00000,0.00,0.00,1594.68
0000008032,00000,0.00,0.00,546.80
0000008033,00000,0.00,0.00,6676.92
0000008034,00000,0.00,0.00,1627.40
0000008035,00000,0.00,0.00,1212.10
0000008036,00000,0.00,0.00,104945.91
0000008036,01800,178.77,0.00,0.00
0000008037,00400,1075.51,0.00,8355.51
0000008037,01800,0.00,0.00,2870.25
0000008037,06100,0.00,0.00,35880.42
0000008037,06101,0.00,0.00,52950.37
0000008037,07300,0.00,0.00,14351.25
0000008037,25001,0.00,0.00,22022.38
0000008037,25002,0.00,0.00,834.44
0000008038,00000,0.00,0.00,13289.04
0000008039,00400,41.97,0.00,0.00
0000008040,06100,336.31,0.00,0.00
0000008041,00401,103.60,0.00,756.10
0000008041,01800,0.00,0.00,1120.37
0000008041,06100,0.00,0.00,5220.47
0000008041,06101,0.00,0.00,10023.11
0000008041,08500,0.00,0.00,21660.78
0000008041,14800,0.00,0.00,348.30
0000008041,25001,0.00,0.00,-442.07
0000008042,00000,0.00,0.00,96879.82
0000008042,09600,72.95,0.00,0.00
0000008043,00000,0.00,0.00,3641.12
0000008044,00000,0.00,0.00,5891.31
0000008044,06101,730.43,0.00,0.00
0000008045,00000,0.00,0.00,3207.68
0000008046,00000,0.00,0.00,22451.25
0000008047,00000,0.00,0.00,6056.02
0000008048,00000,0.00,0.00,20000.00
0000008048,01800,60.67,0.00,0.00
0000008049,14800,332.73,0.00,0.00
0000008050,02450,0.00,0.00,27335.31
0000008050,06100,0.00,0.00,23143.38
0000008050,07400,0.00,0.00,24406.52
0000008050,09000,0.00,0.00,29287.83
0000008050,12000,451.83,0.00,4104.00
0000008050,15000,0.00,0.00,10738.87
0000008050,16000,0.00,0.00,7810.09
0000008050,25001,0.00,0.00,460.00
0000008050,25002,0.00,0.00,1380.00
0000008050,25003,0.00,0.00,1201.75
0000008050,25004,0.00,0.00,1515.41
0000008050,25005,0.00,0.00,694.60
0000008051,00401,0.00,0.00,917.70
0000008051,01800,0.00,0.00,1311.00
0000008051,06101,0.00,0.00,15778.00
0000008051,07460,0.00,0.00,2342.55
0000008051,08500,0.00,0.00,27494.20
0000008051,14800,0.00,0.00,575.00
0000008052,00000,0.00,0.00,3354.00
0000008053,00000,0.00,0.00,315.00
0000008054,00000,0.00,0.00,969.50
0000008055,00000,0.00,0.00,9374.00
0000008056,00000,0.00,0.00,3854.27
0000008057,00400,0.00,0.00,5327.56
0000008057,03300,145.50,0.00,895.50
0000008057,06100,0.00,0.00,31874.14
0000008057,06101,0.00,0.00,56155.31
0000008057,07410,0.00,0.00,15047.95
0000008057,08110,0.00,0.00,1079.91
0000008057,14800,0.00,0.00,4619.62
0000008057,25001,0.00,0.00,28961.00
0000008057,25002,0.00,0.00,6400.00
0000008058,00000,0.00,0.00,355.29
0000008059,00000,0.00,0.00,10601.58
0000008060,00000,0.00,0.00,12944.64
0000008060,01800,80.79,0.00,0.00
0000008061,00400,149.36,0.00,0.00
0000008062,00000,0.00,0.00,50041.22
0000008062,00400,146.60,0.00,0.00
0000008063,00000,0.00,0.00,46335.54
0000008063,00401,181.21,0.00,0.00
0000008064,02070,0.00,0.00,6177.80
0000008064,02450,0.00,0.00,17348.90
0000008064,06110,0.00,0.00,26631.70
0000008064,07400,0.00,0.00,12219.90
0000008064,09000,0.00,0.00,12390.10
0000008065,01800,287.72,0.00,2087.72
0000008065,02070,0.00,0.00,11157.33
0000008065,02315,0.00,0.00,1366.44
0000008065,02480,0.00,0.00,1389.60
0000008065,03000,0.00,0.00,1447.50
0000008065,03050,0.00,0.00,961.14
0000008065,05100,0.00,0.00,5095.20
0000008065,06100,0.00,0.00,15054.00
0000008065,06101,0.00,0.00,48664.95
0000008065,06170,0.00,0.00,2142.30
0000008065,09210,0.00,0.00,1667.52
0000008065,09510,0.00,0.00,3474.00
0000008065,09900,0.00,0.00,752.70
0000009001,00000,0.00,0.00,2056.43
0000009003,00000,0.00,0.00,7130.00
0000009004,00000,0.00,0.00,1500.00
0000009005,00000,0.00,0.00,26436.27
0000009005,00400,99.56,0.00,0.00
0000009006,00000,0.00,409.00,409.09
0000009007,00000,0.00,0.00,41324.14
0000009008,00000,0.00,0.00,12759.18
0000009009,00000,0.00,0.00,15108.50
0000009009,00401,41.16,0.00,0.00
0000009010,00000,0.00,0.00,2517.24
0000009011,00000,0.00,0.00,17325.00
0000009012,00000,0.00,0.00,12329.10
0000009013,00000,0.00,0.00,1625.00
0000009014,00000,0.00,0.00,22153.22
0000009015,00400,0.00,0.00,2366.00
0000009015,00401,0.00,0.00,3348.58
0000009015,01800,0.00,0.00,1709.68
0000009015,04000,0.00,0.00,1098.94
0000009015,06100,0.00,0.00,4053.76
0000009015,06101,0.00,0.00,20511.11
0000009015,08110,0.00,0.00,39317.60
0000009015,08150,0.00,0.00,20591.20
0000009015,08500,0.00,0.00,52497.76
0000009015,16000,0.00,0.00,582.40
0000009015,25001,0.00,0.00,1644.50
0000009015,25002,0.00,0.00,3450.00
0000009016,00000,0.00,0.00,11140.20
0000009017,00400,91.58,0.00,851.58
0000009017,00401,0.00,0.00,2192.40
0000009017,01800,0.00,0.00,1136.80
0000009017,03480,0.00,0.00,51663.24
0000009017,04000,0.00,0.00,9587.20
0000009017,06100,0.00,0.00,17812.70
0000009017,06101,0.00,0.00,28774.09
0000009017,07530,0.00,0.00,4443.03
0000009017,16000,0.00,0.00,1422.96
0000009017,25001,0.00,0.00,3013.63
0000009017,25002,0.00,0.00,2224.47
0000009017,25003,0.00,0.00,168.11
0000009017,25004,0.00,0.00,450.56
0000009017,25005,0.00,0.00,9840.04
0000009018,00000,0.00,0.00,12475.00
0000009019,00000,0.00,0.00,26766.05
0000009020,01800,0.00,0.00,690.00
0000009020,02315,0.00,0.00,1661.75
0000009020,03100,0.00,0.00,1725.00
0000009020,03200,0.00,0.00,517.50
0000009020,03300,0.00,0.00,3105.00
0000009020,06100,0.00,0.00,14484.25
0000009020,06101,0.00,0.00,22234.10
0000009020,06170,0.00,0.00,3921.50
0000009020,07100,0.00,0.00,172.50
0000009020,07200,0.00,0.00,258.75
0000009020,09900,0.00,0.00,1265.00
0000009021,00000,0.00,0.00,18500.00
0000009022,00000,0.00,0.00,872.68
0000009023,00000,0.00,0.00,1075.00
0000009024,00000,0.00,0.00,12018.51
0000009025,00000,0.00,0.00,11576.51
0000009026,00000,0.00,0.00,8339.04
0000009027,00000,0.00,0.00,6141.00
0000009028,00400,0.00,0.00,1013.60
0000009028,00401,0.00,0.00,384.72
0000009028,06100,0.00,0.00,1885.73
0000009028,06101,0.00,0.00,4094.99
0000009028,08560,0.00,0.00,11999.68
0000009028,11000,0.00,0.00,560.00
0000009029,00000,0.00,0.00,6672.75
0000009030,00400,184.16,0.00,2144.16
0000009030,00401,0.00,0.00,4187.83
0000009030,01800,0.00,0.00,547.00
0000009030,02300,0.00,0.00,5678.60
0000009030,02315,0.00,0.00,5480.94
0000009030,02750,0.00,0.00,1094.00
0000009030,02775,0.00,0.00,3681.90
0000009030,02820,0.00,0.00,7871.33
0000009030,03100,0.00,0.00,4069.68
0000009030,03150,0.00,0.00,1211.33
0000009030,03200,0.00,0.00,2833.46
0000009030,03300,0.00,0.00,7266.89
0000009030,03360,0.00,0.00,1166.99
0000009030,05500,0.00,0.00,4351.02
0000009030,06100,0.00,0.00,20161.84
0000009030,06400,0.00,0.00,9757.39
0000009030,07190,0.00,0.00,2064.28
0000009030,07210,0.00,0.00,6599.68
0000009030,07260,0.00,0.00,827.48
0000009030,07270,0.00,0.00,793.46
0000009030,07310,0.00,0.00,4182.96
0000009030,07450,0.00,0.00,4859.04
0000009030,07469,0.00,0.00,4923.00
0000009030,07620,0.00,0.00,4730.37
0000009030,07920,0.00,0.00,2078.88
0000009030,08100,0.00,0.00,11367.21
0000009030,08500,0.00,0.00,7261.97
0000009030,09200,0.00,0.00,7567.20
0000009030,09300,0.00,0.00,7439.20
0000009030,09910,0.00,0.00,4944.15
0000009030,10000,0.00,0.00,13671.44
0000009030,15001,0.00,0.00,11658.76
0000009030,15401,0.00,0.00,33038.80
0000009030,16000,0.00,0.00,23931.25
0000009030,25001,0.00,0.00,8829.39
0000009030,25002,0.00,0.00,5156.83
0000009030,25003,0.00,0.00,-5922.69
0000009031,00000,0.00,0.00,20396.88
0000009032,01430,0.00,0.00,5500.00
0000009032,03100,0.00,0.00,22245.00
0000009032,06100,0.00,0.00,12817.00
0000009032,06101,0.00,0.00,20000.00
0000009032,06170,0.00,0.00,4700.72
0000009032,07500,0.00,0.00,2800.00
0000009032,08000,0.00,0.00,13900.00
0000009033,00000,0.00,0.00,92.00
0000009034,00000,0.00,0.00,15701.95
0000009036,00000,0.00,0.00,17200.22
0000009037,00000,0.00,0.00,4868.44
0000009038,00000,0.00,0.00,135.87
0000009039,00000,0.00,0.00,451.95
0000009040,00000,0.00,0.00,7891.28
0000009041,00000,0.00,0.00,59873.25
0000009042,00000,0.00,0.00,6455.10
0000009043,00000,0.00,0.00,12096.77
0000009044,00000,0.00,0.00,18778.05
0000009045,00000,0.00,0.00,17046.00
0000009045,02315,37.45,0.00,0.00
0000009046,00000,0.00,0.00,833.02
0000009047,00000,0.00,0.00,476.22
0000009048,00000,0.00,0.00,14016.27
0000009049,00000,0.00,0.00,19058.25
0000009050,00000,0.00,0.00,29451.45
0000009051,00000,0.00,0.00,3963.29
0000009052,00000,0.00,0.00,301849.78
0000009052,00400,602.73,0.00,0.00
0000009053,00000,0.00,0.00,6606.75
0000009053,01800,28.79,0.00,0.00
0000009054,00000,0.00,0.00,9602.93
0000009055,00000,0.00,0.00,35674.96
0000009055,06101,4565.30,0.00,0.00
0000009056,00000,0.00,0.00,30688.00
0000009057,00400,0.00,0.00,823.49
0000009057,02315,0.00,0.00,3665.55
0000009057,03100,0.00,0.00,6106.18
0000009057,03200,0.00,0.00,1341.15
0000009057,03300,0.00,0.00,2805.29
0000009057,06100,0.00,0.00,14843.97
0000009057,06101,0.00,0.00,36526.79
0000009057,06170,0.00,0.00,11859.73
0000009057,06200,0.00,0.00,5392.32
0000009057,08100,0.00,0.00,7405.84
0000009057,08200,0.00,0.00,4565.63
0000009057,08500,0.00,0.00,1013.96
0000009057,09500,0.00,0.00,4373.35
0000009057,09900,0.00,0.00,887.67
0000009057,10000,0.00,0.00,1327.58
0000009057,25001,0.00,0.00,4116.37
0000009058,00000,0.00,0.00,19858.12
0000009059,00000,0.00,0.00,1744.03
0000009060,00000,0.00,0.00,16515.15
0000009061,00000,0.00,0.00,24765.20
0000009062,00000,0.00,0.00,6953.60
0000009063,00000,0.00,0.00,104.32
0000009064,00000,0.00,0.00,23001.31
0000009065,00000,0.00,0.00,19826.32
0000009066,00000,0.00,0.00,3790.44
0000009067,00000,0.00,0.00,59329.92
0000009067,01800,22.01,0.00,0.00
0000009068,00400,38.91,0.00,763.91
0000009068,00401,0.00,0.00,527.85
0000009068,01800,0.00,0.00,686.21
0000009068,02300,0.00,0.00,2639.25
0000009068,07400,0.00,0.00,22108.99
0000009068,07760,0.00,0.00,844.56
0000009068,08120,0.00,0.00,20228.17
0000009068,11000,0.00,0.00,1266.84
0000009069,00000,0.00,0.00,10400.88
0000009069,00400,56.36,0.00,0.00
0000009070,00000,0.00,0.00,5099.46
0000009071,00000,0.00,0.00,12000.00
0000009072,00000,0.00,0.00,2817.63
0000009073,00000,0.00,0.00,1641.25
0000009074,00000,0.00,0.00,10113.32
0000009075,00000,0.00,0.00,4674.03
0000009076,00000,0.00,0.00,7048.01
0000009077,00000,0.00,0.00,7809.00
0000009077,06100,509.41,0.00,0.00
0000009078,00000,0.00,0.00,377.50
0000009079,00400,0.00,0.00,1121.15
0000009079,00401,15.92,0.00,120.92
0000009079,01800,0.00,0.00,574.95
0000009079,02070,0.00,0.00,4181.47
0000009079,02300,0.00,0.00,297.71
0000009079,02315,0.00,0.00,1378.67
0000009079,02775,0.00,0.00,2464.24
0000009079,03200,0.00,0.00,1728.48
0000009079,03300,0.00,0.00,2130.19
0000009079,03360,0.00,0.00,720.04
0000009079,05500,0.00,0.00,14475.30
0000009079,10000,0.00,0.00,287.48
0000009079,25001,0.00,0.00,200.00
0000009079,25002,0.00,0.00,557.75
0000009080,00400,757.98,0.00,7703.98
0000009080,00401,0.00,0.00,6158.83
0000009080,01800,0.00,0.00,8756.66
0000009080,02070,0.00,0.00,17602.25
0000009080,02110,0.00,0.00,6280.05
0000009080,04000,0.00,0.00,2218.00
0000009080,05500,0.00,0.00,3273.77
0000009080,06100,0.00,0.00,3119.82
0000009080,07130,0.00,0.00,5956.66
0000009080,07210,0.00,0.00,116.97
0000009080,07620,0.00,0.00,1375.44
0000009080,07920,0.00,0.00,2013.50
0000009080,08100,0.00,0.00,5739.85
0000009080,09110,0.00,0.00,11331.04
0000009080,09130,0.00,0.00,9587.75
0000009080,09300,0.00,0.00,9892.28
0000009080,09910,0.00,0.00,5533.02
0000009080,10000,0.00,0.00,3917.00
0000009080,15001,0.00,0.00,97425.65
0000009080,15080,0.00,0.00,20516.50
0000009080,15300,0.00,0.00,1982.89
0000009080,15401,0.00,0.00,72434.34
0000009080,15905,0.00,0.00,10868.20
0000009080,16000,0.00,0.00,24749.55
0000009080,25001,0.00,0.00,2429.12
0000009080,25002,0.00,0.00,1723.74
0000009080,25003,0.00,0.00,1748.14
0000009080,25004,0.00,0.00,303.53
0000009080,25006,0.00,0.00,444.39
0000009080,25007,0.00,0.00,493.90
0000009080,25008,0.00,0.00,1265.64
0000009080,25009,0.00,0.00,252.99
0000009080,25010,0.00,0.00,1195.70
0000009080,25011,0.00,0.00,354.16
0000009080,25012,0.00,0.00,138.00
0000009080,25013,0.00,0.00,960.18
0000009080,25014,0.00,0.00,319.74
0000009080,25015,0.00,0.00,626.14
0000009080,25016,0.00,0.00,1166.00
0000009080,25017,0.00,0.00,2744.74
0000009080,25018,0.00,0.00,137.50
0000009080,25019,0.00,0.00,434.50
0000009081,00000,0.00,0.00,3301.51
0000009082,00400,0.00,0.00,224.00
0000009082,01800,0.00,0.00,336.00
0000009082,03300,0.00,0.00,560.00
0000009082,04000,0.00,0.00,1680.00
0000009082,06100,0.00,0.00,10324.16
0000009082,07500,0.00,0.00,1344.00
0000009082,08100,0.00,0.00,11200.00
0000009082,08500,0.00,0.00,9161.60
0000009082,25001,0.00,0.00,4595.85
0000009083,00000,0.00,0.00,8585.13
0000009085,00000,0.00,0.00,13103.31
0000009086,00000,0.00,0.00,26000.00
0000009087,01800,59.56,0.00,0.00
0000009088,00000,0.00,0.00,2763.00
0000009089,00400,203.08,0.00,1903.08
0000009089,00401,0.00,0.00,3028.73
0000009089,01800,0.00,0.00,1848.46
0000009089,02070,0.00,0.00,5014.08
0000009089,02300,0.00,0.00,1459.90
0000009089,02315,0.00,0.00,6260.73
0000009089,03100,0.00,0.00,2246.00
0000009089,03150,0.00,0.00,1409.17
0000009089,03200,0.00,0.00,3549.86
0000009089,03300,0.00,0.00,5816.02
0000009089,03360,0.00,0.00,1535.77
0000009089,06100,0.00,0.00,18603.74
0000009089,06400,0.00,0.00,550.33
0000009089,07190,0.00,0.00,614.00
0000009089,07210,0.00,0.00,5629.74
0000009089,07260,0.00,0.00,483.56
0000009089,07270,0.00,0.00,445.20
0000009089,07310,0.00,0.00,7096.64
0000009089,07469,0.00,0.00,8759.23
0000009089,07620,0.00,0.00,3383.46
0000009089,07920,0.00,0.00,1011.35
0000009089,08100,0.00,0.00,5622.05
0000009089,08500,0.00,0.00,2173.08
0000009089,09130,0.00,0.00,2986.33
0000009089,09200,0.00,0.00,12775.42
0000009089,09300,0.00,0.00,3587.99
0000009089,15001,0.00,0.00,16845.00
0000009089,15080,0.00,0.00,2470.60
0000009089,15401,0.00,0.00,8736.94
0000009089,15900,0.00,0.00,13476.00
0000009089,16000,0.00,0.00,12210.37
0000009089,25001,0.00,0.00,1320.00
0000009089,25002,0.00,0.00,187.40
0000009089,25003,0.00,0.00,575.00
0000009089,25004,0.00,0.00,155.25
0000009089,25005,0.00,0.00,1725.09
0000009089,25007,0.00,0.00,103.35
0000009090,00000,0.00,0.00,76497.24
0000009092,00000,0.00,0.00,-27257.37
0000009093,00000,0.00,0.00,39513.00
0000009093,01800,95.40,0.00,0.00
0000009094,00000,0.00,0.00,8859.36
0000009095,00000,0.00,0.00,7444.03
0000009096,00000,0.00,0.00,2744.62
0000009097,00000,0.00,0.00,35000.00
0000009098,00000,0.00,0.00,4588.08
0000010002,00000,0.00,0.00,54854.67
0000010002,01800,24.22,0.00,0.00
0000010003,01800,52.93,0.00,0.00
0000010004,00000,0.00,0.00,484.38
0000010005,00000,0.00,0.00,810.85
0000010007,00000,0.00,0.00,1650.00
0000010008,00000,0.00,0.00,0.00
0000010009,00000,0.00,0.00,17761.75
0000010009,01800,98.53,0.00,0.00
0000010010,00400,563.08,0.00,0.00
0000010011,00400,156.37,0.00,1476.37
0000010011,07200,0.00,0.00,1778.55
0000010011,07400,0.00,0.00,28437.36
0000010011,08200,0.00,0.00,531.95
0000010011,08500,0.00,0.00,20882.83
0000010011,25001,0.00,0.00,4198.67
0000010012,00000,0.00,0.00,1808.03
0000010013,00400,0.00,0.00,1823.36
0000010013,08200,0.00,0.00,23689.51
0000010013,08500,0.00,0.00,19999.88
0000010013,25001,0.00,0.00,60.00
0000010013,25002,0.00,0.00,346.96
0000010014,00000,0.00,0.00,15309.00
0000010014,06100,496.10,0.00,0.00
0000010015,05100,1058.20,0.00,0.00
0000010016,00000,0.00,0.00,10157.50
0000010017,00000,0.00,0.00,44404.65
0000010018,00000,0.00,0.00,2156.25
0000010019,00000,0.00,0.00,170011.21
0000010020,00400,0.00,0.00,1243.91
0000010020,02220,67.72,0.00,911.97
0000010020,02455,0.00,0.00,3471.55
0000010020,05400,0.00,0.00,19663.82
0000010020,05500,0.00,0.00,886.74
0000010020,13120,0.00,0.00,138363.00
0000010020,16000,0.00,0.00,434.08
0000010021,00000,0.00,0.00,4436.00
0000010023,00000,0.00,0.00,2011.53
0000010024,00000,0.00,0.00,44027.00
0000010024,02300,170.65,0.00,0.00
0000010026,00000,0.00,0.00,2122.40
0000010027,00000,0.00,0.00,879.78
0000010028,00000,0.00,0.00,2307.20
0000010029,00000,0.00,0.00,18637.00
0000010029,06100,726.53,0.00,0.00
0000010030,00000,0.00,0.00,402.48
0000010031,00000,0.00,0.00,7016.44
0000010032,00400,162.07,0.00,1928.81
0000010032,02070,0.00,0.00,7490.68
0000010032,08000,0.00,0.00,8519.67
0000010032,09610,0.00,0.00,2619.12
0000010032,09910,0.00,0.00,6702.76
0000010032,10600,0.00,0.00,18073.24
0000010032,15001,0.00,0.00,12338.24
0000010032,15150,0.00,0.00,654.78
0000010032,15300,0.00,0.00,2837.38
0000010032,15900,0.00,0.00,15223.64
0000010032,16000,0.00,0.00,11200.86
0000010032,25002,0.00,0.00,918.34
0000010032,25003,0.00,0.00,661.25
0000010032,25004,0.00,0.00,87.17
0000010032,25005,0.00,0.00,1753.53
0000010032,25006,0.00,0.00,496.90
0000010033,00000,0.00,0.00,16900.00
0000010033,06101,2496.00,0.00,0.00
0000010034,00400,1084.28,0.00,13333.78
0000010034,02070,0.00,0.00,14014.93
0000010034,02110,0.00,0.00,9343.29
0000010034,04050,0.00,0.00,36781.16
0000010034,04930,0.00,0.00,25359.41
0000010034,05500,0.00,0.00,40330.48
0000010034,06200,0.00,0.00,33379.45
0000010034,07530,0.00,0.00,24029.77
0000010034,08100,0.00,0.00,4511.34
0000010034,08120,0.00,0.00,6656.12
0000010034,08910,0.00,0.00,127055.79
0000010034,25001,0.00,0.00,29317.11
0000010034,25002,0.00,0.00,63227.62
0000010034,25003,0.00,0.00,440.00
0000010034,25004,0.00,0.00,-3339.00
0000010035,00000,0.00,0.00,1086.40
0000010036,00400,7415.28,0.00,64828.06
0000010036,02070,0.00,0.00,40878.76
0000010036,03000,0.00,0.00,4900.67
0000010036,04000,0.00,0.00,32763.97
0000010036,05000,0.00,0.00,597.65
0000010036,06000,0.00,0.00,16167.43
0000010036,07000,0.00,0.00,108302.42
0000010036,08000,0.00,0.00,191664.01
0000010036,09000,0.00,0.00,108190.06
0000010036,12000,0.00,0.00,24963.54
0000010036,25001,0.00,0.00,-78075.27
0000010036,25002,0.00,0.00,4758.50
0000010036,25003,0.00,0.00,2520.00
0000010036,25004,0.00,0.00,20221.00
0000010036,25005,0.00,0.00,-1965.00
0000010037,00400,0.00,0.00,66028.77
0000010037,01800,0.00,0.00,3000.00
0000010037,02070,0.00,0.00,22926.95
0000010037,04000,0.00,0.00,35000.00
0000010037,06000,0.00,0.00,56329.00
0000010037,07000,0.00,0.00,14400.00
0000010037,07400,0.00,0.00,38622.90
0000010037,07469,0.00,0.00,176688.00
0000010037,08000,0.00,0.00,77247.21
0000010037,09900,0.00,0.00,33287.00
0000010037,16000,0.00,0.00,3120.00
0000010037,25001,0.00,0.00,24895.00
0000010037,25002,0.00,0.00,193045.80
0000010037,25003,0.00,0.00,35022.00
0000010037,25004,0.00,0.00,6892.30
0000010038,00000,0.00,0.00,2884.62
0000010038,00400,26.34,0.00,0.00
0000010039,00000,0.00,0.00,6171.00
0000010040,00000,0.00,0.00,17275.75
0000010040,06100,284.84,0.00,0.00
0000010041,00400,0.00,0.00,9892.77
0000010041,00401,0.00,0.00,8736.00
0000010041,02070,1997.51,0.00,17107.50
0000010041,02630,0.00,0.00,24991.03
0000010041,03100,0.00,0.00,41700.69
0000010041,03110,0.00,0.00,23347.64
0000010041,04050,0.00,0.00,44638.95
0000010041,05500,0.00,0.00,91514.48
0000010041,06100,0.00,0.00,3695.43
0000010041,06400,0.00,0.00,58900.80
0000010041,07220,0.00,0.00,4350.89
0000010041,07610,0.00,0.00,100239.87
0000010041,07760,0.00,0.00,6780.60
0000010041,08120,0.00,0.00,15821.40
0000010041,08210,0.00,0.00,11707.84
0000010041,08500,0.00,0.00,92176.61
0000010041,09600,0.00,0.00,31981.83
0000010041,09910,0.00,0.00,23952.47
0000010041,15001,0.00,0.00,19053.49
0000010041,15401,0.00,0.00,39547.85
0000010041,16000,0.00,0.00,7277.84
0000010041,25002,0.00,0.00,862.50
0000010041,25003,0.00,0.00,287.50
0000010041,25004,0.00,0.00,3213.63
0000010041,25006,0.00,0.00,357.00
0000010041,25009,0.00,0.00,-3900.00
0000010041,25010,0.00,0.00,899.25
0000010041,25012,0.00,0.00,166.42
0000010041,25015,0.00,0.00,-152.50
0000010041,25018,0.00,0.00,1760.00
0000010041,25019,0.00,0.00,1760.00
0000010041,25020,0.00,0.00,2200.00
0000010041,25025,0.00,0.00,10542.51
0000010042,00000,0.00,0.00,839.16
0000010043,00000,0.00,0.00,42615.02
0000010043,01800,29.52,0.00,0.00
0000010044,00000,0.00,0.00,7500.00
0000010045,00000,0.00,0.00,21739.15
0000010045,01800,44.31,0.00,0.00
0000010046,00400,554.12,0.00,3228.07
0000010046,02050,0.00,0.00,6108.81
0000010046,06200,0.00,0.00,581.86
0000010046,07200,0.00,0.00,6192.22
0000010046,08520,0.00,0.00,36973.26
0000010046,09000,0.00,0.00,3169.16
0000010047,00000,0.00,0.00,30317.40
0000010048,00000,0.00,0.00,3054.49
0000010049,00100,713.92,0.00,4283.92
0000010049,00400,0.00,0.00,12000.00
0000010049,00401,0.00,0.00,3186.00
0000010049,01800,0.00,0.00,1560.00
0000010049,02000,0.00,0.00,21852.00
0000010049,05000,0.00,0.00,22874.52
0000010049,06100,0.00,0.00,67187.95
0000010049,07200,0.00,0.00,25748.21
0000010049,08000,0.00,0.00,5340.00
0000010049,09000,0.00,0.00,2400.00
0000010049,13930,0.00,0.00,78000.00
0000010049,25001,0.00,0.00,-83674.16
0000010049,25002,0.00,0.00,46603.34
0000010049,25003,0.00,0.00,5554.27
0000010050,00000,0.00,0.00,100940.21
0000010051,00000,0.00,0.00,19107.53
0000010052,00000,0.00,0.00,3782.53
0000010053,00000,0.00,0.00,5557.92
0000010054,00000,0.00,0.00,1138.50
0000010055,00000,0.00,0.00,789.15
0000010056,00000,0.00,0.00,241.50
0000010057,00100,89.60,0.00,829.60
0000010057,01800,0.00,0.00,1288.00
0000010057,05000,0.00,0.00,2016.00
0000010057,07000,0.00,0.00,25720.80
0000010057,08000,0.00,0.00,27849.92
0000010057,09000,0.00,0.00,12279.68
0000010057,11000,0.00,0.00,1164.80
0000010057,12000,0.00,0.00,12992.00
0000010057,15001,0.00,0.00,2340.80
0000010057,15401,0.00,0.00,9856.00
0000010057,16200,0.00,0.00,18362.40
0000010057,25001,0.00,0.00,1173.00
0000010057,25002,0.00,0.00,682.00
0000010057,25003,0.00,0.00,44.00
0000010058,00000,0.00,0.00,11202.00
0000010058,01800,26.45,0.00,0.00
0000010060,00000,0.00,0.00,4762.24
0000010060,06170,61.99,0.00,0.00
0000010061,00000,0.00,0.00,77261.70
0000010061,03300,68.12,0.00,0.00
0000010062,00100,299.99,0.00,2299.99
0000010062,00400,0.00,0.00,1575.50
0000010062,00401,0.00,0.00,1293.75
0000010062,01800,0.00,0.00,1667.50
0000010062,02000,0.00,0.00,8639.85
0000010062,08000,0.00,0.00,575.00
0000010062,09000,0.00,0.00,25119.45
0000010062,12000,0.00,0.00,25760.00
0000010062,13000,0.00,0.00,6687.25
0000010062,15001,0.00,0.00,4283.75
0000010062,16200,0.00,0.00,9044.11
0000010062,25001,0.00,0.00,10662.00
0000010062,25002,0.00,0.00,1512.00
0000010062,25003,0.00,0.00,1846.80
0000010063,00000,0.00,0.00,627.20
0000010065,00000,-7.78,0.00,258455.58
0000010066,00000,0.00,0.00,39813.52
0000010067,00000,0.00,0.00,384.50
0000010068,00000,0.00,0.00,14975.08
0000010069,00100,36.10,0.00,316.10
0000010069,00400,0.00,0.00,1473.18
0000010069,00401,0.00,0.00,1969.95
0000010069,01800,0.00,0.00,799.40
0000010069,04000,0.00,0.00,2466.72
0000010069,09660,0.00,0.00,67815.39
0000010069,09990,0.00,0.00,10175.33
0000010069,25001,0.00,0.00,2426.50
0000010070,00000,0.00,0.00,30630.96
0000010071,00000,0.00,0.00,2934.21
0000010072,00100,46.97,0.00,326.97
0000010072,00400,0.00,0.00,294.40
0000010072,00401,0.00,0.00,1324.80
0000010072,02070,0.00,0.00,78074.88
0000010072,07000,0.00,0.00,3768.32
0000010072,16200,0.00,0.00,1189.38
0000010072,25001,0.00,0.00,-18000.00
0000010072,25002,0.00,0.00,9072.01
0000010073,00000,0.00,0.00,410.76
0000010074,00100,110.99,0.00,850.99
0000010074,00401,0.00,0.00,1681.88
0000010074,01800,0.00,0.00,402.50
0000010074,02000,0.00,0.00,9269.00
0000010074,02070,0.00,0.00,4383.57
0000010074,03000,0.00,0.00,17647.18
0000010074,05000,0.00,0.00,7746.40
0000010074,06100,0.00,0.00,19238.51
0000010074,08000,0.00,0.00,50449.80
0000010074,09000,0.00,0.00,7907.76
0000010074,25001,0.00,0.00,2310.01
0000010074,25002,0.00,0.00,2582.87
0000010074,25003,0.00,0.00,-201.25
0000010075,00400,0.00,0.00,1313.76
0000010075,02000,0.00,0.00,840.00
0000010075,02480,0.00,0.00,25912.59
0000010075,06100,0.00,0.00,1008.00
0000010075,07460,0.00,0.00,16828.53
0000010075,16000,0.00,0.00,2520.00
0000010075,25001,0.00,0.00,8504.99
0000010075,25002,0.00,0.00,1415.70
0000010076,00000,0.00,0.00,54765.25
0000010077,00000,0.00,0.00,6990.00
0000010078,02000,317.33,0.00,2517.33
0000010078,03050,0.00,0.00,6164.10
0000010078,03100,0.00,0.00,8218.80
0000010078,03200,0.00,0.00,3652.80
0000010078,03300,0.00,0.00,30021.45
0000010078,06100,0.00,0.00,95667.97
0000010078,06170,0.00,0.00,31505.40
0000010078,07000,0.00,0.00,13698.00
0000010078,08000,0.00,0.00,6963.15
0000010079,00000,0.00,0.00,8170.73
0000010080,00000,0.00,0.00,2315.85
0000010081,00400,0.00,0.00,4987.68
0000010081,00401,0.00,0.00,1904.00
0000010081,02000,0.00,0.00,53157.44
0000010081,06100,0.00,0.00,27921.60
0000010081,08000,0.00,0.00,12874.40
0000010081,09000,0.00,0.00,52078.88
0000010081,15001,0.00,0.00,13216.00
0000010081,15401,0.00,0.00,5712.00
0000010081,16200,0.00,0.00,6048.00
0000010081,25001,0.00,0.00,649.75
0000010082,00000,0.00,0.00,38493.19
0000010083,06100,39.71,0.00,0.00
0000010084,00000,0.00,0.00,29330.00
0000010085,00400,541.78,0.00,9456.57
0000010085,02070,0.00,0.00,19503.50
0000010085,02110,0.00,0.00,54890.60
0000010085,04000,0.00,0.00,22768.42
0000010085,05000,0.00,0.00,4428.89
0000010085,05100,0.00,0.00,9221.76
0000010085,06100,0.00,0.00,24622.36
0000010085,06200,0.00,0.00,34873.10
0000010085,07000,0.00,0.00,10649.73
0000010085,07300,0.00,0.00,10149.74
0000010085,08000,0.00,0.00,86737.78
0000010085,09000,0.00,0.00,138227.46
0000010085,10810,0.00,0.00,3395.92
0000010085,15000,0.00,0.00,130493.65
0000010085,16000,0.00,0.00,58086.51
0000010085,25001,0.00,0.00,32497.00
0000010085,25002,0.00,0.00,2510.22
0000010085,25003,0.00,0.00,24712.05
0000010085,25004,0.00,0.00,3301.52
0000010085,25005,0.00,0.00,76049.71
0000010085,25006,0.00,0.00,3120.54
0000010085,25007,0.00,0.00,6621.10
0000010085,25008,0.00,0.00,90830.69
0000010085,25009,0.00,0.00,9137.93
0000010085,25010,0.00,0.00,16106.21
0000011001,00400,100.25,0.00,1285.25
0000011001,02070,0.00,0.00,2983.75
0000011001,06200,0.00,0.00,7435.66
0000011001,06400,0.00,0.00,11351.78
0000011001,06430,0.00,0.00,7749.44
0000011001,08000,0.00,0.00,5323.93
0000011001,09000,0.00,0.00,6064.59
0000011001,09900,0.00,0.00,3841.20
0000011001,15001,0.00,0.00,493.14
0000011001,15401,0.00,0.00,9692.50
0000011001,16000,0.00,0.00,5066.48
0000011001,25001,0.00,0.00,1574.97
0000011002,00000,0.00,0.00,2530.08
0000011003,00000,0.00,0.00,10608.43
0000011005,00000,0.00,0.00,9304.00
0000011006,00000,0.00,0.00,8445.40
0000011007,00400,45.99,0.00,505.99
0000011007,00401,0.00,0.00,717.62
0000011007,01800,0.00,0.00,385.00
0000011007,02070,0.00,0.00,4598.00
0000011007,06100,0.00,0.00,6833.64
0000011007,08000,0.00,0.00,1912.86
0000011007,09000,0.00,0.00,17804.60
0000011007,10000,0.00,0.00,2497.00
0000011007,12000,0.00,0.00,12540.00
0000011007,15001,0.00,0.00,3300.00
0000011007,15401,0.00,0.00,6105.00
0000011007,16200,0.00,0.00,3228.50
0000011007,25001,0.00,0.00,800.00
0000011008,00000,0.00,0.00,748.98
0000011009,00000,0.00,0.00,1541.00
0000011010,00000,0.00,0.00,15718.91
0000011011,00000,0.00,0.00,440.85
0000011012,00400,0.00,0.00,603.75
0000011012,08000,0.00,0.00,86388.00
0000011012,09000,0.00,0.00,1086.75
0000011013,00000,0.00,0.00,1040.94
0000011014,00400,685.76,0.00,6795.76
0000011014,02050,0.00,0.00,8010.72
0000011014,07200,0.00,0.00,8714.25
0000011014,08500,0.00,0.00,131872.03
0000011014,09000,0.00,0.00,20149.19
0000011014,25001,0.00,0.00,945.00
0000011014,25002,0.00,0.00,-429.00
0000011015,00400,0.00,0.00,5434.80
0000011015,02050,0.00,0.00,3091.20
0000011015,04000,0.00,0.00,3584.00
0000011015,06100,0.00,0.00,12355.97
0000011015,07200,0.00,0.00,2091.69
0000011015,08500,0.00,0.00,42870.67
0000011015,09000,0.00,0.00,6360.48
0000011015,16000,0.00,0.00,6697.60
0000011016,00100,33.50,0.00,312.54
0000011016,00400,0.00,0.00,1792.00
0000011016,00401,0.00,0.00,817.35
0000011016,08000,0.00,0.00,53242.88
0000011016,25001,0.00,0.00,-44.00
0000011017,00400,181.81,0.00,2571.81
0000011017,02050,0.00,0.00,1679.81
0000011017,07200,0.00,0.00,4613.81
0000011017,08500,0.00,0.00,48221.71
0000011017,09000,0.00,0.00,6648.65
0000011018,00100,29.36,0.00,589.36
0000011018,00400,0.00,0.00,1359.61
0000011018,00401,0.00,0.00,763.74
0000011018,08000,0.00,0.00,58629.90
0000011019,00400,0.00,0.00,156.80
0000011019,02000,0.00,0.00,771.68
0000011019,09000,0.00,0.00,1626.49
0000011019,15001,0.00,0.00,1448.72
0000011019,16000,0.00,0.00,9436.00
0000011020,00000,0.00,0.00,1920.00
0000011021,00000,0.00,0.00,6613.64
0000011021,06100,457.89,0.00,0.00
0000011022,00100,15.07,0.00,294.11
0000011022,00400,0.00,0.00,1685.28
0000011022,00401,0.00,0.00,225.09
0000011022,07000,0.00,0.00,1003.02
0000011022,08000,0.00,0.00,15614.12
0000011022,09000,0.00,0.00,951.13
0000011022,25001,0.00,0.00,630.56
0000011023,00100,16.34,0.00,295.38
0000011023,00400,0.00,0.00,1689.12
0000011023,00401,0.00,0.00,378.27
0000011023,07000,0.00,0.00,2102.35
0000011023,08000,0.00,0.00,26846.45
0000011023,09000,0.00,0.00,1842.20
0000011024,00100,12.00,0.00,230.75
0000011024,00400,0.00,0.00,1691.68
0000011024,00401,0.00,0.00,651.29
0000011024,07000,0.00,0.00,3315.12
0000011024,08000,0.00,0.00,49282.02
0000011024,09000,0.00,0.00,1824.79
0000011024,25001,0.00,0.00,7774.23
0000011024,25002,0.00,0.00,217.50
0000011025,00100,17.62,0.00,227.62
0000011025,00400,0.00,0.00,1693.28
0000011025,00401,0.00,0.00,1361.08
0000011025,07000,0.00,0.00,8489.63
0000011025,08000,0.00,0.00,99316.04
0000011025,09000,0.00,0.00,7911.96
0000011025,25001,0.00,0.00,4297.46
0000011026,01800,111.71,0.00,0.00
0000011027,00000,0.00,0.00,24899.43
0000011028,00400,0.00,0.00,1684.68
0000011028,00401,17.12,0.00,216.62
0000011028,02050,0.00,0.00,549.21
0000011028,07200,0.00,0.00,1716.74
0000011028,08500,0.00,0.00,12441.37
0000011028,09000,0.00,0.00,1776.66
0000011029,00400,0.00,0.00,3034.65
0000011029,00401,106.33,0.00,1477.33
0000011029,02050,0.00,0.00,3011.62
0000011029,04000,0.00,0.00,6972.05
0000011029,07200,0.00,0.00,89031.93
0000011029,25001,0.00,0.00,17723.59
0000011030,00000,0.00,0.00,52628.80
0000011030,03300,56.43,0.00,0.00
0000011031,00000,0.00,0.00,5811.11
0000011032,00400,293.19,0.00,3068.19
0000011032,02070,0.00,0.00,2662.74
0000011032,06100,0.00,0.00,3490.08
0000011032,08100,0.00,0.00,4056.80
0000011032,08120,0.00,0.00,7500.31
0000011032,09310,0.00,0.00,12979.40
0000011032,09900,0.00,0.00,3338.51
0000011032,10170,0.00,0.00,10027.68
0000011032,15000,0.00,0.00,1110.63
0000011032,16000,0.00,0.00,2540.62
0000011032,25001,0.00,0.00,2655.85
0000011033,00100,43.28,0.00,463.28
0000011033,00400,0.00,0.00,662.52
0000011033,00401,0.00,0.00,1025.46
0000011033,01800,0.00,0.00,1052.97
0000011033,02070,0.00,0.00,1024.70
0000011033,06100,0.00,0.00,3777.30
0000011033,08000,0.00,0.00,2630.20
0000011033,09000,0.00,0.00,19972.77
0000011033,12000,0.00,0.00,28074.29
0000011033,15001,0.00,0.00,1104.20
0000011033,15401,0.00,0.00,2539.66
0000011033,16200,0.00,0.00,23602.28
0000011033,25001,0.00,0.00,-4092.00
0000011033,25002,0.00,0.00,212.30
0000011034,00000,0.00,0.00,9868.84
0000011035,00000,0.00,0.00,51408.62
0000011036,00100,22.18,0.00,582.17
0000011036,00400,0.00,0.00,2868.35
0000011036,00401,0.00,0.00,3951.69
0000011036,02070,0.00,0.00,14270.19
0000011036,06100,0.00,0.00,19041.07
0000011036,08000,0.00,0.00,250580.50
0000011036,09000,0.00,0.00,20215.33
0000011036,11000,0.00,0.00,31395.07
0000011036,25001,0.00,0.00,607.20
0000011036,25002,0.00,0.00,4246.90
0000011036,25003,0.00,0.00,325.11
0000011036,25004,0.00,0.00,2475.00
0000011036,25005,0.00,0.00,171.60
0000011037,00100,51.97,0.00,891.97
0000011037,00400,0.00,0.00,1034.08
0000011037,00401,0.00,0.00,16756.10
0000011037,02070,0.00,0.00,28301.00
0000011037,04000,0.00,0.00,29166.36
0000011037,08000,0.00,0.00,34550.08
0000011037,09250,0.00,0.00,44852.73
0000011037,09600,0.00,0.00,107217.25
0000011037,09900,0.00,0.00,29188.13
0000011037,10000,0.00,0.00,81283.54
0000011037,12000,0.00,0.00,8272.60
0000011037,15001,0.00,0.00,21497.88
0000011037,15080,0.00,0.00,7510.64
0000011037,15401,0.00,0.00,71514.45
0000011037,15750,0.00,0.00,12408.90
0000011037,16200,0.00,0.00,55513.50
0000011037,25001,0.00,0.00,3469.76
0000011037,25002,0.00,0.00,1204.00
0000011037,25003,0.00,0.00,5993.04
0000011037,25004,0.00,0.00,7128.85
0000011037,25005,0.00,0.00,14584.45
0000011037,25006,0.00,0.00,-100.00
0000011037,25007,0.00,0.00,5962.88
0000011037,25008,0.00,0.00,2341.40
0000011037,25009,0.00,0.00,10665.33
0000011037,25010,0.00,0.00,4977.51
0000011037,25011,0.00,0.00,4751.16
0000011037,25012,0.00,0.00,3195.35
0000011038,00000,0.00,0.00,3681.32
0000011039,00000,0.00,0.00,45906.93
0000011040,00400,0.00,0.00,2694.75
0000011040,00401,0.00,0.00,2099.21
0000011040,02050,0.00,0.00,13003.79
0000011040,07270,0.00,0.00,19504.60
0000011040,07620,0.00,0.00,141070.16
0000011040,07920,51.41,0.00,651.40
0000011040,25001,0.00,0.00,2374.90
0000011041,00000,0.00,0.00,13239.78
0000011042,00400,284.26,0.00,3429.26
0000011042,02070,0.00,0.00,6932.67
0000011042,06100,0.00,0.00,29127.03
0000011042,08000,0.00,0.00,8072.66
0000011042,09000,0.00,0.00,13963.52
0000011042,09600,0.00,0.00,12654.44
0000011042,09900,0.00,0.00,2836.34
0000011042,15000,0.00,0.00,25527.06
0000011042,16000,0.00,0.00,19418.02
0000011042,25001,0.00,0.00,6180.74
0000011042,25002,0.00,0.00,10565.88
0000011042,25003,0.00,0.00,13433.57
0000011043,00400,502.57,0.00,4690.57
0000011043,02050,0.00,0.00,4317.60
0000011043,03000,0.00,0.00,11161.63
0000011043,04000,0.00,0.00,3808.00
0000011043,04200,0.00,0.00,37408.00
0000011043,04930,0.00,0.00,4735.36
0000011043,05500,0.00,0.00,1860.32
0000011043,06100,0.00,0.00,1470.68
0000011043,07760,0.00,0.00,614.88
0000011043,08100,0.00,0.00,9679.88
0000011043,09910,0.00,0.00,2309.94
0000011043,16000,0.00,0.00,2369.92
0000011043,25001,0.00,0.00,5580.30
0000011043,25002,0.00,0.00,2238.50
0000011043,25003,0.00,0.00,517.50
0000011043,25004,0.00,0.00,1226.50
0000011044,00400,203.06,0.00,1933.06
0000011044,02050,0.00,0.00,5998.38
0000011044,06200,0.00,0.00,13617.14
0000011044,06400,0.00,0.00,4222.24
0000011044,08100,0.00,0.00,10900.26
0000011044,08500,0.00,0.00,1154.79
0000011044,09650,0.00,0.00,2065.88
0000011044,09910,0.00,0.00,5258.60
0000011044,16000,0.00,0.00,5844.38
0000011045,00000,0.00,0.00,8992.00
0000011046,00000,0.00,0.00,529.00
0000011047,00000,0.00,0.00,13392.58
0000011048,00000,0.00,0.00,11029.00
0000011048,03100,247.95,0.00,0.00
0000011049,00400,3709.42,0.00,35999.42
0000011049,02070,0.00,0.00,15903.78
0000011049,03110,0.00,0.00,2757.40
0000011049,04000,0.00,0.00,1671.15
0000011049,05510,0.00,0.00,92024.66
0000011049,06100,0.00,0.00,98260.88
0000011049,07200,0.00,0.00,6310.26
0000011049,07500,0.00,0.00,83557.50
0000011049,07610,0.00,0.00,278525.00
0000011049,08100,0.00,0.00,24894.42
0000011049,08120,0.00,0.00,23497.25
0000011049,08510,0.00,0.00,20952.31
0000011049,08520,0.00,0.00,50532.11
0000011049,16000,0.00,0.00,1671.15
0000011049,25001,0.00,0.00,1815.00
0000011049,25002,0.00,0.00,9900.00
0000011049,25003,0.00,0.00,13054.00
0000011049,25004,0.00,0.00,1382.59
0000011049,25005,0.00,0.00,468.88
0000011049,25006,0.00,0.00,2197.41
0000011049,25007,0.00,0.00,12982.93
0000011049,25008,0.00,0.00,4048.00
0000011049,25009,0.00,0.00,6090.29
0000011050,00400,0.00,0.00,884.80
0000011050,06100,0.00,0.00,41601.09
0000011050,08000,0.00,0.00,6920.49
0000011050,09900,0.00,0.00,5600.00
0000011050,12300,0.00,0.00,3726.14
0000011050,25001,0.00,0.00,754.98
0000011051,00000,0.00,0.00,1626.10
0000011052,00100,74.28,0.00,844.28
0000011052,00400,0.00,0.00,658.50
0000011052,00401,0.00,0.00,1349.60
0000011052,02000,0.00,0.00,500.46
0000011052,02070,0.00,0.00,13170.00
0000011052,06100,0.00,0.00,4286.84
0000011052,08000,0.00,0.00,16725.90
0000011052,09500,0.00,0.00,1536.50
0000011052,09600,0.00,0.00,3361.64
0000011052,09700,0.00,0.00,8143.45
0000011052,09910,0.00,0.00,14248.84
0000011052,15001,0.00,0.00,33590.08
0000011052,16200,0.00,0.00,15365.00
0000011052,25001,0.00,0.00,159.21
0000011053,00100,47.32,0.00,707.32
0000011053,00400,0.00,0.00,375.66
0000011053,00401,0.00,0.00,606.76
0000011053,02000,0.00,0.00,2102.06
0000011053,15001,0.00,0.00,20392.70
0000011053,15210,0.00,0.00,20248.88
0000011053,16200,0.00,0.00,7942.42
0000011053,25001,0.00,0.00,10069.40
0000011053,25002,0.00,0.00,2087.25
0000011053,25003,0.00,0.00,2354.00
0000011053,25004,0.00,0.00,970.75
0000011053,25005,0.00,0.00,345.00
0000011054,00400,2548.01,0.00,28028.01
0000011054,00401,0.00,0.00,29507.50
0000011054,01300,0.00,0.00,101200.00
0000011054,02070,0.00,0.00,67578.50
0000011054,03110,0.00,0.00,17089.77
0000011054,03360,0.00,0.00,11393.18
0000011054,04000,0.00,0.00,1650.00
0000011054,05100,0.00,0.00,65793.20
0000011054,05700,0.00,0.00,10675.50
0000011054,06100,0.00,0.00,49064.62
0000011054,06400,0.00,0.00,48681.60
0000011054,06910,0.00,0.00,75597.72
0000011054,07200,0.00,0.00,7981.70
0000011054,08210,0.00,0.00,82052.93
0000011054,08890,0.00,0.00,83742.82
0000011054,09000,0.00,0.00,113669.08
0000011054,09660,0.00,0.00,66917.40
0000011054,09690,0.00,0.00,16293.75
0000011054,09910,0.00,0.00,53496.85
0000011054,14430,0.00,0.00,103151.42
0000011054,15000,0.00,0.00,279867.50
0000011054,16000,0.00,0.00,298021.90
0000011054,25001,0.00,0.00,3652.08
0000011054,25002,0.00,0.00,16940.41
0000011054,25003,0.00,0.00,4419.80
0000011054,25004,0.00,0.00,2327.50
0000011054,25005,0.00,0.00,3246.45
0000011054,25006,0.00,0.00,43867.44
0000011054,25007,0.00,0.00,43294.31
0000011054,25008,0.00,0.00,6393.10
0000011054,25009,0.00,0.00,9323.16
0000011054,25010,0.00,0.00,-520.95
0000011055,00000,0.00,0.00,1880.00
0000011056,00000,0.00,0.00,13031.12
0000011056,01800,29.86,0.00,0.00
0000011056,25001,0.00,0.00,-110.00
0000011057,00000,0.00,0.00,3543.68
0000011057,06100,81.75,0.00,0.00
0000011058,00000,0.00,0.00,650.47
0000011059,00000,0.00,0.00,2898.83
0000011060,00000,0.00,0.00,39540.39
0000011061,00000,0.00,0.00,1062.00
0000011062,00000,0.00,0.00,11238.41
0000011063,00000,0.00,0.00,5678.40
0000011063,01800,41.95,0.00,0.00
0000011064,00000,0.00,0.00,7616.00
0000011065,00000,0.00,0.00,32757.00
0000011065,09900,99.60,0.00,0.00
0000011066,00400,0.00,0.00,4153.98
0000011066,00401,66.56,0.00,817.06
0000011066,02050,0.00,0.00,2297.86
0000011066,07200,0.00,0.00,2661.42
0000011066,08500,0.00,0.00,28744.30
0000011066,09000,0.00,0.00,2793.65
0000011066,25001,0.00,0.00,2696.44
0000011066,25002,0.00,0.00,872.75
0000011067,00000,0.00,0.00,5276.55
0000011067,01800,12.17,0.00,0.00
0000011068,00000,0.00,0.00,24389.00
0000011068,07000,23.60,0.00,0.00
0000011069,00000,0.00,0.00,1387.10
0000011070,00000,0.00,0.00,5040.23
0000011071,00000,0.00,0.00,165.80
0000011072,00000,0.00,0.00,990.00
0000011073,00000,0.00,0.00,8777.70
0000011074,00000,0.00,0.00,14398.00
0000011074,06100,1353.83,0.00,0.00
0000011075,06100,889.60,0.00,5231.60
0000011075,06101,0.00,0.00,4771.40
0000011076,00000,0.00,0.00,14001.94
0000011077,00400,537.82,0.00,3340.32
0000011077,02000,0.00,0.00,36648.64
0000011077,07920,0.00,0.00,81019.83
0000011078,00000,0.00,0.00,22929.00
0000011078,00400,60.51,0.00,0.00
0000011079,00000,0.00,0.00,788605.17
0000011081,00400,35.86,0.00,490.86
0000011081,02000,0.00,0.00,15385.68
0000011081,02820,0.00,0.00,5616.00
0000011081,03000,0.00,0.00,28209.06
0000011081,16200,0.00,0.00,16092.00
0000011081,25001,0.00,0.00,1227.05
0000011081,25002,0.00,0.00,1562.00
0000011083,00000,0.00,0.00,3117.81
0000011084,00100,571.99,0.00,9461.99
0000011084,00400,0.00,0.00,1116.57
0000011084,00401,0.00,0.00,18095.79
0000011084,04000,0.00,0.00,136767.42
0000011084,06100,0.00,0.00,42722.10
0000011084,08000,0.00,0.00,737858.41
0000011084,09000,0.00,0.00,6194.31
0000011084,25001,0.00,0.00,4392.64
0000011084,25002,0.00,0.00,4548.91
0000011084,25003,0.00,0.00,60748.76
0000011084,25004,0.00,0.00,865.62
0000011084,25005,0.00,0.00,38730.00
0000011084,25010,0.00,0.00,-9.00
0000011085,00100,357.49,0.00,0.00
0000012001,00400,346.91,0.00,2676.91
0000012001,02050,0.00,0.00,2096.14
0000012001,06100,0.00,0.00,17158.98
0000012001,16000,0.00,0.00,10719.74
0000012001,25001,0.00,0.00,336.32
0000012001,25002,0.00,0.00,4263.83
0000012001,25003,0.00,0.00,507.23
0000012001,25004,0.00,0.00,74.18
0000012002,00000,0.00,0.00,18106.98
0000012002,06100,1074.06,0.00,0.00
0000012003,00000,0.00,0.00,6503.20
0000012004,00400,91.93,0.00,2121.93
0000012004,02070,0.00,0.00,6645.83
0000012004,06100,0.00,0.00,6781.22
0000012004,06400,0.00,0.00,3113.80
0000012004,08100,0.00,0.00,2960.09
0000012004,08460,0.00,0.00,3659.60
0000012004,09310,0.00,0.00,5678.65
0000012004,09910,0.00,0.00,2614.00
0000012004,10170,0.00,0.00,2634.91
0000012004,10800,0.00,0.00,2185.30
0000012004,14410,0.00,0.00,3605.23
0000012004,15001,0.00,0.00,4023.46
0000012004,15401,0.00,0.00,11156.55
0000012004,16000,0.00,0.00,2669.42
0000012004,25001,0.00,0.00,2210.30
0000012004,25002,0.00,0.00,844.25
0000012004,25003,0.00,0.00,2310.00
0000012004,25004,0.00,0.00,434.50
0000012004,25005,0.00,0.00,410.81
0000012004,25006,0.00,0.00,3178.83
0000012005,00000,0.00,0.00,205.99
0000012006,00000,0.00,0.00,304000.00
0000012008,00400,19.15,0.00,339.15
0000012008,02050,0.00,0.00,2749.86
0000012008,06100,0.00,0.00,4476.54
0000012008,09000,0.00,0.00,11795.94
0000012008,10000,0.00,0.00,3522.57
0000012009,00400,378.04,0.00,6956.04
0000012009,02070,0.00,0.00,8130.50
0000012009,03110,0.00,0.00,50732.65
0000012009,05100,0.00,0.00,59677.20
0000012009,06400,0.00,0.00,1512.80
0000012009,08110,0.00,0.00,8849.75
0000012009,09000,0.00,0.00,2914.51
0000012009,09110,0.00,0.00,31819.52
0000012009,09910,0.00,0.00,14804.25
0000012009,12660,0.00,0.00,6875.29
0000012009,16000,0.00,0.00,5130.82
0000012009,25001,0.00,0.00,5609.45
0000012011,00400,164.86,0.00,2349.86
0000012011,00401,0.00,0.00,804.79
0000012011,06100,0.00,0.00,15397.33
0000012011,08000,0.00,0.00,34143.11
0000012012,00400,0.00,0.00,31118.95
0000012012,00401,31.36,0.00,31.36
0000012012,02050,0.00,0.00,23129.83
0000012012,02210,0.00,0.00,3578.45
0000012012,02315,0.00,0.00,16268.85
0000012012,02770,0.00,0.00,8074.08
0000012012,02795,0.00,0.00,8641.81
0000012012,03100,0.00,0.00,17336.09
0000012012,03200,0.00,0.00,18032.89
0000012012,03300,0.00,0.00,3121.97
0000012012,03350,0.00,0.00,2544.80
0000012012,04200,0.00,0.00,58147.25
0000012012,05120,0.00,0.00,68746.19
0000012012,05540,0.00,0.00,10494.00
0000012012,06100,0.00,0.00,12552.92
0000012012,06400,0.00,0.00,9880.10
0000012012,07200,0.00,0.00,7742.16
0000012012,07210,0.00,0.00,8657.55
0000012012,07550,0.00,0.00,13327.38
0000012012,07620,0.00,0.00,20862.07
0000012012,07810,0.00,0.00,3148.20
0000012012,07900,0.00,0.00,653.78
0000012012,08100,0.00,0.00,12907.62
0000012012,08710,0.00,0.00,8605.08
0000012012,08800,0.00,0.00,8657.55
0000012012,08970,0.00,0.00,74507.40
0000012012,09110,0.00,0.00,49188.53
0000012012,09130,0.00,0.00,2917.33
0000012012,09250,0.00,0.00,16168.11
0000012012,09400,0.00,0.00,4029.70
0000012012,09660,0.00,0.00,6432.82
0000012012,09790,0.00,0.00,14687.40
0000012012,09900,0.00,0.00,5845.16
0000012012,10000,0.00,0.00,13411.33
0000012012,14200,0.00,0.00,82430.37
0000012012,15050,0.00,0.00,9444.60
0000012012,15300,0.00,0.00,3142.95
0000012012,15400,0.00,0.00,29383.20
0000012012,15800,0.00,0.00,7870.50
0000012012,15900,0.00,0.00,13863.62
0000012012,16000,0.00,0.00,50266.26
0000012012,25001,0.00,0.00,330.00
0000012012,25002,0.00,0.00,5926.53
0000012012,25003,0.00,0.00,-500.00
0000012012,25004,0.00,0.00,6966.54
0000012012,25005,0.00,0.00,2705.84
0000012012,25006,0.00,0.00,2939.00
0000012012,25007,0.00,0.00,1409.00
0000012012,25008,0.00,0.00,7197.00
0000012012,25009,0.00,0.00,1309.75
0000012012,25010,0.00,0.00,250.00
0000012012,25011,0.00,0.00,275.00
0000012012,25012,0.00,0.00,765.90
0000012012,25013,0.00,0.00,544.00
0000012012,25014,0.00,0.00,1145.19
0000012012,25015,0.00,0.00,1075.25
0000012012,25016,0.00,0.00,861.78
0000012012,25017,0.00,0.00,960.25
0000012013,00000,0.00,0.00,239823.04
0000012014,00400,178.53,0.00,3283.53
0000012014,00401,0.00,0.00,2251.84
0000012014,02000,0.00,0.00,6343.19
0000012014,04000,0.00,0.00,7929.00
0000012014,06100,0.00,0.00,22181.67
0000012014,06400,0.00,0.00,3039.45
0000012014,07000,0.00,0.00,1083.63
0000012014,08500,0.00,0.00,66311.17
0000012014,09650,0.00,0.00,475.74
0000012014,09900,0.00,0.00,3151.51
0000012014,16200,0.00,0.00,2891.44
0000012014,25001,0.00,0.00,12319.97
0000012015,00000,0.00,0.00,437000.00
0000012016,02050,0.00,0.00,1980.00
0000012016,07200,0.00,0.00,1477.55
0000012016,08500,0.00,0.00,20638.34
0000012016,09000,0.00,0.00,4069.75
0000012016,25001,0.00,0.00,2837.24
0000012017,00000,0.00,0.00,19188.80
0000012018,00000,0.00,0.00,4117.11
0000012019,00100,551.69,0.00,10071.69
0000012019,00400,0.00,0.00,1048.78
0000012019,00401,0.00,0.00,16474.15
0000012019,01800,0.00,0.00,530.85
0000012019,02070,0.00,0.00,5839.35
0000012019,03000,0.00,0.00,75667.66
0000012019,04000,0.00,0.00,16592.25
0000012019,05000,0.00,0.00,6484.86
0000012019,06220,0.00,0.00,19571.37
0000012019,08000,0.00,0.00,125322.01
0000012019,09110,0.00,0.00,46237.86
0000012019,09500,0.00,0.00,95319.43
0000012019,09600,0.00,0.00,9469.30
0000012019,09700,0.00,0.00,89899.79
0000012019,09910,0.00,0.00,68767.37
0000012019,10000,0.00,0.00,35931.63
0000012019,11000,0.00,0.00,11456.58
0000012019,12000,0.00,0.00,10424.83
0000012019,14000,0.00,0.00,30683.13
0000012019,15001,0.00,0.00,135685.26
0000012019,15401,0.00,0.00,51492.45
0000012019,16200,0.00,0.00,118910.39
0000012019,25001,0.00,0.00,27178.00
0000012019,25002,0.00,0.00,-8750.00
0000012019,25003,0.00,0.00,4157.26
0000012020,00100,30.62,0.00,590.62
0000012020,00400,0.00,0.00,997.60
0000012020,00401,0.00,0.00,3818.21
0000012020,08000,0.00,0.00,80420.84
0000012020,25001,0.00,0.00,11968.40
0000012020,25002,0.00,0.00,826.61
0000012021,00100,114.14,0.00,2354.14
0000012021,00400,0.00,0.00,264.18
0000012021,00401,0.00,0.00,3678.44
0000012021,02000,0.00,0.00,32761.93
0000012021,02070,0.00,0.00,31236.05
0000012021,04000,0.00,0.00,114123.60
0000012021,05000,0.00,0.00,21669.75
0000012021,06000,0.00,0.00,37119.66
0000012021,07000,0.00,0.00,50587.72
0000012021,09000,0.00,0.00,25388.21
0000012021,25001,0.00,0.00,515138.14
0000012021,25002,0.00,0.00,22919.25
0000012022,00400,0.00,0.00,1338.60
0000012022,00401,45.65,0.00,1025.65
0000012022,02050,0.00,0.00,1552.11
0000012022,05000,0.00,0.00,423.87
0000012022,06100,0.00,0.00,7417.28
0000012022,09000,0.00,0.00,564.12
0000012022,09600,0.00,0.00,20827.34
0000012022,09900,0.00,0.00,1615.95
0000012022,25001,0.00,0.00,770.50
0000012023,00000,0.00,0.00,3414.88
0000012023,01800,16.02,0.00,0.00
0000012024,00000,0.00,0.00,2027.11
0000012025,00400,106.20,0.00,1989.00
0000012025,02070,0.00,0.00,7609.51
0000012025,06100,0.00,0.00,3209.98
0000012025,06400,0.00,0.00,3772.85
0000012025,09650,0.00,0.00,19556.35
0000012025,09910,0.00,0.00,1189.03
0000012025,10240,0.00,0.00,3371.99
0000012025,25001,0.00,0.00,685.00
0000012025,25002,0.00,0.00,1226.50
0000012025,25003,0.00,0.00,2284.42
0000012025,25004,0.00,0.00,-247.50
0000012026,00400,124.59,0.00,2199.59
0000012026,00401,0.00,0.00,1713.15
0000012026,01800,0.00,0.00,9182.57
0000012026,02000,0.00,0.00,1450.38
0000012026,02070,0.00,0.00,14692.12
0000012026,08000,0.00,0.00,19344.75
0000012026,09250,0.00,0.00,11988.12
0000012026,09500,0.00,0.00,8463.20
0000012026,09910,0.00,0.00,8888.48
0000012026,12000,0.00,0.00,18817.93
0000012026,15001,0.00,0.00,6453.19
0000012026,15401,0.00,0.00,19021.04
0000012026,16200,0.00,0.00,20946.42
0000012026,25001,0.00,0.00,8279.74
0000012026,25002,0.00,0.00,1887.50
0000012028,00400,310.73,0.00,4294.72
0000012028,00401,0.00,0.00,8797.31
0000012028,02050,0.00,0.00,6414.14
0000012028,04000,0.00,0.00,94998.23
0000012028,07000,0.00,0.00,9042.62
0000012028,08000,0.00,0.00,149789.41
0000012028,09000,0.00,0.00,1230.34
0000012028,12000,0.00,0.00,7886.15
0000012028,16200,0.00,0.00,6345.80
0000012028,25001,0.00,0.00,3024.00
0000012028,25002,0.00,0.00,11482.23
0000012028,25003,0.00,0.00,1369.72
0000012028,25004,0.00,0.00,985.54
0000012029,00400,118.38,0.00,1764.15
0000012029,00401,0.00,0.00,535.90
0000012029,06100,0.00,0.00,7036.41
0000012029,08000,0.00,0.00,13129.08
0000012030,00400,0.00,0.00,3804.50
0000012030,02000,0.00,0.00,7585.89
0000012030,05000,0.00,0.00,956.12
0000012030,06100,0.00,0.00,4400.73
0000012030,09600,0.00,0.00,22419.00
0000012030,09900,0.00,0.00,901.00
0000012030,10000,0.00,0.00,4707.07
0000012030,16200,0.00,0.00,999.73
0000012030,25001,0.00,0.00,330.66
0000012030,25002,0.00,0.00,12133.43
0000012031,00400,517.96,0.00,9567.90
0000012031,02070,0.00,0.00,9767.94
0000012031,04000,0.00,0.00,5071.68
0000012031,06100,0.00,0.00,2489.44
0000012031,06400,0.00,0.00,23594.35
0000012031,09310,0.00,0.00,18989.22
0000012031,09500,0.00,0.00,19705.59
0000012031,09900,0.00,0.00,2989.12
0000012031,10170,0.00,0.00,12916.94
0000012031,10800,0.00,0.00,8286.12
0000012031,13935,0.00,0.00,528.30
0000012031,15001,0.00,0.00,1713.81
0000012031,15401,0.00,0.00,45640.89
0000012031,16000,0.00,0.00,10407.25
0000012031,25001,0.00,0.00,1013.44
0000012031,25002,0.00,0.00,903.79
0000012031,25003,0.00,0.00,483.05
0000012031,25004,0.00,0.00,177.57
0000012031,25005,0.00,0.00,389.21
0000012031,25006,0.00,0.00,116.76
0000012031,25007,0.00,0.00,270.21
0000012032,00400,0.00,0.00,5851.77
0000012032,00401,86.58,0.00,1008.08
0000012032,02050,0.00,0.00,3265.27
0000012032,06100,0.00,0.00,4504.14
0000012032,06101,0.00,0.00,8388.62
0000012032,06400,0.00,0.00,1244.54
0000012032,08000,0.00,0.00,7030.20
0000012032,09000,0.00,0.00,4281.29
0000012032,09600,0.00,0.00,10670.28
0000012032,09910,0.00,0.00,8862.42
0000012032,15001,0.00,0.00,5676.84
0000012032,15401,0.00,0.00,17292.53
0000012032,16200,0.00,0.00,4822.80
0000012032,25001,0.00,0.00,3174.82
0000012032,25002,0.00,0.00,1423.66
0000012032,25003,0.00,0.00,1048.95
0000012032,25004,0.00,0.00,810.21
0000012034,00000,0.00,0.00,1146.96
0000012035,00000,0.00,0.00,76410.40
0000012035,01800,144.47,0.00,0.00
0000012036,00400,1057.07,0.00,27707.07
0000012036,00401,0.00,0.00,27577.58
0000012036,02070,0.00,0.00,36693.30
0000012036,04000,0.00,0.00,18019.68
0000012036,05100,0.00,0.00,19495.72
0000012036,06100,0.00,0.00,24001.67
0000012036,06400,0.00,0.00,35998.88
0000012036,07000,0.00,0.00,116775.00
0000012036,07330,0.00,0.00,8200.20
0000012036,08100,0.00,0.00,40326.30
0000012036,09000,0.00,0.00,272163.60
0000012036,09600,0.00,0.00,47696.10
0000012036,09900,0.00,0.00,62253.01
0000012036,10000,0.00,0.00,441.15
0000012036,15001,0.00,0.00,168882.60
0000012036,15080,0.00,0.00,23355.00
0000012036,15400,0.00,0.00,19670.10
0000012036,15900,0.00,0.00,23355.00
0000012036,16000,0.00,0.00,155264.04
0000012036,25001,0.00,0.00,16474.00
0000012036,25002,0.00,0.00,1100.00
0000012036,25003,0.00,0.00,500.00
0000012036,25004,0.00,0.00,218.49
0000012036,25005,0.00,0.00,5539.90
0000012036,25006,0.00,0.00,2758.53
0000012036,25007,0.00,0.00,1807.61
0000012036,25008,0.00,0.00,18248.85
0000012036,25009,0.00,0.00,11299.08
0000012036,25010,0.00,0.00,18514.10
0000012036,25011,0.00,0.00,15750.70
0000012036,25012,0.00,0.00,-424.61
0000012036,25013,0.00,0.00,1543.87
0000012036,25014,0.00,0.00,14087.01
0000012036,25015,0.00,0.00,-5088.00
0000012036,25016,0.00,0.00,990.00
0000012037,00000,0.00,0.00,85558.93
0000012037,06100,2308.34,0.00,0.00
0000012038,00000,0.00,0.00,205309.07
0000012038,01800,62.00,0.00,0.00
0000012039,00000,0.00,0.00,3809.95
0000012040,00000,0.00,0.00,54721.71
0000012041,00000,0.00,0.00,16375.35
0000012042,00400,0.00,0.00,1787.99
0000012042,00401,60.57,0.00,877.57
0000012042,02070,0.00,0.00,12623.61
0000012042,09650,0.00,0.00,56547.75
0000012042,16000,0.00,0.00,861.68
0000012043,00000,0.00,0.00,31639.70
0000012044,00000,0.00,0.00,983.51
0000012045,01800,36.87,0.00,636.87
0000012045,06101,0.00,0.00,10889.96
0000012045,07300,0.00,0.00,14167.57
0000012045,25001,0.00,0.00,862.65
0000012046,00000,0.00,0.00,915.54
0000012047,00400,0.00,0.00,1679.56
0000012047,02050,36.68,0.00,454.68
0000012047,06100,0.00,0.00,5160.13
0000012047,06400,0.00,0.00,2023.52
0000012047,09910,0.00,0.00,2730.50
0000012047,10000,0.00,0.00,2527.61
0000012047,25001,0.00,0.00,249.57
0000012048,00000,0.00,0.00,228755.82
0000012051,00400,442.83,0.00,6954.83
0000012051,00401,0.00,0.00,2253.27
0000012051,06100,0.00,0.00,13066.28
0000012051,06101,0.00,0.00,37601.83
0000012051,08000,0.00,0.00,94242.18
0000012052,00000,0.00,0.00,1977.05
0000012053,00000,0.00,0.00,9000.00
0000012054,00000,0.00,0.00,354.12
0000012055,00000,0.00,0.00,4728.88
0000012055,01800,48.77,0.00,0.00
0000012056,00000,0.00,0.00,933.03
0000012057,00000,0.00,0.00,20251.02
0000012058,00100,6.61,0.00,81.61
0000012058,00400,0.00,0.00,2494.32
0000012058,00401,0.00,0.00,1808.38
0000012058,02070,0.00,0.00,4923.00
0000012058,03000,0.00,0.00,2879.96
0000012058,05000,0.00,0.00,1186.77
0000012058,06100,0.00,0.00,44715.97
0000012058,06101,0.00,0.00,77192.64
0000012058,07000,0.00,0.00,2376.17
0000012058,08000,0.00,0.00,4450.26
0000012058,09000,0.00,0.00,4447.11
0000012058,15001,0.00,0.00,3134.31
0000012058,16200,0.00,0.00,820.50
0000012058,25001,0.00,0.00,792.00
0000012058,25002,0.00,0.00,711.25
0000012059,00000,0.00,0.00,3448.72
0000012060,01800,0.00,0.00,560.00
0000012060,06101,0.00,0.00,2353.79
0000012060,09000,0.00,0.00,831.84
0000012061,00400,0.00,0.00,3835.60
0000012061,00401,74.18,0.00,1090.68
0000012061,02050,0.00,0.00,16123.22
0000012061,06101,0.00,0.00,30549.69
0000012061,07000,0.00,0.00,10764.18
0000012061,08000,0.00,0.00,13296.68
0000012061,09000,0.00,0.00,1823.23
0000012061,16200,0.00,0.00,5181.22
0000012062,00400,41.94,0.00,544.99
0000012062,00401,0.00,0.00,4034.63
0000012062,06100,0.00,0.00,8160.80
0000012062,06101,0.00,0.00,15421.82
0000012062,07000,0.00,0.00,5974.27
0000012062,08000,0.00,0.00,7217.58
0000012062,09000,0.00,0.00,920.39
0000012062,16000,0.00,0.00,2615.54
0000012062,25001,0.00,0.00,74.75
0000012063,00000,0.00,0.00,7121.51
0000012063,00400,33.16,0.00,0.00
0000012064,00401,261.90,0.00,0.00
0000012065,00000,0.00,0.00,9125.00
0000012066,00000,0.00,0.00,10009.10
0000012066,02000,18.23,0.00,0.00
0000012067,00000,0.00,0.00,16029.09
0000012067,00400,75.33,0.00,0.00
0000012068,00000,0.00,0.00,3817.09
0000012068,06100,52.57,0.00,0.00
0000012069,00000,0.00,0.00,5275.00
0000012070,00000,0.00,0.00,1875.00
0000012070,06100,65.64,0.00,0.00
0000012071,00000,0.00,0.00,2489.00
0000012072,00000,0.00,0.00,825.00
0000012073,00400,221.42,0.00,3850.42
0000012073,00401,0.00,0.00,4989.77
0000012073,06100,0.00,0.00,3042.61
0000012073,06101,0.00,0.00,26771.04
0000012073,09000,0.00,0.00,72750.69
0000012073,10000,0.00,0.00,14496.32
0000012073,12000,0.00,0.00,111780.47
0000012073,15001,0.00,0.00,27014.70
0000012073,15401,0.00,0.00,49209.12
0000012073,16200,0.00,0.00,18370.10
0000012073,25001,0.00,0.00,-3958.20
0000012073,25002,0.00,0.00,760.44
0000012073,25003,0.00,0.00,-181.17
0000012073,25004,0.00,0.00,-435.42
0000012073,25005,0.00,0.00,467.16
0000012073,25006,0.00,0.00,1873.35
0000012074,00000,0.00,0.00,350909.54
0000012075,00400,136.92,0.00,0.00
0000012076,00000,0.00,0.00,25698.39
0000012077,00000,0.00,0.00,37226.52
0000012078,00000,0.00,0.00,5277.42
0000012079,00000,0.00,0.00,2973.60
0000012080,00000,0.00,0.00,23876.07
0000012081,00000,0.00,0.00,29833.97
0000012081,01800,24.93,0.00,0.00
0000012082,00000,0.00,0.00,9041.91
0000012084,00000,0.00,0.00,7716.78
0000013001,00000,0.00,0.00,4215.50
0000013002,00000,0.00,0.00,4304.45
0000013003,00100,0.00,0.00,1069.76
0000013003,00401,0.00,0.00,2646.35
0000013003,02070,24.03,0.00,743.62
0000013003,06200,0.00,0.00,7728.94
0000013003,06400,0.00,0.00,22994.86
0000013003,09130,0.00,0.00,33251.82
0000013003,09250,0.00,0.00,9167.72
0000013003,09910,0.00,0.00,5965.72
0000013003,15001,0.00,0.00,245.11
0000013003,16200,0.00,0.00,19582.80
0000013003,25001,0.00,0.00,8187.67
0000013004,00000,0.00,0.00,47738.52
0000013004,00100,34.18,0.00,0.00
0000013005,00000,0.00,0.00,5970.27
0000013007,00000,0.00,0.00,4827.24
0000013008,00000,0.00,0.00,14478.82
0000013008,00400,84.57,0.00,0.00
0000013009,00000,0.00,0.00,6318.55
0000013010,00000,0.00,0.00,6739.60
0000013011,00000,0.00,0.00,12755.64
0000013012,00000,0.00,0.00,4380.00
0000013012,00100,69.74,0.00,0.00
0000013013,00400,0.00,0.00,11121.77
0000013013,00401,150.91,0.00,2829.91
0000013013,02000,0.00,0.00,17495.06
0000013013,02070,0.00,0.00,3032.08
0000013013,03300,0.00,0.00,14358.34
0000013013,06100,0.00,0.00,14251.43
0000013013,06101,0.00,0.00,14645.25
0000013013,06200,0.00,0.00,12725.69
0000013013,07000,0.00,0.00,25412.88
0000013013,08000,0.00,0.00,18713.75
0000013013,09000,0.00,0.00,25005.07
0000013013,10000,0.00,0.00,8722.23
0000013013,15001,0.00,0.00,35366.51
0000013013,15401,0.00,0.00,20813.96
0000013013,16200,0.00,0.00,21500.75
0000013013,25001,0.00,0.00,1451.74
0000013013,25003,0.00,0.00,731.68
0000013013,25004,0.00,0.00,1570.41
0000013013,25005,0.00,0.00,8999.72
0000013013,25007,0.00,0.00,3740.03
0000013013,25008,0.00,0.00,602.74
0000013013,25009,0.00,0.00,32225.59
0000013013,25010,0.00,0.00,9355.84
0000013013,25011,0.00,0.00,1321.66
0000013013,25012,0.00,0.00,15551.14
0000013013,25013,0.00,0.00,3292.29
0000013015,00000,0.00,0.00,95006.11
0000013015,00400,21.25,0.00,0.00
0000013016,00000,0.00,0.00,9391.24
0000013017,00000,0.00,0.00,17221.17
0000013018,00000,0.00,0.00,15787.33
0000013019,00000,0.00,0.00,24146.83
0000013020,00000,0.00,0.00,15900.68
0000013021,00000,0.00,0.00,6426.68
0000013021,07400,37.80,0.00,0.00
0000013022,00000,0.00,0.00,9971.00
0000013022,01800,54.85,0.00,0.00
0000013023,00400,0.00,0.00,21799.92
0000013023,00401,0.00,0.00,19771.82
0000013023,02070,0.00,0.00,38545.44
0000013023,03000,493.48,0.00,9718.48
0000013023,03110,0.00,0.00,29497.79
0000013023,03360,0.00,0.00,2180.20
0000013023,04000,0.00,0.00,61265.40
0000013023,05700,0.00,0.00,40151.01
0000013023,06100,0.00,0.00,89642.41
0000013023,06400,0.00,0.00,17809.38
0000013023,07000,0.00,0.00,44015.51
0000013023,07240,0.00,0.00,54041.05
0000013023,08000,0.00,0.00,40183.43
0000013023,08400,0.00,0.00,31796.74
0000013023,09660,0.00,0.00,4013.94
0000013023,09690,0.00,0.00,21692.82
0000013023,09910,0.00,0.00,51158.72
0000013023,10200,0.00,0.00,3866.06
0000013023,15000,0.00,0.00,28336.30
0000013023,16000,0.00,0.00,57228.22
0000013023,25001,0.00,0.00,14302.48
0000013023,25002,0.00,0.00,19876.04
0000013023,25003,0.00,0.00,12697.60
0000013023,25004,0.00,0.00,6742.24
0000013023,25005,0.00,0.00,-9921.00
0000013023,25006,0.00,0.00,-2764.04
0000013024,00100,37.19,0.00,422.19
0000013024,00400,0.00,0.00,658.86
0000013024,00401,0.00,0.00,542.46
0000013024,01800,0.00,0.00,14220.40
0000013024,09000,0.00,0.00,29127.76
0000013024,25001,0.00,0.00,2750.69
0000013025,00100,54.33,0.00,1104.33
0000013025,00401,0.00,0.00,3956.92
0000013025,01800,0.00,0.00,527.80
0000013025,02000,0.00,0.00,4940.21
0000013025,02070,0.00,0.00,9648.18
0000013025,04000,0.00,0.00,8233.68
0000013025,05000,0.00,0.00,31773.56
0000013025,06100,0.00,0.00,18931.13
0000013025,07330,0.00,0.00,35558.94
0000013025,08000,0.00,0.00,3425.42
0000013025,09000,0.00,0.00,10549.03
0000013025,16200,0.00,0.00,4222.40
0000013025,25001,0.00,0.00,15194.41
0000013025,25002,0.00,0.00,-2050.00
0000013025,25010,0.00,0.00,228.20
0000013026,00400,31.57,0.00,631.57
0000013026,00401,0.00,0.00,1397.10
0000013026,05000,0.00,0.00,4151.14
0000013026,06100,0.00,0.00,2177.51
0000013026,06101,0.00,0.00,13105.65
0000013026,07000,0.00,0.00,93028.29
0000013026,08000,0.00,0.00,1191.63
0000013026,09000,0.00,0.00,6721.09
0000013026,25001,0.00,0.00,5095.98
0000013027,00000,0.00,0.00,11290.72
0000013028,00400,126.31,0.00,1913.31
0000013028,00401,0.00,0.00,2047.64
0000013028,06100,0.00,0.00,1052.92
0000013028,06101,0.00,0.00,23985.22
0000013028,07000,0.00,0.00,3113.99
0000013028,25001,0.00,0.00,41600.81
0000013028,25002,0.00,0.00,8268.69
0000013028,25003,0.00,0.00,292.68
0000013028,25010,0.00,0.00,-1000.00
0000013028,25011,0.00,0.00,1000.00
0000013030,00000,0.00,0.00,19059.58
0000013030,06100,680.83,0.00,0.00
0000013031,00400,122.69,0.00,1224.69
0000013031,06100,0.00,0.00,2035.97
0000013031,06101,0.00,0.00,5335.20
0000013032,00400,0.00,0.00,4594.98
0000013032,00401,88.55,0.00,1418.55
0000013032,06100,0.00,0.00,18373.26
0000013032,06101,0.00,0.00,20907.09
0000013032,08000,0.00,0.00,73377.37
0000013032,25001,0.00,0.00,87.07
0000013033,00400,76.43,0.00,1526.43
0000013033,00401,0.00,0.00,3886.06
0000013033,02070,0.00,0.00,10527.72
0000013033,04000,0.00,0.00,11309.90
0000013033,06100,0.00,0.00,10019.19
0000013033,07000,0.00,0.00,19402.71
0000013033,08000,0.00,0.00,76822.76
0000013033,09000,0.00,0.00,10167.28
0000013033,10000,0.00,0.00,5324.95
0000013033,25001,0.00,0.00,2065.55
0000013033,25002,0.00,0.00,1430.23
0000013034,00400,0.00,0.00,2095.36
0000013034,00401,34.43,0.00,534.43
0000013034,06100,0.00,0.00,9003.07
0000013034,08000,0.00,0.00,10890.13
0000013035,00000,0.00,0.00,453.69
0000013036,00000,0.00,0.00,5178.01
0000013037,00000,0.00,0.00,6493.00
0000013038,00400,0.00,0.00,16879.43
0000013038,00401,87.22,0.00,1569.22
0000013038,05500,0.00,0.00,96069.69
0000013038,09900,0.00,0.00,1483.44
0000013038,15000,0.00,0.00,11565.53
0000013038,16000,0.00,0.00,7735.08
0000013039,00400,76.96,0.00,977.19
0000013039,00401,0.00,0.00,1820.61
0000013039,02070,0.00,0.00,5708.74
0000013039,06100,0.00,0.00,9066.94
0000013039,08000,0.00,0.00,46020.69
0000013039,09000,0.00,0.00,4714.03
0000013040,00400,64.59,0.00,786.09
0000013040,00401,0.00,0.00,1469.54
0000013040,02070,0.00,0.00,1960.02
0000013040,06100,0.00,0.00,6067.44
0000013040,08000,0.00,0.00,44463.28
0000013041,00400,91.53,0.00,1469.80
0000013041,00401,0.00,0.00,2747.44
0000013041,02070,0.00,0.00,2621.62
0000013041,06100,0.00,0.00,10642.93
0000013041,08000,0.00,0.00,80280.04
0000013041,09000,0.00,0.00,6819.71
0000013042,00000,0.00,0.00,9598.40
0000013042,03300,462.23,0.00,0.00
0000013043,00000,0.00,0.00,2808.00
0000013044,00100,0.00,0.00,449.40
0000013044,00400,0.00,0.00,642.00
0000013044,00401,0.00,0.00,2520.92
0000013044,02070,0.00,0.00,5671.43
0000013044,04000,0.00,0.00,2862.25
0000013044,08000,0.00,0.00,4401.89
0000013044,09050,0.00,0.00,9769.19
0000013044,09600,0.00,0.00,7827.09
0000013044,09910,0.00,0.00,2401.08
0000013044,10000,0.00,0.00,97302.63
0000013044,11000,0.00,0.00,2273.75
0000013044,12000,0.00,0.00,49407.34
0000013044,15001,0.00,0.00,5483.75
0000013044,15401,0.00,0.00,1605.00
0000013044,16200,0.00,0.00,20338.05
0000013044,16700,0.00,0.00,2856.90
0000013044,25001,0.00,0.00,473.16
0000013044,25002,0.00,0.00,191.82
0000013044,25003,0.00,0.00,1056.41
0000013044,25004,0.00,0.00,1042.24
0000013044,25005,0.00,0.00,1278.83
0000013044,25006,0.00,0.00,1940.80
0000013044,25007,0.00,0.00,1873.75
0000013044,25008,0.00,0.00,2057.22
0000013044,25009,0.00,0.00,891.34
0000013044,25010,0.00,0.00,125.10
0000013044,25011,0.00,0.00,3542.65
0000013044,25012,0.00,0.00,1266.17
0000013044,25013,0.00,0.00,100.08
0000013044,25014,0.00,0.00,253.55
0000013044,25015,0.00,0.00,476.41
0000013044,25016,0.00,0.00,1230.24
0000013044,25017,0.00,0.00,521.63
0000013044,25018,0.00,0.00,647.93
0000013045,00000,0.00,0.00,5235.00
0000013046,00000,0.00,0.00,5611.65
0000013047,00000,0.00,0.00,12798.33
0000013047,06100,108.13,0.00,0.00
0000013048,00400,70.88,0.00,685.88
0000013048,02070,0.00,0.00,18218.51
0000013048,09000,0.00,0.00,12258.55
0000013048,09900,0.00,0.00,3967.84
0000013049,00400,0.00,0.00,77725.00
0000013049,00401,0.00,0.00,19992.00
0000013049,02000,0.00,0.00,181300.00
0000013049,02220,0.00,0.00,51710.40
0000013049,04000,0.00,0.00,77760.00
0000013049,05000,0.00,0.00,233189.35
0000013049,06100,0.00,0.00,96806.35
0000013049,07400,0.00,0.00,37530.00
0000013049,07530,0.00,0.00,52556.00
0000013049,08000,0.00,0.00,73484.80
0000013049,09000,0.00,0.00,87186.23
0000013049,10000,0.00,0.00,4595.39
0000013049,13850,0.00,0.00,54074.80
0000013049,15000,0.00,0.00,23816.00
0000013049,15401,0.00,0.00,26839.28
0000013049,16000,0.00,0.00,137280.00
0000013049,25001,0.00,0.00,18882.16
0000013049,25002,0.00,0.00,3821.71
0000013049,25003,0.00,0.00,14730.81
0000013049,25004,0.00,0.00,22007.39
0000013049,25005,0.00,0.00,14705.69
0000013049,25006,0.00,0.00,53398.62
0000013049,25007,0.00,0.00,41601.03
0000013049,25008,0.00,0.00,51842.93
0000013050,00000,0.00,0.00,838.86
0000013051,00401,45.49,0.00,0.00
0000013052,00400,0.00,0.00,6548.27
0000013052,00401,105.19,0.00,1216.73
0000013052,02000,0.00,0.00,7477.49
0000013052,04000,0.00,0.00,6601.29
0000013052,06100,0.00,0.00,3827.56
0000013052,07100,0.00,0.00,5539.51
0000013052,07400,0.00,0.00,30228.07
0000013052,08500,0.00,0.00,45433.39
0000013052,09000,0.00,0.00,2500.54
0000013052,09900,0.00,0.00,2924.31
0000013052,12000,0.00,0.00,2137.21
0000013052,25001,0.00,0.00,1297.33
0000013052,25002,0.00,0.00,378.80
0000013052,25003,0.00,0.00,382.79
0000013055,00400,192.74,0.00,2964.44
0000013055,02000,0.00,0.00,12813.81
0000013055,03300,0.00,0.00,1380.64
0000013055,06100,0.00,0.00,4777.26
0000013055,15401,0.00,0.00,594.97
0000013055,16200,0.00,0.00,3663.38
0000013056,00000,0.00,0.00,41436.06
0000013057,00000,0.00,0.00,1860.10
0000013058,00000,0.00,0.00,555.00
0000013059,00000,0.00,0.00,15870.00
0000013060,00000,0.00,0.00,164165.61
0000013061,00000,0.00,0.00,381.05
0000013062,00000,0.00,0.00,560.70
0000013064,00000,0.00,0.00,390.00
0000013065,00000,0.00,0.00,15864.88
0000013066,00000,0.00,0.00,8792.00
0000013066,00400,44.92,0.00,0.00
0000013067,00000,0.00,0.00,1390.00
0000013068,00400,208.96,0.00,4037.62
0000013068,00401,0.00,0.00,8207.89
0000013068,02000,0.00,0.00,7093.40
0000013068,07310,0.00,0.00,44304.96
0000013068,09000,0.00,0.00,369177.03
0000013068,15001,0.00,0.00,4482.32
0000013068,15401,0.00,0.00,3916.08
0000013068,16200,0.00,0.00,8837.64
0000013068,25002,0.00,0.00,96604.81
0000013068,25003,0.00,0.00,2694.29
0000013068,25004,0.00,0.00,1310.57
0000013069,00000,0.00,0.00,2681.20
0000013070,00400,43.97,0.00,383.97
0000013070,00401,0.00,0.00,186.55
0000013070,02000,0.00,0.00,169.59
0000013070,02070,0.00,0.00,661.40
0000013070,06100,0.00,0.00,2758.10
0000013070,15401,0.00,0.00,6817.52
0000013070,25001,0.00,0.00,13848.60
0000013070,25002,0.00,0.00,3008.98
0000013071,00400,0.00,0.00,13183.26
0000013071,00401,199.72,0.00,3583.72
0000013071,06400,0.00,0.00,28126.24
0000013071,07800,0.00,0.00,795.45
0000013071,09000,0.00,0.00,4043.16
0000013071,09900,0.00,0.00,1166.66
0000013071,15001,0.00,0.00,23704.41
0000013071,15401,0.00,0.00,39136.14
0000013071,16200,0.00,0.00,10552.97
0000013071,25001,0.00,0.00,1004.77
0000013073,00400,23.23,0.00,273.23
0000013073,00401,0.00,0.00,1235.25
0000013073,01800,0.00,0.00,967.14
0000013073,02070,0.00,0.00,2579.04
0000013073,03000,0.00,0.00,2595.16
0000013073,06100,0.00,0.00,2820.83
0000013073,08000,0.00,0.00,9427.47
0000013073,09000,0.00,0.00,10094.10
0000013073,10000,0.00,0.00,26747.40
0000013073,15001,0.00,0.00,5663.14
0000013073,15401,0.00,0.00,35504.78
0000013073,16200,0.00,0.00,6877.43
0000013074,00400,63.78,0.00,763.78
0000013074,00401,0.00,0.00,623.41
0000013074,03000,0.00,0.00,844.95
0000013074,06100,0.00,0.00,3053.09
0000013074,08000,0.00,0.00,29979.80
0000013074,09000,0.00,0.00,1695.24
0000013074,10000,0.00,0.00,3047.35
0000013074,16200,0.00,0.00,11921.33
0000013074,25001,0.00,0.00,2278.31
0000013074,25002,0.00,0.00,259.82
0000013075,00400,78.45,0.00,2328.45
0000013075,00401,0.00,0.00,9423.48
0000013075,01800,0.00,0.00,363.44
0000013075,02070,0.00,0.00,20055.66
0000013075,03100,0.00,0.00,14610.29
0000013075,03210,0.00,0.00,7268.80
0000013075,03300,0.00,0.00,908.60
0000013075,03350,0.00,0.00,519.20
0000013075,04800,0.00,0.00,8141.06
0000013075,05520,0.00,0.00,2076.80
0000013075,05530,0.00,0.00,929.37
0000013075,06060,0.00,0.00,39733.57
0000013075,06170,0.00,0.00,3141.16
0000013075,06200,0.00,0.00,1038.40
0000013075,06400,0.00,0.00,13390.17
0000013075,07200,0.00,0.00,1261.03
0000013075,07210,0.00,0.00,4211.75
0000013075,07460,0.00,0.00,34786.40
0000013075,07530,0.00,0.00,7305.14
0000013075,07900,0.00,0.00,2615.73
0000013075,08110,0.00,0.00,38727.13
0000013075,08900,0.00,0.00,32398.08
0000013075,09110,0.00,0.00,35205.18
0000013075,09600,0.00,0.00,32190.40
0000013075,09910,0.00,0.00,16510.56
0000013075,10240,0.00,0.00,2326.02
0000013075,10810,0.00,0.00,1510.87
0000013075,14200,0.00,0.00,44132.00
0000013075,15001,0.00,0.00,86394.88
0000013075,15401,0.00,0.00,16801.31
0000013075,16500,0.00,0.00,46364.56
0000013075,25001,0.00,0.00,-59069.00
0000013075,25002,0.00,0.00,3320.83
0000013075,25003,0.00,0.00,9163.79
0000013075,25004,0.00,0.00,3341.44
0000013075,25005,0.00,0.00,13416.25
0000013075,25006,0.00,0.00,25126.62
0000013076,00100,1763.95,0.00,48483.95
0000013076,00400,0.00,0.00,18245.13
0000013076,00401,0.00,0.00,28082.25
0000013076,01800,0.00,0.00,1907.71
0000013076,02070,0.00,0.00,5800.90
0000013076,02315,0.00,0.00,43841.09
0000013076,02740,0.00,0.00,8242.56
0000013076,02820,0.00,0.00,2177.28
0000013076,02920,0.00,0.00,4354.56
0000013076,03050,0.00,0.00,29839.10
0000013076,03100,0.00,0.00,20772.29
0000013076,03210,0.00,0.00,20448.81
0000013076,03300,0.00,0.00,29295.82
0000013076,03350,0.00,0.00,8216.63
0000013076,03370,0.00,0.00,3732.48
0000013076,05090,0.00,0.00,1036.80
0000013076,05500,0.00,0.00,30787.78
0000013076,05530,0.00,0.00,2037.31
0000013076,06060,0.00,0.00,127705.77
0000013076,06170,0.00,0.00,92793.60
0000013076,06400,0.00,0.00,10459.72
0000013076,07200,0.00,0.00,2472.77
0000013076,07210,0.00,0.00,4769.28
0000013076,07460,0.00,0.00,114628.60
0000013076,07469,0.00,0.00,7257.60
0000013076,07530,0.00,0.00,78719.04
0000013076,07710,0.00,0.00,3851.71
0000013076,08110,0.00,0.00,31363.20
0000013076,08370,0.00,0.00,2892.67
0000013076,08520,0.00,0.00,2441.66
0000013076,08900,0.00,0.00,21534.34
0000013076,09110,0.00,0.00,25842.23
0000013076,09310,0.00,0.00,38050.56
0000013076,09640,0.00,0.00,55831.68
0000013076,09910,0.00,0.00,15597.62
0000013076,10170,0.00,0.00,6868.80
0000013076,10260,0.00,0.00,580.61
0000013076,10420,0.00,0.00,163.30
0000013076,10500,0.00,0.00,2483.14
0000013076,10520,0.00,0.00,1399.68
0000013076,10810,0.00,0.00,2052.86
0000013076,11480,0.00,0.00,43336.16
0000013076,13850,0.00,0.00,12960.00
0000013076,15001,0.00,0.00,77754.82
0000013076,15070,0.00,0.00,9725.18
0000013076,15401,0.00,0.00,34470.49
0000013076,16500,0.00,0.00,65318.40
0000013076,16700,0.00,0.00,1555.20
0000013076,25001,0.00,0.00,11300.00
0000013076,25002,0.00,0.00,738.76
0000013076,25003,0.00,0.00,3009.02
0000013076,25004,0.00,0.00,4706.97
0000013076,25005,0.00,0.00,1370.08
0000013076,25006,0.00,0.00,997.18
0000013076,25007,0.00,0.00,1009.39
0000013076,25008,0.00,0.00,39300.00
0000013076,25009,0.00,0.00,3662.15
0000013076,25010,0.00,0.00,1278.15
0000013076,25011,0.00,0.00,4979.70
0000013076,25012,0.00,0.00,-2600.00
0000013077,00000,0.00,0.00,6357.06
0000013078,00000,0.00,0.00,7322.50
0000013078,01800,17.98,0.00,0.00
0000013079,00400,21.12,0.00,401.12
0000013079,00401,0.00,0.00,3653.07
0000013079,02050,0.00,0.00,899.64
0000013079,05000,0.00,0.00,12705.80
0000013079,06000,0.00,0.00,8295.74
0000013079,07550,0.00,0.00,119070.00
0000013079,08100,0.00,0.00,1111.32
0000013079,09900,0.00,0.00,481.57
0000013079,15000,0.00,0.00,4127.76
0000013079,16000,0.00,0.00,767.34
0000013079,25001,0.00,0.00,31749.03
0000013079,25002,0.00,0.00,482.50
0000013080,00000,0.00,0.00,47954.15
0000013081,00100,36.56,0.00,316.56
0000013081,00400,0.00,0.00,792.54
0000013081,02000,0.00,0.00,2694.64
0000013081,02070,0.00,0.00,2759.74
0000013081,03000,0.00,0.00,9482.18
0000013081,06100,0.00,0.00,1471.86
0000013081,09000,0.00,0.00,1471.86
0000013081,25001,0.00,0.00,9572.48
0000013082,00400,1480.56,0.00,9320.56
0000013082,02130,0.00,0.00,41111.72
0000013082,02220,0.00,0.00,42299.92
0000013082,02300,0.00,0.00,2019.94
0000013082,06100,0.00,0.00,25256.97
0000013082,15000,0.00,0.00,15304.02
0000013082,16000,0.00,0.00,23092.67
0000013083,00000,0.00,0.00,4368.22
0000013084,00000,0.00,0.00,3458.39
0000014001,00400,0.00,0.00,18045.90
0000014001,02000,0.00,0.00,25200.00
0000014001,02300,0.00,0.00,2000.00
0000014001,03000,0.00,0.00,40500.00
0000014001,06100,0.00,0.00,38000.00
0000014001,06400,0.00,0.00,15000.00
0000014001,07000,0.00,0.00,50000.00
0000014001,07400,0.00,0.00,27500.00
0000014001,08000,0.00,0.00,22500.00
0000014001,09000,0.00,0.00,22500.00
0000014001,09600,0.00,0.00,9500.00
0000014001,09910,0.00,0.00,10500.00
0000014001,13000,0.00,0.00,4500.00
0000014001,15001,0.00,0.00,15000.00
0000014001,15401,0.00,0.00,23000.00
0000014001,16000,0.00,0.00,31950.00
0000014001,25001,0.00,0.00,11124.36
0000014002,00000,0.00,0.00,6875.00
0000014003,00000,0.00,0.00,82894.28
0000014003,02000,1239.64,0.00,0.00
0000014004,00400,38.80,0.00,698.80
0000014004,00401,0.00,0.00,532.70
0000014004,04000,0.00,0.00,35972.00
0000014004,25001,0.00,0.00,3024.02
0000014004,25002,0.00,0.00,1473.05
0000014005,00000,0.00,0.00,71106.28
0000014005,01800,25.02,0.00,0.00
0000014008,00000,0.00,0.00,45631.67
0000014011,00400,266.43,0.00,3656.46
0000014011,00401,0.00,0.00,2764.56
0000014011,02050,0.00,0.00,38154.12
0000014011,06100,0.00,0.00,15050.43
0000014011,06101,0.00,0.00,6571.12
0000014011,06400,0.00,0.00,3744.28
0000014011,08000,0.00,0.00,2584.80
0000014011,09600,0.00,0.00,30825.08
0000014011,09910,0.00,0.00,4444.85
0000014011,10000,0.00,0.00,17469.68
0000014011,15001,0.00,0.00,22957.13
0000014011,15401,0.00,0.00,74206.53
0000014011,16200,0.00,0.00,12286.92
0000014011,25001,0.00,0.00,12581.35
0000014011,25002,0.00,0.00,990.64
0000014011,25003,0.00,0.00,158.29
0000014012,00400,196.62,0.00,3839.11
0000014012,00401,0.00,0.00,7407.09
0000014012,02220,0.00,0.00,36485.59
0000014012,03000,0.00,0.00,3679.75
0000014012,04000,0.00,0.00,1987.91
0000014012,06100,0.00,0.00,1309.26
0000014012,07200,0.00,0.00,1427.49
0000014012,08000,0.00,0.00,8649.53
0000014012,09000,0.00,0.00,20471.26
0000014012,09600,0.00,0.00,16152.84
0000014012,09910,0.00,0.00,2918.42
0000014012,10820,0.00,0.00,2894.10
0000014012,11730,0.00,0.00,26514.31
0000014012,12000,0.00,0.00,12762.82
0000014012,15001,0.00,0.00,16601.18
0000014012,15300,0.00,0.00,52470.01
0000014012,15401,0.00,0.00,25217.18
0000014012,16000,0.00,0.00,24108.72
0000014012,25001,0.00,0.00,179.67
0000014012,25002,0.00,0.00,1138.28
0000014012,25003,0.00,0.00,812.41
0000014012,25004,0.00,0.00,1294.50
0000014012,25005,0.00,0.00,440.80
0000014012,25006,0.00,0.00,323.63
0000014012,25007,0.00,0.00,1047.88
0000014012,25008,0.00,0.00,2466.25
0000014012,25009,0.00,0.00,278.99
0000014012,25010,0.00,0.00,312.46
0000014012,25011,0.00,0.00,880.05
0000014012,25012,0.00,0.00,129.45
0000014012,25013,0.00,0.00,1471.54
0000014013,00400,0.00,0.00,6421.00
0000014013,02070,0.00,0.00,10477.00
0000014013,06200,0.00,0.00,29838.00
0000014013,08520,0.00,0.00,143746.00
0000014013,09910,0.00,0.00,6195.00
0000014013,10000,0.00,0.00,73.00
0000014013,25001,0.00,0.00,125.00
0000014013,25002,0.00,0.00,696.90
0000014014,00400,55.01,0.00,1255.01
0000014014,00401,0.00,0.00,4244.81
0000014014,08520,0.00,0.00,150220.27
0000014014,25001,0.00,0.00,60131.44
0000014014,25002,0.00,0.00,882.61
0000014015,00400,666.62,0.00,4216.62
0000014015,00401,0.00,0.00,3081.84
0000014015,02000,0.00,0.00,39728.15
0000014015,06400,0.00,0.00,4141.20
0000014015,08000,0.00,0.00,12441.45
0000014015,09000,0.00,0.00,31177.61
0000014015,09600,0.00,0.00,15303.40
0000014015,09910,0.00,0.00,3617.60
0000014015,10810,0.00,0.00,26945.17
0000014015,15001,0.00,0.00,28381.50
0000014015,15401,0.00,0.00,46826.50
0000014015,15900,0.00,0.00,13209.00
0000014015,16000,0.00,0.00,8032.50
0000014015,25001,0.00,0.00,12860.10
0000014015,25002,0.00,0.00,2289.38
0000014015,25003,0.00,0.00,348.52
0000014016,00400,0.00,0.00,2163.55
0000014016,00401,46.97,0.00,550.47
0000014016,02050,0.00,0.00,3802.60
0000014016,05500,0.00,0.00,17220.36
0000014016,06100,0.00,0.00,2400.21
0000014016,06101,0.00,0.00,3042.08
0000014016,07000,0.00,0.00,6926.60
0000014016,09000,0.00,0.00,1111.80
0000014016,25001,0.00,0.00,-558.42
0000014017,00400,0.00,0.00,7019.00
0000014017,02070,0.00,0.00,13215.00
0000014017,03930,0.00,0.00,851.00
0000014017,06200,0.00,0.00,41500.00
0000014017,08000,0.00,0.00,151917.00
0000014017,09910,0.00,0.00,6373.00
0000014017,25001,0.00,0.00,65.28
0000014017,25002,0.00,0.00,1415.98
0000014019,00000,0.00,0.00,3812.00
0000014020,00401,131.18,0.00,1766.18
0000014020,02070,0.00,0.00,18887.75
0000014020,08110,0.00,0.00,5996.59
0000014020,09000,0.00,0.00,5720.29
0000014020,09600,0.00,0.00,15649.85
0000014020,09910,0.00,0.00,1295.16
0000014020,10810,0.00,0.00,10998.07
0000014020,12000,0.00,0.00,1915.76
0000014020,15001,0.00,0.00,581.74
0000014020,15401,0.00,0.00,32810.72
0000014020,25001,0.00,0.00,2164.17
0000014020,25002,0.00,0.00,9454.11
0000014020,25003,0.00,0.00,727.38
0000014021,00401,85.26,0.00,1425.26
0000014021,02070,0.00,0.00,9571.95
0000014021,08110,0.00,0.00,2632.58
0000014021,09000,0.00,0.00,819.36
0000014021,09600,0.00,0.00,13194.84
0000014021,09910,0.00,0.00,1170.51
0000014021,10810,0.00,0.00,8714.98
0000014021,12000,0.00,0.00,1934.53
0000014021,15401,0.00,0.00,20424.34
0000014021,25001,0.00,0.00,13314.99
0000014021,25002,0.00,0.00,1836.00
0000014021,25003,0.00,0.00,1895.96
0000014022,00401,80.62,0.00,1190.62
0000014022,02070,0.00,0.00,8448.94
0000014022,08110,0.00,0.00,60012.11
0000014022,09000,0.00,0.00,14099.43
0000014022,09910,0.00,0.00,3195.16
0000014022,16000,0.00,0.00,9649.80
0000014022,25001,0.00,0.00,2821.48
0000014023,00401,163.63,0.00,1828.63
0000014023,02070,0.00,0.00,6740.55
0000014023,04050,0.00,0.00,1385.50
0000014023,08110,0.00,0.00,4352.22
0000014023,09000,0.00,0.00,6817.52
0000014023,09600,0.00,0.00,15882.62
0000014023,09910,0.00,0.00,2519.18
0000014023,12000,0.00,0.00,1348.11
0000014023,16000,0.00,0.00,12095.60
0000014023,25001,0.00,0.00,530.00
0000014023,25002,0.00,0.00,2479.80
0000014024,00000,0.00,0.00,2972.48
0000014025,00000,0.00,0.00,500.00
0000014026,00000,0.00,0.00,956.23
0000014027,00000,0.00,0.00,3192.00
0000014027,02070,104.59,0.00,0.00
0000014028,00000,0.00,0.00,52600.00
0000014028,02220,474.50,0.00,0.00
0000014029,03200,38.33,0.00,0.00
0000014030,00400,186.96,0.00,1386.96
0000014030,00401,0.00,0.00,1102.85
0000014030,02070,0.00,0.00,5540.64
0000014030,06100,0.00,0.00,2839.58
0000014030,06400,0.00,0.00,1662.19
0000014030,08100,0.00,0.00,588.69
0000014030,09200,0.00,0.00,3751.48
0000014030,09600,0.00,0.00,14836.22
0000014030,09910,0.00,0.00,3721.46
0000014030,10160,0.00,0.00,2412.49
0000014030,10810,0.00,0.00,6689.17
0000014030,15401,0.00,0.00,12778.10
0000014030,25001,0.00,0.00,896.39
0000014030,25002,0.00,0.00,3223.80
0000014030,25003,0.00,0.00,237.60
0000014030,25004,0.00,0.00,975.28
0000014032,00000,0.00,0.00,650.00
0000014033,00400,76.40,0.00,871.40
0000014033,00401,0.00,0.00,591.21
0000014033,02000,0.00,0.00,5350.15
0000014033,03300,0.00,0.00,23249.63
0000014033,05500,0.00,0.00,9316.26
0000014033,06100,0.00,0.00,7593.05
0000014033,07200,0.00,0.00,147.70
0000014033,09000,0.00,0.00,2352.32
0000014033,25001,0.00,0.00,-57.31
0000014033,25002,0.00,0.00,990.00
0000014034,00400,0.00,0.00,823.48
0000014034,00401,9.81,0.00,109.81
0000014034,02000,0.00,0.00,15758.43
0000014034,02300,0.00,0.00,218.14
0000014034,02750,0.00,0.00,545.35
0000014034,02820,0.00,0.00,3335.36
0000014035,00000,0.00,0.00,9795.24
0000014036,00000,0.00,0.00,24752.40
0000014039,00400,376.20,0.00,4064.19
0000014039,02315,0.00,0.00,31392.92
0000014039,03100,0.00,0.00,58095.77
0000014039,06100,0.00,0.00,109241.33
0000014039,06200,0.00,0.00,2712.06
0000014039,07410,0.00,0.00,98019.02
0000014039,08000,0.00,0.00,27215.03
0000014039,09200,0.00,0.00,10248.90
0000014039,09600,0.00,0.00,8251.47
0000014039,09900,0.00,0.00,4392.00
0000014039,10000,0.00,0.00,5040.92
0000014039,15001,0.00,0.00,20786.24
0000014039,15401,0.00,0.00,11913.30
0000014039,16000,0.00,0.00,29646.00
0000014039,25001,0.00,0.00,-17895.00
0000014039,25002,0.00,0.00,9000.00
0000014039,25003,0.00,0.00,12305.00
0000014039,25004,0.00,0.00,-5500.00
0000014039,25005,0.00,0.00,8200.00
0000014039,25006,0.00,0.00,700.00
0000014039,25007,0.00,0.00,2820.00
0000014039,25008,0.00,0.00,1725.00
0000014039,25009,0.00,0.00,3355.00
0000014039,25010,0.00,0.00,1850.00
0000014039,25011,0.00,0.00,1300.00
0000014039,25029,0.00,0.00,-1400.00
0000014040,00400,0.00,0.00,7166.08
0000014040,01800,139.56,0.00,1139.56
0000014040,02000,0.00,0.00,7949.87
0000014040,03000,0.00,0.00,10525.18
0000014040,03100,0.00,0.00,15563.83
0000014040,06100,0.00,0.00,208193.66
0000014040,07000,0.00,0.00,2799.25
0000014040,07400,0.00,0.00,12316.70
0000014040,08000,0.00,0.00,26346.54
0000014040,09000,0.00,0.00,2239.40
0000014040,09200,0.00,0.00,13996.25
0000014040,09600,0.00,0.00,22505.97
0000014040,09900,0.00,0.00,13996.25
0000014040,13930,0.00,0.00,37509.95
0000014040,14200,0.00,0.00,66286.24
0000014040,15300,0.00,0.00,17355.35
0000014040,15401,0.00,0.00,48147.10
0000014040,15700,0.00,0.00,3135.16
0000014040,16000,0.00,0.00,16795.50
0000014040,25001,0.00,0.00,31094.48
0000014041,00000,0.00,0.00,850.00
0000014043,00400,0.00,0.00,8464.25
0000014043,00401,151.83,0.00,1403.78
0000014043,02070,0.00,0.00,3900.77
0000014043,06100,0.00,0.00,967.63
0000014043,07460,0.00,0.00,3599.56
0000014043,09900,0.00,0.00,10737.60
0000014043,25001,0.00,0.00,16211.67
0000014044,00400,0.00,0.00,2394.48
0000014044,00401,98.07,0.00,1184.07
0000014044,02000,0.00,0.00,653.04
0000014044,03300,0.00,0.00,3141.12
0000014044,05000,0.00,0.00,29109.48
0000014044,07330,0.00,0.00,3673.35
0000014044,13850,0.00,0.00,885.78
0000014044,15000,0.00,0.00,4598.49
0000014044,15001,0.00,0.00,41304.78
0000014044,15080,0.00,0.00,12456.74
0000014044,25001,0.00,0.00,1115.95
0000014044,25002,0.00,0.00,-813.00
0000014044,25003,0.00,0.00,3693.79
0000014045,00000,0.00,0.00,6131.77
0000014046,00000,0.00,0.00,599.41
0000014047,00000,0.00,0.00,3700.00
0000014048,00000,0.00,0.00,1770.30
0000014049,00000,0.00,0.00,1970.00
0000014050,00400,0.00,0.00,14934.54
0000014050,00401,324.60,0.00,3096.15
0000014050,02000,0.00,0.00,14573.88
0000014050,06100,0.00,0.00,4080.60
0000014050,06200,0.00,0.00,13342.13
0000014050,08210,0.00,0.00,9239.26
0000014050,08450,0.00,0.00,55685.00
0000014050,09000,0.00,0.00,22257.29
0000014050,09310,0.00,0.00,50074.18
0000014050,09510,0.00,0.00,1559.18
0000014050,09650,0.00,0.00,5011.65
0000014050,09900,0.00,0.00,7196.73
0000014050,15000,0.00,0.00,31171.35
0000014050,16000,0.00,0.00,21522.25
0000014050,25001,0.00,0.00,-16130.95
0000014050,25002,0.00,0.00,1796.44
0000014051,00000,0.00,0.00,2176.10
0000014052,00400,0.00,0.00,3336.75
0000014052,00401,60.54,0.00,602.30
0000014052,06100,0.00,0.00,15324.08
0000014052,08000,0.00,0.00,30051.87
0000014053,00400,0.00,0.00,6010.91
0000014053,00401,46.63,0.00,493.86
0000014053,06100,0.00,0.00,34441.54
0000014053,25001,0.00,0.00,400.00
0000014054,00400,0.00,0.00,11407.63
0000014054,02315,0.00,0.00,41857.59
0000014054,03100,0.00,0.00,68089.94
0000014054,05200,0.00,0.00,82512.83
0000014054,06100,0.00,0.00,10002.82
0000014054,07400,0.00,0.00,47087.57
0000014054,07600,0.00,0.00,32442.37
0000014054,08000,0.00,0.00,13060.86
0000014054,09900,36.38,0.00,538.38
0000014054,25001,0.00,0.00,1590.05
0000014054,25002,0.00,0.00,308.20
0000014054,25003,0.00,0.00,417.11
0000014054,25004,0.00,0.00,859.63
0000014055,00000,0.00,0.00,1574.50
0000014056,00000,0.00,0.00,539.44
0000014057,00400,0.00,0.00,35667.22
0000014057,00401,305.88,0.00,6080.26
0000014057,02000,0.00,0.00,33590.40
0000014057,02070,0.00,0.00,23917.41
0000014057,03300,0.00,0.00,8679.97
0000014057,04000,0.00,0.00,23583.61
0000014057,05500,0.00,0.00,12580.65
0000014057,07330,0.00,0.00,3917.48
0000014057,08000,0.00,0.00,62593.61
0000014057,09000,0.00,0.00,60437.54
0000014057,09600,0.00,0.00,23224.61
0000014057,09900,0.00,0.00,12580.64
0000014057,12000,0.00,0.00,46289.67
0000014057,15000,0.00,0.00,108495.50
0000014057,16000,0.00,0.00,67023.35
0000014057,25001,0.00,0.00,29105.12
0000014058,00000,0.00,0.00,3140.00
0000014059,00000,0.00,0.00,8430.00
0000014060,00400,0.00,0.00,4977.01
0000014060,00401,103.29,0.00,1051.86
0000014060,05500,0.00,0.00,9541.72
0000014060,06100,0.00,0.00,11544.36
0000014060,06200,0.00,0.00,6375.99
0000014060,06400,0.00,0.00,1982.79
0000014060,07330,0.00,0.00,11485.95
0000014060,07460,0.00,0.00,19488.55
0000014060,07900,0.00,0.00,2167.82
0000014060,08000,0.00,0.00,9428.14
0000014060,09900,0.00,0.00,8800.22
0000014060,25001,0.00,0.00,-1400.00
0000014061,00000,0.00,0.00,7064.77
0000014063,00000,0.00,0.00,27476.95
0000014064,00000,0.00,0.00,11198.94
0000014065,00400,0.00,0.00,31908.03
0000014065,00401,147.37,0.00,2934.15
0000014065,02070,0.00,0.00,22197.14
0000014065,04000,0.00,0.00,1549.04
0000014065,06100,0.00,0.00,31209.84
0000014065,07120,0.00,0.00,6106.40
0000014065,07270,0.00,0.00,2625.88
0000014065,07450,0.00,0.00,50792.32
0000014065,07460,0.00,0.00,24592.27
0000014065,07620,0.00,0.00,27019.44
0000014065,08120,0.00,0.00,4326.62
0000014065,08450,0.00,0.00,23208.82
0000014065,08800,0.00,0.00,11655.14
0000014065,09000,0.00,0.00,7561.96
0000014065,16000,0.00,0.00,7451.39
0000014065,25001,0.00,0.00,8504.26
0000014065,25002,0.00,0.00,11731.90
0000014065,25003,0.00,0.00,5437.39
0000014066,00000,0.00,0.00,15000.00
0000014067,00000,0.00,0.00,8850.00
0000014068,00000,0.00,0.00,650.00
0000014071,00000,0.00,0.00,7159.80
0000015001,00000,0.00,0.00,10400.00
0000015002,00400,0.00,0.00,12739.99
0000015002,00401,274.16,0.00,4841.14
0000015002,02000,0.00,0.00,15542.99
0000015002,02070,0.00,0.00,17950.00
0000015002,04000,0.00,0.00,899.99
0000015002,05500,0.00,0.00,3075.00
0000015002,06100,0.00,0.00,10300.00
0000015002,08000,0.00,0.00,6373.00
0000015002,09000,0.00,0.00,7918.00
0000015002,09600,0.00,0.00,40911.99
0000015002,09900,0.00,0.00,12665.00
0000015002,12000,0.00,0.00,19149.99
0000015002,15000,0.00,0.00,3099.99
0000015002,16000,0.00,0.00,19979.99
0000015002,25001,0.00,0.00,-1567.00
0000015002,25002,0.00,0.00,11610.68
0000015002,25003,0.00,0.00,26926.92
0000015002,25004,0.00,0.00,4526.50
0000015003,00400,0.00,0.00,30619.54
0000015003,06200,0.00,0.00,16615.00
0000015003,07200,0.00,0.00,9265.00
0000015003,08800,0.00,0.00,17500.00
0000015003,09250,0.00,0.00,10000.00
0000015003,09910,0.00,0.00,25400.00
0000015003,15001,0.00,0.00,13800.00
0000015003,25001,0.00,0.00,-48329.12
0000015003,25002,0.00,0.00,-2108.70
0000015003,99999,0.00,0.00,48329.12
0000015004,00000,0.00,0.00,1272.45
0000015005,00000,0.00,0.00,6521.00
0000015006,00000,0.00,0.00,53000.00
0000015007,00000,0.00,0.00,5979.04
0000015008,00000,0.00,0.00,25183.84
0000015008,01800,75.36,0.00,0.00
0000015009,00400,0.00,0.00,8851.80
0000015009,00401,132.54,0.00,1975.84
0000015009,02200,0.00,0.00,10817.79
0000015009,02315,0.00,0.00,4186.74
0000015009,03100,0.00,0.00,21283.80
0000015009,05500,0.00,0.00,9222.64
0000015009,06100,0.00,0.00,17170.55
0000015009,07400,0.00,0.00,13570.34
0000015009,07600,0.00,0.00,7208.01
0000015009,08000,0.00,0.00,21465.75
0000015009,09200,0.00,0.00,25315.61
0000015009,09300,0.00,0.00,16943.65
0000015009,09900,0.00,0.00,9674.10
0000015009,10000,0.00,0.00,1072.75
0000015009,25001,0.00,0.00,19172.32
0000015010,00000,0.00,0.00,22573.98
0000015011,00000,0.00,0.00,568.60
0000015012,00000,0.00,0.00,2369.95
0000015014,00000,0.00,0.00,20445.00
0000015015,00000,0.00,0.00,453540.54
0000015016,00000,0.00,0.00,7550.00
0000015017,00000,0.00,0.00,18350.00
0000015018,00400,0.00,0.00,28411.00
0000015018,00401,416.98,0.00,7254.24
0000015018,02200,0.00,0.00,32373.90
0000015018,04200,0.00,0.00,2812.45
0000015018,06100,0.00,0.00,16352.71
0000015018,06200,0.00,0.00,198871.39
0000015018,07600,0.00,0.00,20826.38
0000015018,08000,0.00,0.00,5937.97
0000015018,09200,0.00,0.00,10862.91
0000015018,09300,0.00,0.00,88146.27
0000015018,09900,0.00,0.00,21199.47
0000015018,10000,0.00,0.00,3406.94
0000015018,10800,0.00,0.00,41478.79
0000015018,15400,0.00,0.00,76716.07
0000015018,15700,0.00,0.00,36084.20
0000015018,16000,0.00,0.00,35237.28
0000015018,25001,0.00,0.00,272.45
0000015018,25002,0.00,0.00,1402.82
0000015018,25010,0.00,0.00,-1300.00
0000015019,00000,0.00,0.00,56275.00
0000015019,00400,49.91,0.00,0.00
0000015020,00000,0.00,0.00,7991.00
0000015021,00400,232.82,0.00,3882.82
0000015021,00401,0.00,0.00,4008.86
0000015021,02200,0.00,0.00,11165.70
0000015021,04200,0.00,0.00,20693.75
0000015021,05500,0.00,0.00,6805.76
0000015021,07600,0.00,0.00,4979.90
0000015021,08000,0.00,0.00,37697.52
0000015021,09200,0.00,0.00,8448.71
0000015021,09300,0.00,0.00,35092.20
0000015021,09900,0.00,0.00,9783.28
0000015021,25001,0.00,0.00,4308.86
0000015021,25002,0.00,0.00,4603.50
0000015022,00400,117.50,0.00,2087.50
0000015022,00401,0.00,0.00,4432.35
0000015022,02200,0.00,0.00,23528.32
0000015022,03100,0.00,0.00,600.66
0000015022,06100,0.00,0.00,15369.46
0000015022,06200,0.00,0.00,10667.32
0000015022,08000,0.00,0.00,4724.91
0000015022,09200,0.00,0.00,1947.43
0000015022,09300,0.00,0.00,77922.94
0000015022,09900,0.00,0.00,12795.75
0000015022,15400,0.00,0.00,3362.84
0000015022,16000,0.00,0.00,1057.50
0000015022,25001,0.00,0.00,-473.80
0000015022,25002,0.00,0.00,927.67
0000015022,25003,0.00,0.00,11051.31
0000015022,25004,0.00,0.00,1292.44
0000015023,00400,0.00,0.00,18772.44
0000015023,00401,345.99,0.00,5898.66
0000015023,03100,0.00,0.00,2654.25
0000015023,04200,0.00,0.00,132805.40
0000015023,05500,0.00,0.00,1422.68
0000015023,06100,0.00,0.00,10431.20
0000015023,07600,0.00,0.00,20719.08
0000015023,08000,0.00,0.00,9369.50
0000015023,09900,0.00,0.00,5992.23
0000015023,15700,0.00,0.00,637.02
0000015023,16000,0.00,0.00,1274.04
0000015023,25001,0.00,0.00,3364.86
0000015023,25002,0.00,0.00,2024.00
0000015023,25003,0.00,0.00,1815.00
0000015023,25004,0.00,0.00,330.00
0000015023,25005,0.00,0.00,-198.51
0000015024,00000,0.00,0.00,8783.47
0000015025,00000,0.00,0.00,10500.00
0000015026,00000,0.00,0.00,18180.00
0000015028,00400,0.00,0.00,22916.85
0000015028,00401,132.29,0.00,1885.46
0000015028,02220,0.00,0.00,10634.53
0000015028,03300,0.00,0.00,809.33
0000015028,04000,0.00,0.00,5104.14
0000015028,05500,0.00,0.00,4295.90
0000015028,06400,0.00,0.00,5535.78
0000015028,09000,0.00,0.00,9369.29
0000015028,09600,0.00,0.00,34347.75
0000015028,09900,0.00,0.00,1160.03
0000015028,15000,0.00,0.00,43622.62
0000015028,16000,0.00,0.00,20826.63
0000015028,25001,0.00,0.00,1867.38
0000015030,00000,0.00,0.00,2300.00
0000015031,00000,0.00,0.00,35400.00
0000015032,00400,392.24,0.00,6757.24
0000015032,00401,0.00,0.00,10470.52
0000015032,03100,0.00,0.00,2647.75
0000015032,04200,0.00,0.00,2330.02
0000015032,06100,0.00,0.00,20059.35
0000015032,08000,0.00,0.00,161226.79
0000015032,09200,0.00,0.00,15251.04
0000015032,09300,0.00,0.00,5719.14
0000015032,09900,0.00,0.00,4236.40
0000015032,10000,0.00,0.00,48572.44
0000015032,15000,0.00,0.00,65129.35
0000015032,16000,0.00,0.00,31452.09
0000015032,25001,0.00,0.00,25769.18
0000015032,25002,0.00,0.00,6219.46
0000015033,00400,500.63,0.00,9092.85
0000015033,00401,0.00,0.00,5081.26
0000015033,06100,0.00,0.00,8585.81
0000015033,07600,0.00,0.00,52940.00
0000015033,09200,0.00,0.00,9317.44
0000015033,09900,0.00,0.00,696.69
0000015033,15000,0.00,0.00,88404.22
0000015033,16000,0.00,0.00,9343.91
0000015033,25001,0.00,0.00,7670.08
0000015035,00400,271.43,0.00,3881.42
0000015035,00401,0.00,0.00,3150.08
0000015035,02315,0.00,0.00,1043.04
0000015035,03100,0.00,0.00,15694.00
0000015035,04200,0.00,0.00,14435.90
0000015035,05500,0.00,0.00,42538.87
0000015035,06100,0.00,0.00,3731.29
0000015035,06200,0.00,0.00,1596.82
0000015035,08000,0.00,0.00,10305.68
0000015035,09300,0.00,0.00,7767.97
0000015035,09900,0.00,0.00,3656.02
0000015035,15400,0.00,0.00,2172.11
0000015035,16000,0.00,0.00,806.48
0000015035,25001,0.00,0.00,715.32
0000015035,25002,0.00,0.00,2028.17
0000015035,25003,0.00,0.00,825.80
0000015035,25004,0.00,0.00,1927.96
0000015036,00000,0.00,0.00,39607.65
0000015037,00000,0.00,0.00,2300.00
0000015038,00000,0.00,0.00,0.00
0000015039,00000,0.00,0.00,4809.28
0000015039,01800,18.86,0.00,0.00
0000015041,00000,0.00,0.00,20586.00
0000015041,04000,81.00,0.00,0.00
0000015042,00400,0.00,0.00,4596.70
0000015042,00401,45.22,0.00,545.22
0000015042,02050,0.00,0.00,3721.71
0000015042,05000,0.00,0.00,3390.98
0000015042,06200,0.00,0.00,2360.74
0000015042,08200,0.00,0.00,2032.20
0000015042,09000,0.00,0.00,4444.07
0000015042,14200,0.00,0.00,19576.76
0000015042,16000,0.00,0.00,1931.02
0000015042,25001,0.00,0.00,231.00
0000015043,00000,0.00,0.00,8200.00
0000015044,00000,0.00,0.00,9484.18
0000015045,00400,57.72,0.00,790.22
0000015045,00401,0.00,0.00,1255.20
0000015045,02070,0.00,0.00,7220.59
0000015045,06100,0.00,0.00,290.98
0000015045,09300,0.00,0.00,34486.40
0000015045,25001,0.00,0.00,6174.45
0000015046,00000,0.00,0.00,1940.00
0000015047,00000,0.00,0.00,60000.00
0000015047,01800,18.67,0.00,0.00
0000015048,00000,0.00,0.00,19321.00
0000015049,00000,0.00,0.00,6840.00
0000015050,00400,0.00,0.00,37506.94
0000015050,00401,403.15,0.00,6507.15
0000015050,02070,0.00,0.00,37288.08
0000015050,06100,0.00,0.00,15580.93
0000015050,06400,0.00,0.00,38405.04
0000015050,07000,0.00,0.00,14754.94
0000015050,08000,0.00,0.00,43662.62
0000015050,09000,0.00,0.00,73662.77
0000015050,09600,0.00,0.00,36724.27
0000015050,09900,0.00,0.00,29895.69
0000015050,15001,0.00,0.00,120222.24
0000015050,15401,0.00,0.00,8952.72
0000015050,16000,0.00,0.00,95708.84
0000015050,25001,0.00,0.00,3670.83
0000015050,25002,0.00,0.00,974.93
0000015050,25003,0.00,0.00,21852.58
0000015050,25004,0.00,0.00,4798.09
0000015050,25005,0.00,0.00,11633.62
0000015050,25006,0.00,0.00,4628.80
0000015050,25007,0.00,0.00,12135.54
0000015050,25008,0.00,0.00,4425.66
0000015050,25009,0.00,0.00,1377.78
0000015052,00000,0.00,0.00,10350.00
0000015053,00000,0.00,0.00,9470.50
0000015054,00400,320.88,0.00,1620.88
0000015054,00401,0.00,0.00,307.26
0000015054,02200,0.00,0.00,1653.07
0000015054,05500,0.00,0.00,1317.43
0000015054,06100,0.00,0.00,1044.37
0000015054,08000,0.00,0.00,2903.80
0000015054,09200,0.00,0.00,1561.80
0000015054,09300,0.00,0.00,3405.63
0000015054,09900,0.00,0.00,2281.72
0000015054,16000,0.00,0.00,9834.23
0000015054,25001,0.00,0.00,621.54
0000015055,00000,0.00,0.00,25650.00
0000015056,00000,0.00,0.00,7224.00
0000015057,00400,0.00,0.00,4053.83
0000015057,00401,0.00,0.00,1236.35
0000015057,02050,58.67,0.00,858.67
0000015057,02200,0.00,0.00,6833.57
0000015057,06200,0.00,0.00,2329.66
0000015057,07400,0.00,0.00,2578.34
0000015057,08000,0.00,0.00,82972.08
0000015057,09200,0.00,0.00,1621.64
0000015057,09900,0.00,0.00,2711.88
0000015057,25001,0.00,0.00,-31.52
0000015058,00400,212.28,0.00,3192.28
0000015058,00401,0.00,0.00,3552.36
0000015058,02200,0.00,0.00,21953.22
0000015058,02820,0.00,0.00,1192.62
0000015058,06100,0.00,0.00,10195.87
0000015058,06200,0.00,0.00,77890.76
0000015058,07600,0.00,0.00,3477.84
0000015058,09200,0.00,0.00,4975.55
0000015058,09300,0.00,0.00,59147.00
0000015058,09900,0.00,0.00,18728.09
0000015058,10000,0.00,0.00,1462.22
0000015058,10800,0.00,0.00,21795.13
0000015058,15400,0.00,0.00,31670.53
0000015058,15700,0.00,0.00,21497.25
0000015058,16000,0.00,0.00,20896.10
0000015058,25001,0.00,0.00,169.85
0000015058,25002,0.00,0.00,5559.04
0000015058,25003,0.00,0.00,2119.95
0000015058,25004,0.00,0.00,2320.36
0000015058,25005,0.00,0.00,471.40
0000015058,25006,0.00,0.00,1183.76
0000015058,25007,0.00,0.00,743.97
0000015058,25008,0.00,0.00,2274.64
0000015058,25009,0.00,0.00,413.09
0000015058,25010,0.00,0.00,575.22
0000015058,25011,0.00,0.00,297.55
0000015058,25012,0.00,0.00,1663.65
0000015058,25013,0.00,0.00,220.58
0000015058,25025,0.00,0.00,-110.54
0000015059,00400,0.00,0.00,2167.74
0000015059,00401,42.94,0.00,620.91
0000015059,02070,0.00,0.00,2940.97
0000015059,06200,0.00,0.00,10525.63
0000015059,08000,0.00,0.00,4230.05
0000015059,09200,0.00,0.00,6285.18
0000015059,09300,0.00,0.00,2606.66
0000015059,09900,0.00,0.00,3489.90
0000015059,10650,0.00,0.00,8380.48
0000015059,15400,0.00,0.00,667.00
0000015059,15700,0.00,0.00,2893.90
0000015059,16000,0.00,0.00,8106.15
0000015059,25001,0.00,0.00,1181.62
0000015059,25002,0.00,0.00,214.77
0000015059,25003,0.00,0.00,369.10
0000015059,25004,0.00,0.00,1511.68
0000015059,25005,0.00,0.00,-137.75
0000015059,25006,0.00,0.00,498.22
0000015059,25007,0.00,0.00,618.21
0000015059,25008,0.00,0.00,184.55
0000015060,00400,0.00,0.00,67518.43
0000015060,00401,0.00,0.00,40448.14
0000015060,01800,450.49,0.00,9522.49
0000015060,02200,0.00,0.00,26901.00
0000015060,04000,0.00,0.00,75915.00
0000015060,05500,0.00,0.00,14987.70
0000015060,06100,0.00,0.00,95345.31
0000015060,07530,0.00,0.00,225480.36
0000015060,08000,0.00,0.00,45635.10
0000015060,09200,0.00,0.00,99222.75
0000015060,09300,0.00,0.00,66998.40
0000015060,09900,0.00,0.00,90871.20
0000015060,12300,0.00,0.00,90930.00
0000015060,15400,0.00,0.00,370293.00
0000015060,15700,0.00,0.00,84735.00
0000015060,16000,0.00,0.00,51922.50
0000015060,25001,0.00,0.00,362.68
0000015060,25002,0.00,0.00,2093.52
0000015060,25003,0.00,0.00,482.65
0000015060,25004,0.00,0.00,-839.79
0000015060,25005,0.00,0.00,6599.13
0000015060,25006,0.00,0.00,6301.58
0000015060,25007,0.00,0.00,1620.99
0000015060,25008,0.00,0.00,2442.99
0000015060,25009,0.00,0.00,1439.29
0000015060,25010,0.00,0.00,628.83
0000015060,25011,0.00,0.00,48612.57
0000015061,00000,0.00,0.00,1120.00
0000015064,00400,0.00,0.00,4095.18
0000015064,00401,93.49,0.00,1265.88
0000015064,02200,0.00,0.00,2608.23
0000015064,03100,0.00,0.00,686.18
0000015064,06100,0.00,0.00,10160.54
0000015064,06200,0.00,0.00,899.80
0000015064,08000,0.00,0.00,3074.36
0000015064,09200,0.00,0.00,2983.84
0000015064,09300,0.00,0.00,4532.22
0000015064,09900,0.00,0.00,1834.47
0000015064,13700,0.00,0.00,7229.97
0000015064,16000,0.00,0.00,4963.85
0000015064,25001,0.00,0.00,-86.06
0000015064,25002,0.00,0.00,-444.23
0000015064,25003,0.00,0.00,-2159.78
0000015064,25004,0.00,0.00,-212.50
0000015064,25005,0.00,0.00,1393.33
0000015064,25006,0.00,0.00,1442.33
0000015065,00000,0.00,0.00,8100.00
0000015066,00400,0.00,0.00,2380.23
0000015066,00401,42.16,0.00,497.19
0000015066,02070,0.00,0.00,3279.30
0000015066,06100,0.00,0.00,7547.14
0000015066,07400,0.00,0.00,1774.36
0000015066,08000,0.00,0.00,23793.08
0000015066,09900,0.00,0.00,2388.42
0000015066,25001,0.00,0.00,664.70
0000015066,25002,0.00,0.00,206.78
0000015067,00000,0.00,0.00,12550.00
0000015068,00000,0.00,0.00,313.78
0000015069,00000,0.00,0.00,12150.02
0000015069,00400,64.91,0.00,0.00
0000015070,00000,0.00,0.00,5332.84
0000015071,00000,0.00,0.00,30750.00
0000015072,00000,0.00,0.00,13225.00
0000015073,00000,0.00,0.00,1190.00
0000015074,00400,0.00,0.00,5018.30
0000015074,00401,203.79,0.00,3147.87
0000015074,04200,0.00,0.00,3424.00
0000015074,08000,0.00,0.00,1429.52
0000015074,09200,0.00,0.00,4804.30
0000015074,14200,0.00,0.00,94705.70
0000015074,15400,0.00,0.00,4568.90
0000015074,15700,0.00,0.00,6671.45
0000015074,16000,0.00,0.00,7682.60
0000015074,25001,0.00,0.00,2081.94
0000015074,25002,0.00,0.00,-38.25
0000015074,25004,0.00,0.00,1484.27
0000015074,25005,0.00,0.00,1681.85
0000015074,25006,0.00,0.00,254.44
0000015074,25007,0.00,0.00,5049.08
0000015075,00400,0.00,0.00,3432.13
0000015075,00401,96.51,0.00,1710.55
0000015075,02200,0.00,0.00,6615.33
0000015075,05500,0.00,0.00,1483.02
0000015075,06100,0.00,0.00,46902.18
0000015075,07000,0.00,0.00,13664.97
0000015075,07460,0.00,0.00,69424.63
0000015075,09200,0.00,0.00,1483.02
0000015075,15400,0.00,0.00,1126.46
0000015075,16000,0.00,0.00,1927.93
0000015075,25001,0.00,0.00,7336.22
0000015075,25002,0.00,0.00,14597.92
0000015075,25003,0.00,0.00,539.92
0000015076,00000,0.00,0.00,13010.00
0000015077,00400,0.00,0.00,1117.60
0000015077,00401,38.65,0.00,526.39
0000015077,02315,0.00,0.00,1869.52
0000015077,05200,0.00,0.00,5748.13
0000015077,06100,0.00,0.00,1128.42
0000015077,15000,0.00,0.00,32857.30
0000015077,16000,0.00,0.00,1406.47
0000015077,25001,0.00,0.00,776.25
0000015077,25002,0.00,0.00,488.75
0000015077,25003,0.00,0.00,172.50
0000015078,00000,0.00,0.00,7240.00
0000015079,00000,0.00,0.00,260.00
0000015080,00400,37.60,0.00,517.60
0000015080,00401,0.00,0.00,984.21
0000015080,02200,0.00,0.00,1271.62
0000015080,06200,0.00,0.00,3853.87
0000015080,08000,0.00,0.00,5412.64
0000015080,09200,0.00,0.00,4478.24
0000015080,09300,0.00,0.00,775.08
0000015080,09900,0.00,0.00,1931.24
0000015080,10000,0.00,0.00,4160.67
0000015080,13850,0.00,0.00,1937.70
0000015080,15000,0.00,0.00,1857.83
0000015080,15700,0.00,0.00,3452.96
0000015080,16000,0.00,0.00,3939.99
0000015080,25001,0.00,0.00,3209.94
0000015080,25002,0.00,0.00,324.42
0000015080,25003,0.00,0.00,879.20
0000015080,25004,0.00,0.00,135.10
0000015080,25005,0.00,0.00,250.65
0000015081,00000,0.00,0.00,13146.50
0000015081,00400,119.14,0.00,0.00
0000015082,00000,0.00,0.00,25700.00
0000015083,00000,0.00,0.00,32500.00
0000015084,00000,0.00,0.00,48130.00
0000015085,00000,0.00,0.00,6425.00
0000015086,00000,0.00,0.00,3375.00
0000015087,00400,83.34,0.00,1443.34
0000015087,00401,0.00,0.00,2423.65
0000015087,02200,0.00,0.00,7028.45
0000015087,06200,0.00,0.00,8942.88
0000015087,07000,0.00,0.00,1380.73
0000015087,08000,0.00,0.00,7214.44
0000015087,09200,0.00,0.00,5735.34
0000015087,09300,0.00,0.00,1577.22
0000015087,09900,0.00,0.00,2973.88
0000015087,15300,0.00,0.00,2230.41
0000015087,15400,0.00,0.00,3664.25
0000015087,15700,0.00,0.00,16728.08
0000015087,15925,0.00,0.00,11880.64
0000015087,16000,0.00,0.00,13069.14
0000015087,25001,0.00,0.00,-1468.88
0000015087,25002,0.00,0.00,27.83
0000015087,25003,0.00,0.00,1282.50
0000015087,25004,0.00,0.00,-538.00
0000015087,25005,0.00,0.00,2035.00
0000015087,25006,0.00,0.00,847.35
0000015087,25007,0.00,0.00,238.00
0000015088,00000,0.00,0.00,101290.68
0000015088,00400,0.51,0.00,0.00
0000015089,00000,0.00,0.00,875.00
0000015091,00000,0.00,0.00,29063.94
0000016001,00000,0.00,0.00,30700.00
0000016002,00000,0.00,0.00,42920.00
0000016002,06100,103.92,0.00,0.00
0000016003,00000,0.00,0.00,1158.92
0000016004,00000,0.00,0.00,3950.00
0000016005,00000,0.00,0.00,44100.00
0000016006,00000,0.00,0.00,5000.00
0000016007,00000,0.00,0.00,7800.00
0000016008,00000,0.00,0.00,11732.35
0000016009,00000,0.00,0.00,11109.71
0000016010,00400,0.00,0.00,577.37
0000016010,00401,20.71,0.00,326.47
0000016010,02200,0.00,0.00,2523.31
0000016010,06100,0.00,0.00,2620.13
0000016010,08000,0.00,0.00,342.14
0000016010,09200,0.00,0.00,2705.55
0000016010,09300,0.00,0.00,11141.06
0000016010,09900,0.00,0.00,1550.34
0000016010,10000,0.00,0.00,1090.58
0000016010,15400,0.00,0.00,2122.36
0000016010,16000,0.00,0.00,2993.76
0000016010,25001,0.00,0.00,1244.51
0000016011,00400,133.22,0.00,2633.21
0000016011,00401,0.00,0.00,3001.93
0000016011,02220,0.00,0.00,4696.34
0000016011,04200,0.00,0.00,5491.96
0000016011,05500,0.00,0.00,1709.66
0000016011,06100,0.00,0.00,6179.41
0000016011,07550,0.00,0.00,62284.32
0000016011,07620,0.00,0.00,16449.50
0000016011,07920,0.00,0.00,1221.75
0000016011,08000,0.00,0.00,1257.26
0000016011,09900,0.00,0.00,236.72
0000016011,15400,0.00,0.00,1157.31
0000016011,16000,0.00,0.00,1578.15
0000016011,25001,0.00,0.00,-170.46
0000016011,25003,0.00,0.00,744.55
0000016011,25004,0.00,0.00,384.99
0000016011,25005,0.00,0.00,874.38
0000016011,25006,0.00,0.00,150.45
0000016011,25008,0.00,0.00,347.33
0000016011,25009,0.00,0.00,2160.72
0000016011,25010,0.00,0.00,-1100.00
0000016011,25011,0.00,0.00,353.28
0000016011,25012,0.00,0.00,412.25
0000016012,00400,0.00,0.00,6304.49
0000016012,00401,123.90,0.00,2668.80
0000016012,02200,0.00,0.00,14465.71
0000016012,03300,0.00,0.00,49306.78
0000016012,06100,0.00,0.00,27673.00
0000016012,06200,0.00,0.00,27837.40
0000016012,07600,0.00,0.00,5366.05
0000016012,08000,0.00,0.00,10021.51
0000016012,09200,0.00,0.00,9169.31
0000016012,09300,0.00,0.00,12270.15
0000016012,09900,0.00,0.00,2774.61
0000016012,10000,0.00,0.00,12148.47
0000016012,10800,0.00,0.00,5069.82
0000016012,15400,0.00,0.00,15603.88
0000016012,15700,0.00,0.00,14017.68
0000016012,16000,0.00,0.00,18200.15
0000016012,25001,0.00,0.00,7969.65
0000016013,00400,0.00,0.00,93984.85
0000016013,00401,1860.16,0.00,40096.66
0000016013,01800,0.00,0.00,49349.19
0000016013,02070,0.00,0.00,41604.85
0000016013,02315,0.00,0.00,35100.04
0000016013,02820,0.00,0.00,24037.45
0000016013,03100,0.00,0.00,4445.86
0000016013,04200,0.00,0.00,65130.48
0000016013,06100,0.00,0.00,97334.97
0000016013,07200,0.00,0.00,14970.57
0000016013,07400,0.00,0.00,29196.70
0000016013,07530,0.00,0.00,180504.46
0000016013,08000,0.00,0.00,57617.11
0000016013,09200,0.00,0.00,129138.74
0000016013,09300,0.00,0.00,64396.32
0000016013,09900,0.00,0.00,69652.91
0000016013,10800,0.00,0.00,17211.16
0000016013,12300,0.00,0.00,71996.97
0000016013,15260,0.00,0.00,32140.48
0000016013,15400,0.00,0.00,186621.37
0000016013,15800,0.00,0.00,88099.20
0000016013,16000,0.00,0.00,48035.04
0000016013,25001,0.00,0.00,2691.84
0000016013,25002,0.00,0.00,1947.34
0000016013,25003,0.00,0.00,3384.94
0000016013,25004,0.00,0.00,478.14
0000016013,25005,0.00,0.00,2991.24
0000016013,25006,0.00,0.00,4423.33
0000016013,25007,0.00,0.00,5024.31
0000016013,25008,0.00,0.00,240.31
0000016013,25009,0.00,0.00,344.69
0000016013,25010,0.00,0.00,805.52
0000016013,25011,0.00,0.00,-1575.00
0000016013,25012,0.00,0.00,163.75
0000016014,00400,178.83,0.00,2848.83
0000016014,00401,0.00,0.00,3442.93
0000016014,02200,0.00,0.00,6006.97
0000016014,02820,0.00,0.00,321.20
0000016014,05500,0.00,0.00,144.06
0000016014,06100,0.00,0.00,5599.21
0000016014,06200,0.00,0.00,1127.80
0000016014,07400,0.00,0.00,533.55
0000016014,08000,0.00,0.00,81452.61
0000016014,09200,0.00,0.00,789.65
0000016014,09900,0.00,0.00,4652.56
0000016014,10000,0.00,0.00,14886.05
0000016014,25001,0.00,0.00,860.59
0000016015,00400,335.02,0.00,5665.02
0000016015,00401,0.00,0.00,7249.19
0000016015,02200,0.00,0.00,13232.26
0000016015,05500,0.00,0.00,4555.30
0000016015,06100,0.00,0.00,8766.99
0000016015,07400,0.00,0.00,318.58
0000016015,08000,0.00,0.00,210730.06
0000016015,09200,0.00,0.00,1427.78
0000016015,09900,0.00,0.00,4181.13
0000016015,15700,0.00,0.00,789.95
0000016015,25001,0.00,0.00,399.66
0000016015,25002,0.00,0.00,3996.83
0000016015,25003,0.00,0.00,177.45
0000016015,25004,0.00,0.00,4254.16
0000016015,25005,0.00,0.00,6786.31
0000016015,25006,0.00,0.00,361.05
0000016015,25007,0.00,0.00,2081.59
0000016015,25008,0.00,0.00,1329.56
0000016016,00400,179.57,0.00,0.00
0000016017,00000,0.00,0.00,1250.00
0000016018,00400,138.45,0.00,2398.45
0000016018,00401,0.00,0.00,2216.15
0000016018,02315,0.00,0.00,9020.20
0000016018,04200,0.00,0.00,2228.52
0000016018,05500,0.00,0.00,1094.36
0000016018,07200,0.00,0.00,2477.90
0000016018,08000,0.00,0.00,1197.83
0000016018,09200,0.00,0.00,396.49
0000016018,09900,0.00,0.00,1167.32
0000016018,15400,0.00,0.00,5677.42
0000016018,15700,0.00,0.00,41121.50
0000016018,16000,0.00,0.00,9975.28
0000016018,25001,0.00,0.00,-414.00
0000016018,25002,0.00,0.00,939.60
0000016018,25003,0.00,0.00,2279.13
0000016019,00400,0.00,0.00,2385.39
0000016019,00401,112.11,0.00,1628.00
0000016019,02200,0.00,0.00,4138.97
0000016019,03100,0.00,0.00,495.25
0000016019,05200,0.00,0.00,6183.96
0000016019,06100,0.00,0.00,3908.98
0000016019,07200,0.00,0.00,11819.50
0000016019,08000,0.00,0.00,1122.85
0000016019,09900,0.00,0.00,322.35
0000016019,15400,0.00,0.00,3330.95
0000016019,15700,0.00,0.00,19019.72
0000016019,16000,0.00,0.00,3868.20
0000016019,25001,0.00,0.00,480.44
0000016019,25002,0.00,0.00,4274.52
0000016020,00400,0.00,0.00,69061.36
0000016020,00401,750.00,0.00,9757.17
0000016020,02200,0.00,0.00,42916.75
0000016020,02315,0.00,0.00,38164.40
0000016020,03100,0.00,0.00,62994.29
0000016020,04200,0.00,0.00,24826.53
0000016020,06100,0.00,0.00,73284.44
0000016020,07200,0.00,0.00,10865.00
0000016020,07530,0.00,0.00,37178.79
0000016020,08000,0.00,0.00,45001.74
0000016020,09200,0.00,0.00,58399.38
0000016020,09300,0.00,0.00,67181.55
0000016020,09900,0.00,0.00,19659.02
0000016020,12300,0.00,0.00,3737.56
0000016020,15001,0.00,0.00,88206.41
0000016020,15400,0.00,0.00,69202.42
0000016020,16000,0.00,0.00,104195.35
0000016020,25001,0.00,0.00,38380.13
0000016020,25002,0.00,0.00,37071.58
0000016021,00400,0.00,0.00,3293.54
0000016021,00401,49.42,0.00,635.53
0000016021,02200,0.00,0.00,3553.55
0000016021,05200,0.00,0.00,3466.88
0000016021,05500,0.00,0.00,9353.83
0000016021,06100,0.00,0.00,5172.05
0000016021,07400,0.00,0.00,7080.97
0000016021,07600,0.00,0.00,13325.82
0000016021,08000,0.00,0.00,2195.40
0000016021,09900,0.00,0.00,4918.64
0000016021,16000,0.00,0.00,663.58
0000016021,25001,0.00,0.00,3331.52
0000016021,25002,0.00,0.00,1386.73
0000016021,25003,0.00,0.00,710.28
0000016022,00400,41.55,0.00,741.55
0000016022,00401,0.00,0.00,1482.94
0000016022,02070,0.00,0.00,4828.15
0000016022,03100,0.00,0.00,110.57
0000016022,06100,0.00,0.00,10113.17
0000016022,09650,0.00,0.00,29638.17
0000016022,09900,0.00,0.00,5874.52
0000016022,25001,0.00,0.00,9709.86
0000016022,25002,0.00,0.00,4254.22
0000016022,25003,0.00,0.00,1511.79
0000016023,00400,9.47,0.00,149.47
0000016023,00401,0.00,0.00,781.44
0000016023,02070,0.00,0.00,4914.12
0000016023,06100,0.00,0.00,1394.23
0000016023,09650,0.00,0.00,18067.60
0000016023,09900,0.00,0.00,2497.58
0000016024,00400,39.75,0.00,614.75
0000016024,00401,0.00,0.00,2592.50
0000016024,02070,0.00,0.00,1829.17
0000016024,03100,0.00,0.00,2916.07
0000016024,05500,0.00,0.00,1932.79
0000016024,06100,0.00,0.00,9779.23
0000016024,08000,0.00,0.00,14523.89
0000016024,09650,0.00,0.00,49581.33
0000016024,09900,0.00,0.00,3522.85
0000016024,10000,0.00,0.00,4481.41
0000016024,15400,0.00,0.00,478.22
0000016025,00000,0.00,0.00,1628.34
0000016026,00400,142.37,0.00,2988.37
0000016026,00401,0.00,0.00,2029.87
0000016026,02200,0.00,0.00,1952.42
0000016026,03100,0.00,0.00,2898.58
0000016026,04200,0.00,0.00,2952.28
0000016026,05500,0.00,0.00,898.69
0000016026,08000,0.00,0.00,8867.61
0000016026,09200,0.00,0.00,2235.36
0000016026,09900,0.00,0.00,8305.79
0000016026,13930,0.00,0.00,1366.43
0000016026,15400,0.00,0.00,18394.25
0000016026,15700,0.00,0.00,9249.68
0000016026,16000,0.00,0.00,7846.46
0000016026,25001,0.00,0.00,385.00
0000016026,25002,0.00,0.00,387.50
0000016027,00000,0.00,0.00,3300.00
0000016028,00000,0.00,0.00,38456.18
0000016029,00400,0.00,0.00,1506.27
0000016029,00401,64.87,0.00,774.27
0000016029,02200,0.00,0.00,1768.23
0000016029,04200,0.00,0.00,5675.80
0000016029,06100,0.00,0.00,755.66
0000016029,07400,0.00,0.00,3091.10
0000016029,07600,0.00,0.00,10915.00
0000016029,08000,0.00,0.00,1410.41
0000016029,09200,0.00,0.00,285.55
0000016029,09900,0.00,0.00,643.99
0000016029,25001,0.00,0.00,4431.24
0000016030,00400,0.00,0.00,2155.80
0000016030,00401,75.25,0.00,850.63
0000016030,02050,0.00,0.00,1514.00
0000016030,08000,0.00,0.00,24800.99
0000016030,25001,0.00,0.00,4698.00
0000016031,00400,0.00,0.00,3071.88
0000016031,00401,68.81,0.00,777.72
0000016031,02050,0.00,0.00,1349.43
0000016031,08000,0.00,0.00,21608.81
0000016031,25001,0.00,0.00,3671.66
0000016032,00400,0.00,0.00,2956.08
0000016032,00401,0.00,0.00,3285.34
0000016032,02200,33.66,0.00,438.66
0000016032,02315,0.00,0.00,61726.09
0000016032,06100,0.00,0.00,1324.74
0000016032,08000,0.00,0.00,445.37
0000016032,09200,0.00,0.00,1430.96
0000016032,15400,0.00,0.00,1688.88
0000016032,15700,0.00,0.00,26041.44
0000016032,16000,0.00,0.00,9931.70
0000016032,25001,0.00,0.00,6584.65
0000016032,25002,0.00,0.00,13933.74
0000016033,00400,0.00,0.00,10916.23
0000016033,00401,806.48,0.00,3469.57
0000016033,02200,0.00,0.00,14585.33
0000016033,03100,0.00,0.00,121002.30
0000016033,05500,0.00,0.00,4553.85
0000016033,07200,0.00,0.00,3118.74
0000016033,08000,0.00,0.00,2461.68
0000016033,09200,0.00,0.00,910.77
0000016033,09900,0.00,0.00,2986.02
0000016033,15400,0.00,0.00,15938.48
0000016033,15700,0.00,0.00,50599.78
0000016033,16000,0.00,0.00,13271.22
0000016033,25001,0.00,0.00,6517.61
0000016033,25002,0.00,0.00,-983.01
0000016034,00400,0.00,0.00,3381.50
0000016034,00401,157.62,0.00,1977.51
0000016034,02050,0.00,0.00,511.03
0000016034,02200,0.00,0.00,2935.71
0000016034,04200,0.00,0.00,9466.99
0000016034,05500,0.00,0.00,679.56
0000016034,06100,0.00,0.00,1609.20
0000016034,07200,0.00,0.00,1957.14
0000016034,08000,0.00,0.00,39410.74
0000016034,09200,0.00,0.00,2174.60
0000016034,09900,0.00,0.00,1848.41
0000016034,25001,0.00,0.00,1603.07
0000016034,25002,0.00,0.00,5867.47
0000016035,00400,239.88,0.00,4179.88
0000016035,00401,0.00,0.00,4721.03
0000016035,01800,0.00,0.00,573.21
0000016035,05500,0.00,0.00,18682.40
0000016035,05510,0.00,0.00,14579.17
0000016035,07400,0.00,0.00,72337.91
0000016035,07600,0.00,0.00,33663.06
0000016035,09900,0.00,0.00,6581.30
0000016035,16000,0.00,0.00,9288.12
0000016035,25001,0.00,0.00,9357.16
0000016036,00000,0.00,0.00,2082.71
0000016037,00000,0.00,0.00,3300.00
0000016038,00400,451.94,0.00,6921.93
0000016038,00401,0.00,0.00,5595.02
0000016038,02200,0.00,0.00,28568.48
0000016038,04200,0.00,0.00,22327.47
0000016038,05500,0.00,0.00,16811.31
0000016038,06100,0.00,0.00,21432.69
0000016038,08000,0.00,0.00,79606.55
0000016038,09900,0.00,0.00,17301.12
0000016038,25001,0.00,0.00,-584.45
0000016038,25002,0.00,0.00,788.23
0000016038,25003,0.00,0.00,593.52
0000016038,25004,0.00,0.00,-688.00
0000016038,25005,0.00,0.00,-209.00
0000016038,25006,0.00,0.00,460.18
0000016038,25007,0.00,0.00,7376.49
0000016039,00400,196.18,0.00,1996.18
0000016039,02000,0.00,0.00,13483.80
0000016039,05500,0.00,0.00,19285.76
0000016039,06100,0.00,0.00,8263.27
0000016039,06200,0.00,0.00,3325.09
0000016039,07000,0.00,0.00,63545.88
0000016039,25001,0.00,0.00,635.80
0000016040,00400,535.98,0.00,5235.97
0000016040,00401,0.00,0.00,1522.27
0000016040,02200,0.00,0.00,1102.37
0000016040,06100,0.00,0.00,7606.32
0000016040,06200,0.00,0.00,11265.28
0000016040,07200,0.00,0.00,139.19
0000016040,08000,0.00,0.00,27274.07
0000016040,09200,0.00,0.00,17648.98
0000016040,09300,0.00,0.00,13968.86
0000016040,09900,0.00,0.00,2331.67
0000016040,15400,0.00,0.00,11376.63
0000016040,15700,0.00,0.00,9355.63
0000016040,16000,0.00,0.00,16335.05
0000016040,25001,0.00,0.00,22579.01
0000016040,25002,0.00,0.00,20673.13
0000016041,00000,0.00,0.00,966.61
0000016042,00400,400.63,0.00,5270.63
0000016042,00401,0.00,0.00,4409.37
0000016042,02200,0.00,0.00,38079.37
0000016042,06100,0.00,0.00,2403.82
0000016042,06200,0.00,0.00,162999.30
0000016042,09300,0.00,0.00,67404.30
0000016042,09900,0.00,0.00,3573.24
0000016042,15400,0.00,0.00,13859.84
0000016042,15700,0.00,0.00,5305.72
0000016042,16000,0.00,0.00,69515.75
0000016042,25001,0.00,0.00,2773.90
0000016042,25002,0.00,0.00,6353.75
0000016042,25003,0.00,0.00,6394.00
0000016042,25004,0.00,0.00,-418.75
0000016043,00000,0.00,0.00,3365.00
0000016044,00000,0.00,0.00,11366.25
0000016045,00000,0.00,0.00,69176.00
0000016045,02200,241.13,0.00,0.00
0000016046,00000,0.00,0.00,2354.24
0000016047,00400,0.00,0.00,9213.98
0000016047,00401,220.51,0.00,3212.18
0000016047,02070,0.00,0.00,12082.16
0000016047,04200,0.00,0.00,18514.08
0000016047,05500,0.00,0.00,53.82
0000016047,06100,0.00,0.00,7463.54
0000016047,07600,0.00,0.00,2906.28
0000016047,08000,0.00,0.00,185538.70
0000016047,09200,0.00,0.00,7750.08
0000016047,09900,0.00,0.00,16365.59
0000016047,15700,0.00,0.00,4359.42
0000016047,16000,0.00,0.00,6436.87
0000016047,25001,0.00,0.00,602.62
0000016047,25002,0.00,0.00,400.78
0000016047,25003,0.00,0.00,731.88
0000016047,25004,0.00,0.00,4464.36
0000016047,25005,0.00,0.00,6650.54
0000016047,25006,0.00,0.00,380.16
0000016047,25007,0.00,0.00,1917.66
0000016047,25008,0.00,0.00,389.30
0000016048,00400,141.23,0.00,1478.73
0000016048,06101,0.00,0.00,34394.18
0000016048,09900,0.00,0.00,4092.57
0000016049,00400,653.28,0.00,9194.28
0000016049,00401,0.00,0.00,13834.00
0000016049,02200,0.00,0.00,36335.17
0000016049,06100,0.00,0.00,37807.63
0000016049,08000,0.00,0.00,2445.36
0000016049,09300,0.00,0.00,81336.15
0000016049,09900,0.00,0.00,17204.48
0000016049,12300,0.00,0.00,154366.61
0000016049,15400,0.00,0.00,77661.48
0000016049,16000,0.00,0.00,55416.31
0000016049,25001,0.00,0.00,5584.40
0000016049,25002,0.00,0.00,194.33
0000016049,25003,0.00,0.00,1056.44
0000016049,25004,0.00,0.00,201.36
0000016049,25005,0.00,0.00,-7012.62
0000016049,25007,0.00,0.00,508.36
0000016049,25008,0.00,0.00,310.93
0000016049,25009,0.00,0.00,193.28
0000016049,25010,0.00,0.00,472.61
0000016049,25011,0.00,0.00,1225.94
0000016051,00400,0.00,0.00,4751.75
0000016051,00401,343.73,0.00,2523.84
0000016051,02315,0.00,0.00,56724.88
0000016051,04200,0.00,0.00,102454.44
0000016051,05500,0.00,0.00,18126.76
0000016051,09900,0.00,0.00,15013.69
0000016052,00400,2292.91,0.00,38013.19
0000016052,00401,0.00,0.00,38575.39
0000016052,01800,0.00,0.00,9647.16
0000016052,02200,0.00,0.00,48404.90
0000016052,02315,0.00,0.00,49545.65
0000016052,02820,0.00,0.00,25165.36
0000016052,04200,0.00,0.00,75837.43
0000016052,06100,0.00,0.00,108756.32
0000016052,07000,0.00,0.00,7465.07
0000016052,07530,0.00,0.00,214161.53
0000016052,08000,0.00,0.00,58495.72
0000016052,09200,0.00,0.00,102070.45
0000016052,09300,0.00,0.00,65133.25
0000016052,09900,0.00,0.00,78502.31
0000016052,12300,0.00,0.00,71412.63
0000016052,15400,0.00,0.00,275673.69
0000016052,15700,0.00,0.00,197554.20
0000016052,16000,0.00,0.00,70575.73
0000016052,25002,0.00,0.00,1925.52
0000016052,25003,0.00,0.00,1265.36
0000016052,25004,0.00,0.00,11134.40
0000016053,00000,0.00,0.00,183.68
0000016054,00000,0.00,0.00,483.00
0000016055,00000,0.00,0.00,987.60
0000016056,00000,0.00,0.00,4225.00
0000016057,00000,0.00,0.00,2543.93
0000016058,00000,0.00,0.00,16965.00
0000016059,00000,0.00,0.00,1366.40
0000016060,00000,0.00,0.00,32369.50
0000016061,00000,0.00,0.00,82524.71
0000016062,00000,0.00,0.00,81158.18
0000016062,00400,197.05,0.00,0.00
0000016063,00000,0.00,0.00,2100.00
0000016064,00000,0.00,0.00,1695.00
0000016065,00400,0.00,0.00,4276.01
0000016065,00401,106.11,0.00,1599.35
0000016065,02220,0.00,0.00,3095.02
0000016065,02300,0.00,0.00,700.00
0000016065,02315,0.00,0.00,10500.05
0000016065,02520,0.00,0.00,400.00
0000016065,02820,0.00,0.00,2846.01
0000016065,03100,0.00,0.00,10210.04
0000016065,03200,0.00,0.00,3500.01
0000016065,03300,0.00,0.00,3400.01
0000016065,05120,0.00,0.00,1549.00
0000016065,05500,0.00,0.00,11140.04
0000016065,06100,0.00,0.00,88707.96
0000016065,07310,0.00,0.00,6805.03
0000016065,07460,0.00,0.00,8085.04
0000016065,07469,0.00,0.00,6000.02
0000016065,07620,0.00,0.00,2042.01
0000016065,25001,0.00,0.00,6280.85
0000016065,25002,0.00,0.00,16969.59
0000016065,25004,0.00,0.00,5460.24
0000016065,25010,0.00,0.00,-5552.25
0000016066,00000,0.00,0.00,3200.00
0000016067,00000,0.00,0.00,120.00
0000016068,00000,0.00,0.00,11534.93
0000017001,00400,0.00,0.00,91821.44
0000017001,00401,0.00,0.00,6024.33
0000017001,02000,0.00,0.00,161769.11
0000017001,02200,388.89,0.00,8688.89
0000017001,02315,0.00,0.00,9797.46
0000017001,02820,0.00,0.00,1633.97
0000017001,03100,0.00,0.00,42988.79
0000017001,06100,0.00,0.00,57184.63
0000017001,06200,0.00,0.00,48217.06
0000017001,07400,0.00,0.00,38648.72
0000017001,07600,0.00,0.00,27065.10
0000017001,08000,0.00,0.00,29711.57
0000017001,09200,0.00,0.00,25154.22
0000017001,09300,0.00,0.00,16381.95
0000017001,09900,0.00,0.00,4438.98
0000017001,10000,0.00,0.00,2306.16
0000017001,10800,0.00,0.00,1517.71
0000017001,13000,0.00,0.00,291091.79
0000017001,15400,0.00,0.00,23639.68
0000017001,15700,0.00,0.00,109438.73
0000017001,16000,0.00,0.00,51079.82
0000017002,00000,0.00,0.00,1615.30
0000017003,00400,0.00,0.00,2727.64
0000017003,02050,0.00,0.00,500.00
0000017003,02200,0.00,0.00,992.98
0000017003,06100,0.00,0.00,1719.62
0000017003,08000,0.00,0.00,2606.99
0000017003,09200,0.00,0.00,318.82
0000017003,09300,0.00,0.00,370.85
0000017003,09900,0.00,0.00,1505.52
0000017003,10000,0.00,0.00,4463.42
0000017003,10800,0.00,0.00,376.38
0000017003,16000,0.00,0.00,2263.82
0000017003,25001,0.00,0.00,625.59
0000017004,00400,0.00,0.00,47210.66
0000017004,00401,331.47,0.00,5449.19
0000017004,02200,0.00,0.00,8632.28
0000017004,03100,0.00,0.00,70088.08
0000017004,04200,0.00,0.00,59919.33
0000017004,06100,0.00,0.00,54506.63
0000017004,06200,0.00,0.00,11644.54
0000017004,07200,0.00,0.00,5819.29
0000017004,07400,0.00,0.00,24478.24
0000017004,07600,0.00,0.00,75637.33
0000017004,08000,0.00,0.00,32156.59
0000017004,09200,0.00,0.00,24614.25
0000017004,09300,0.00,0.00,16232.10
0000017004,09900,0.00,0.00,7983.00
0000017004,15400,0.00,0.00,59945.94
0000017004,15700,0.00,0.00,47525.46
0000017004,16000,0.00,0.00,41644.65
0000017004,25001,0.00,0.00,9097.44
0000017004,25002,0.00,0.00,6320.29
0000017004,25003,0.00,0.00,4353.87
0000017004,25004,0.00,0.00,15275.10
0000017005,00400,175.36,0.00,1960.89
0000017005,00401,0.00,0.00,555.05
0000017005,02200,0.00,0.00,1493.96
0000017005,06100,0.00,0.00,1139.25
0000017005,08000,0.00,0.00,29792.76
0000017005,09900,0.00,0.00,1680.71
0000017005,25001,0.00,0.00,-859.35
0000017005,25002,0.00,0.00,401.38
0000017005,25003,0.00,0.00,1721.79
0000017005,25004,0.00,0.00,785.14
0000017006,00400,317.25,0.00,4450.25
0000017006,00401,0.00,0.00,4830.63
0000017006,02220,0.00,0.00,6221.27
0000017006,06100,0.00,0.00,9095.54
0000017006,08520,0.00,0.00,137759.62
0000017006,09910,0.00,0.00,7475.42
0000017006,25001,0.00,0.00,5585.56
0000017007,00000,0.00,0.00,658.00
0000017008,00400,430.85,0.00,5026.85
0000017008,00401,0.00,0.00,5094.82
0000017008,02220,0.00,0.00,12449.01
0000017008,06100,0.00,0.00,16059.99
0000017008,08000,0.00,0.00,133817.58
0000017008,09650,0.00,0.00,5857.72
0000017008,09910,0.00,0.00,14792.10
0000017008,15001,0.00,0.00,2354.04
0000017008,16000,0.00,0.00,1970.82
0000017008,25001,0.00,0.00,7407.71
0000017008,25002,0.00,0.00,-262.00
0000017008,25003,0.00,0.00,812.24
0000017008,25004,0.00,0.00,3962.67
0000017008,25005,0.00,0.00,182.63
0000017008,25006,0.00,0.00,273.75
0000017008,25007,0.00,0.00,-680.00
0000017008,25008,0.00,0.00,-272.00
0000017009,00400,338.15,0.00,4698.14
0000017009,00401,0.00,0.00,7586.54
0000017009,02220,0.00,0.00,36255.72
0000017009,03530,0.00,0.00,14481.62
0000017009,06100,0.00,0.00,16198.95
0000017009,06400,0.00,0.00,23422.53
0000017009,08000,0.00,0.00,3872.89
0000017009,09200,0.00,0.00,15310.67
0000017009,09650,0.00,0.00,28086.80
0000017009,09910,0.00,0.00,10997.41
0000017009,10000,0.00,0.00,3450.82
0000017009,15001,0.00,0.00,5652.68
0000017009,15400,0.00,0.00,85597.65
0000017009,15900,0.00,0.00,31166.15
0000017009,16000,0.00,0.00,12166.71
0000017009,25001,0.00,0.00,2890.28
0000017009,25003,0.00,0.00,6068.34
0000017009,25004,0.00,0.00,1652.29
0000017009,25005,0.00,0.00,1854.05
0000017009,25006,0.00,0.00,533.02
0000017010,00400,0.00,0.00,3880.80
0000017010,00401,387.22,0.00,5434.73
0000017010,02200,0.00,0.00,4659.66
0000017010,02820,0.00,0.00,463.54
0000017010,04200,0.00,0.00,5239.08
0000017010,05500,0.00,0.00,18304.44
0000017010,06100,0.00,0.00,43836.97
0000017010,07600,0.00,0.00,124472.94
0000017010,09900,0.00,0.00,1218.14
0000017010,15700,0.00,0.00,4969.58
0000017010,16000,0.00,0.00,1670.90
0000017010,25001,0.00,0.00,2746.10
0000017010,25002,0.00,0.00,1088.94
0000017010,25003,0.00,0.00,1632.89
0000017010,25004,0.00,0.00,4803.79
0000017011,00400,516.25,0.00,6056.25
0000017011,00401,0.00,0.00,5941.36
0000017011,02200,0.00,0.00,35939.00
0000017011,06100,0.00,0.00,4979.95
0000017011,06200,0.00,0.00,22416.17
0000017011,09200,0.00,0.00,9140.75
0000017011,09300,0.00,0.00,45867.93
0000017011,09900,0.00,0.00,10782.80
0000017011,10800,0.00,0.00,3617.98
0000017011,15700,0.00,0.00,50498.51
0000017011,16000,0.00,0.00,29544.86
0000017011,25001,0.00,0.00,-4415.06
0000017011,25002,0.00,0.00,10785.29
0000017011,25003,0.00,0.00,1072.69
0000017011,25004,0.00,0.00,185.52
0000017012,00000,0.00,0.00,5044.40
0000017013,00400,2576.76,0.00,47841.75
0000017013,00401,0.00,0.00,69334.92
0000017013,02050,0.00,0.00,286534.17
0000017013,02200,0.00,0.00,30278.82
0000017013,02820,0.00,0.00,29586.43
0000017013,03100,0.00,0.00,101585.68
0000017013,04200,0.00,0.00,113537.23
0000017013,06100,0.00,0.00,117312.41
0000017013,06200,0.00,0.00,69344.85
0000017013,07200,0.00,0.00,2726.15
0000017013,07600,0.00,0.00,196388.85
0000017013,08000,0.00,0.00,54333.33
0000017013,09200,0.00,0.00,110911.76
0000017013,09300,0.00,0.00,47270.96
0000017013,09900,0.00,0.00,93834.70
0000017013,10800,0.00,0.00,20443.50
0000017013,15400,0.00,0.00,307817.03
0000017013,15700,0.00,0.00,185695.98
0000017013,16000,0.00,0.00,62018.65
0000017013,25001,0.00,0.00,9094.16
0000017013,25002,0.00,0.00,2878.76
0000017013,25003,0.00,0.00,21449.61
0000017014,00000,0.00,0.00,501.52
0000017015,00000,0.00,0.00,1158.00
0000017016,00400,0.00,0.00,2013.66
0000017016,02220,0.00,0.00,2958.96
0000017016,02315,0.00,0.00,2992.52
0000017016,06100,0.00,0.00,4458.02
0000017016,16000,42.04,0.00,392.04
0000017016,25001,0.00,0.00,1882.21
0000017017,00000,0.00,0.00,80557.05
0000017017,00400,248.54,0.00,0.00
0000017018,00400,2117.61,0.00,20487.60
0000017018,03490,0.00,0.00,139535.62
0000017018,05500,0.00,0.00,7908.49
0000017018,06100,0.00,0.00,127842.88
0000017018,07200,0.00,0.00,30942.84
0000017018,07460,0.00,0.00,277588.63
0000017018,08000,0.00,0.00,1899.11
0000017018,08310,0.00,0.00,433.54
0000017018,08360,0.00,0.00,15086.99
0000017019,00000,0.00,0.00,3600.00
0000017020,00000,0.00,0.00,18662.00
0000017021,00400,0.00,0.00,5015.81
0000017021,00401,99.10,0.00,1455.15
0000017021,02200,0.00,0.00,11490.76
0000017021,07600,0.00,0.00,8046.75
0000017021,08000,0.00,0.00,139606.95
0000017021,09900,0.00,0.00,3755.15
0000017021,25001,0.00,0.00,625.00
0000017021,25002,0.00,0.00,-990.00
0000017021,25003,0.00,0.00,2862.13
0000017021,25004,0.00,0.00,464.60
0000017022,00400,0.00,0.00,4319.18
0000017022,00401,75.95,0.00,1013.51
0000017022,02200,0.00,0.00,6733.33
0000017022,02820,0.00,0.00,416.53
0000017022,06100,0.00,0.00,26584.18
0000017022,07400,0.00,0.00,12330.09
0000017022,07600,0.00,0.00,8653.88
0000017022,08000,0.00,0.00,12011.51
0000017022,09200,0.00,0.00,8265.98
0000017022,09900,0.00,0.00,3594.84
0000017022,15400,0.00,0.00,22989.77
0000017022,16000,0.00,0.00,9579.07
0000017022,25001,0.00,0.00,516.61
0000017022,25002,0.00,0.00,13656.80
0000017022,25003,0.00,0.00,4937.58
0000017022,25004,0.00,0.00,1739.51
0000017022,25005,0.00,0.00,2194.18
0000017023,00400,0.00,0.00,11100.29
0000017023,00401,119.91,0.00,2301.78
0000017023,02200,0.00,0.00,13996.76
0000017023,05500,0.00,0.00,1906.24
0000017023,06100,0.00,0.00,11405.33
0000017023,06200,0.00,0.00,50671.10
0000017023,08000,0.00,0.00,4617.17
0000017023,09200,0.00,0.00,1513.97
0000017023,09300,0.00,0.00,37742.06
0000017023,09900,0.00,0.00,11307.03
0000017023,10800,0.00,0.00,5794.57
0000017023,15400,0.00,0.00,68780.48
0000017023,15700,0.00,0.00,14736.78
0000017023,16000,0.00,0.00,33608.34
0000017023,25001,0.00,0.00,1828.46
0000017023,25002,0.00,0.00,806.08
0000017024,00400,0.00,0.00,2041.64
0000017024,00401,42.07,0.00,474.42
0000017024,02050,0.00,0.00,1582.49
0000017024,02200,0.00,0.00,5491.83
0000017024,03100,0.00,0.00,4398.65
0000017024,06100,0.00,0.00,37526.94
0000017024,08000,0.00,0.00,2203.47
0000017024,25001,0.00,0.00,1979.15
0000017024,25002,0.00,0.00,408.82
0000017025,00000,0.00,0.00,105477.21
0000017026,00400,0.00,0.00,17099.08
0000017026,00401,219.09,0.00,3093.41
0000017026,02200,0.00,0.00,23894.65
0000017026,04200,0.00,0.00,25785.60
0000017026,06100,0.00,0.00,65309.53
0000017026,06200,0.00,0.00,13010.98
0000017026,07200,0.00,0.00,1289.28
0000017026,07400,0.00,0.00,75917.10
0000017026,07600,0.00,0.00,9411.95
0000017026,08000,0.00,0.00,9734.06
0000017026,09200,0.00,0.00,24625.25
0000017026,09300,0.00,0.00,7574.52
0000017026,09900,0.00,0.00,8237.42
0000017026,10000,0.00,0.00,46650.45
0000017026,10800,0.00,0.00,1783.50
0000017026,15400,0.00,0.00,13376.28
0000017026,15700,0.00,0.00,1289.28
0000017026,16000,0.00,0.00,8702.64
0000017026,25001,0.00,0.00,1530.00
0000017026,25002,0.00,0.00,40886.00
0000017027,00400,0.00,0.00,56774.69
0000017027,00401,0.00,0.00,17512.90
0000017027,02200,0.00,0.00,44775.34
0000017027,02315,0.00,0.00,72064.06
0000017027,02820,103.22,0.00,2153.22
0000017027,03100,0.00,0.00,66334.80
0000017027,04200,0.00,0.00,9522.13
0000017027,05500,0.00,0.00,66820.63
0000017027,06100,0.00,0.00,83412.86
0000017027,06200,0.00,0.00,12758.50
0000017027,07200,0.00,0.00,74429.40
0000017027,07400,0.00,0.00,127905.88
0000017027,07600,0.00,0.00,31559.33
0000017027,08000,0.00,0.00,106474.40
0000017027,09200,0.00,0.00,91805.31
0000017027,09300,0.00,0.00,63100.81
0000017027,09900,0.00,0.00,12537.50
0000017027,10800,0.00,0.00,10421.34
0000017027,14200,0.00,0.00,71742.13
0000017027,15400,0.00,0.00,68876.56
0000017027,15700,0.00,0.00,79528.13
0000017027,16000,0.00,0.00,128456.25
0000017027,25001,0.00,0.00,-664.38
0000017027,25002,0.00,0.00,5724.81
0000017027,25003,0.00,0.00,4536.18
0000017027,25004,0.00,0.00,2777.29
0000017027,25005,0.00,0.00,2751.76
0000017027,25006,0.00,0.00,1140.43
0000017027,25007,0.00,0.00,798.14
0000017027,25008,0.00,0.00,-13325.40
0000017027,25009,0.00,0.00,404.20
0000017027,25010,0.00,0.00,-694.79
0000017027,25011,0.00,0.00,419.69
0000017027,25012,0.00,0.00,597.88
0000017027,25013,0.00,0.00,1898.87
0000017027,25014,0.00,0.00,1785.05
0000017027,25016,0.00,0.00,3528.75
0000017027,25017,0.00,0.00,1075.37
0000017027,25018,0.00,0.00,6071.49
0000017027,25019,0.00,0.00,580.62
0000017027,25020,0.00,0.00,293.17
0000017027,25021,0.00,0.00,-1500.00
0000017027,25022,0.00,0.00,2012.14
0000017027,25023,0.00,0.00,659.61
0000017027,26001,0.00,0.00,2822.21
0000017027,26002,0.00,0.00,159.63
0000017027,26003,0.00,0.00,1800.59
0000017027,26004,0.00,0.00,6129.68
0000017027,26005,0.00,0.00,243.63
0000017027,27001,0.00,0.00,2956.08
0000017027,27002,0.00,0.00,2956.08
0000017027,27003,0.00,0.00,1408.95
0000017027,27004,0.00,0.00,1831.59
0000017027,27005,0.00,0.00,776.00
0000017027,27006,0.00,0.00,764.26
0000017027,27007,0.00,0.00,1262.97
0000017027,27008,0.00,0.00,1961.72
0000017027,27009,0.00,0.00,1312.09
0000017027,27010,0.00,0.00,475.46
0000017027,27011,0.00,0.00,1714.71
0000017027,28001,0.00,0.00,-850.00
0000017027,28002,0.00,0.00,2988.43
0000017027,28003,0.00,0.00,3199.26
0000017027,28004,0.00,0.00,1998.81
0000017027,28005,0.00,0.00,1277.02
0000017027,28006,0.00,0.00,438.63
0000017027,28007,0.00,0.00,1470.25
0000017027,28008,0.00,0.00,1659.01
0000017027,28009,0.00,0.00,2342.80
0000017027,28010,0.00,0.00,1124.78
0000017027,28012,0.00,0.00,1054.92
0000017027,28013,0.00,0.00,3220.32
0000017027,28014,0.00,0.00,7521.08
0000017027,29001,0.00,0.00,8061.87
0000017027,29002,0.00,0.00,-275.00
0000017027,99999,0.00,0.00,-5011.12
0000017028,00400,0.00,0.00,3947.33
0000017028,00401,95.50,0.00,638.28
0000017028,02200,0.00,0.00,4070.68
0000017028,06100,0.00,0.00,1386.26
0000017028,06200,0.00,0.00,44541.52
0000017028,09200,0.00,0.00,1174.80
0000017028,09300,0.00,0.00,3112.75
0000017028,09900,0.00,0.00,2187.48
0000017028,15400,0.00,0.00,5756.52
0000017028,15700,0.00,0.00,2126.39
0000017028,16000,0.00,0.00,2290.86
0000017028,25001,0.00,0.00,1199.27
0000017029,00000,0.00,0.00,18693.10
0000017029,00400,31.58,0.00,0.00
0000017030,00400,0.00,0.00,9398.85
0000017030,00401,345.74,0.00,1651.81
0000017030,02200,0.00,0.00,9339.64
0000017030,06100,0.00,0.00,9593.03
0000017030,06200,0.00,0.00,27584.09
0000017030,09200,0.00,0.00,4851.24
0000017030,09300,0.00,0.00,35907.15
0000017030,09900,0.00,0.00,5873.65
0000017030,10800,0.00,0.00,10551.66
0000017030,15400,0.00,0.00,32568.42
0000017030,15700,0.00,0.00,9827.22
0000017030,16000,0.00,0.00,29733.64
0000017030,25001,0.00,0.00,2026.98
0000017030,25002,0.00,0.00,-863.93
0000017030,25003,0.00,0.00,344.78
0000017031,00400,0.00,0.00,8332.35
0000017031,00401,161.91,0.00,1646.50
0000017031,02200,0.00,0.00,11308.02
0000017031,06100,0.00,0.00,8625.70
0000017031,06200,0.00,0.00,37235.93
0000017031,08000,0.00,0.00,1566.34
0000017031,09200,0.00,0.00,3686.65
0000017031,09300,0.00,0.00,28680.58
0000017031,09900,0.00,0.00,4603.32
0000017031,10800,0.00,0.00,13730.06
0000017031,15400,0.00,0.00,41523.04
0000017031,15700,0.00,0.00,6074.51
0000017031,16000,0.00,0.00,19948.81
0000017031,25001,0.00,0.00,2231.04
0000017032,00400,0.00,0.00,6629.89
0000017032,00401,121.81,0.00,792.53
0000017032,02200,0.00,0.00,3709.44
0000017032,06100,0.00,0.00,6403.55
0000017032,06200,0.00,0.00,19113.12
0000017032,09200,0.00,0.00,1203.51
0000017032,09300,0.00,0.00,5617.15
0000017032,09900,0.00,0.00,4116.89
0000017032,10800,0.00,0.00,5627.75
0000017032,15400,0.00,0.00,20566.78
0000017032,15700,0.00,0.00,5316.86
0000017032,16000,0.00,0.00,4239.36
0000017032,25001,0.00,0.00,1311.96
0000017032,25002,0.00,0.00,-1086.64
0000017032,25003,0.00,0.00,-757.43
0000017033,00400,0.00,0.00,25399.03
0000017033,00401,416.79,0.00,3886.54
0000017033,02220,0.00,0.00,25545.61
0000017033,03350,0.00,0.00,25175.25
0000017033,04000,0.00,0.00,85432.49
0000017033,05500,0.00,0.00,37048.46
0000017033,06100,0.00,0.00,4166.78
0000017033,07400,0.00,0.00,30098.41
0000017033,08000,0.00,0.00,3063.55
0000017033,09200,0.00,0.00,1313.58
0000017033,09650,0.00,0.00,1544.08
0000017033,09900,0.00,0.00,1510.52
0000017033,16000,0.00,0.00,559.45
0000017033,25001,0.00,0.00,31.09
0000017033,25002,0.00,0.00,6622.00
0000017033,25003,0.00,0.00,-1618.00
0000017033,25004,0.00,0.00,-2955.00
0000017034,00400,0.00,0.00,3880.97
0000017034,00401,44.81,0.00,455.19
0000017034,02000,0.00,0.00,2237.36
0000017034,02050,0.00,0.00,516.06
0000017034,06100,0.00,0.00,43900.25
0000017034,25001,0.00,0.00,11522.92
0000017035,00000,0.00,0.00,189218.76
0000017036,00000,0.00,0.00,3475.00
0000017037,00400,0.00,0.00,5905.90
0000017037,00401,106.27,0.00,1539.46
0000017037,02220,0.00,0.00,4460.02
0000017037,02315,0.00,0.00,25835.63
0000017037,03300,0.00,0.00,10726.19
0000017037,05500,0.00,0.00,3224.62
0000017037,06100,0.00,0.00,25950.14
0000017037,07400,0.00,0.00,3503.81
0000017037,08000,0.00,0.00,8953.34
0000017037,09650,0.00,0.00,7570.29
0000017037,09720,0.00,0.00,10787.39
0000017037,09900,0.00,0.00,8205.98
0000017037,10800,0.00,0.00,2622.22
0000017037,15001,0.00,0.00,9460.17
0000017037,15401,0.00,0.00,30698.87
0000017037,16000,0.00,0.00,18630.43
0000017037,25001,0.00,0.00,3845.75
0000017037,25002,0.00,0.00,1276.50
0000017037,25003,0.00,0.00,3418.95
0000017037,25005,0.00,0.00,567.37
0000017038,00000,0.00,0.00,9856.08
0000017039,00000,0.00,0.00,2536.80
0000017040,00000,0.00,0.00,8135.00
0000018001,00000,0.00,0.00,116691.37
0000018002,00400,0.00,0.00,15826.83
0000018002,00401,125.23,0.00,1126.71
0000018002,02220,0.00,0.00,9601.60
0000018002,09120,0.00,0.00,16944.00
0000018002,09910,0.00,0.00,11296.00
0000018002,15300,0.00,0.00,53373.60
0000018002,15401,0.00,0.00,8133.12
0000018002,16000,0.00,0.00,8133.12
0000018002,25001,0.00,0.00,591.93
0000018002,25002,0.00,0.00,605.19
0000018002,25003,0.00,0.00,690.75
0000018002,25004,0.00,0.00,-215.10
0000018003,00000,0.00,0.00,2822.50
0000018005,00000,0.00,0.00,1316.05
0000018006,00400,0.00,0.00,20867.63
0000018006,00401,141.98,0.00,2234.75
0000018006,02200,0.00,0.00,18826.86
0000018006,02315,0.00,0.00,225.23
0000018006,03100,0.00,0.00,3327.10
0000018006,04200,0.00,0.00,10510.50
0000018006,06100,0.00,0.00,3030.95
0000018006,06200,0.00,0.00,3351.56
0000018006,07200,0.00,0.00,3301.41
0000018006,08000,0.00,0.00,60480.42
0000018006,09200,0.00,0.00,2788.50
0000018006,09300,0.00,0.00,18447.00
0000018006,09900,0.00,0.00,3496.35
0000018006,10800,0.00,0.00,13148.85
0000018006,15400,0.00,0.00,76849.99
0000018006,15700,0.00,0.00,11583.00
0000018006,16000,0.00,0.00,7357.35
0000018006,25001,0.00,0.00,1329.15
0000018006,25002,0.00,0.00,3944.40
0000018006,25003,0.00,0.00,15049.63
0000018006,25004,0.00,0.00,363.31
0000018007,00400,0.00,0.00,7331.84
0000018007,00401,0.00,0.00,2435.69
0000018007,02200,130.20,0.00,1655.68
0000018007,06200,0.00,0.00,3632.45
0000018007,07400,0.00,0.00,1809.74
0000018007,08000,0.00,0.00,261735.51
0000018007,09300,0.00,0.00,863.84
0000018007,09900,0.00,0.00,917.83
0000018007,10000,0.00,0.00,1288.18
0000018007,16000,0.00,0.00,280.75
0000018007,25001,0.00,0.00,762.45
0000018007,25002,0.00,0.00,3174.24
0000018007,25003,0.00,0.00,1434.40
0000018007,25004,0.00,0.00,5307.50
0000018007,25005,0.00,0.00,1994.79
0000018008,00400,0.00,0.00,6540.91
0000018008,00401,198.91,0.00,1423.71
0000018008,02200,0.00,0.00,1223.15
0000018008,02315,0.00,0.00,106728.67
0000018008,05500,0.00,0.00,11499.19
0000018008,07400,0.00,0.00,11668.99
0000018008,14200,0.00,0.00,5032.37
0000018008,15400,0.00,0.00,16075.62
0000018008,16000,0.00,0.00,1689.11
0000018008,25001,0.00,0.00,19174.18
0000018008,25002,0.00,0.00,-1610.29
0000018008,25003,0.00,0.00,6150.70
0000018008,25004,0.00,0.00,8636.03
0000018008,25005,0.00,0.00,-484.00
0000018009,00400,0.00,0.00,3676.34
0000018009,00401,39.25,0.00,520.33
0000018009,02200,0.00,0.00,788.28
0000018009,06200,0.00,0.00,2101.29
0000018009,07200,0.00,0.00,7187.23
0000018009,08000,0.00,0.00,9550.04
0000018009,09200,0.00,0.00,18123.55
0000018009,09900,0.00,0.00,4876.65
0000018009,16000,0.00,0.00,12950.22
0000018009,25001,0.00,0.00,9588.13
0000018011,00000,0.00,0.00,51790.00
0000018012,00400,0.00,0.00,14034.38
0000018012,00401,308.59,0.00,4119.39
0000018012,02200,0.00,0.00,6219.14
0000018012,04200,0.00,0.00,3984.53
0000018012,06200,0.00,0.00,1714.42
0000018012,07200,0.00,0.00,390.91
0000018012,08000,0.00,0.00,4021.97
0000018012,09200,0.00,0.00,18382.68
0000018012,09300,0.00,0.00,9422.88
0000018012,09900,0.00,0.00,2584.56
0000018012,10000,0.00,0.00,4534.29
0000018012,15700,0.00,0.00,249996.95
0000018012,16000,0.00,0.00,154088.24
0000018012,25001,0.00,0.00,1844.75
0000018012,25002,0.00,0.00,2603.09
0000018012,25003,0.00,0.00,3531.73
0000018012,25004,0.00,0.00,19022.94
0000018012,25005,0.00,0.00,19621.94
0000018013,00400,0.00,0.00,8288.14
0000018013,00401,212.23,0.00,1808.15
0000018013,02220,0.00,0.00,20325.09
0000018013,05500,0.00,0.00,8936.88
0000018013,06100,0.00,0.00,565.44
0000018013,06200,0.00,0.00,3258.60
0000018013,07200,0.00,0.00,156.58
0000018013,08000,0.00,0.00,39875.45
0000018013,09200,0.00,0.00,22080.48
0000018013,09300,0.00,0.00,28283.22
0000018013,09900,0.00,0.00,13759.34
0000018013,10800,0.00,0.00,1613.26
0000018013,15700,0.00,0.00,3413.10
0000018013,16000,0.00,0.00,55434.43
0000018013,25001,0.00,0.00,180.09
0000018013,25002,0.00,0.00,12021.36
0000018013,25003,0.00,0.00,-1057.00
0000018014,00400,0.00,0.00,140973.88
0000018014,00401,0.00,0.00,44419.83
0000018014,02220,0.00,0.00,247957.50
0000018014,04000,0.00,0.00,97402.88
0000018014,05400,0.00,0.00,77292.54
0000018014,05500,0.00,0.00,138138.91
0000018014,06100,0.00,0.00,59942.66
0000018014,07000,0.00,0.00,360957.44
0000018014,07220,0.00,0.00,3673.60
0000018014,07270,0.00,0.00,19942.40
0000018014,07450,0.00,0.00,429735.63
0000018014,07469,0.00,0.00,661926.03
0000018014,07530,0.00,0.00,57486.59
0000018014,07620,0.00,0.00,57734.30
0000018014,07920,0.00,0.00,40168.19
0000018014,08520,0.00,0.00,2235.65
0000018014,08710,0.00,0.00,2671.23
0000018014,09910,0.00,0.00,67640.42
0000018014,14800,0.00,0.00,494459.20
0000018014,15001,0.00,0.00,8365.31
0000018014,15401,181.51,0.00,2056.51
0000018014,16000,0.00,0.00,11125.76
0000018014,25001,0.00,0.00,-3288.60
0000018014,25002,0.00,0.00,7319.17
0000018014,25003,0.00,0.00,143.91
0000018014,25004,0.00,0.00,4338.08
0000018014,25005,0.00,0.00,9431.93
0000018014,25006,0.00,0.00,13953.70
0000018014,25007,0.00,0.00,169254.39
0000018014,25008,0.00,0.00,-6313.50
0000018014,25009,0.00,0.00,3984.98
0000018014,25010,0.00,0.00,-667.87
0000018015,00000,0.00,0.00,4441.50
0000018016,00000,0.00,0.00,2232.64
0000018017,00000,0.00,0.00,31746.65
0000018018,00400,0.00,0.00,1077.53
0000018018,00401,56.49,0.00,556.49
0000018018,02200,0.00,0.00,1140.59
0000018018,06100,0.00,0.00,324.54
0000018018,08000,0.00,0.00,3839.53
0000018018,09200,0.00,0.00,3259.33
0000018018,09300,0.00,0.00,475.09
0000018018,09900,0.00,0.00,780.01
0000018018,15700,0.00,0.00,9499.41
0000018018,16000,0.00,0.00,13332.60
0000018018,25001,0.00,0.00,-345.00
0000018018,25002,0.00,0.00,235.02
0000018018,25003,0.00,0.00,362.99
0000018018,25004,0.00,0.00,-255.36
0000018019,00000,0.00,0.00,838.00
0000018020,00000,0.00,0.00,95399.98
0000018021,00000,0.00,0.00,32269.84
0000018022,00400,0.00,0.00,154722.11
0000018022,00401,1284.89,0.00,44238.04
0000018022,02315,0.00,0.00,197264.80
0000018022,02820,0.00,0.00,13721.78
0000018022,03100,0.00,0.00,164871.23
0000018022,04200,0.00,0.00,98900.86
0000018022,05200,0.00,0.00,42695.47
0000018022,06100,0.00,0.00,417510.00
0000018022,06200,0.00,0.00,145184.08
0000018022,07200,0.00,0.00,42610.18
0000018022,07400,0.00,0.00,119649.88
0000018022,07600,0.00,0.00,39915.75
0000018022,08000,0.00,0.00,222339.43
0000018022,09200,0.00,0.00,217920.80
0000018022,09300,0.00,0.00,118571.64
0000018022,09900,0.00,0.00,47450.96
0000018022,10000,0.00,0.00,10177.99
0000018022,10800,0.00,0.00,31588.45
0000018022,14200,0.00,0.00,45081.72
0000018022,15400,0.00,0.00,152486.72
0000018022,15700,0.00,0.00,157372.90
0000018022,16000,0.00,0.00,353217.60
0000018022,25001,0.00,0.00,2172.49
0000018022,25003,0.00,0.00,825.00
0000018022,25004,0.00,0.00,-2027.13
0000018022,25005,0.00,0.00,-225.09
0000018022,25006,0.00,0.00,8821.94
0000018022,25007,0.00,0.00,-759.40
0000018022,25008,0.00,0.00,2397.36
0000018022,25009,0.00,0.00,1432.40
0000018022,25010,0.00,0.00,1018.32
0000018023,00000,0.00,0.00,477440.43
0000018024,00000,0.00,0.00,1087.50
0000018025,00000,0.00,0.00,1787.74
0000018026,00000,0.00,0.00,5591.39
0000018027,00400,0.00,0.00,15594.53
0000018027,00401,454.31,0.00,4463.56
0000018027,02200,0.00,0.00,12259.29
0000018027,06100,0.00,0.00,1159.54
0000018027,07600,0.00,0.00,9779.65
0000018027,09200,0.00,0.00,9908.20
0000018027,09900,0.00,0.00,1669.65
0000018027,10000,0.00,0.00,819.24
0000018027,15400,0.00,0.00,6372.50
0000018027,15700,0.00,0.00,89966.31
0000018027,16000,0.00,0.00,37845.40
0000018027,25001,0.00,0.00,2232.00
0000018027,25002,0.00,0.00,1177.08
0000018028,00400,0.00,0.00,17657.00
0000018028,00401,262.63,0.00,3674.27
0000018028,02220,0.00,0.00,81351.89
0000018028,06100,0.00,0.00,42662.09
0000018028,07530,0.00,0.00,209610.47
0000018028,09000,0.00,0.00,8428.68
0000018028,09910,0.00,0.00,4430.46
0000018028,15001,0.00,0.00,37821.00
0000018028,16000,0.00,0.00,18262.14
0000018028,25001,0.00,0.00,7069.67
0000018028,25003,0.00,0.00,1931.59
0000018028,26001,0.00,0.00,2007.72
0000018028,26002,0.00,0.00,697.13
0000018028,27001,0.00,0.00,11584.70
0000018028,27002,0.00,0.00,518.21
0000018029,00400,0.00,0.00,28063.00
0000018029,00401,0.00,0.00,3037.00
0000018029,02070,0.00,0.00,18500.00
0000018029,02130,0.00,0.00,7000.00
0000018029,02315,0.00,0.00,10500.00
0000018029,02465,0.00,0.00,1500.00
0000018029,02520,0.00,0.00,3000.00
0000018029,03100,0.00,0.00,4500.00
0000018029,03900,0.00,0.00,4000.00
0000018029,06100,0.00,0.00,9000.00
0000018029,06200,0.00,0.00,6000.00
0000018029,06220,0.00,0.00,5000.00
0000018029,06400,0.00,0.00,22000.00
0000018029,07200,0.00,0.00,1000.00
0000018029,07330,0.00,0.00,32000.00
0000018029,07450,0.00,0.00,2000.00
0000018029,07460,0.00,0.00,12000.00
0000018029,07620,0.00,0.00,4000.00
0000018029,07920,0.00,0.00,1000.00
0000018029,08120,0.00,0.00,12000.00
0000018029,08210,0.00,0.00,11000.00
0000018029,08520,0.00,0.00,9500.00
0000018029,09310,0.00,0.00,8000.00
0000018029,09610,0.00,0.00,4000.00
0000018029,09670,0.00,0.00,21000.00
0000018029,09790,0.00,0.00,3000.00
0000018029,09900,0.00,0.00,12000.00
0000018029,09930,0.00,0.00,25000.00
0000018029,10810,0.00,0.00,4000.00
0000018029,15001,0.00,0.00,40000.00
0000018029,15400,0.00,0.00,20000.00
0000018029,16000,0.00,0.00,35000.00
0000018029,25001,0.00,0.00,1068.50
0000018029,25002,0.00,0.00,17291.72
0000018029,25003,0.00,0.00,7536.41
0000018029,25004,0.00,0.00,3213.24
0000018029,25005,0.00,0.00,2711.72
0000018032,00000,0.00,0.00,336794.90
0000018033,00400,0.00,0.00,17476.21
0000018033,00401,155.14,0.00,1872.39
0000018033,02220,0.00,0.00,19929.80
0000018033,03300,0.00,0.00,10690.06
0000018033,06100,0.00,0.00,19068.98
0000018033,06400,0.00,0.00,9088.47
0000018033,08000,0.00,0.00,11019.02
0000018033,09310,0.00,0.00,6207.06
0000018033,09650,0.00,0.00,19905.79
0000018033,09720,0.00,0.00,14330.26
0000018033,09910,0.00,0.00,12809.10
0000018033,15001,0.00,0.00,8626.25
0000018033,15400,0.00,0.00,19029.36
0000018033,16000,0.00,0.00,23519.57
0000018033,25001,0.00,0.00,2165.35
0000018034,00400,0.00,0.00,13022.53
0000018034,00401,114.56,0.00,1745.03
0000018034,02200,0.00,0.00,13367.34
0000018034,06100,0.00,0.00,5150.52
0000018034,06200,0.00,0.00,27058.75
0000018034,08000,0.00,0.00,21837.91
0000018034,09200,0.00,0.00,5059.05
0000018034,09300,0.00,0.00,18529.95
0000018034,09900,0.00,0.00,15547.97
0000018034,10800,0.00,0.00,9792.41
0000018034,15400,0.00,0.00,25929.04
0000018034,15700,0.00,0.00,4726.48
0000018034,16000,0.00,0.00,40819.58
0000018034,25001,0.00,0.00,19085.14
0000018034,25002,0.00,0.00,2267.69
0000018035,00000,0.00,0.00,60020.63
0000018036,00400,0.00,0.00,75208.83
0000018036,00401,602.27,0.00,9500.21
0000018036,02220,0.00,0.00,69060.78
0000018036,05500,0.00,0.00,6718.22
0000018036,06100,0.00,0.00,7924.38
0000018036,06400,0.00,0.00,79014.29
0000018036,08120,0.00,0.00,69311.62
0000018036,08130,0.00,0.00,11873.76
0000018036,08160,0.00,0.00,14012.83
0000018036,08210,0.00,0.00,646.84
0000018036,08710,0.00,0.00,3095.46
0000018036,09250,0.00,0.00,47947.61
0000018036,09310,0.00,0.00,6377.72
0000018036,09510,0.00,0.00,32022.00
0000018036,09650,0.00,0.00,8443.13
0000018036,09680,0.00,0.00,10727.37
0000018036,09910,0.00,0.00,35606.33
0000018036,10810,0.00,0.00,1633.12
0000018036,15001,0.00,0.00,39226.95
0000018036,15400,0.00,0.00,31968.63
0000018036,15900,0.00,0.00,54752.28
0000018036,16000,0.00,0.00,163181.98
0000018036,25001,0.00,0.00,277.11
0000018036,25002,0.00,0.00,-2830.00
0000018036,25003,0.00,0.00,-2500.00
0000018036,25004,0.00,0.00,-433.90
0000018036,25006,0.00,0.00,15026.25
0000018036,25007,0.00,0.00,2253.36
0000018036,25010,0.00,0.00,4643.60
0000018036,25011,0.00,0.00,1185.96
0000018036,25012,0.00,0.00,257.12
0000018036,25014,0.00,0.00,205.43
0000018036,25015,0.00,0.00,3592.31
0000018036,25016,0.00,0.00,454.96
0000018036,25018,0.00,0.00,2288.64
0000018036,25019,0.00,0.00,-134.35
0000018036,25020,0.00,0.00,1462.50
0000018036,25021,0.00,0.00,1143.76
0000018036,25023,0.00,0.00,969.42
0000018036,25024,0.00,0.00,705.14
0000018036,25025,0.00,0.00,438.63
0000018036,25026,0.00,0.00,3407.82
0000018036,25027,0.00,0.00,1149.31
0000018036,25030,0.00,0.00,2580.60
0000018036,25031,0.00,0.00,1470.15
0000018037,00400,0.00,0.00,10202.91
0000018037,00401,79.39,0.00,1292.75
0000018037,02220,0.00,0.00,5727.89
0000018037,04000,0.00,0.00,8495.20
0000018037,05500,0.00,0.00,10130.53
0000018037,08520,0.00,0.00,46170.35
0000018037,09910,0.00,0.00,21089.33
0000018037,15400,0.00,0.00,2654.75
0000018037,16000,0.00,0.00,9132.34
0000018037,25013,0.00,0.00,-850.00
0000018037,25028,0.00,0.00,-800.00
0000018038,00400,0.00,0.00,11850.73
0000018038,00401,80.07,0.00,1277.80
0000018038,02200,0.00,0.00,7659.36
0000018038,05500,0.00,0.00,1869.10
0000018038,06100,0.00,0.00,1529.47
0000018038,06200,0.00,0.00,21914.28
0000018038,08000,0.00,0.00,8831.67
0000018038,09200,0.00,0.00,19760.09
0000018038,09300,0.00,0.00,18057.28
0000018038,09900,0.00,0.00,6553.01
0000018038,10800,0.00,0.00,5589.21
0000018038,15400,0.00,0.00,20948.35
0000018038,15700,0.00,0.00,6276.42
0000018038,16000,0.00,0.00,16701.66
0000018038,25001,0.00,0.00,5932.66
0000018039,00000,0.00,0.00,1132.20
0000018040,00000,0.00,0.00,111325.76
0000019001,00000,0.00,0.00,709970.98
0000019004,00000,0.00,0.00,40701.26
0000019006,00400,0.00,0.00,13098.43
0000019006,00401,101.64,0.00,1870.10
0000019006,02050,0.00,0.00,1396.96
0000019006,02200,0.00,0.00,11341.00
0000019006,02300,0.00,0.00,1396.96
0000019006,02630,0.00,0.00,2857.27
0000019006,04000,0.00,0.00,2001.35
0000019006,05080,0.00,0.00,54577.36
0000019006,05100,0.00,0.00,50683.20
0000019006,06100,0.00,0.00,22428.20
0000019006,07200,0.00,0.00,27379.49
0000019006,07500,0.00,0.00,30701.35
0000019006,25001,0.00,0.00,15655.49
0000019006,25002,0.00,0.00,5578.21
0000019007,00000,0.00,0.00,4099.50
0000019008,00400,3290.78,0.00,72711.72
0000019008,00401,0.00,0.00,25542.93
0000019008,02050,0.00,0.00,1289.53
0000019008,02200,0.00,0.00,63588.79
0000019008,02315,0.00,0.00,85110.16
0000019008,02820,0.00,0.00,1887.12
0000019008,03100,0.00,0.00,101619.12
0000019008,04200,0.00,0.00,83101.43
0000019008,05200,0.00,0.00,120335.35
0000019008,05500,0.00,0.00,30172.95
0000019008,06100,0.00,0.00,15679.41
0000019008,06200,0.00,0.00,10410.22
0000019008,07200,0.00,0.00,13502.56
0000019008,07400,0.00,0.00,85114.35
0000019008,07600,0.00,0.00,26105.16
0000019008,08000,0.00,0.00,134501.45
0000019008,09200,0.00,0.00,68146.00
0000019008,09300,0.00,0.00,51020.39
0000019008,09900,0.00,0.00,58720.88
0000019008,10000,0.00,0.00,41058.49
0000019008,10800,0.00,0.00,14192.40
0000019008,11000,0.00,0.00,190235.33
0000019008,14200,0.00,0.00,117787.74
0000019008,15400,0.00,0.00,1010657.60
0000019008,15700,0.00,0.00,288100.32
0000019008,16000,0.00,0.00,316616.80
0000019008,25001,0.00,0.00,81196.93
0000019008,25002,0.00,0.00,52408.35
0000019008,25003,0.00,0.00,8962.61
0000019008,25004,0.00,0.00,32868.78
0000019008,25005,0.00,0.00,-10000.00
0000019011,00000,0.00,0.00,1202.00
0000019012,00000,0.00,0.00,31567.43
0000019014,00000,0.00,0.00,86044.83
0000019016,00000,0.00,0.00,6322.81
0000019018,00400,0.00,0.00,30908.76
0000019018,00401,0.00,0.00,5433.06
0000019018,02820,49.70,0.00,479.70
0000019018,03100,0.00,0.00,3383.10
0000019018,05500,0.00,0.00,5013.90
0000019018,06100,0.00,0.00,11965.50
0000019018,06200,0.00,0.00,93530.93
0000019018,08000,0.00,0.00,136656.37
0000019018,09200,0.00,0.00,72794.30
0000019018,09300,0.00,0.00,56491.52
0000019018,09900,0.00,0.00,16234.70
0000019018,10000,0.00,0.00,42698.30
0000019018,10240,0.00,0.00,8935.37
0000019018,10800,0.00,0.00,1749.16
0000019018,15400,0.00,0.00,32539.58
0000019018,15700,0.00,0.00,94477.57
0000019018,16000,0.00,0.00,132672.06
0000019018,25001,0.00,0.00,98343.63
0000019018,25002,0.00,0.00,726.26
0000019018,25003,0.00,0.00,12057.63
0000019018,25004,0.00,0.00,9348.76
0000019018,25005,0.00,0.00,600.31
0000019018,25006,0.00,0.00,-1693.91
0000019018,25007,0.00,0.00,7618.62
0000019018,25008,0.00,0.00,4606.11
0000019018,25009,0.00,0.00,1936.35
0000019018,25010,0.00,0.00,1817.72
0000019018,25011,0.00,0.00,2204.00
0000019019,00000,0.00,0.00,379569.47
0000019020,00000,0.00,0.00,64008.00
0000019021,00000,0.00,0.00,441528.73
0000019022,00000,0.00,0.00,7830.15
0000019023,00400,-8.50,0.00,42124.76
0000019023,00401,0.00,0.00,4710.09
0000019023,02196,0.00,0.00,54490.00
0000019023,02220,0.00,0.00,4750.00
0000019023,02315,0.00,0.00,1950.00
0000019023,02620,0.00,0.00,50362.50
0000019023,03300,0.00,0.00,3100.50
0000019023,05510,0.00,0.00,13500.00
0000019023,06200,0.00,0.00,7665.07
0000019023,07200,0.00,0.00,13903.50
0000019023,09900,0.00,0.00,1044.00
0000019023,15080,0.00,0.00,5780.00
0000019023,15400,0.00,0.00,8800.00
0000019023,15800,0.00,0.00,20100.00
0000019023,15900,0.00,0.00,10950.00
0000019023,16000,0.00,0.00,16800.00
0000019023,25002,0.00,0.00,-1153.45
0000019023,25003,0.00,0.00,5584.27
0000019023,25005,0.00,0.00,1297.03
0000019023,25006,0.00,0.00,2384.32
0000019023,25007,0.00,0.00,236.90
0000019024,00000,0.00,0.00,2250.00
0000019026,00400,0.00,0.00,22924.58
0000019026,00401,122.48,0.00,2622.48
0000019026,02220,0.00,0.00,11053.09
0000019026,03300,0.00,0.00,1492.44
0000019026,05500,0.00,0.00,41297.10
0000019026,09900,0.00,0.00,4187.46
0000019026,10000,0.00,0.00,89256.95
0000019026,25001,0.00,0.00,1414.96
0000019026,25002,0.00,0.00,2867.32
0000019027,00400,0.00,0.00,22147.02
0000019027,00401,58.40,0.00,1087.82
0000019027,02070,0.00,0.00,8363.74
0000019027,03300,0.00,0.00,5424.30
0000019027,05100,0.00,0.00,13150.62
0000019027,06100,0.00,0.00,8542.51
0000019027,07400,0.00,0.00,524.97
0000019027,08000,0.00,0.00,29635.20
0000019027,09200,0.00,0.00,4695.06
0000019027,09300,0.00,0.00,9525.60
0000019027,09900,0.00,0.00,7172.78
0000019027,15401,0.00,0.00,1692.38
0000019027,15905,0.00,0.00,3969.00
0000019027,16000,0.00,0.00,24131.52
0000019027,25001,0.00,0.00,2277.60
0000019027,25002,0.00,0.00,5238.27
0000019027,25003,0.00,0.00,9762.41
0000019027,25004,0.00,0.00,-741.60
0000019027,25005,0.00,0.00,1655.01
0000019027,25006,0.00,0.00,902.30
0000019027,25007,0.00,0.00,909.80
0000019027,25008,0.00,0.00,1772.01
0000019027,25009,0.00,0.00,-220.00
0000019027,25010,0.00,0.00,1859.40
0000019028,00000,0.00,0.00,51078.65
0000019029,00000,0.00,0.00,745.12
0000019030,00400,0.00,0.00,34045.00
0000019030,00401,235.29,0.00,3413.29
0000019030,07510,0.00,0.00,7473.97
0000019030,09200,0.00,0.00,9025.90
0000019030,10000,0.00,0.00,1277.34
0000019030,15001,0.00,0.00,213098.80
0000019030,15401,0.00,0.00,13260.17
0000019030,15900,0.00,0.00,45338.12
0000019030,16000,0.00,0.00,73058.78
0000019030,25001,0.00,0.00,3552.45
0000019030,25002,0.00,0.00,13345.32
0000019031,00400,0.00,0.00,21993.75
0000019031,00401,516.74,0.00,8293.74
0000019031,02200,0.00,0.00,7811.39
0000019031,03300,0.00,0.00,836.68
0000019031,05100,0.00,0.00,16866.03
0000019031,06100,0.00,0.00,10174.68
0000019031,06400,0.00,0.00,9071.20
0000019031,07200,0.00,0.00,7186.52
0000019031,08000,0.00,0.00,64951.18
0000019031,09200,0.00,0.00,106186.40
0000019031,09300,0.00,0.00,80671.78
0000019031,09900,0.00,0.00,53513.68
0000019031,10000,0.00,0.00,1334.00
0000019031,15000,0.00,0.00,172939.76
0000019031,15260,0.00,0.00,19555.10
0000019031,15401,0.00,0.00,56492.23
0000019031,15800,0.00,0.00,2450.56
0000019031,15935,0.00,0.00,42581.28
0000019031,16000,0.00,0.00,300693.20
0000019031,25001,0.00,0.00,8986.26
0000019031,25002,0.00,0.00,13980.68
0000019031,25003,0.00,0.00,5581.41
0000019031,25004,0.00,0.00,7156.82
0000019031,25005,0.00,0.00,9761.98
0000019031,25006,0.00,0.00,3036.96
0000019031,25007,0.00,0.00,-1042.61
0000019032,00400,0.00,0.00,35956.18
0000019032,00401,378.70,0.00,6305.96
0000019032,02070,0.00,0.00,17117.83
0000019032,02315,0.00,0.00,54193.31
0000019032,03100,0.00,0.00,100643.19
0000019032,04000,0.00,0.00,21320.00
0000019032,05500,0.00,0.00,5864.06
0000019032,06100,0.00,0.00,74419.59
0000019032,06400,0.00,0.00,62216.02
0000019032,07200,0.00,0.00,14850.45
0000019032,07460,0.00,0.00,19569.63
0000019032,07610,0.00,0.00,63960.00
0000019032,08110,0.00,0.00,21802.90
0000019032,08210,0.00,0.00,5230.86
0000019032,08520,0.00,0.00,25970.96
0000019032,09200,0.00,0.00,11000.27
0000019032,09310,0.00,0.00,13996.58
0000019032,09620,0.00,0.00,9327.50
0000019032,09670,0.00,0.00,3693.69
0000019032,09910,0.00,0.00,13504.09
0000019032,10800,0.00,0.00,2658.60
0000019032,15400,0.00,0.00,40934.40
0000019032,15700,0.00,0.00,35178.00
0000019032,16000,0.00,0.00,76752.00
0000019032,25001,0.00,0.00,40816.61
0000019032,25002,0.00,0.00,1526.63
0000019032,25003,0.00,0.00,-2101.49
0000019032,25004,0.00,0.00,5727.51
0000019032,25005,0.00,0.00,12997.42
0000019032,25006,0.00,0.00,19707.54
0000019032,25007,0.00,0.00,11289.78
0000019032,25008,0.00,0.00,1529.61
0000019032,25009,0.00,0.00,3745.50
0000019033,00000,0.00,0.00,3584.50
0000019034,00400,0.00,0.00,38273.10
0000019034,00401,489.31,0.00,9379.31
0000019034,02070,0.00,0.00,8372.94
0000019034,02315,0.00,0.00,19484.20
0000019034,03300,0.00,0.00,115468.64
0000019034,05500,0.00,0.00,1159.57
0000019034,06100,0.00,0.00,143287.43
0000019034,06400,0.00,0.00,69738.10
0000019034,07200,0.00,0.00,20765.67
0000019034,07300,0.00,0.00,13007.02
0000019034,07460,0.00,0.00,48915.34
0000019034,08000,0.00,0.00,85678.01
0000019034,09200,0.00,0.00,80784.06
0000019034,09300,0.00,0.00,56767.48
0000019034,09900,0.00,0.00,31148.39
0000019034,10000,0.00,0.00,27726.96
0000019034,13930,0.00,0.00,54865.40
0000019034,15001,0.00,0.00,78946.82
0000019034,15401,0.00,0.00,74749.82
0000019034,16000,0.00,0.00,150327.45
0000019034,25001,0.00,0.00,2145.32
0000019034,25002,0.00,0.00,8288.32
0000019034,25003,0.00,0.00,46095.57
0000019035,00000,0.00,0.00,12250.00
0000019036,00000,0.00,0.00,8533.30
0000019037,00400,0.00,0.00,13532.48
0000019037,00401,95.38,0.00,795.38
0000019037,02200,0.00,0.00,3797.48
0000019037,05500,0.00,0.00,250.37
0000019037,06100,0.00,0.00,3039.98
0000019037,06400,0.00,0.00,9958.19
0000019037,07200,0.00,0.00,640.09
0000019037,08000,0.00,0.00,6287.79
0000019037,09200,0.00,0.00,7358.19
0000019037,09300,0.00,0.00,3483.67
0000019037,09900,0.00,0.00,3391.90
0000019037,15000,0.00,0.00,2436.87
0000019037,16000,0.00,0.00,10744.42
0000019037,25001,0.00,0.00,473.36
0000019037,25002,0.00,0.00,1644.80
0000019037,25003,0.00,0.00,2064.11
0000019038,00400,0.00,0.00,15164.92
0000019038,00401,51.92,0.00,828.92
0000019038,02200,0.00,0.00,4670.39
0000019038,06100,0.00,0.00,10523.31
0000019038,07400,0.00,0.00,12198.47
0000019038,07500,0.00,0.00,1066.30
0000019038,08000,0.00,0.00,34166.38
0000019038,09200,0.00,0.00,4862.33
0000019038,09300,0.00,0.00,2783.04
0000019038,09900,0.00,0.00,4173.50
0000019038,16000,0.00,0.00,2985.64
0000019038,25001,0.00,0.00,3650.10
0000019039,00000,0.00,0.00,1405.66
0000019040,00000,0.00,0.00,392635.30
0000019041,00000,0.00,0.00,41285.49
0000019042,00400,227.20,0.00,3674.20
0000019042,00401,0.00,0.00,8426.45
0000019042,02070,0.00,0.00,6179.12
0000019042,04000,0.00,0.00,9616.22
0000019042,05400,0.00,0.00,41364.68
0000019042,05510,0.00,0.00,16631.16
0000019042,06100,0.00,0.00,26783.63
0000019042,06400,0.00,0.00,10207.91
0000019042,08110,0.00,0.00,5795.32
0000019042,09200,0.00,0.00,15991.50
0000019042,09910,0.00,0.00,5117.28
0000019042,15700,0.00,0.00,20042.68
0000019042,16000,0.00,0.00,47052.32
0000019042,25001,0.00,0.00,2845.32
0000019042,25002,0.00,0.00,11210.77
0000019042,25003,0.00,0.00,1355.66
0000019043,00000,0.00,0.00,732.00
0000019044,00000,0.00,0.00,858.91
0000019045,00000,0.00,0.00,3179.08
0000019046,00400,227.20,0.00,0.00
0000019047,00400,0.00,0.00,11848.94
0000019047,00401,193.20,0.00,2615.20
0000019047,02000,0.00,0.00,77318.86
0000019047,06100,0.00,0.00,4713.32
0000019047,12000,0.00,0.00,76430.00
0000019047,15000,0.00,0.00,12692.60
0000019047,16000,0.00,0.00,113636.16
0000019047,25001,0.00,0.00,28037.51
0000019047,25002,0.00,0.00,3460.11
0000019047,25003,0.00,0.00,972.27
0000019048,00000,0.00,0.00,54113.75
0000019049,00400,0.00,0.00,13272.11
0000019049,02200,0.00,0.00,7374.69
0000019049,03300,193.47,0.00,1393.47
0000019049,06100,0.00,0.00,16256.88
0000019049,08000,0.00,0.00,7606.16
0000019049,09200,0.00,0.00,7587.55
0000019049,09300,0.00,0.00,12378.77
0000019049,10810,0.00,0.00,1986.75
0000019049,15401,0.00,0.00,6979.20
0000019049,16000,0.00,0.00,7135.07
0000019050,00000,0.00,0.00,82714.59
0000019051,00400,0.00,0.00,14272.42
0000019051,00401,327.54,0.00,3057.54
0000019051,02196,0.00,0.00,126725.59
0000019051,05500,0.00,0.00,3772.50
0000019051,06100,0.00,0.00,11610.73
0000019051,07400,0.00,0.00,4387.95
0000019051,08000,0.00,0.00,46057.22
0000019051,15401,0.00,0.00,403.52
0000019051,16000,0.00,0.00,1793.44
0000019051,25003,0.00,0.00,3400.10
0000019052,00000,0.00,0.00,913.06
0000020001,00000,0.00,0.00,279489.67
0000020002,00400,0.00,0.00,10938.92
0000020002,00401,64.55,0.00,645.55
0000020002,02220,0.00,0.00,6516.80
0000020002,05500,0.00,0.00,2181.13
0000020002,08000,0.00,-15000.00,2753.02
0000020002,09210,0.00,0.00,2992.41
0000020002,09910,0.00,0.00,2841.68
0000020002,10000,0.00,0.00,20228.69
0000020002,13930,0.00,0.00,3178.60
0000020002,15000,0.00,0.00,3307.17
0000020002,15401,0.00,0.00,4432.09
0000020002,16000,0.00,0.00,9458.23
0000020002,25001,0.00,0.00,2416.26
0000020002,25002,0.00,0.00,227.23
0000020003,00400,0.00,0.00,190881.96
0000020003,00401,0.00,0.00,30218.09
0000020003,01800,0.00,0.00,32346.00
0000020003,02220,0.00,0.00,71416.28
0000020003,02315,0.00,0.00,116000.00
0000020003,02820,0.00,0.00,14536.71
0000020003,03000,0.00,0.00,68930.80
0000020003,04000,0.00,0.00,26081.31
0000020003,05120,0.00,0.00,257602.29
0000020003,05500,0.00,0.00,50662.67
0000020003,05800,0.00,0.00,5100.00
0000020003,06100,0.00,0.00,23368.36
0000020003,06400,0.00,0.00,212491.85
0000020003,06470,0.00,0.00,3055.00
0000020003,07000,0.00,0.00,9362.82
0000020003,07160,0.00,0.00,36000.00
0000020003,07410,0.00,0.00,101323.00
0000020003,07469,0.00,0.00,59022.00
0000020003,07530,0.00,0.00,214288.42
0000020003,07710,0.00,0.00,6000.00
0000020003,08520,0.00,0.00,124649.63
0000020003,08710,0.00,0.00,98000.00
0000020003,09120,0.00,0.00,126000.00
0000020003,09220,0.00,0.00,269858.32
0000020003,09300,0.00,0.00,25431.94
0000020003,09650,0.00,0.00,87001.00
0000020003,09910,0.00,0.00,36575.16
0000020003,10165,0.00,0.00,1850.00
0000020003,10190,0.00,0.00,42000.00
0000020003,10240,0.00,0.00,1454.00
0000020003,10260,0.00,0.00,36000.00
0000020003,10500,0.00,0.00,9725.00
0000020003,10800,0.00,0.00,3225.00
0000020003,12660,0.00,0.00,718.69
0000020003,13930,0.00,0.00,90552.22
0000020003,14510,0.00,0.00,49438.31
0000020003,15001,0.00,0.00,230360.54
0000020003,15080,0.00,0.00,58900.00
0000020003,15401,0.00,0.00,76000.00
0000020003,15600,0.00,0.00,58828.66
0000020003,15760,0.00,0.00,46280.00
0000020003,15935,0.00,0.00,92037.45
0000020003,16000,0.00,0.00,521369.52
0000020003,25001,0.00,0.00,4928.55
0000020003,25002,0.00,0.00,834.25
0000020003,25003,0.00,0.00,2027.44
0000020003,25004,0.00,0.00,5883.16
0000020003,25005,0.00,0.00,2324.12
0000020003,25006,0.00,0.00,447.68
0000020003,25007,0.00,0.00,2420.43
0000020003,25008,0.00,0.00,7077.57
0000020003,25009,0.00,0.00,1343.40
0000020003,25010,0.00,0.00,2674.84
0000020003,25011,0.00,0.00,633.81
0000020003,25012,0.00,0.00,3278.23
0000020003,25013,0.00,0.00,6800.39
0000020003,25014,0.00,0.00,2107.73
0000020003,25015,0.00,0.00,2929.74
0000020003,25016,0.00,0.00,13628.50
0000020003,25017,0.00,0.00,912.50
0000020003,25018,0.00,0.00,1225.44
0000020003,25019,0.00,0.00,6718.96
0000020003,25020,0.00,0.00,1371.77
0000020003,25021,0.00,0.00,9482.76
0000020003,25022,0.00,0.00,2931.82
0000020003,25023,0.00,0.00,-7451.98
0000020003,25024,0.00,0.00,14878.08
0000020003,25025,0.00,0.00,3371.09
0000020003,25027,0.00,0.00,870.60
0000020003,25028,0.00,0.00,297.88
0000020003,25029,0.00,0.00,1935.35
0000020003,25030,0.00,0.00,4993.08
0000020003,25032,0.00,0.00,1709.88
0000020003,25033,0.00,0.00,6281.91
0000020003,25034,0.00,0.00,7660.24
0000020003,25035,0.00,0.00,1000.00
0000020003,25036,0.00,0.00,2077.16
0000020003,25037,0.00,0.00,368.67
0000020003,25038,0.00,0.00,923.53
0000020003,25039,0.00,0.00,941.09
0000020003,25040,0.00,0.00,4940.58
0000020003,25041,0.00,0.00,19663.19
0000020003,25042,0.00,0.00,637.31
0000020003,25043,0.00,0.00,1369.18
0000020003,25044,0.00,0.00,6703.51
0000020003,25045,0.00,0.00,681.32
0000020003,25046,0.00,0.00,401.79
0000020003,25047,0.00,0.00,1297.19
0000020003,25048,0.00,0.00,1187.52
0000020003,25049,0.00,0.00,5524.93
0000020003,25050,0.00,0.00,-173.73
0000020003,25051,0.00,0.00,380.90
0000020003,25052,0.00,0.00,1163.22
0000020003,25053,0.00,0.00,309.01
0000020003,25054,0.00,0.00,335.62
0000020003,25055,0.00,0.00,921.86
0000020003,25056,0.00,0.00,113.89
0000020003,25057,0.00,0.00,771.46
0000020003,25058,0.00,0.00,2274.56
0000020003,25059,0.00,0.00,11880.02
0000020003,25060,0.00,0.00,5594.90
0000020003,25061,0.00,0.00,1033.06
0000020003,25062,0.00,0.00,2951.28
0000020003,25063,0.00,0.00,763.37
0000020003,25064,0.00,0.00,903.66
0000020003,25065,0.00,0.00,2242.92
0000020003,25066,0.00,0.00,10537.28
0000020003,25067,0.00,0.00,4214.17
0000020003,25068,0.00,0.00,871.44
0000020003,25069,0.00,0.00,1287.05
0000020003,25070,0.00,0.00,1093.58
0000020003,25071,0.00,0.00,2317.64
0000020003,25072,0.00,0.00,958.57
0000020003,25073,0.00,0.00,569.43
0000020003,25075,0.00,0.00,1061.80
0000020003,25076,0.00,0.00,949.67
0000020003,25077,0.00,0.00,744.91
0000020003,25078,0.00,0.00,3683.48
0000020003,25079,0.00,0.00,817.27
0000020003,25080,0.00,0.00,2249.24
0000020003,25081,0.00,0.00,1675.00
0000020003,25082,0.00,0.00,2563.60
0000020003,25083,0.00,0.00,208.01
0000020003,25084,0.00,0.00,3440.82
0000020003,25085,0.00,0.00,1119.26
0000020003,25086,0.00,0.00,2650.20
0000020003,25087,0.00,0.00,269.82
0000020004,00000,0.00,0.00,0.00
0000020005,00000,0.00,0.00,83786.03
0000020006,00000,12353.82,0.00,229991.48
0000020006,00401,0.00,0.00,93002.14
0000020006,02315,0.00,0.00,278495.41
0000020006,03100,0.00,0.00,524402.06
0000020006,05500,0.00,0.00,16394.38
0000020006,06100,0.00,0.00,607123.97
0000020006,06400,0.00,0.00,324505.47
0000020006,07200,0.00,0.00,91591.11
0000020006,07310,0.00,0.00,84563.94
0000020006,07460,0.00,0.00,478480.00
0000020006,07920,0.00,0.00,1772.05
0000020006,08100,0.00,0.00,55491.28
0000020006,08210,0.00,0.00,187996.32
0000020006,08560,0.00,0.00,53116.23
0000020006,08900,0.00,0.00,202883.67
0000020006,09200,0.00,0.00,355348.17
0000020006,09310,0.00,0.00,90049.07
0000020006,09510,0.00,0.00,46761.08
0000020006,09600,0.00,0.00,89962.07
0000020006,09910,0.00,0.00,113805.62
0000020006,10800,0.00,0.00,23698.54
0000020006,11400,0.00,0.00,1129.76
0000020006,15400,0.00,0.00,419211.65
0000020006,15700,0.00,0.00,236856.45
0000020006,15900,0.00,0.00,33607.77
0000020006,16000,0.00,0.00,379798.74
0000020006,16500,0.00,0.00,56301.30
0000020006,25002,0.00,0.00,16896.52
0000020006,25003,0.00,0.00,4321.36
0000020006,25004,0.00,0.00,17351.37
0000020006,25005,0.00,0.00,40962.82
0000020006,25006,0.00,0.00,8421.09
0000020006,25007,0.00,0.00,17748.51
0000020006,25008,0.00,0.00,13854.68
0000020006,25009,0.00,0.00,145441.97
0000020006,25010,0.00,0.00,7099.51
0000020006,25011,0.00,0.00,2849.48
0000020006,25012,0.00,0.00,166335.91
0000020006,25013,0.00,0.00,12806.87
0000020007,00400,0.00,0.00,7434.90
0000020007,00401,55.92,0.00,490.01
0000020007,02220,0.00,0.00,2616.21
0000020007,06100,0.00,0.00,264.50
0000020007,06400,0.00,0.00,2410.37
0000020007,07200,0.00,0.00,661.25
0000020007,08210,0.00,0.00,1699.68
0000020007,08710,0.00,0.00,2759.96
0000020007,09200,0.00,0.00,5979.93
0000020007,09310,0.00,0.00,3720.21
0000020007,09510,0.00,0.00,2932.47
0000020007,09910,0.00,0.00,1252.33
0000020007,10800,0.00,0.00,3907.66
0000020007,13930,0.00,0.00,3093.46
0000020007,15400,0.00,0.00,10292.37
0000020007,15700,0.00,0.00,3099.21
0000020007,16000,0.00,0.00,8177.40
0000020007,25001,0.00,0.00,1175.17
0000020007,25002,0.00,0.00,687.23
0000020010,00400,0.00,0.00,37769.00
0000020010,00401,711.73,0.00,10917.73
0000020010,02220,0.00,0.00,43275.25
0000020010,02800,0.00,0.00,20523.06
0000020010,03300,0.00,0.00,32552.89
0000020010,04000,0.00,0.00,20147.96
0000020010,05120,0.00,0.00,68835.29
0000020010,06100,0.00,0.00,219413.27
0000020010,06400,0.00,0.00,39762.21
0000020010,07000,0.00,0.00,16492.39
0000020010,07330,0.00,0.00,52240.87
0000020010,08000,0.00,0.00,34697.36
0000020010,09200,0.00,0.00,122750.73
0000020010,09600,0.00,0.00,24917.03
0000020010,09651,0.00,0.00,89765.59
0000020010,09910,0.00,0.00,14600.84
0000020010,13400,0.00,0.00,31036.43
0000020010,13930,0.00,0.00,15342.46
0000020010,15080,0.00,0.00,12646.06
0000020010,15401,0.00,0.00,48226.50
0000020010,15700,0.00,0.00,175201.52
0000020010,16000,0.00,0.00,131711.93
0000020010,25001,0.00,0.00,56533.98
0000020010,25002,0.00,0.00,9749.96
0000020010,25003,0.00,0.00,5322.78
0000020012,00400,0.00,0.00,19145.84
0000020012,02070,0.00,0.00,1599.49
0000020012,06100,157.18,0.00,1170.08
0000020012,06400,0.00,0.00,5383.79
0000020012,08000,0.00,0.00,12858.36
0000020012,09200,0.00,0.00,51693.19
0000020012,09300,0.00,0.00,19910.98
0000020012,09900,0.00,0.00,7876.28
0000020012,15000,0.00,0.00,32344.47
0000020012,15401,0.00,0.00,10265.60
0000020012,16000,0.00,0.00,37735.22
0000020013,00400,67.28,0.00,715.28
0000020013,00401,0.00,0.00,12417.48
0000020013,02200,0.00,0.00,20704.52
0000020013,04000,0.00,0.00,4034.48
0000020013,06100,0.00,0.00,21315.14
0000020013,06400,0.00,0.00,10031.68
0000020013,07460,0.00,0.00,16706.02
0000020013,08520,0.00,0.00,110076.96
0000020013,09910,0.00,0.00,6473.70
0000020013,12000,0.00,0.00,6515.14
0000020013,25001,0.00,0.00,12245.56
0000020014,00000,0.00,0.00,3728.22
0000020016,00000,0.00,0.00,8510.94
0000020018,00400,470.87,0.00,5480.87
0000020018,00401,0.00,0.00,8733.08
0000020018,02070,0.00,0.00,8615.36
0000020018,06100,0.00,0.00,540.64
0000020018,07200,0.00,0.00,19162.20
0000020018,09510,0.00,0.00,17876.00
0000020018,09900,0.00,0.00,1935.84
0000020018,12500,0.00,0.00,7743.36
0000020018,16000,0.00,0.00,14153.65
0000020018,25001,0.00,0.00,1526.22
0000020018,25002,0.00,0.00,2447.81
0000020019,00000,0.00,0.00,5847.58
0000020020,00400,3802.12,0.00,42764.12
0000020020,02220,0.00,0.00,37403.74
0000020020,03000,0.00,0.00,50016.50
0000020020,09300,0.00,0.00,34323.43
0000020020,15401,0.00,0.00,92134.21
0000020021,00000,0.00,0.00,37376.70
0000020022,00000,0.00,0.00,2836.97
0000020023,00000,0.00,0.00,25254.49
0000020024,00000,0.00,0.00,8354.95
0000020025,00400,0.00,0.00,2149.11
0000020025,00401,87.92,0.00,449.92
0000020025,00402,0.00,0.00,1721.13
0000020025,05120,0.00,0.00,3313.22
0000020025,07469,0.00,0.00,6218.50
0000020026,00400,851.48,0.00,7561.47
0000020026,00401,0.00,0.00,4965.75
0000020026,02070,0.00,0.00,14636.25
0000020026,02130,0.00,0.00,22471.88
0000020026,02315,0.00,0.00,37663.88
0000020026,03100,0.00,0.00,2250.00
0000020026,05500,0.00,0.00,13053.38
0000020026,06100,0.00,0.00,18131.63
0000020026,06400,0.00,0.00,8749.13
0000020026,07200,0.00,0.00,1642.50
0000020026,07500,0.00,0.00,956.25
0000020026,07800,0.00,0.00,1350.00
0000020026,08110,0.00,0.00,12938.63
0000020026,08330,0.00,0.00,6212.25
0000020026,09200,0.00,0.00,2109.38
0000020026,09510,0.00,0.00,14625.00
0000020026,09600,0.00,0.00,6862.50
0000020026,09910,0.00,0.00,12867.75
0000020026,16000,0.00,0.00,20812.50
0000020026,25001,0.00,0.00,8934.53
0000020026,25002,0.00,0.00,3666.36
0000020026,25003,0.00,0.00,1456.35
0000020027,00000,0.00,0.00,9120.93
0000020028,00400,609.30,0.00,4839.30
0000020028,00401,0.00,0.00,1799.47
0000020028,00403,0.00,0.00,3892.57
0000020028,02070,0.00,0.00,5727.71
0000020028,02315,0.00,0.00,20370.23
0000020028,03100,0.00,0.00,38698.90
0000020028,04000,0.00,0.00,5103.90
0000020028,05500,0.00,0.00,45549.47
0000020028,06100,0.00,0.00,6705.39
0000020028,07600,0.00,0.00,5031.31
0000020028,08110,0.00,0.00,1103.58
0000020028,09200,0.00,0.00,3237.01
0000020028,09600,0.00,0.00,1117.19
0000020028,09910,0.00,0.00,1133.07
0000020028,14200,0.00,0.00,49564.54
0000020028,16000,0.00,0.00,7202.17
0000020028,25001,0.00,0.00,15518.74
0000020028,25002,0.00,0.00,1521.51
0000020029,00000,0.00,0.00,2059.89
0000020030,00400,695.82,0.00,8825.82
0000020030,00401,0.00,0.00,1432.68
0000020030,00403,0.00,0.00,1824.10
0000020030,02070,0.00,0.00,7993.49
0000020030,04000,0.00,0.00,3474.48
0000020030,06100,0.00,0.00,914.22
0000020030,06400,0.00,0.00,17985.88
0000020030,07200,0.00,0.00,411.51
0000020030,07920,0.00,0.00,818.68
0000020030,08110,0.00,0.00,5087.95
0000020030,09110,0.00,0.00,754.61
0000020030,09200,0.00,0.00,1695.98
0000020030,09310,0.00,0.00,3729.64
0000020030,09510,0.00,0.00,2909.88
0000020030,09600,0.00,0.00,12769.82
0000020030,09910,0.00,0.00,4885.99
0000020030,10260,0.00,0.00,1079.26
0000020030,10800,0.00,0.00,1004.34
0000020030,15400,0.00,0.00,4560.26
0000020030,15700,0.00,0.00,11498.37
0000020030,15900,0.00,0.00,4782.84
0000020030,16000,0.00,0.00,22021.38
0000020030,25001,0.00,0.00,5674.58
0000020030,25002,0.00,0.00,5860.59
0000020031,00000,0.00,0.00,130143.85
0000020031,02000,2216.80,0.00,0.00
0000020032,00000,0.00,0.00,2307.07
0000020033,00000,0.00,0.00,1812.63
0000020034,00000,0.00,0.00,2502.75
0000020035,00400,992.54,0.00,9760.54
0000020035,02000,0.00,0.00,13908.75
0000020035,16000,0.00,0.00,104844.16
0000020036,00400,348.52,0.00,2948.52
0000020036,00401,0.00,0.00,808.01
0000020036,02070,0.00,0.00,8400.55
0000020036,06100,0.00,0.00,16691.65
0000020036,07310,0.00,0.00,18243.33
0000020036,07620,0.00,0.00,4697.95
0000020037,00400,778.60,0.00,2428.60
0000020037,00401,0.00,0.00,184.75
0000020037,07330,0.00,0.00,13327.92
0000020038,00000,0.00,0.00,2372.50
0000020039,00000,0.00,0.00,166070.64
0000020040,00000,0.00,0.00,1292.00
0000020041,00000,0.00,0.00,25323.94
0000020042,00000,0.00,0.00,86106.51
0000020042,00400,799.63,0.00,0.00
0000020043,00000,0.00,0.00,474.00
0000021001,00000,0.00,0.00,965970.14
0000021002,00400,1304.67,0.00,25439.67
0000021002,00401,0.00,0.00,12024.48
0000021002,02070,0.00,0.00,14796.40
0000021002,02130,0.00,0.00,3954.00
0000021002,02315,0.00,0.00,21088.00
0000021002,03100,0.00,0.00,30577.60
0000021002,03400,0.00,0.00,28315.91
0000021002,04000,0.00,0.00,18030.24
0000021002,06100,0.00,0.00,3255.99
0000021002,07600,0.00,0.00,2423.01
0000021002,07810,0.00,0.00,8676.66
0000021002,08110,0.00,0.00,4415.83
0000021002,09200,0.00,0.00,653.73
0000021002,09600,0.00,0.00,1418.17
0000021002,09910,0.00,0.00,18972.87
0000021002,16000,0.00,0.00,545757.44
0000021002,25001,0.00,0.00,99788.00
0000021002,25002,0.00,0.00,142104.25
0000021002,25003,0.00,0.00,3312.92
0000021002,25004,0.00,0.00,-3370.52
0000021002,25005,0.00,0.00,2526.43
0000021002,25006,0.00,0.00,16102.28
0000021002,25007,0.00,0.00,3140.31
0000021002,25008,0.00,0.00,12659.90
0000021002,25009,0.00,0.00,9448.82
0000021002,25010,0.00,0.00,3308.93
0000021002,25080,0.00,0.00,-1648.90
0000021003,00000,0.00,0.00,12324.63
0000021005,00000,0.00,0.00,3330.30
0000021006,00000,0.00,0.00,42448.11
0000021006,00400,370.44,0.00,0.00
0000021007,00000,0.00,0.00,2963.55
0000021008,00400,0.00,0.00,1171.88
0000021008,02070,2454.12,0.00,6818.12
0000021008,25001,0.00,0.00,3995.00
0000021009,00400,1112.18,0.00,16312.18
0000021009,00401,0.00,0.00,1112.04
0000021009,02220,0.00,0.00,3644.19
0000021009,03000,0.00,0.00,31553.67
0000021009,04000,0.00,0.00,3649.56
0000021009,05500,0.00,0.00,47712.63
0000021009,06100,0.00,0.00,2824.12
0000021009,07000,0.00,0.00,6105.50
0000021009,09651,0.00,0.00,689.12
0000021009,09910,0.00,0.00,7820.79
0000021009,10000,0.00,0.00,3456.35
0000021009,15000,0.00,0.00,2495.66
0000021009,25001,0.00,0.00,1418.23
0000021009,25002,0.00,0.00,5997.89
0000021009,25003,0.00,0.00,-117.00
0000021010,00400,148.88,0.00,1713.88
0000021010,00401,0.00,0.00,547.65
0000021010,02220,0.00,0.00,2108.45
0000021010,02315,0.00,0.00,547.65
0000021010,03000,0.00,0.00,1341.19
0000021010,08000,0.00,0.00,15414.16
0000021010,09200,0.00,0.00,4874.09
0000021010,09300,0.00,0.00,687.30
0000021010,09910,0.00,0.00,1724.00
0000021010,10000,0.00,0.00,977.01
0000021010,15000,0.00,0.00,13198.37
0000021010,16000,0.00,0.00,4928.85
0000021010,25001,0.00,0.00,1631.24
0000021010,25002,0.00,0.00,4663.55
0000021011,00400,994.89,0.00,13384.88
0000021011,00401,0.00,0.00,2646.49
0000021011,02070,0.00,0.00,42603.09
0000021011,06100,0.00,0.00,1900.07
0000021011,07000,0.00,0.00,57232.24
0000021011,07330,0.00,0.00,6472.56
0000021011,08000,0.00,0.00,11805.51
0000021011,09200,0.00,0.00,68592.70
0000021011,09910,0.00,0.00,15572.16
0000021011,10000,0.00,0.00,8628.64
0000021011,12000,0.00,0.00,755.06
0000021011,15000,0.00,0.00,5995.11
0000021011,15401,0.00,0.00,3726.69
0000021011,16000,0.00,0.00,44828.30
0000021011,25001,0.00,0.00,21365.50
0000021011,25002,0.00,0.00,7500.34
0000021011,25003,0.00,0.00,9519.41
0000021011,25004,0.00,0.00,6423.04
0000021011,25005,0.00,0.00,5138.34
0000021012,00000,0.00,0.00,289271.31
0000021013,00000,0.00,0.00,2678364.33
0000021014,00000,0.00,0.00,151616.36
0000021015,00400,212.90,0.00,2472.90
0000021015,00401,0.00,0.00,3075.52
0000021015,02220,0.00,0.00,26087.00
0000021015,03000,0.00,0.00,1098.40
0000021015,04000,0.00,0.00,23268.51
0000021015,06100,0.00,0.00,5640.42
0000021015,06400,0.00,0.00,80939.34
0000021015,07330,0.00,0.00,4449.18
0000021015,08000,0.00,0.00,38925.10
0000021015,09510,0.00,0.00,4645.13
0000021015,09600,0.00,0.00,44571.97
0000021015,09651,0.00,0.00,21440.77
0000021015,09910,0.00,0.00,31743.76
0000021015,10000,0.00,0.00,12936.96
0000021015,15401,0.00,0.00,1098.40
0000021015,16000,0.00,0.00,13672.88
0000021015,16300,0.00,0.00,3844.40
0000021015,16500,0.00,0.00,20943.19
0000021015,25001,0.00,0.00,6050.66
0000021015,25002,0.00,0.00,18058.78
0000021016,00000,0.00,0.00,664.30
0000021017,00400,477.27,0.00,2137.26
0000021017,00401,0.00,0.00,925.05
0000021017,02220,0.00,0.00,3049.98
0000021017,06100,0.00,0.00,3263.79
0000021017,06400,0.00,0.00,6706.62
0000021017,09210,0.00,0.00,9299.36
0000021017,09300,0.00,0.00,1275.12
0000021017,09910,0.00,0.00,2833.60
0000021017,15401,0.00,0.00,32187.12
0000021017,16000,0.00,0.00,14812.00
0000021017,25001,0.00,0.00,2664.47
0000021017,25002,0.00,0.00,451.88
0000021017,25003,0.00,0.00,296.87
0000021018,00400,5345.79,0.00,74825.79
0000021018,00401,0.00,0.00,17312.00
0000021018,00403,0.00,0.00,1623.00
0000021018,02070,0.00,0.00,41851.76
0000021018,02315,0.00,0.00,305037.44
0000021018,03100,0.00,0.00,273515.53
0000021018,03210,0.00,0.00,191779.09
0000021018,04000,0.00,0.00,13525.00
0000021018,05500,0.00,0.00,714293.12
0000021018,06200,0.00,0.00,51820.23
0000021018,07000,0.00,0.00,7589.15
0000021018,07330,0.00,0.00,149152.62
0000021018,07460,0.00,0.00,201866.58
0000021018,07469,0.00,0.00,29984.38
0000021018,08000,0.00,0.00,26761.11
0000021018,08370,0.00,0.00,53002.85
0000021018,09910,0.00,0.00,5707.55
0000021018,11160,0.00,0.00,43821.00
0000021018,15401,0.00,0.00,21531.80
0000021019,00000,0.00,0.00,32902.11
0000021020,00000,0.00,0.00,86715.77
0000021021,00400,1022.44,0.00,13032.44
0000021021,00401,0.00,0.00,3828.69
0000021021,00403,0.00,0.00,542.00
0000021021,02315,0.00,0.00,15166.24
0000021021,03100,0.00,0.00,18452.93
0000021021,03210,0.00,0.00,6233.00
0000021021,05400,0.00,0.00,69918.00
0000021021,06100,0.00,0.00,125023.14
0000021021,07000,0.00,0.00,537.66
0000021021,07330,0.00,0.00,94416.40
0000021021,07460,0.00,0.00,71304.44
0000021021,08000,0.00,0.00,6228.66
0000021021,09910,0.00,0.00,1626.00
0000021021,16000,0.00,0.00,12574.40
0000021021,25001,0.00,0.00,6921.20
0000021021,25002,0.00,0.00,20989.62
0000021022,00400,6905.89,0.00,46945.89
0000021022,00401,0.00,0.00,5389.82
0000021022,03000,0.00,0.00,4218.12
0000021022,05120,0.00,0.00,58467.83
0000021022,06100,0.00,0.00,3317.08
0000021022,07330,0.00,0.00,56091.97
0000021022,13800,0.00,0.00,44501.17
0000021022,15001,0.00,0.00,77332.20
0000021022,15080,0.00,0.00,11658.42
0000021022,15401,0.00,0.00,9256.43
0000021022,16000,0.00,0.00,53781.03
0000021022,25001,0.00,0.00,1156.37
0000021022,25002,0.00,0.00,5941.84
0000021022,25003,0.00,0.00,10509.09
0000021022,25004,0.00,0.00,792.17
0000021022,25005,0.00,0.00,3100.27
0000021023,00000,0.00,0.00,8150.00
0000021024,00000,0.00,0.00,6888.98
0000021025,00000,0.00,0.00,10359.26
0000021026,00400,4628.46,0.00,70798.46
0000021026,00401,0.00,0.00,9437.96
0000021026,02220,0.00,0.00,23429.64
0000021026,06100,0.00,0.00,39394.91
0000021026,07330,0.00,0.00,18719.75
0000021026,09200,0.00,0.00,30913.82
0000021026,13800,0.00,0.00,38509.20
0000021026,15000,0.00,0.00,252208.52
0000021026,15401,0.00,0.00,113923.05
0000021026,16000,0.00,0.00,27453.85
0000021026,25001,0.00,0.00,5951.27
0000021026,25002,0.00,0.00,14927.85
0000021026,25003,0.00,0.00,5684.67
0000021026,25004,0.00,0.00,3483.94
0000021026,25005,0.00,0.00,8182.86
0000021027,00400,1193.86,0.00,14137.86
0000021027,00401,0.00,0.00,2355.72
0000021027,02220,0.00,0.00,11352.78
0000021027,02300,0.00,0.00,16102.34
0000021027,03000,0.00,0.00,19730.14
0000021027,05500,0.00,0.00,47375.85
0000021027,06100,0.00,0.00,6029.26
0000021027,06400,0.00,0.00,15437.99
0000021027,07000,0.00,0.00,10062.35
0000021027,07330,0.00,0.00,8331.62
0000021027,08000,0.00,0.00,27189.38
0000021027,09200,0.00,0.00,27353.84
0000021027,09300,0.00,0.00,9360.81
0000021027,09651,0.00,0.00,8978.54
0000021027,09910,0.00,0.00,3498.19
0000021027,15000,0.00,0.00,13663.85
0000021027,15401,0.00,0.00,7963.50
0000021027,16000,0.00,0.00,23524.56
0000021027,25001,0.00,0.00,652.08
0000021027,25002,0.00,0.00,6873.18
0000021027,25003,0.00,0.00,2123.75
0000021027,25004,0.00,0.00,3916.86
0000021027,25005,0.00,0.00,66003.48
0000021027,25006,0.00,0.00,5136.28
0000021027,25007,0.00,0.00,767.01
0000021027,25008,0.00,0.00,10021.34
0000021028,00400,5967.99,0.00,84097.99
0000021028,00401,0.00,0.00,14923.23
0000021028,02220,0.00,0.00,64199.42
0000021028,02300,0.00,0.00,45698.70
0000021028,02315,0.00,0.00,26850.00
0000021028,03000,0.00,0.00,20448.96
0000021028,04000,0.00,0.00,730.32
0000021028,05500,0.00,0.00,90914.10
0000021028,06100,0.00,0.00,26683.57
0000021028,07000,0.00,0.00,19227.81
0000021028,08000,0.00,0.00,8545.82
0000021028,09200,0.00,0.00,49533.08
0000021028,09600,0.00,0.00,16187.33
0000021028,09910,0.00,0.00,36874.72
0000021028,10000,0.00,0.00,53836.51
0000021028,15000,0.00,0.00,402298.92
0000021028,15401,0.00,0.00,13425.00
0000021028,16000,0.00,0.00,323169.07
0000021028,25001,0.00,0.00,7510.83
0000021028,25002,0.00,0.00,5376.16
0000021028,25003,0.00,0.00,99720.03
0000021028,25004,0.00,0.00,135818.45
0000021028,25005,0.00,0.00,10381.91
0000021028,25006,0.00,0.00,-490.93
0000021028,25007,0.00,0.00,-12100.00
0000021029,00400,0.00,0.00,112863.50
0000021029,00401,2582.68,0.00,23179.68
0000021029,00403,0.00,0.00,3594.88
0000021029,02220,0.00,0.00,58552.73
0000021029,02300,0.00,0.00,7863.80
0000021029,02315,0.00,0.00,31408.02
0000021029,02775,0.00,0.00,5617.00
0000021029,03000,0.00,0.00,86308.58
0000021029,04000,0.00,0.00,9661.24
0000021029,05500,0.00,0.00,40310.96
0000021029,06100,0.00,0.00,113355.55
0000021029,06200,0.00,0.00,50148.58
0000021029,06400,0.00,0.00,50929.34
0000021029,07200,0.00,0.00,13548.20
0000021029,07500,0.00,0.00,10279.11
0000021029,07620,0.00,0.00,5617.00
0000021029,08100,0.00,0.00,62245.35
0000021029,08330,0.00,0.00,5869.77
0000021029,08500,0.00,0.00,21904.05
0000021029,09310,0.00,0.00,5869.77
0000021029,09500,0.00,0.00,38757.30
0000021029,09510,0.00,0.00,3931.90
0000021029,09650,0.00,0.00,34713.06
0000021029,09651,0.00,0.00,43812.60
0000021029,09910,0.00,0.00,17416.07
0000021029,10600,0.00,0.00,39319.00
0000021029,13800,0.00,0.00,17502.57
0000021029,13850,0.00,0.00,22468.00
0000021029,15001,0.00,0.00,57293.40
0000021029,15260,0.00,0.00,8807.46
0000021029,15401,0.00,0.00,89647.32
0000021029,16000,0.00,0.00,22468.00
0000021029,16470,0.00,0.00,19097.80
0000021029,16500,0.00,0.00,47801.79
0000021029,25001,0.00,0.00,111444.83
0000021029,25002,0.00,0.00,18556.07
0000021029,25003,0.00,0.00,17901.87
0000021029,25004,0.00,0.00,7740.93
0000021029,25005,0.00,0.00,13839.29
0000021029,25006,0.00,0.00,19495.16
0000021029,25007,0.00,0.00,12557.99
0000021030,00400,115098.45,0.00,226258.45
0000021030,00401,0.00,0.00,30035.80
0000021030,02300,0.00,0.00,172892.00
0000021030,03000,0.00,0.00,233603.00
0000021030,05500,0.00,0.00,22457.00
0000021030,06100,0.00,0.00,18121.89
0000021030,06400,0.00,0.00,108157.00
0000021030,07000,0.00,0.00,5546.82
0000021030,07330,0.00,0.00,149715.90
0000021030,08000,0.00,0.00,104306.44
0000021030,09200,0.00,0.00,81800.00
0000021030,09600,0.00,0.00,27197.95
0000021030,09651,0.00,0.00,135101.28
0000021030,09910,0.00,0.00,11420.00
0000021030,10000,0.00,0.00,2865.00
0000021030,10901,0.00,0.00,31501.08
0000021030,15000,0.00,0.00,113500.00
0000021030,15401,0.00,0.00,59444.00
0000021030,16000,0.00,0.00,76470.00
0000021030,25001,0.00,0.00,4776.45
0000021030,25002,0.00,0.00,4311.13
0000021030,25003,0.00,0.00,8138.75
0000021030,25004,0.00,0.00,19380.69
0000021032,00400,837.26,0.00,11647.26
0000021032,00401,0.00,0.00,4758.98
0000021032,02070,0.00,0.00,5230.24
0000021032,06200,0.00,0.00,16948.13
0000021032,07330,0.00,0.00,22322.88
0000021032,09910,0.00,0.00,2516.99
0000021032,13800,0.00,0.00,32222.59
0000021032,15000,0.00,0.00,66213.76
0000021032,15080,0.00,0.00,23703.23
0000021032,15401,0.00,0.00,6524.32
0000021032,16000,0.00,0.00,17685.76
0000021032,25001,0.00,0.00,1243.63
0000021032,25002,0.00,0.00,3923.14
0000021032,25003,0.00,0.00,5073.66
0000021033,00000,0.00,0.00,1006.80
0000021034,00000,0.00,1000.00,0.00
0000021034,05500,175.54,0.00,1755.38
0000021034,05510,1831.00,0.00,18309.98
0000021034,07460,2055.69,0.00,20556.87
0000021034,08000,1076.18,0.00,10761.84
0000021034,08500,515.21,0.00,5158.12
0000021034,25001,0.00,0.00,7000.00
0000021034,25002,0.00,0.00,2412.65
0000021035,00000,0.00,0.00,292986.77
0000021038,00000,0.00,0.00,7613.00
0000021039,00000,0.00,0.00,3887682.66
0000021040,00000,0.00,0.00,6970.00
0000021041,00400,0.00,0.00,54282.80
0000021041,00401,1115.12,0.00,8725.12
0000021041,02070,0.00,0.00,285942.80
0000021041,03300,0.00,0.00,20486.75
0000021041,05500,0.00,0.00,4244.24
0000021041,06100,0.00,0.00,27135.53
0000021041,08000,0.00,0.00,4836.83
0000021041,09900,0.00,0.00,9413.98
0000021041,15000,0.00,0.00,22491.04
0000021041,15401,0.00,0.00,100208.68
0000021041,15905,0.00,0.00,65036.40
0000021041,16000,0.00,0.00,28479.88
0000021041,25001,0.00,0.00,-63481.64
0000021041,25002,0.00,0.00,10342.49
0000021041,25003,0.00,0.00,-2431.00
0000021041,25004,0.00,0.00,335.76
0000021042,00000,0.00,0.00,3441.89
0000022001,00000,0.00,0.00,725880.39
0000022004,00000,0.00,0.00,7286.44
0000022005,00400,30111.16,0.00,717877.16
0000022005,00401,0.00,0.00,240084.20
0000022005,02070,0.00,0.00,58216.14
0000022005,02300,0.00,0.00,223658.48
0000022005,02500,0.00,0.00,53521.29
0000022005,02800,0.00,0.00,230814.74
0000022005,03000,0.00,0.00,457064.38
0000022005,03400,0.00,0.00,336464.25
0000022005,04000,0.00,0.00,912887.50
0000022005,05120,0.00,0.00,415569.34
0000022005,05500,0.00,0.00,183979.70
0000022005,06100,0.00,0.00,571253.95
0000022005,06110,0.00,0.00,216171.76
0000022005,06200,0.00,0.00,29295.83
0000022005,06400,0.00,0.00,640191.83
0000022005,07210,0.00,0.00,41088.39
0000022005,07460,0.00,0.00,453284.56
0000022005,07500,0.00,0.00,131664.46
0000022005,07570,0.00,0.00,41293.81
0000022005,07600,0.00,0.00,9264.50
0000022005,08000,0.00,0.00,326139.75
0000022005,08500,0.00,0.00,278424.74
0000022005,08800,0.00,0.00,36583.31
0000022005,08900,0.00,0.00,62214.07
0000022005,09200,0.00,0.00,909809.77
0000022005,09600,0.00,0.00,389150.90
0000022005,09910,0.00,0.00,104225.67
0000022005,10000,0.00,0.00,126106.70
0000022005,14240,0.00,0.00,220696.55
0000022005,15080,0.00,0.00,42775.30
0000022005,15100,0.00,0.00,473919.03
0000022005,15260,0.00,0.00,57381.50
0000022005,15300,0.00,0.00,176943.68
0000022005,15460,0.00,0.00,172405.33
0000022005,15700,0.00,0.00,93897.00
0000022005,15750,0.00,0.00,31299.00
0000022005,15800,0.00,0.00,368806.55
0000022005,15900,0.00,0.00,85550.60
0000022005,15950,0.00,0.00,8868.05
0000022005,16000,0.00,0.00,258159.37
0000022005,16150,0.00,0.00,90219.37
0000022005,16310,0.00,0.00,242567.25
0000022005,16500,0.00,0.00,160068.30
0000022005,16530,0.00,0.00,97548.55
0000022005,16700,0.00,0.00,52477.99
0000022005,25001,0.00,0.00,37712.73
0000022005,25002,0.00,0.00,7977.92
0000022005,25003,0.00,0.00,16360.07
0000022005,25004,0.00,0.00,-16329.94
0000022005,25005,0.00,0.00,12587.88
0000022005,25006,0.00,0.00,45884.90
0000022005,25007,0.00,0.00,9980.68
0000022005,25008,0.00,0.00,24648.51
0000022005,25009,0.00,0.00,21831.50
0000022005,25010,0.00,0.00,7983.96
0000022005,25011,0.00,0.00,68353.57
0000022005,25012,0.00,0.00,72116.64
0000022005,25013,0.00,0.00,29040.29
0000022005,25014,0.00,0.00,34389.09
0000022005,25015,0.00,0.00,31158.83
0000022005,25016,0.00,0.00,11920.80
0000022005,99999,0.00,0.00,-179100.00
0000022006,00000,0.00,0.00,51655.81
0000022007,00000,0.00,0.00,1097.50
0000022008,00000,0.00,0.00,9441.14
0000022009,00400,0.00,0.00,57772.80
0000022009,00401,0.00,0.00,4344.00
0000022009,09200,0.00,0.00,16963.20
0000022009,09300,0.00,0.00,21750.00
0000022009,09900,0.00,0.00,37726.80
0000022010,00400,0.00,0.00,51269.14
0000022010,00401,878.45,0.00,7988.45
0000022010,02070,0.00,0.00,7858.20
0000022010,02130,0.00,0.00,12853.77
0000022010,03100,0.00,0.00,3365.55
0000022010,06100,0.00,0.00,3758.46
0000022010,07530,0.00,0.00,3367.80
0000022010,09200,0.00,0.00,18671.08
0000022010,09910,0.00,0.00,7625.82
0000022010,15001,0.00,0.00,111923.22
0000022010,15080,0.00,0.00,26381.10
0000022010,15401,0.00,0.00,104949.63
0000022010,15900,0.00,0.00,50853.78
0000022010,16000,0.00,0.00,66289.53
0000022010,25001,0.00,0.00,33913.54
0000022010,25002,0.00,0.00,13184.44
0000022011,00000,0.00,0.00,71994.71
0000022012,00000,0.00,0.00,420939.96
0000022013,00000,0.00,0.00,65895.44
0000022014,00000,0.00,0.00,57350.95
0000022015,00000,0.00,0.00,3383.66
0000022016,00000,0.00,0.00,1066.66
0000022017,00000,0.00,0.00,310.00
0000022018,00000,0.00,0.00,1017023.80
0000022020,00400,0.00,0.00,23397.51
0000022020,00401,917.53,0.00,6041.53
0000022020,14200,0.00,0.00,230242.36
0000022020,15001,0.00,0.00,17825.55
0000022020,15401,0.00,0.00,9266.93
0000022020,16000,0.00,0.00,13646.58
0000022020,25001,0.00,0.00,-4812.21
0000022020,25002,0.00,0.00,1853.28
0000022022,00000,0.00,0.00,118992.63
0000022023,00000,0.00,0.00,2312.50
0000022024,00400,0.00,0.00,111432.16
0000022024,00401,1384.70,0.00,17845.04
0000022024,02110,0.00,0.00,246344.11
0000022024,03000,0.00,0.00,24339.86
0000022024,06100,0.00,0.00,34004.19
0000022024,07500,0.00,0.00,102560.85
0000022024,09200,0.00,0.00,26932.80
0000022024,09300,0.00,0.00,55849.54
0000022024,09900,0.00,0.00,11443.40
0000022024,15000,0.00,0.00,8269.99
0000022024,15401,0.00,0.00,291772.05
0000022024,16000,0.00,0.00,1899.28
0000022024,25001,0.00,0.00,41899.08
0000022026,00000,0.00,0.00,30523.68
0000022027,00000,0.00,0.00,52590.70
0000022029,00000,0.00,0.00,88898.00
0000022030,00000,0.00,0.00,67025.67
0000022031,00000,0.00,0.00,526690.79
0000022032,00400,2749.44,0.00,6931.89
0000022032,02070,0.00,0.00,43592.70
0000022032,06100,0.00,0.00,24034.94
0000022033,00000,0.00,0.00,848.90
0000022034,00000,0.00,0.00,3092.28
0000022035,00000,0.00,0.00,359032.29
0000022036,00000,0.00,0.00,3271.50
0000022038,00400,57.73,0.00,450.73
0000022038,05500,0.00,0.00,11763.69
0000022038,07500,0.00,0.00,2552.14
0000022038,09900,0.00,0.00,2090.30
0000022040,00000,0.00,0.00,3283.30
0000023001,00000,0.00,0.00,848711.70
0000023002,00000,0.00,0.00,65459.11
0000023003,00000,0.00,0.00,77141.12
0000023004,00000,0.00,0.00,210028.41
0000023006,00000,0.00,0.00,3865.25
0000023007,00400,0.00,0.00,58423.36
0000023007,00401,437.20,0.00,8733.20
0000023007,02220,0.00,0.00,75817.22
0000023007,02315,0.00,0.00,157042.46
0000023007,02480,0.00,0.00,7933.51
0000023007,02620,0.00,0.00,30977.95
0000023007,02740,0.00,0.00,81802.79
0000023007,02775,0.00,0.00,97641.45
0000023007,02820,0.00,0.00,2887.78
0000023007,02900,0.00,0.00,24888.68
0000023007,03920,0.00,0.00,1155.11
0000023007,03930,0.00,0.00,7350.70
0000023007,04000,0.00,0.00,16801.60
0000023007,05500,0.00,0.00,9030.86
0000023007,07120,0.00,0.00,47779.55
0000023007,07469,0.00,0.00,30284.88
0000023007,15401,0.00,0.00,45719.25
0000023007,15900,0.00,0.00,15520.48
0000023007,25001,0.00,0.00,59640.29
0000023007,25002,0.00,0.00,17659.00
0000023007,25003,0.00,0.00,13095.15
0000023007,25004,0.00,0.00,5105.72
0000023008,00000,0.00,0.00,325970.95
0000023009,00400,0.00,0.00,18377.05
0000023009,02070,1577.44,0.00,14121.44
0000023009,06400,0.00,0.00,32274.84
0000023009,09200,0.00,0.00,6529.06
0000023009,09650,0.00,0.00,15889.26
0000023009,09910,0.00,0.00,2413.50
0000023009,15401,0.00,0.00,10075.02
0000023009,16000,0.00,0.00,13789.83
0000023009,25001,0.00,0.00,6900.00
0000023009,25002,0.00,0.00,15677.38
0000023009,25003,0.00,0.00,2086.76
0000023009,25004,0.00,0.00,1725.00
0000023009,25006,0.00,0.00,599.63
0000023010,00400,0.00,0.00,48739.20
0000023010,00401,0.00,0.00,6416.34
0000023010,02070,706.08,0.00,10829.61
0000023010,03000,0.00,0.00,37290.65
0000023010,04000,0.00,0.00,14745.30
0000023010,05500,0.00,0.00,3320.90
0000023010,06100,0.00,0.00,5626.72
0000023010,06400,0.00,0.00,61245.86
0000023010,08000,0.00,0.00,114768.65
0000023010,09510,0.00,0.00,21156.30
0000023010,09910,0.00,0.00,18158.09
0000023010,10000,0.00,0.00,22214.12
0000023010,15300,0.00,0.00,97767.75
0000023010,15401,0.00,0.00,27691.25
0000023010,16000,0.00,0.00,24773.17
0000023010,25001,0.00,0.00,3874.52
0000023010,25002,0.00,0.00,7438.35
0000023010,25003,0.00,0.00,4552.90
0000023013,00000,0.00,0.00,14572.25
0000023014,00000,0.00,0.00,302397.45
0000023015,00000,0.00,0.00,51536.84
0000023016,00000,0.00,0.00,545.00
0000023017,00000,0.00,0.00,24569.61
0000023018,00000,0.00,0.00,1322083.01
0000023019,00400,0.00,0.00,182596.10
0000023019,00401,0.00,0.00,58302.06
0000023019,02070,0.00,0.00,48356.00
0000023019,02300,0.00,0.00,143650.29
0000023019,03000,0.00,0.00,97731.75
0000023019,05000,0.00,0.00,40003.60
0000023019,05500,130.89,0.00,1650.89
0000023019,06100,0.00,0.00,103340.21
0000023019,06400,0.00,0.00,10352.58
0000023019,07000,0.00,0.00,41803.61
0000023019,07330,0.00,0.00,140173.64
0000023019,07460,0.00,0.00,106076.11
0000023019,08000,0.00,0.00,174947.13
0000023019,09200,0.00,0.00,48476.89
0000023019,09600,0.00,0.00,23535.09
0000023019,09910,0.00,0.00,27977.45
0000023019,10000,0.00,0.00,34408.59
0000023019,15001,0.00,0.00,146167.00
0000023019,15401,0.00,0.00,65283.90
0000023019,16000,0.00,0.00,196858.38
0000023019,25001,0.00,0.00,69231.67
0000023019,25002,0.00,0.00,2331.26
0000023019,25003,0.00,0.00,11723.67
0000023019,25004,0.00,0.00,47686.93
0000023019,25005,0.00,0.00,1995.23
0000023019,25006,0.00,0.00,23014.88
0000023020,00100,1123.53,0.00,16123.53
0000023020,00400,0.00,0.00,896564.42
0000023020,00401,0.00,0.00,69991.04
0000023020,02300,0.00,0.00,358575.19
0000023020,02335,0.00,0.00,78643.81
0000023020,02510,0.00,0.00,21776.15
0000023020,02740,0.00,0.00,150377.77
0000023020,02775,0.00,0.00,141975.82
0000023020,02920,0.00,0.00,32727.28
0000023020,03000,0.00,0.00,558840.54
0000023020,03530,0.00,0.00,169511.54
0000023020,05500,0.00,0.00,205388.23
0000023020,06100,0.00,0.00,146686.78
0000023020,06110,0.00,0.00,322470.00
0000023020,06170,0.00,0.00,72818.61
0000023020,06180,0.00,0.00,531028.61
0000023020,06400,0.00,0.00,15353.59
0000023020,07000,0.00,0.00,48698.18
0000023020,07330,0.00,0.00,396748.49
0000023020,07460,0.00,0.00,248357.90
0000023020,08000,0.00,0.00,250984.83
0000023020,08120,0.00,0.00,127939.97
0000023020,08560,0.00,0.00,100066.34
0000023020,09200,0.00,0.00,183592.92
0000023020,09300,0.00,0.00,123393.15
0000023020,09910,0.00,0.00,126341.60
0000023020,10810,0.00,0.00,10600.66
0000023020,12500,0.00,0.00,133067.46
0000023020,15001,0.00,0.00,524336.22
0000023020,15100,0.00,0.00,40867.70
0000023020,15260,0.00,0.00,18289.42
0000023020,15401,0.00,0.00,94763.18
0000023020,15410,0.00,0.00,246076.86
0000023020,15900,0.00,0.00,84718.24
0000023020,15950,0.00,0.00,3090.34
0000023020,16080,0.00,0.00,8061.75
0000023020,16130,0.00,0.00,354717.00
0000023020,16150,0.00,0.00,47295.60
0000023020,16220,0.00,0.00,256363.65
0000023020,16300,0.00,0.00,247227.00
0000023020,16500,0.00,0.00,357941.70
0000023020,16700,0.00,0.00,62881.65
0000023020,16720,0.00,0.00,15586.05
0000023020,16800,0.00,0.00,98890.80
0000023020,25001,0.00,0.00,223132.83
0000023020,25002,0.00,0.00,22149.40
0000023020,25003,0.00,0.00,2844.76
0000023020,25004,0.00,0.00,8851.83
0000023020,25005,0.00,0.00,127608.45
0000023020,25006,0.00,0.00,9405.00
0000023020,25007,0.00,0.00,44534.81
0000023020,25008,0.00,0.00,9460.24
0000023020,25009,0.00,0.00,24426.94
0000023020,25010,0.00,0.00,25962.41
0000023020,25011,0.00,0.00,2635.00
0000023020,25012,0.00,0.00,11111.24
0000023020,25013,0.00,0.00,32636.70
0000023020,25014,0.00,0.00,15684.73
0000023021,00000,0.00,0.00,47582.58
0000023021,06100,0.00,0.00,294.11
0000023022,00000,0.00,0.00,3260.25
0000023023,00000,0.00,0.00,6098.50
0000023025,00400,0.00,0.00,48786.64
0000023025,00401,509.89,0.00,4758.89
0000023025,02070,0.00,0.00,7688.43
0000023025,03000,0.00,0.00,4608.37
0000023025,04000,0.00,0.00,10365.60
0000023025,06100,0.00,0.00,3855.88
0000023025,07000,0.00,0.00,701.09
0000023025,08000,0.00,0.00,3144.96
0000023025,09910,0.00,0.00,20083.84
0000023025,15001,0.00,0.00,106400.00
0000023025,15260,0.00,0.00,9968.00
0000023025,15300,0.00,0.00,883.12
0000023025,15401,0.00,0.00,39583.04
0000023025,15950,0.00,0.00,33712.00
0000023025,16000,0.00,0.00,234931.20
0000023025,25001,0.00,0.00,1906.91
0000023025,25002,0.00,0.00,2421.19
0000023025,25003,0.00,0.00,15725.68
0000023026,00000,0.00,0.00,613107.24
0000024001,00000,0.00,0.00,778066.11
0000024001,06100,0.00,0.00,8542.45
0000024002,00000,0.00,0.00,194880.22
0000024003,00000,0.00,0.00,48030.02
0000024004,00000,0.00,0.00,193572.08
0000024005,00000,0.00,0.00,710.00
0000024007,00000,0.00,0.00,44846.79
0000024008,00400,0.00,0.00,13872.71
0000024008,00401,526.37,0.00,3922.37
0000024008,02070,0.00,0.00,3118.50
0000024008,09650,0.00,0.00,88877.25
0000024008,25001,0.00,0.00,2157.94
0000024009,00400,0.00,0.00,12332.50
0000024009,02070,0.00,0.00,23385.00
0000024009,08000,0.00,0.00,5690.00
0000024009,09200,0.00,0.00,9306.05
0000024009,09910,0.00,0.00,5165.63
0000024009,15401,0.00,0.00,2812.50
0000024009,16000,0.00,0.00,12570.00
0000024009,25001,0.00,0.00,9898.50
0000024010,00000,0.00,0.00,1486.37
0000024011,00000,0.00,0.00,8079.61
0000024012,00000,0.00,0.00,1219.00
0000024013,00400,0.00,0.00,31911.37
0000024013,00401,254.53,0.00,4580.53
0000024013,02070,0.00,0.00,23766.02
0000024013,05500,0.00,0.00,4690.67
0000024013,06100,0.00,0.00,5874.01
0000024013,07330,0.00,0.00,66049.66
0000024013,07500,0.00,0.00,8478.40
0000024013,09910,0.00,0.00,15339.55
0000024013,15001,0.00,0.00,125056.40
0000024013,16000,0.00,0.00,253922.78
0000024013,25001,0.00,0.00,16329.32
0000024014,00400,9118.17,0.00,228795.35
0000024014,00401,0.00,0.00,49972.87
0000024014,02070,0.00,0.00,40888.98
0000024014,03000,0.00,0.00,22609.97
0000024014,05120,0.00,0.00,24836.15
0000024014,06100,0.00,0.00,3848.43
0000024014,06400,0.00,0.00,202195.82
0000024014,07500,0.00,0.00,16628.80
0000024014,08110,0.00,0.00,4718.42
0000024014,09200,0.00,0.00,244900.65
0000024014,09600,0.00,0.00,11790.48
0000024014,09910,0.00,0.00,79323.13
0000024014,15001,0.00,0.00,919468.74
0000024014,15260,0.00,0.00,155458.50
0000024014,15401,0.00,0.00,758568.25
0000024014,15900,0.00,0.00,274680.75
0000024014,16000,0.00,0.00,570383.41
0000024014,25001,0.00,0.00,8992.78
0000024014,25002,0.00,0.00,29391.39
0000024015,00400,0.00,0.00,68534.21
0000024015,00401,575.10,0.00,7757.10
0000024015,02070,0.00,0.00,38240.64
0000024015,05500,0.00,0.00,29293.92
0000024015,06100,0.00,0.00,5152.13
0000024015,06400,0.00,0.00,55026.00
0000024015,07210,0.00,0.00,5119.11
0000024015,08000,0.00,0.00,22822.56
0000024015,08580,0.00,0.00,98666.64
0000024015,09200,0.00,0.00,29323.29
0000024015,09510,0.00,0.00,9005.86
0000024015,09600,0.00,0.00,42336.00
0000024015,09910,0.00,0.00,13601.52
0000024015,10000,0.00,0.00,8774.08
0000024015,13930,0.00,0.00,9498.60
0000024015,15001,0.00,0.00,78451.20
0000024015,15401,0.00,0.00,166727.16
0000024015,15950,0.00,0.00,81149.04
0000024015,16000,0.00,0.00,140130.00
0000024015,25001,0.00,0.00,22741.61
0000024015,25002,0.00,0.00,23977.34
0000024015,25003,0.00,0.00,21977.64
0000024015,25004,0.00,0.00,15323.72
0000024015,25005,0.00,0.00,4161.51
0000024016,00000,0.00,0.00,7963.82
0000024018,00000,0.00,0.00,21489.23
0000024019,00000,0.00,0.00,3366.64
0000024020,00400,0.00,0.00,77709.54
0000024020,00401,1106.83,0.00,18959.05
0000024020,02070,0.00,0.00,30752.87
0000024020,04000,0.00,0.00,52091.10
0000024020,06100,0.00,0.00,39193.53
0000024020,08000,0.00,0.00,649619.45
0000024020,09900,0.00,0.00,29690.34
0000024021,00000,0.00,0.00,35147.23
0000024022,00400,0.00,0.00,29478.89
0000024022,00401,169.30,0.00,2050.30
0000024022,02000,0.00,0.00,3270.00
0000024022,04000,0.00,0.00,38150.00
0000024022,05500,0.00,0.00,13666.42
0000024022,06100,0.00,0.00,9019.21
0000024022,06110,0.00,0.00,68962.53
0000024022,07200,0.00,0.00,23554.57
0000024022,07510,0.00,0.00,93735.64
0000024022,09910,0.00,0.00,15630.60
0000024022,25001,0.00,0.00,7350.80
0000024023,00000,0.00,0.00,412045.32
0000024024,00400,3234.89,0.00,26878.64
0000024024,02000,0.00,0.00,10127.51
0000024024,02300,0.00,0.00,7390.99
0000024024,03000,0.00,0.00,14117.23
0000024024,06400,0.00,0.00,22116.12
0000024024,07460,0.00,0.00,6917.29
0000024024,07480,0.00,0.00,715.11
0000024024,08000,0.00,0.00,4485.64
0000024024,08210,0.00,0.00,2839.98
0000024024,09200,0.00,0.00,4689.14
0000024024,09600,0.00,0.00,12574.11
0000024024,09910,0.00,0.00,2387.49
0000024024,10820,0.00,0.00,3659.68
0000024024,14430,0.00,0.00,2842.25
0000024024,15401,0.00,0.00,9095.20
0000024024,16000,0.00,0.00,8720.02
0000024025,00400,0.00,0.00,35486.98
0000024025,02070,0.00,0.00,15871.29
0000024025,03000,0.00,0.00,139493.38
0000024025,04000,0.00,0.00,6490.86
0000024025,06100,70.16,0.00,729.26
0000024025,07000,0.00,0.00,9307.78
0000024025,07330,0.00,0.00,21632.00
0000024025,07460,0.00,0.00,3207.68
0000024025,08000,0.00,0.00,27315.74
0000024025,09200,0.00,0.00,39561.49
0000024025,09900,0.00,0.00,45209.08
0000024025,10000,0.00,0.00,5631.23
0000024026,00000,0.00,0.00,1292.00
0000024027,00400,0.00,0.00,5580.06
0000024027,00401,0.00,0.00,1435.10
0000024027,02070,0.00,0.00,3379.47
0000024027,06100,0.00,0.00,688.62
0000024027,16000,0.00,0.00,1206.50
0000025001,00000,0.00,0.00,790190.04
0000025002,00000,0.00,100.00,106123.30
0000025004,00000,0.00,0.00,14812.20
0000025005,00400,0.00,0.00,117806.56
0000025005,00401,0.00,0.00,47333.47
0000025005,02000,0.00,0.00,285602.60
0000025005,02070,0.00,0.00,209327.45
0000025005,02300,167.22,0.00,0.00
0000025005,03000,0.00,0.00,8841.67
0000025005,04000,0.00,0.00,2756.26
0000025005,05500,0.00,0.00,9427.47
0000025005,06100,0.00,0.00,51882.47
0000025005,06400,0.00,0.00,141205.32
0000025005,07000,0.00,0.00,181905.47
0000025005,07310,0.00,0.00,59730.27
0000025005,07460,0.00,0.00,51265.59
0000025005,08000,0.00,0.00,48700.15
0000025005,09200,0.00,0.00,105660.17
0000025005,09600,0.00,0.00,159006.18
0000025005,09910,0.00,0.00,89752.31
0000025005,10000,0.00,0.00,5312.69
0000025005,15001,0.00,0.00,57245.40
0000025005,15401,0.00,0.00,50354.75
0000025005,16000,0.00,0.00,158887.79
0000025005,25001,0.00,0.00,5624.96
0000025005,25002,0.00,0.00,24101.42
0000025005,25003,0.00,0.00,-222390.28
0000025005,25004,0.00,0.00,31542.94
0000025005,25005,0.00,0.00,24090.80
0000025005,25006,0.00,0.00,11840.37
0000025005,25007,0.00,0.00,30449.55
0000025005,25008,0.00,0.00,23252.43
0000025006,00000,0.00,0.00,100110.45
0000025006,00050,500.48,0.00,0.00
0000025007,00400,0.00,0.00,177714.38
0000025007,00401,0.00,0.00,31969.60
0000025007,02070,0.00,0.00,5688.21
0000025007,02315,0.00,0.00,140077.34
0000025007,03000,0.00,0.00,190471.29
0000025007,04000,0.00,0.00,80500.42
0000025007,05500,0.00,0.00,18168.54
0000025007,06100,0.00,0.00,239918.61
0000025007,07000,0.00,0.00,3744.75
0000025007,08000,0.00,0.00,40620.22
0000025007,09200,0.00,0.00,161310.80
0000025007,15001,0.00,0.00,54988.83
0000025007,15401,0.00,0.00,10387.47
0000025008,00000,0.00,0.00,30928.76
0000025008,00400,280.08,0.00,0.00
0000025009,00000,0.00,0.00,92505.84
0000025009,15900,84.43,0.00,0.00
0000025010,00400,0.00,0.00,43778.77
0000025010,04000,0.00,0.00,16755.20
0000025010,05500,0.00,0.00,1632.00
0000025010,06100,0.00,0.00,49723.74
0000025010,06400,0.00,0.00,13186.18
0000025010,07000,0.00,0.00,19007.45
0000025010,07400,0.00,0.00,23383.10
0000025010,07500,0.00,0.00,53237.53
0000025010,08000,0.00,0.00,47728.13
0000025010,09200,0.00,0.00,14187.52
0000025010,09600,0.00,0.00,4602.24
0000025010,09900,0.00,0.00,8341.70
0000025010,10000,0.00,0.00,8171.29
0000025010,12000,0.00,0.00,2273.92
0000025010,15400,0.00,0.00,60166.40
0000025010,15700,0.00,0.00,58795.52
0000025010,16210,0.00,0.00,17408.00
0000025010,16300,0.00,0.00,13056.00
0000025010,16500,0.00,0.00,96989.76
0000025010,16530,0.00,0.00,22848.00
0000025011,00400,0.00,0.00,215171.61
0000025011,00401,0.00,0.00,10109.35
0000025011,02070,0.00,0.00,137698.42
0000025011,03000,0.00,0.00,3484.59
0000025011,04000,0.00,0.00,15789.05
0000025011,06100,0.00,0.00,84599.53
0000025011,06200,0.00,0.00,42965.74
0000025011,06400,0.00,0.00,107801.10
0000025011,07000,5.59,0.00,638.92
0000025011,07310,0.00,0.00,10149.41
0000025011,07460,0.00,0.00,100866.71
0000025011,08000,0.00,0.00,122131.68
0000025011,09200,0.00,0.00,140555.21
0000025011,09600,0.00,0.00,115335.74
0000025011,09910,0.00,0.00,34790.36
0000025011,10000,0.00,0.00,8194.96
0000025011,15001,0.00,0.00,75938.80
0000025011,15401,0.00,0.00,122216.24
0000025011,16000,0.00,0.00,111088.49
0000025011,25001,0.00,0.00,63177.32
0000025012,00400,0.00,0.00,36507.68
0000025012,00401,448.79,0.00,4936.79
0000025012,02000,0.00,0.00,450088.10
0000025012,02220,0.00,0.00,15026.00
0000025012,05500,0.00,0.00,1030.66
0000025012,06100,0.00,0.00,31564.73
0000025012,06400,0.00,0.00,4400.00
0000025012,07500,0.00,0.00,7700.00
0000025012,09250,0.00,0.00,25191.10
0000025012,09650,0.00,0.00,5912.50
0000025012,09910,0.00,0.00,19126.80
0000025012,15410,0.00,0.00,81730.00
0000025012,15935,0.00,0.00,26378.00
0000025012,25001,0.00,0.00,81093.31
0000025013,00000,0.00,0.00,13758.35
0000025014,00000,0.00,0.00,8038.74
0000025015,00400,7200.42,0.00,39242.38
0000025015,02315,0.00,0.00,112407.77
0000025015,03000,0.00,0.00,76762.68
0000025015,06100,0.00,0.00,268409.10
0000025015,07000,0.00,0.00,10516.08
0000025015,15401,0.00,0.00,14084.54
0000025016,00000,0.00,0.00,331391.37
0000025017,02220,106.09,0.00,0.00
0000025019,00400,1764.78,0.00,0.00
0000026001,00000,0.00,0.00,17921.71
0000026004,00501,636.37,0.00,0.00
00003016-1,00000,0.00,0.00,3450.00
00023004-1,00400,0.00,0.00,3959.00
00023004-1,02070,0.00,0.00,424015.03
00023004-1,07460,0.00,0.00,35896.36
00023004-1,08000,0.00,0.00,46539.65
00023004-1,09200,0.00,0.00,63452.37
00023004-1,09300,0.00,0.00,37450.00
00023004-1,09910,0.00,0.00,12840.00
00023004-1,10000,0.00,0.00,2550.88
00023004-1,15001,0.00,0.00,20972.00
00023004-1,15401,0.00,0.00,23135.54
00023004-1,16000,0.00,0.00,30816.00