Numéro de G/L,Numéro du projet,Montant prévisionnel,Code d'activité
33200,0000003001,4500.00,07400
34100,0000003001,5954.50,06101
33200,0000003002,1318.00,07400
33500,0000003002,2750.00,15400
34100,0000003002,1500.00,06101
33200,0000003003,800.00,01800
33200,0000003003,500.00,02455
33200,0000003003,7072.59,06100
33200,0000003003,1500.00,07300
33200,0000003003,1500.00,07400
33200,0000003003,1000.00,08200
33200,0000003003,1000.00,08500
33200,0000003003,1500.00,09250
33500,0000003003,2000.00,07200
33500,0000003003,3500.00,09300
33500,0000003003,200.00,09500
33500,0000003003,3000.00,09650
33500,0000003003,1500.00,15400
33500,0000003003,6000.00,15600
33500,0000003003,5000.00,16000
34100,0000003003,10000.00,06101
33200,0000003005,1200.00,05500
33200,0000003005,2300.00,06100
33200,0000003005,8238.00,08100
33500,0000003005,4000.00,02315
33500,0000003005,18000.00,03100
33500,0000003005,4127.00,03200
33500,0000003005,7000.00,03300
33500,0000003005,2000.00,04000
34100,0000003005,4360.00,06101
33200,0000003006,50.00,01800
33200,0000003006,300.00,08100
33200,0000003006,70.00,09250
33500,0000003006,150.00,09650
33500,0000003006,200.00,09900
33500,0000003006,200.00,16000
34100,0000003006,1000.00,06101
33500,0000003007,15000.00,00100
33500,0000003007,16601.80,00401
33500,0000003007,145000.00,02315
33500,0000003007,72000.00,02450
33500,0000003007,89000.00,05120
33500,0000003007,54000.00,06100
33500,0000003007,19000.00,06400
33500,0000003007,66500.00,07460
33500,0000003007,63800.00,07520
33500,0000003007,45000.00,08100
33500,0000003007,53000.00,08520
33500,0000003007,50000.00,09200
33500,0000003007,32500.00,09600
33500,0000003007,9000.00,09900
33500,0000003007,4755.00,10350
33500,0000003007,8500.00,10650
33500,0000003007,163200.00,15001
33500,0000003007,23500.00,15401
33500,0000003007,92100.00,16000
33500,0000003007,1026.00,25001
33500,0000003007,806.20,25002
33500,0000003007,3396.60,25003
33500,0000003007,106.92,25004
33500,0000003007,2548.80,25005
33500,0000003007,1095.60,25006
33500,0000003007,866.60,25007
33500,0000003007,248.40,25008
33500,0000003007,389.88,25009
33500,0000003007,1090.80,25010
33500,0000003007,-9568.00,25011
33500,0000003007,2526.81,25012
33500,0000003007,2017.99,25013
33500,0000003007,126.48,25014
33500,0000003007,-4698.44,25016
33500,0000003007,603.20,25017
33500,0000003007,815.40,25018
33500,0000003007,5500.00,99999
33200,0000003016,150.00,02120
33200,0000003016,2750.00,03300
33200,0000003016,20270.00,06100
33200,0000003016,4000.00,06170
33500,0000003016,850.00,02315
33500,0000003016,2700.00,03100
33500,0000003016,650.00,03200
33500,0000003016,1080.00,03350
34100,0000003016,18600.00,06101
33500,0000003018,4672.00,07400
33200,0000003020,18000.00,00400
33200,0000003020,2500.00,00401
33200,0000003020,8000.00,02220
33200,0000003020,1000.00,06100
33200,0000003020,6500.00,07310
33200,0000003020,35000.00,07460
33200,0000003020,15000.00,08500
33200,0000003020,3000.00,09000
33200,0000003020,1500.00,09900
33200,0000003020,8414.96,25001
33500,0000003021,3076.50,07400
33200,0000003022,8100.00,03100
33200,0000003022,1800.00,03300
33200,0000003022,8400.00,06100
33200,0000003022,13850.00,08100
33200,0000003022,7862.85,25001
33500,0000003022,3500.00,15400
34100,0000003022,7250.00,06101
33200,0000003024,1900.00,00401
33200,0000003024,250.00,01800
33200,0000003024,4000.00,02220
33200,0000003024,24340.00,06100
33200,0000003024,10943.00,08700
33500,0000003024,1900.00,02800
33500,0000003024,30122.00,05500
33500,0000003024,42925.00,13000
33200,0000003025,1400.00,00401
33200,0000003025,525.00,01800
33200,0000003025,4500.00,02220
33200,0000003025,945.00,03300
33200,0000003025,1575.00,07100
33200,0000003025,1200.00,07400
33200,0000003025,4530.00,08100
33200,0000003025,6892.00,09250
33200,0000003025,2400.00,09500
33200,0000003025,819.50,25001
33200,0000003025,909.06,25002
33200,0000003025,124.03,25003
33500,0000003025,4890.00,04000
33500,0000003025,4565.00,05100
33500,0000003025,8150.00,05500
33500,0000003025,1600.00,09650
33500,0000003025,3245.00,09900
33500,0000003025,7400.00,15400
33500,0000003025,3100.00,16000
34100,0000003025,2832.00,06100
33200,0000003026,63888.89,00400
33200,0000003026,20532.41,02220
33200,0000003026,12037.04,06100
33200,0000003026,41447.03,07000
33200,0000003026,83217.59,07400
33200,0000003026,20370.37,08000
33200,0000003026,260.61,25001
33200,0000003026,100.00,25002
33200,0000003026,493.44,25003
33200,0000003026,1491.92,25004
33200,0000003026,467.09,25005
33200,0000003026,55.56,25006
33200,0000003027,2730.00,02220
33200,0000003027,500.00,05500
33200,0000003027,7195.00,06100
33200,0000003027,400.00,07210
33200,0000003027,3700.00,09200
33200,0000003027,-10285.00,25001
33200,0000003027,-870.00,25002
33200,0000003027,-265.40,25003
33200,0000003027,296.18,25004
33200,0000003027,86.40,25005
33200,0000003027,958.56,25006
33200,0000003027,-1980.00,25007
33500,0000003027,7000.00,00400
33500,0000003027,11831.00,05100
33500,0000003027,6300.00,07460
33500,0000003027,3210.00,08000
33500,0000003027,675.00,09600
33500,0000003027,450.00,09910
33500,0000003027,3995.00,12000
33500,0000003027,14120.00,15000
33500,0000003027,3665.00,16000
33200,0000003028,10625.00,02220
33200,0000003028,70350.00,06100
33200,0000003028,8750.00,07330
33200,0000003028,22200.00,07460
33200,0000003028,41240.00,08000
33200,0000003028,22015.00,09200
33500,0000003028,42229.00,00400
33500,0000003028,18910.00,02450
33500,0000003028,18500.00,09600
33500,0000003028,9850.00,09900
33500,0000003028,63990.00,12400
33500,0000003028,28000.00,15001
33500,0000003028,36600.00,15401
33500,0000003028,49025.00,16000
33500,0000003028,-105728.00,25001
33500,0000003028,2447.60,25002
33500,0000003028,900.00,25003
33500,0000003028,8006.00,25004
33500,0000003028,562.60,25005
33500,0000003028,-800.00,25006
33200,0000004002,3900.00,06100
34100,0000004002,3900.00,06101
33200,0000004004,2686.90,06100
33500,0000004004,1245.69,09600
34100,0000004004,2686.90,06101
33200,0000004018,50000.00,00100
33200,0000004018,28000.00,00400
33200,0000004018,26000.00,02070
33200,0000004018,10000.00,02220
33200,0000004018,23000.00,03000
33200,0000004018,54635.00,06100
33200,0000004018,805.00,25001
33200,0000004018,5091.37,25002
33200,0000004018,697.58,25003
33500,0000004018,3000.00,05000
33500,0000004018,10000.00,07000
33500,0000004018,2000.00,07110
33500,0000004018,40000.00,07400
33500,0000004018,23000.00,07469
33500,0000004018,18000.00,08000
33500,0000004018,6000.00,09600
33500,0000004018,15000.00,09900
33500,0000004018,68000.00,15000
33500,0000004018,90000.00,16000
33200,0000004022,30434.78,06100
33200,0000004022,278.26,25001
33200,0000004027,10260.87,06100
33200,0000004028,500.00,06100
34100,0000004028,804.35,06100
33200,0000004029,6226.09,06100
33200,0000005001,5600.00,06100
33500,0000005001,400.00,03000
33500,0000005001,2100.00,09200
33500,0000005001,2800.00,16000
34100,0000005001,4900.00,06101
33200,0000005002,2700.00,06100
33500,0000005002,3000.00,07000
33500,0000005002,300.00,16000
34100,0000005002,6000.00,06101
33200,0000005003,7305.71,06100
34100,0000005003,7200.00,06101
33200,0000005005,235.00,01800
33200,0000005005,180.00,06100
33200,0000005005,655.00,06200
33200,0000005005,190.00,07200
33200,0000005005,420.00,07300
33200,0000005005,80.00,09250
33200,0000005005,550.00,09640
33200,0000005005,200.00,09900
34100,0000005005,3990.00,06101
33200,0000005006,280.00,01800
33200,0000005006,4505.00,03100
33200,0000005006,260.00,05500
33200,0000005006,6355.00,06100
33200,0000005006,3200.00,06170
33200,0000005006,1690.00,07200
33200,0000005006,1325.00,07300
33200,0000005006,4100.00,07400
33200,0000005006,3360.00,08100
33200,0000005006,660.00,09250
33200,0000005006,485.00,09900
33200,0000005006,550.00,10000
33200,0000005006,7125.53,25001
33200,0000005006,1024.92,25002
33500,0000005006,1970.00,03100
33500,0000005006,2650.00,09300
33500,0000005006,6350.00,15400
33500,0000005006,3095.00,16000
34100,0000005006,15545.00,06101
33200,0000005007,300.00,01800
33200,0000005007,250.00,03100
33200,0000005007,4335.00,06100
33200,0000005007,130.00,08200
33200,0000005007,900.00,09900
33200,0000005007,1293.82,25001
33200,0000005007,46.37,25002
33500,0000005007,100.00,07400
34100,0000005007,5565.00,06101
34100,0000005010,14087.00,06101
33200,0000005012,200.00,01800
33200,0000005012,3325.00,06100
33200,0000005012,4280.00,08200
33200,0000005012,325.00,09250
33200,0000005012,7280.00,12000
33500,0000005012,500.00,03360
33500,0000005012,550.00,09250
33500,0000005012,330.00,09300
33500,0000005012,7370.00,09640
33500,0000005012,350.00,09650
33500,0000005012,6500.00,15400
33500,0000005012,4000.00,16000
33500,0000005012,3363.06,25001
34100,0000005012,5709.00,06101
33200,0000005013,70000.00,06100
33200,0000005013,3920.33,25001
34100,0000005013,79841.00,06101
33200,0000005014,300.00,01800
33200,0000005014,3285.00,06100
33200,0000005014,1150.00,06170
33200,0000005014,755.00,06200
33200,0000005014,630.00,07200
33200,0000005014,500.00,07300
33200,0000005014,150.00,07400
33200,0000005014,360.00,08200
33200,0000005014,1900.00,08500
33200,0000005014,800.00,09250
33500,0000005014,3025.00,07469
33500,0000005014,200.00,07760
33500,0000005014,600.00,09250
33500,0000005014,1500.00,16000
34100,0000005014,11380.00,06101
33200,0000005015,150.00,01800
33200,0000005015,1685.00,02300
34100,0000005015,1790.00,06101
34100,0000005015,905.12,25001
33200,0000005017,1500.00,06100
34100,0000005017,1600.00,06101
33200,0000005018,100.00,03100
33200,0000005018,520.00,03300
33200,0000005018,2490.00,06100
33200,0000005018,535.00,07300
34100,0000005018,3470.00,06101
33200,0000005019,200.00,01800
33200,0000005019,200.00,02300
33200,0000005019,360.00,03300
33200,0000005019,560.00,05500
33200,0000005019,980.00,06100
33200,0000005019,555.00,06170
33200,0000005019,1380.00,06200
33200,0000005019,150.00,07300
33500,0000005019,125.00,03360
34100,0000005019,3860.00,06101
33200,0000005024,15000.00,06100
33500,0000005024,11000.00,03100
33500,0000005024,2400.00,03360
34100,0000005024,10577.39,06101
33200,0000005025,1200.00,06100
34100,0000005025,1147.83,06101
33200,0000005030,2812.00,06100
34100,0000005030,2812.00,06101
33200,0000005034,200.00,01800
33200,0000005034,1892.00,06200
33200,0000005034,1925.00,07200
33200,0000005034,16598.00,07400
33200,0000005034,4727.00,08100
33200,0000005034,230.00,09250
33200,0000005034,290.00,10000
33200,0000005034,4187.26,25001
33200,0000005034,48.22,25002
33200,0000005034,1444.17,25003
34100,0000005034,32540.00,06101
33200,0000005035,2509.03,06101
34100,0000005035,2509.06,06100
33200,0000005036,300.00,01800
33200,0000005036,1937.00,06170
33200,0000005036,225.00,06200
33200,0000005036,300.00,10000
34100,0000005036,2777.00,06101
33200,0000005038,305.00,01800
33200,0000005038,7275.00,02850
33200,0000005038,240.00,03100
33200,0000005038,260.00,03200
33200,0000005038,405.00,03300
33200,0000005038,4720.00,05100
33200,0000005038,1870.00,06100
33200,0000005038,290.00,06200
33200,0000005038,410.00,07200
33200,0000005038,3098.00,08100
33200,0000005038,326.87,25001
33200,0000005038,261.38,25010
33500,0000005038,400.00,02315
33500,0000005038,500.00,04000
33500,0000005038,6500.00,08100
33500,0000005038,980.00,09900
33500,0000005038,775.00,15500
33500,0000005038,2368.00,16000
34100,0000005038,6950.00,06101
33200,0000005040,560.00,01800
33200,0000005040,3435.00,06100
33200,0000005040,2910.00,07200
33200,0000005040,300.00,07300
33200,0000005040,1850.00,08100
33200,0000005040,39165.00,08500
33200,0000005040,4235.00,09250
33200,0000005040,5800.00,12000
33200,0000005040,34439.56,25001
33200,0000005040,6350.44,25002
33200,0000005040,1293.29,25003
33200,0000005040,-147.38,25004
33500,0000005040,8000.00,04000
33500,0000005040,20000.00,09900
33500,0000005040,26500.00,15500
33500,0000005040,28000.00,16000
34100,0000005040,74000.00,06101
33200,0000005044,320.00,01800
33200,0000005044,825.00,06100
33200,0000005044,3115.00,06200
33200,0000005044,590.00,07200
33200,0000005044,95.00,07400
33200,0000005044,50.00,08500
33200,0000005044,435.00,09250
33500,0000005044,5250.00,04000
33500,0000005044,1655.00,09690
33500,0000005044,3425.00,09900
33500,0000005044,430.00,15400
34100,0000005044,8605.00,06101
33200,0000005045,300.00,01800
33200,0000005045,60.00,03100
33200,0000005045,60.00,03300
33200,0000005045,600.00,05500
33200,0000005045,1960.00,06100
33200,0000005045,1310.00,06200
33200,0000005045,535.00,07200
33200,0000005045,600.00,08100
33200,0000005045,21765.00,08500
33200,0000005045,80.00,09250
33200,0000005045,705.46,25010
33500,0000005045,3400.00,04000
33500,0000005045,4000.00,09900
34100,0000005045,10830.00,06101
33200,0000005047,165.00,01800
33200,0000005047,958.74,06100
33200,0000005047,945.00,06170
33200,0000005047,300.00,07200
33200,0000005047,1695.00,07400
33200,0000005047,800.00,08100
33200,0000005047,250.00,08200
33200,0000005047,270.00,09250
34100,0000005047,4045.00,06101
33200,0000006003,85.00,01800
33200,0000006003,874.57,06200
33200,0000006003,105.71,07200
33200,0000006003,325.24,09250
33200,0000006003,591.56,09900
33500,0000006003,960.41,09650
33500,0000006003,276.00,15400
34100,0000006003,6365.00,06101
33200,0000006008,350.00,01800
33200,0000006008,1295.00,06100
33200,0000006008,535.00,06200
33200,0000006008,850.00,09250
33200,0000006008,4650.00,09600
33200,0000006008,-1133.97,25001
33500,0000006008,2130.00,09900
33500,0000006008,2500.00,16000
34100,0000006008,5500.00,06101
33200,0000006009,6916.00,00400
33200,0000006009,1800.00,01800
33200,0000006009,7860.00,06100
33200,0000006009,35945.00,08100
33200,0000006009,245454.00,08500
33200,0000006009,133.36,25001
33200,0000006009,383.97,25002
33500,0000006009,7000.00,08000
33500,0000006009,2500.00,09900
34100,0000006009,59704.00,06101
33200,0000006010,350.00,01800
33200,0000006010,4935.00,06100
33200,0000006010,72550.00,08500
34100,0000006010,16920.00,06101
33200,0000006011,1543.00,00400
33200,0000006011,559.38,01800
33200,0000006011,2800.00,06100
33200,0000006011,65655.00,08500
34100,0000006011,22560.00,06101
33200,0000006013,4000.00,06100
33200,0000006015,1911.48,06100
34100,0000006015,2286.73,06101
33200,0000006017,5913.05,06100
34100,0000006017,12573.92,06101
33200,0000006022,1125.00,03000
33200,0000006022,5232.84,06100
33500,0000006022,800.00,03360
34100,0000006022,3200.00,06101
33200,0000006023,950.00,06100
34100,0000006023,2000.00,06101
33200,0000006026,1000.00,06100
33200,0000006026,17625.00,08500
33200,0000006026,278.35,25001
33500,0000006026,10500.00,14400
34100,0000006026,48800.00,06101
33200,0000006028,9335.00,03100
33200,0000006028,3100.00,06170
33200,0000006028,3000.00,07300
33200,0000006028,300.00,08100
33200,0000006028,2100.00,08500
34100,0000006028,20000.00,06101
33200,0000006029,4500.00,03100
33200,0000006029,400.00,03200
33200,0000006029,6000.00,03300
33200,0000006029,6800.00,06100
33200,0000006029,4813.00,06170
33200,0000006029,2055.00,07300
33200,0000006029,610.00,07400
33200,0000006029,710.00,08100
33200,0000006029,5200.00,08500
34100,0000006029,12300.00,06101
33200,0000006030,2400.00,02315
33200,0000006030,300.00,06100
34100,0000006030,3000.00,06101
33200,0000006031,12370.00,00400
33200,0000006031,1500.00,01800
33200,0000006031,4200.00,02315
33200,0000006031,400.00,03300
33200,0000006031,6950.00,05500
33200,0000006031,37000.00,06100
33200,0000006031,372.00,07400
33200,0000006031,260.00,08200
33200,0000006031,25864.00,09250
33200,0000006031,1684.00,10000
33200,0000006031,13000.00,11000
33200,0000006031,514.48,25001
33200,0000006031,1282.30,25002
33200,0000006031,4016.60,25003
33200,0000006031,5048.45,25004
33200,0000006031,77861.65,25005
33200,0000006031,3028.56,25006
33200,0000006031,2013.96,25007
33200,0000006031,2386.52,25008
33200,0000006031,5150.44,25009
33200,0000006031,1466.34,25010
33200,0000006031,8524.72,25011
33200,0000006031,-4274.16,25012
33200,0000006031,4086.95,25013
33200,0000006031,1872.03,25014
33500,0000006031,10000.00,15400
33500,0000006031,7850.00,16000
34100,0000006031,122464.00,06101
33200,0000006032,675.00,03300
33200,0000006032,450.00,06100
33500,0000006032,375.00,02315
34100,0000006032,2700.00,06101
33200,0000006037,250.00,01800
33200,0000006037,20.00,03200
33200,0000006037,200.00,03300
33200,0000006037,4360.00,06100
33200,0000006037,300.00,09900
34100,0000006037,5200.00,06101
33200,0000006038,300.00,01800
33200,0000006038,50.00,03300
33200,0000006038,938.00,06100
34100,0000006038,2400.00,06101
33200,0000006041,300.00,01800
33200,0000006041,1545.00,06100
33200,0000006041,500.00,08100
33500,0000006041,1478.00,09640
33500,0000006041,400.00,15400
34100,0000006041,3380.00,06101
33200,0000006043,400.00,08100
33200,0000006043,466.00,10000
34100,0000006043,600.00,06101
33200,0000006045,2160.00,06100
33200,0000006045,2000.00,08100
33200,0000006045,3000.00,08500
33200,0000006045,550.00,15400
33200,0000006045,3155.00,15600
33500,0000006045,3500.00,16000
34100,0000006045,10000.00,06101
33200,0000007001,1225.00,00400
33200,0000007001,545.00,01800
33200,0000007001,8595.00,06100
33200,0000007001,-4514.67,25001
33500,0000007001,14515.00,12000
33500,0000007001,5200.00,15400
33500,0000007001,5980.00,16000
34100,0000007001,13185.00,06101
33200,0000007005,330.00,01800
33200,0000007005,6791.00,06100
33200,0000007005,2655.00,08100
33200,0000007005,3512.09,25001
34100,0000007005,11300.00,06101
33200,0000007006,1.00,06100
33200,0000007007,454.55,06100
33200,0000007008,100.00,01800
33200,0000007008,300.00,06100
33200,0000007008,907.00,08200
34100,0000007008,2600.00,06101
33200,0000007009,420.00,01800
33200,0000007009,5610.00,07300
34100,0000007009,4770.00,06101
33200,0000007010,7530.00,00400
33200,0000007010,500.00,01800
33200,0000007010,17980.00,03300
33200,0000007010,72903.00,06100
33200,0000007010,1987.00,06170
33200,0000007010,780.00,06200
33200,0000007010,17518.00,07400
33200,0000007010,24500.00,08100
33200,0000007010,5618.00,08500
33200,0000007010,1714.00,10000
33200,0000007010,-23759.89,25001
33200,0000007010,-1869.08,25002
33200,0000007010,-373.31,25003
33500,0000007010,20800.00,02315
33500,0000007010,7937.00,02800
33500,0000007010,37567.00,03100
33500,0000007010,13134.00,03200
33500,0000007010,38800.00,05100
33500,0000007010,16355.00,05500
33500,0000007010,17287.00,07100
33500,0000007010,14430.00,09300
33500,0000007010,11632.00,09900
34100,0000007010,66528.00,06101
33200,0000007011,2000.00,06100
34100,0000007011,2304.00,06101
33200,0000007012,230.00,01800
33200,0000007012,1870.00,07300
34100,0000007012,2250.00,06101
33200,0000007013,4050.00,06100
33500,0000007013,500.00,16000
34100,0000007013,4300.00,06101
33200,0000007014,875.00,00400
33200,0000007014,2416.50,00401
33200,0000007014,1440.00,01800
33200,0000007014,10237.49,06100
33200,0000007014,1620.00,08100
33200,0000007014,85292.03,08500
33200,0000007014,1465.00,14800
33500,0000007014,6201.47,07100
34100,0000007014,30153.53,06101
33200,0000007015,875.00,00400
33200,0000007015,904.50,00401
33200,0000007015,650.00,01800
33200,0000007015,2389.16,06100
33200,0000007015,1517.03,07400
33200,0000007015,27917.12,08500
33200,0000007015,1340.00,14800
33200,0000007015,1400.57,25001
34100,0000007015,16659.86,06101
33200,0000007016,875.00,00400
33200,0000007016,2632.50,00401
33200,0000007016,1545.00,01800
33200,0000007016,4708.36,06100
33200,0000007016,2488.99,07400
33200,0000007016,7156.00,08100
33200,0000007016,8150.00,08120
33200,0000007016,79700.71,08500
33200,0000007016,2072.50,14800
33200,0000007016,-951.79,25001
33200,0000007016,-223.21,25002
34100,0000007016,42324.91,06101
33200,0000007018,500.00,06100
33200,0000007018,907.00,08100
34100,0000007018,1500.00,06101
33200,0000007019,50.00,01800
33200,0000007019,1060.00,06100
33500,0000007019,300.00,15400
34100,0000007019,2800.00,06101
33200,0000007020,434.78,06100
34100,0000007020,876.52,06101
33200,0000007021,1000.00,06100
34100,0000007021,1800.00,06101
33200,0000007022,280.00,06100
34100,0000007022,1160.00,06101
33200,0000007023,2275.00,06100
34100,0000007023,2000.00,06101
33200,0000007024,11353.50,06100
34100,0000007024,7880.00,06101
33200,0000007026,600.00,01800
33200,0000007026,2778.00,06100
33200,0000007026,1920.16,25001
34100,0000007026,14184.00,06101
33200,0000007027,2875.00,06100
34100,0000007027,2875.00,06101
33200,0000007028,4370.00,06100
33200,0000007028,5730.00,25001
34100,0000007028,5000.00,06101
33200,0000007029,1500.00,06100
34100,0000007029,1500.00,06101
33200,0000007030,2095.00,06100
34100,0000007030,1750.00,06101
33200,0000007031,1961.00,06100
34100,0000007031,2040.00,06101
33200,0000007032,1192.00,00400
33200,0000007032,1856.00,00401
33200,0000007032,1800.00,01800
33200,0000007032,28768.00,06080
33200,0000007032,4962.00,06100
33200,0000007032,11869.00,07620
33200,0000007032,2750.00,14800
33200,0000007032,2737.86,25001
33200,0000007032,386.34,25002
33500,0000007032,11890.00,07200
33500,0000007032,4000.00,07500
34100,0000007032,10296.00,02070
34100,0000007032,19396.00,06101
33200,0000007033,300.00,01800
33200,0000007033,1902.00,06100
34100,0000007033,2100.00,06101
33200,0000007035,2570.50,06100
34100,0000007035,2570.50,06101
33200,0000007036,2683.00,03200
33200,0000007036,2132.00,06100
33500,0000007036,800.00,03360
34100,0000007036,6656.00,06101
33200,0000007037,300.00,01800
33200,0000007037,1500.00,07300
34100,0000007037,2160.00,06101
33200,0000007038,2043.50,00100
33200,0000007038,1899.50,00401
33200,0000007038,7260.00,01800
33200,0000007038,1406.92,06100
33200,0000007038,304.61,07210
33200,0000007038,304.61,07900
33200,0000007038,49801.14,08520
33200,0000007038,5660.00,14840
33200,0000007038,-15832.00,25001
33200,0000007038,2233.21,25002
33200,0000007038,796.63,25003
34100,0000007038,30887.16,06101
33200,0000007039,300.00,01800
33200,0000007039,3150.00,06100
34100,0000007039,1855.00,06101
33200,0000007040,700.00,01800
34100,0000007040,4200.00,06101
33200,0000007041,4070.88,06100
33500,0000007041,580.00,02800
34100,0000007041,6300.00,06101
33200,0000007042,100.00,01800
33200,0000007042,164.00,06100
33200,0000007042,500.00,09900
33500,0000007042,690.00,09610
34100,0000007042,300.00,06101
33200,0000007043,200.00,01800
33200,0000007043,2500.00,03300
33200,0000007043,4445.00,06100
33500,0000007043,1000.00,03100
33500,0000007043,525.00,03360
33500,0000007043,1200.00,07330
34100,0000007043,6740.00,06101
33200,0000007044,300.00,01800
33200,0000007044,1595.00,06100
34100,0000007044,1680.00,06101
33200,0000007045,500.00,01800
33200,0000007045,1200.00,02315
33200,0000007045,5950.00,03000
33200,0000007045,40930.00,06100
33200,0000007045,5090.00,06110
33200,0000007045,7200.00,08000
33500,0000007045,15600.00,02070
33500,0000007045,1500.00,02315
33500,0000007045,1500.00,03000
33500,0000007045,600.00,03100
34100,0000007045,32930.00,06101
33200,0000007046,2250.00,03300
33200,0000007046,17680.00,06100
33200,0000007046,1150.00,06170
33200,0000007046,875.00,08000
33500,0000007046,2980.00,02200
34100,0000007046,14560.00,06101
33200,0000007047,350.00,01800
33200,0000007047,4000.00,07300
33200,0000007047,150.00,10000
33500,0000007047,3000.00,07300
34100,0000007047,2500.00,06101
33200,0000007048,3600.00,06100
34100,0000007048,3600.00,06101
33200,0000007051,1000.00,00400
33200,0000007051,2435.00,06100
34100,0000007051,4784.00,06101
33200,0000007052,150.00,01800
33200,0000007052,2100.00,02800
33200,0000007052,2600.00,03300
33200,0000007052,1235.00,06100
33500,0000007052,800.00,03300
34100,0000007052,6132.58,06101
33200,0000007055,300.00,01800
33200,0000007055,400.00,03300
33200,0000007055,20987.85,06100
33200,0000007055,575.00,06170
33200,0000007055,3200.00,08000
33200,0000007055,600.00,08110
33200,0000007055,784.53,25001
33500,0000007055,2400.00,07000
33500,0000007055,820.00,15000
33500,0000007055,3000.00,16000
34100,0000007055,18312.00,06101
33200,0000007056,40800.00,00400
33200,0000007056,3900.00,00401
33200,0000007056,37651.00,03300
33200,0000007056,108419.00,06100
33200,0000007056,14516.00,07310
33200,0000007056,38136.00,07410
33200,0000007056,13035.00,08110
33200,0000007056,1875.00,10000
33200,0000007056,640.00,12300
33200,0000007056,863.21,25001
33200,0000007056,1314.98,25002
33200,0000007056,699.11,25003
33200,0000007056,455.50,25004
33200,0000007056,323.62,25005
33200,0000007056,2138.14,25006
33200,0000007056,1039.46,25007
33200,0000007056,9535.34,25009
33200,0000007056,301.45,25010
33200,0000007056,1012.23,25011
33200,0000007056,648.89,25012
33200,0000007056,12293.14,25013
33200,0000007056,3451.54,25016
33200,0000007056,137.97,25017
33200,0000007056,-1697.17,25018
33200,0000007056,4563.14,25021
33500,0000007056,96450.00,02200
33500,0000007056,11995.00,02820
33500,0000007056,11224.00,03100
33500,0000007056,11700.00,03200
33500,0000007056,8646.00,03360
33500,0000007056,23872.00,05100
33500,0000007056,27435.00,07200
33500,0000007056,548.00,07260
33500,0000007056,2292.00,07270
33500,0000007056,10924.00,07469
33500,0000007056,1805.00,08370
33500,0000007056,30024.00,08400
33500,0000007056,10976.00,09130
33500,0000007056,27295.00,09250
33500,0000007056,15500.00,09600
33500,0000007056,7807.00,09900
33500,0000007056,31422.00,11405
33500,0000007056,1000.00,12300
33500,0000007056,64418.00,15001
33500,0000007056,27450.00,15401
33500,0000007056,91825.00,16000
33500,0000007056,-3531.00,25021
33200,0000008007,11725.00,00400
33200,0000008007,5263.50,00401
33200,0000008007,2331.00,01800
33200,0000008007,30523.68,06100
33200,0000008007,17760.16,07410
33200,0000008007,3098.69,07469
33200,0000008007,8288.00,08110
33200,0000008007,14550.00,08120
33200,0000008007,56247.48,08520
33200,0000008007,21695.00,08900
33200,0000008007,17242.68,25001
33200,0000008007,2473.98,25002
33200,0000008007,536.87,25003
33500,0000008007,5373.91,04000
33500,0000008007,7246.60,07200
34100,0000008007,102713.25,06101
33200,0000008012,818.18,00400
33200,0000008012,4545.45,02000
33200,0000008012,909.09,02070
33200,0000008012,4300.91,06100
33200,0000008012,12131.82,08000
33200,0000008012,1363.64,09200
33200,0000008012,3636.36,09510
33500,0000008012,6318.18,15000
33500,0000008012,3413.64,15001
33500,0000008012,4545.45,16000
33200,0000008013,10685.45,06100
33200,0000008013,4400.00,08000
33200,0000008013,1636.36,09250
33200,0000008013,1363.64,12000
33500,0000008013,7500.00,09600
33500,0000008013,4545.45,09910
33200,0000008016,210.00,03200
33200,0000008016,1125.00,03300
33200,0000008016,3860.00,06170
33200,0000008016,4410.00,07330
33200,0000008016,6327.00,07400
34100,0000008016,20904.00,06101
33200,0000008017,1000.00,00100
33200,0000008017,1200.00,00400
33200,0000008017,1779.00,06220
33200,0000008017,13826.00,07450
33200,0000008017,3156.00,07460
33200,0000008017,1378.00,07700
34100,0000008017,7947.00,06220
34100,0000008017,18423.00,07450
34100,0000008017,4065.00,07460
34100,0000008017,1808.00,07700
33200,0000008018,500.00,00400
33200,0000008018,2527.00,00401
33200,0000008018,600.00,01800
33200,0000008018,12940.00,03300
33200,0000008018,34298.00,06100
33200,0000008018,10335.00,07400
33200,0000008018,15831.00,08000
33200,0000008018,1200.00,08050
33200,0000008018,28459.00,09000
33200,0000008018,1366.57,25001
33200,0000008018,694.26,25002
33200,0000008018,1545.28,25003
33200,0000008018,762.34,25004
33200,0000008018,1339.25,25005
33200,0000008018,230.66,25006
33200,0000008018,687.60,25007
33500,0000008018,12233.00,03100
33500,0000008018,1000.00,03300
33500,0000008018,3255.00,03360
33500,0000008018,650.00,07760
33500,0000008018,35295.00,15000
33500,0000008018,206.04,25008
34100,0000008018,33904.00,06101
33200,0000008019,400.00,01800
33200,0000008019,1945.00,06100
34100,0000008019,3150.00,06101
33200,0000008020,16719.64,00400
33200,0000008020,13820.54,00401
33200,0000008020,25518.75,02070
33200,0000008020,6765.18,05500
33200,0000008020,952.71,07460
33200,0000008020,6625.00,08100
33200,0000008020,1850.00,10260
33200,0000008020,700.00,12500
33500,0000008020,19600.00,02130
33500,0000008020,2500.00,04000
33500,0000008020,4450.00,09250
33500,0000008020,9499.11,09310
33500,0000008020,12350.00,09510
33500,0000008020,1992.86,09900
33500,0000008020,6602.68,09960
33500,0000008020,25934.82,15000
33500,0000008020,15559.82,16000
33500,0000008020,3181.06,25001
33500,0000008020,14030.05,25002
33200,0000008021,6558.00,00400
33200,0000008021,1090.00,02775
33200,0000008021,4618.00,05500
33200,0000008021,14472.00,06100
33200,0000008021,90140.00,06170
33200,0000008021,5880.00,06400
33200,0000008021,6125.00,07200
33200,0000008021,46744.00,07310
33200,0000008021,34988.00,07460
33200,0000008021,6349.00,08110
33200,0000008021,7186.00,08500
33200,0000008021,23775.00,09130
33200,0000008021,28340.00,09250
33200,0000008021,8815.00,10150
33200,0000008021,1600.00,10400
33200,0000008021,3344.73,25001
33200,0000008021,702.07,25003
33200,0000008021,1029.93,25007
33200,0000008021,1702.74,25008
33200,0000008021,28.47,25012
33200,0000008021,1868.62,25013
33200,0000008021,1741.85,25014
33200,0000008021,641.29,25015
33200,0000008021,480.29,25016
33200,0000008021,2854.27,25017
33200,0000008021,156.62,25018
33200,0000008021,1045.22,25019
33200,0000008021,850.76,25020
33200,0000008021,1742.79,25022
33200,0000008021,283.84,25023
33200,0000008021,10240.91,25024
33200,0000008021,219.26,25025
33200,0000008021,665.54,25026
33200,0000008021,1370.42,25027
33200,0000008021,121.51,25028
33500,0000008021,1050.00,02465
33500,0000008021,2000.00,04000
33500,0000008021,20035.00,09600
33500,0000008021,7845.00,09900
33500,0000008021,32570.00,15001
33500,0000008021,10575.00,15401
33500,0000008021,24295.00,16000
33500,0000008021,1230.55,25005
33500,0000008021,388.84,25006
33500,0000008021,3049.41,25010
33500,0000008021,310.53,25011
34100,0000008021,15850.00,06101
34100,0000008021,4900.00,08110
34100,0000008021,2400.00,08500
34100,0000008021,1700.00,10150
33200,0000008022,400.00,01800
33200,0000008022,2025.00,06100
34100,0000008022,3150.00,06101
33200,0000008023,70.00,06100
34100,0000008023,399.00,06101
33200,0000008024,7030.00,06100
34100,0000008024,7850.00,06101
33200,0000008026,10120.00,01800
33200,0000008026,5599.00,06100
33200,0000008026,13540.00,07300
33200,0000008026,7390.00,07400
33200,0000008026,1580.00,09200
33200,0000008026,3460.00,09900
33200,0000008026,2750.00,12300
33200,0000008026,1524.82,25001
33500,0000008026,600.00,07760
33500,0000008026,465.00,09300
33500,0000008026,568.30,15401
33500,0000008026,990.00,16000
34100,0000008026,4020.00,06101
33200,0000008027,592.00,06100
33200,0000008027,2011.00,09510
33500,0000008027,1470.00,16000
34100,0000008027,2700.00,06101
33200,0000008028,100.00,01800
33200,0000008028,550.00,06100
34100,0000008028,850.00,06101
33200,0000008031,25.00,02300
33200,0000008031,500.00,06100
33200,0000008031,200.00,09900
34100,0000008031,2154.00,06101
33200,0000008035,380.00,06100
34100,0000008035,674.00,06101
33200,0000008036,1139.31,01800
33200,0000008036,9875.95,02070
33200,0000008036,26353.04,06100
33200,0000008036,925.35,08000
33200,0000008036,12290.05,09000
33200,0000008036,17549.32,09600
33200,0000008036,5689.57,09900
33200,0000008036,7883.92,25001
33500,0000008036,20326.92,04000
33500,0000008036,1609.98,12000
33500,0000008036,2480.69,15000
33500,0000008036,2767.79,16000
33200,0000008037,7280.00,00400
33200,0000008037,2500.00,01800
33200,0000008037,31252.00,06100
33200,0000008037,12500.00,07300
33200,0000008037,19181.59,25001
33200,0000008037,726.80,25002
34100,0000008037,46120.00,06101
33200,0000008039,400.00,00400
33200,0000008039,600.00,01800
33200,0000008039,6547.07,06100
34100,0000008039,9206.33,06101
33200,0000008040,1615.00,06100
33200,0000008040,3313.00,14800
34100,0000008040,9500.00,06101
33200,0000008041,652.50,00401
33200,0000008041,965.00,01800
33200,0000008041,4496.53,06100
33200,0000008041,18657.00,08500
33200,0000008041,300.00,14800
33200,0000008041,-380.77,25001
34100,0000008041,8633.17,06101
33200,0000008042,2080.00,03300
33200,0000008042,18622.00,06100
33200,0000008042,8760.00,06110
33200,0000008042,12000.00,08000
33200,0000008042,600.00,09600
33200,0000008042,6080.00,09640
34100,0000008042,50386.00,06101
33200,0000008043,300.00,01800
33200,0000008043,1355.00,06100
34100,0000008043,1596.00,06101
34100,0000008044,4869.57,06101
33200,0000008048,500.00,01800
33200,0000008048,8710.00,06100
34100,0000008048,8645.00,06101
33200,0000008049,796.57,08500
33200,0000008049,800.00,14800
34100,0000008049,4597.56,06101
33200,0000008050,24347.83,02450
33200,0000008050,20614.04,06100
33200,0000008050,21739.13,07400
33200,0000008050,26086.96,09000
33200,0000008050,409.73,25001
33200,0000008050,1229.18,25002
33200,0000008050,1070.41,25003
33200,0000008050,1349.79,25004
33200,0000008050,618.69,25005
33500,0000008050,3652.17,12000
33500,0000008050,9565.22,15000
33500,0000008050,6956.52,16000
33200,0000008051,798.00,00401
33200,0000008051,1140.00,01800
33200,0000008051,2037.00,07460
33200,0000008051,23908.00,08500
33200,0000008051,500.00,14800
34100,0000008051,13720.00,06101
33200,0000008052,505.00,06100
33200,0000008052,60.00,14800
34100,0000008052,2230.00,06101
33200,0000008057,4440.00,00400
33200,0000008057,750.00,03300
33200,0000008057,26564.00,06100
33200,0000008057,12541.00,07410
33200,0000008057,900.00,08110
33200,0000008057,3850.00,14800
33200,0000008057,24136.18,25001
33200,0000008057,5333.78,25002
34100,0000008057,46800.00,06101
33200,0000008060,250.00,01800
33200,0000008060,4583.00,06100
34100,0000008060,4940.00,06101
33200,0000008061,1000.00,00400
33200,0000008061,783.00,00401
33200,0000008061,350.00,01800
33200,0000008061,1628.00,06100
33200,0000008061,43760.00,08000
34100,0000008061,6670.00,06101
33200,0000008062,1000.25,00400
33200,0000008062,560.00,00401
33200,0000008062,400.00,01800
33200,0000008062,1273.00,06100
33200,0000008062,32380.00,08000
34100,0000008062,7800.00,06101
33200,0000008063,1635.00,00400
33200,0000008063,768.50,00401
33200,0000008063,600.00,01800
33200,0000008063,2035.95,06100
33200,0000008063,19623.00,08560
33200,0000008063,1950.00,11000
34100,0000008063,10836.88,06101
33200,0000008064,2252.00,02070
33200,0000008064,12018.00,02450
33200,0000008064,16658.00,06110
33200,0000008064,5426.00,07400
33200,0000008064,9574.00,09000
34100,0000008064,3120.00,02070
34100,0000008064,3068.00,02450
34100,0000008064,6500.00,06110
34100,0000008064,5200.00,07400
34100,0000008064,1200.00,09000
33200,0000008065,1800.00,01800
33200,0000008065,100.00,02315
33200,0000008065,1200.00,02480
33200,0000008065,1250.00,03000
33200,0000008065,4400.00,05100
33200,0000008065,13000.00,06100
33200,0000008065,1850.00,06170
33200,0000008065,1440.00,09210
33200,0000008065,3000.00,09510
33200,0000008065,650.00,09900
33500,0000008065,1080.00,02315
33500,0000008065,830.00,03050
34100,0000008065,9635.00,02070
34100,0000008065,42025.00,06101
33500,0000009003,6200.00,05500
33200,0000009004,100.00,06100
33200,0000009004,950.00,08000
34100,0000009004,200.00,06101
33200,0000009005,955.00,00400
33200,0000009005,455.00,00401
33200,0000009005,500.00,01800
33200,0000009005,1646.46,06100
33200,0000009005,15120.00,08560
33200,0000009005,500.00,11000
34100,0000009005,280.00,01800
34100,0000009005,4462.18,06101
33200,0000009009,1048.00,00400
33200,0000009009,261.00,00401
33200,0000009009,748.15,06100
33200,0000009009,91.78,25001
34100,0000009009,10897.11,06101
34100,0000009011,15065.22,06101
34100,0000009012,12686.96,06101
34100,0000009014,19913.04,06101
33200,0000009015,2112.50,00400
33200,0000009015,2989.80,00401
33200,0000009015,1526.50,01800
33200,0000009015,3619.43,06100
33200,0000009015,35105.00,08110
33200,0000009015,18385.00,08150
33200,0000009015,46873.00,08500
33200,0000009015,1468.30,25001
33200,0000009015,3080.36,25002
33500,0000009015,981.20,04000
33500,0000009015,520.00,16000
34100,0000009015,18313.49,06101
33200,0000009017,760.00,00400
33200,0000009017,1957.50,00401
33200,0000009017,1015.00,01800
33200,0000009017,46127.89,03480
33200,0000009017,15904.20,06100
33200,0000009017,2690.74,25001
33200,0000009017,1986.13,25002
33200,0000009017,150.10,25003
33200,0000009017,402.29,25004
33200,0000009017,8785.75,25005
33500,0000009017,8560.00,04000
33500,0000009017,3966.99,07530
33500,0000009017,1270.50,16000
34100,0000009017,25691.15,06101
34100,0000009018,12439.13,06101
34100,0000009019,22682.61,06101
33200,0000009020,600.00,01800
33200,0000009020,1445.00,02315
33200,0000009020,2700.00,03300
33200,0000009020,12595.00,06100
33200,0000009020,3410.00,06170
33200,0000009020,150.00,07100
33500,0000009020,1500.00,03100
33500,0000009020,450.00,03200
33500,0000009020,225.00,07200
33500,0000009020,1100.00,09900
34100,0000009020,19334.00,06101
34100,0000009024,10804.35,06101
33200,0000009026,1867.00,06100
34100,0000009026,5400.00,06101
33200,0000009027,3580.00,06100
34100,0000009027,1760.00,06101
33200,0000009028,905.00,00400
33200,0000009028,343.50,00401
33200,0000009028,1683.69,06100
33200,0000009028,10714.00,08560
33200,0000009028,500.00,11000
34100,0000009028,3656.24,06101
33200,0000009030,1960.00,00400
33200,0000009030,3828.00,00401
33200,0000009030,500.00,01800
33200,0000009030,5190.68,02300
33200,0000009030,5010.00,02315
33200,0000009030,1000.00,02750
33200,0000009030,2195.37,02775
33200,0000009030,7195.00,02820
33200,0000009030,591.58,03150
33200,0000009030,1638.00,03200
33200,0000009030,6642.50,03300
33200,0000009030,2911.00,05500
33200,0000009030,9782.14,06100
33200,0000009030,296.00,07190
33200,0000009030,3335.28,07210
33200,0000009030,240.71,07260
33200,0000009030,288.95,07270
33200,0000009030,2355.88,07310
33200,0000009030,2854.87,07450
33200,0000009030,3034.75,07620
33200,0000009030,630.93,07920
33200,0000009030,8665.00,08100
33200,0000009030,500.00,08500
33200,0000009030,3307.33,09200
33200,0000009030,2060.00,09910
33200,0000009030,10290.00,10000
33200,0000009030,8070.74,25001
33200,0000009030,4713.74,25002
33200,0000009030,-5413.79,25003
33500,0000009030,3720.00,03100
33500,0000009030,979.20,03360
33500,0000009030,848.00,05500
33500,0000009030,8919.00,06400
33500,0000009030,1511.58,07190
33500,0000009030,4500.00,07469
33500,0000009030,5900.00,08500
33500,0000009030,6800.00,09300
33500,0000009030,10657.00,15001
33500,0000009030,30200.00,15401
33500,0000009030,21875.00,16000
34100,0000009030,1170.17,02775
34100,0000009030,515.67,03150
34100,0000009030,952.00,03200
34100,0000009030,87.52,03360
34100,0000009030,218.17,05500
34100,0000009030,8647.33,06100
34100,0000009030,79.33,07190
34100,0000009030,2697.33,07210
34100,0000009030,515.67,07260
34100,0000009030,436.33,07270
34100,0000009030,1467.67,07310
34100,0000009030,1586.67,07450
34100,0000009030,1289.17,07620
34100,0000009030,1269.33,07920
34100,0000009030,1725.50,08100
34100,0000009030,238.00,08500
34100,0000009030,3609.67,09200
34100,0000009030,2459.33,09910
34100,0000009030,2206.75,10000
33200,0000009032,11145.22,06100
33200,0000009032,4087.58,06170
33200,0000009032,12086.96,08000
33500,0000009032,4782.61,01430
33500,0000009032,19343.48,03100
33500,0000009032,2434.78,07500
34100,0000009032,17391.30,06101
33200,0000009037,2116.71,06100
34100,0000009037,2116.71,06101
33200,0000009042,920.00,00400
33200,0000009042,1064.99,06100
33200,0000009042,620.00,07300
33200,0000009042,56.70,07400
34100,0000009042,3031.58,06101
33200,0000009043,640.00,00400
33200,0000009043,188.50,00401
33200,0000009043,1209.14,06100
33500,0000009043,3978.00,08370
33500,0000009043,640.00,16000
34100,0000009043,3425.00,06101
33200,0000009045,250.00,02315
33200,0000009045,960.00,03300
33200,0000009045,800.00,03370
33200,0000009045,4886.00,06100
33200,0000009045,800.00,06170
33200,0000009045,980.00,08000
34100,0000009045,5924.00,06101
33200,0000009051,150.00,01800
33200,0000009051,793.47,06200
33200,0000009051,108.60,09250
34100,0000009051,1761.30,06101
33200,0000009052,4950.00,00400
33200,0000009052,87700.00,06100
33200,0000009052,57000.00,06170
33200,0000009052,600.00,08100
33200,0000009052,8000.00,08500
33500,0000009052,5500.00,08370
34100,0000009052,90395.00,06101
33200,0000009053,300.00,01800
33200,0000009053,1536.75,06100
34100,0000009053,3870.00,06101
34100,0000009055,30434.70,06101
33200,0000009057,1197.03,03200
33200,0000009057,2503.83,03300
33200,0000009057,13248.81,06100
33200,0000009057,10585.26,06170
33200,0000009057,4812.85,06200
33200,0000009057,6610.00,08100
33200,0000009057,4075.00,08200
33200,0000009057,905.00,08500
33200,0000009057,3903.38,09500
33200,0000009057,792.28,09900
33200,0000009057,1184.92,10000
33200,0000009057,3674.02,25001
33500,0000009057,3271.64,02315
33500,0000009057,5450.00,03100
34100,0000009057,735.00,00400
34100,0000009057,32601.56,06101
33200,0000009067,200.00,01800
33200,0000009067,2080.00,03300
33200,0000009067,15719.92,06100
33200,0000009067,3400.00,06170
33200,0000009067,11225.00,07400
34100,0000009067,1000.00,03300
34100,0000009067,19350.00,06101
33200,0000009068,725.00,00400
33200,0000009068,500.00,00401
33200,0000009068,300.00,01800
33200,0000009068,1000.00,02300
33200,0000009068,8180.96,07400
33200,0000009068,16846.24,08120
33200,0000009068,1200.00,11000
33500,0000009068,800.00,07760
34100,0000009068,350.00,01800
34100,0000009068,1500.00,02300
34100,0000009068,12761.53,07400
34100,0000009068,2314.67,08120
33500,0000009069,2016.00,02000
34100,0000009069,156.80,00400
34100,0000009069,4704.00,06101
33200,0000009072,1215.74,06100
34100,0000009072,1300.00,06101
33200,0000009076,1973.49,06100
34100,0000009076,3205.00,06101
33200,0000009077,3395.00,06100
34100,0000009077,3395.00,06101
33200,0000009079,975.00,00400
33200,0000009079,105.00,00401
33200,0000009079,500.00,01800
33200,0000009079,150.00,02300
33200,0000009079,600.00,02315
33200,0000009079,346.15,02775
33200,0000009079,713.63,03200
33200,0000009079,1852.50,03300
33200,0000009079,141.10,10000
33200,0000009079,173.93,25001
33200,0000009079,485.04,25002
33500,0000009079,1050.00,02070
33500,0000009079,12479.41,05500
34100,0000009079,2586.38,02070
34100,0000009079,108.90,02300
34100,0000009079,598.95,02315
34100,0000009079,1796.85,02775
34100,0000009079,789.53,03200
34100,0000009079,626.18,03360
34100,0000009079,108.90,05500
34100,0000009079,108.90,10000
33200,0000009080,6946.00,00400
33200,0000009080,5553.50,00401
33200,0000009080,7896.00,01800
33200,0000009080,920.00,05500
33200,0000009080,1016.33,06100
33200,0000009080,51.02,07210
33200,0000009080,968.00,07620
33200,0000009080,1488.90,07920
33200,0000009080,3760.00,08100
33200,0000009080,3737.80,09110
33200,0000009080,3200.40,09130
33200,0000009080,1940.00,09910
33200,0000009080,2170.76,10000
33200,0000009080,2190.37,25001
33200,0000009080,1554.32,25002
33200,0000009080,1576.32,25003
33200,0000009080,273.70,25004
33200,0000009080,400.71,25006
33200,0000009080,445.36,25007
33200,0000009080,228.12,25009
33200,0000009080,288.31,25014
33200,0000009080,564.60,25015
33500,0000009080,2000.00,04000
33500,0000009080,1487.50,05500
33500,0000009080,5371.20,07130
33500,0000009080,8920.00,09300
33500,0000009080,87850.00,15001
33500,0000009080,18500.00,15080
33500,0000009080,1788.00,15300
33500,0000009080,65315.00,15401
33500,0000009080,9800.00,15905
33500,0000009080,22317.00,16000
33500,0000009080,1141.24,25008
33500,0000009080,1078.18,25010
33500,0000009080,319.35,25011
33500,0000009080,124.44,25012
33500,0000009080,865.81,25013
33500,0000009080,1051.40,25016
33500,0000009080,2474.97,25017
33500,0000009080,123.99,25018
33500,0000009080,391.79,25019
34100,0000009080,15872.18,02070
34100,0000009080,5662.80,02110
34100,0000009080,544.50,05500
34100,0000009080,1796.85,06100
34100,0000009080,54.45,07210
34100,0000009080,272.25,07620
34100,0000009080,326.70,07920
34100,0000009080,1415.70,08100
34100,0000009080,6479.55,09110
34100,0000009080,5445.00,09130
34100,0000009080,3049.20,09910
34100,0000009080,1361.25,10000
33200,0000009082,200.00,00400
33200,0000009082,300.00,01800
33200,0000009082,500.00,03300
33200,0000009082,1718.00,06100
33200,0000009082,10000.00,08100
33200,0000009082,8180.00,08500
33200,0000009082,4103.44,25001
33500,0000009082,1500.00,04000
33500,0000009082,1200.00,07500
34100,0000009082,7500.00,06100
33200,0000009086,12946.43,07400
34100,0000009086,12946.43,07400
33200,0000009087,500.00,01800
33200,0000009087,4000.00,06100
33200,0000009087,1015.00,07200
33200,0000009087,1636.00,08200
33200,0000009087,1736.00,08500
33200,0000009087,1840.00,09250
34100,0000009087,11135.00,06101
33200,0000009089,1700.00,00400
33200,0000009089,2697.00,00401
33200,0000009089,1646.00,01800
33200,0000009089,1300.00,02300
33200,0000009089,301.95,03150
33200,0000009089,1582.00,03200
33200,0000009089,5179.00,03300
33200,0000009089,7581.86,06100
33200,0000009089,2562.88,07210
33200,0000009089,103.90,07260
33200,0000009089,178.64,07270
33200,0000009089,3379.06,07310
33200,0000009089,2060.00,07620
33200,0000009089,138.28,07920
33200,0000009089,3400.00,08100
33200,0000009089,84.37,08500
33200,0000009089,1134.64,09130
33200,0000009089,4079.85,09200
33200,0000009089,1175.42,25001
33200,0000009089,166.87,25002
33200,0000009089,512.02,25003
33200,0000009089,138.25,25004
33200,0000009089,1536.14,25005
33200,0000009089,92.03,25007
33500,0000009089,5575.00,02315
33500,0000009089,2000.00,03100
33500,0000009089,1117.80,03360
33500,0000009089,546.75,07190
33500,0000009089,7799.85,07469
33500,0000009089,1524.00,08500
33500,0000009089,3195.00,09300
33500,0000009089,15000.00,15001
33500,0000009089,2200.00,15080
33500,0000009089,7780.00,15401
33500,0000009089,12000.00,15900
33500,0000009089,10873.00,16000
34100,0000009089,4464.90,02070
34100,0000009089,952.88,03150
34100,0000009089,1579.05,03200
34100,0000009089,249.76,03360
34100,0000009089,8984.25,06100
34100,0000009089,490.05,06400
34100,0000009089,2450.25,07210
34100,0000009089,326.70,07260
34100,0000009089,217.80,07270
34100,0000009089,2940.30,07310
34100,0000009089,952.88,07620
34100,0000009089,762.30,07920
34100,0000009089,1606.28,08100
34100,0000009089,326.70,08500
34100,0000009089,1524.60,09130
34100,0000009089,7296.30,09200
33200,0000009093,800.00,01800
33200,0000009093,250.00,05210
33200,0000009093,9620.00,06100
33200,0000009093,3600.00,06170
33500,0000009093,500.00,02315
34100,0000009093,20050.00,06101
34100,0000009093,460.00,06170
34100,0000009097,30434.78,06101
33200,0000009098,2947.83,06100
34100,0000009098,2947.83,06101
33200,0000010001,310.00,06100
33200,0000010001,850.00,11000
34100,0000010001,880.00,06101
33200,0000010002,200.00,01800
33200,0000010002,1800.00,03100
33200,0000010002,159.00,03210
33200,0000010002,4500.00,03300
33200,0000010002,4450.00,06100
33200,0000010002,2500.00,06170
33500,0000010002,3000.00,07120
34100,0000010002,10100.00,06101
33200,0000010003,350.00,01800
33200,0000010003,1586.75,06100
33200,0000010003,8825.00,08000
34100,0000010003,4675.00,06101
33200,0000010008,122.50,00100
33200,0000010008,1039.16,06100
33200,0000010008,1386.92,06400
33200,0000010008,1204.00,08100
34100,0000010008,2676.00,06101
33200,0000010009,600.00,01800
33200,0000010009,1461.00,06100
33200,0000010009,8000.00,08000
34100,0000010009,5200.00,06101
33200,0000010010,2300.00,00400
33200,0000010010,6423.00,06100
33500,0000010010,11690.00,05100
33500,0000010010,6025.00,07200
33500,0000010010,8565.00,08970
33500,0000010010,3455.00,09650
33500,0000010010,3465.00,15400
33500,0000010010,3510.00,15500
33500,0000010010,4225.00,16000
34100,0000010010,8151.00,06101
33200,0000010011,1320.00,00400
33200,0000010011,1588.13,07200
33200,0000010011,25392.77,07400
33200,0000010011,475.00,08200
33200,0000010011,18647.05,08500
33200,0000010011,3749.15,25001
33200,0000010013,1628.00,00400
33200,0000010013,21151.35,08200
33200,0000010013,17857.04,08500
33200,0000010013,53.57,25001
33200,0000010013,309.79,25002
33200,0000010014,4903.00,06100
34100,0000010014,9000.00,06101
33200,0000010015,1086.00,06100
33200,0000010015,1850.00,06101
33500,0000010015,5290.00,05100
33500,0000010015,1088.00,16000
33200,0000010019,1280.00,02315
33200,0000010019,335.00,02600
33200,0000010019,1485.00,03300
33200,0000010019,13472.30,06100
33200,0000010019,3830.00,07000
33200,0000010019,6695.69,08050
33200,0000010019,10140.00,09000
33200,0000010019,25261.51,25003
33500,0000010019,400.00,02000
33500,0000010019,800.00,02315
33500,0000010019,5325.62,03100
33500,0000010019,3200.00,03300
33500,0000010019,1000.00,03350
33500,0000010019,6000.00,15401
33500,0000010019,10000.00,16050
33500,0000010019,11225.89,25001
33500,0000010019,18444.71,25002
34100,0000010019,1000.00,02315
34100,0000010019,200.00,02600
34100,0000010019,400.00,03100
34100,0000010019,13800.00,06100
34100,0000010019,5000.00,06101
34100,0000010019,750.00,08050
34100,0000010019,11250.00,09000
34100,0000010019,500.00,15160
33200,0000010020,1146.25,00400
33200,0000010020,844.25,02220
33500,0000010020,3199.00,02455
33500,0000010020,18120.00,05400
33500,0000010020,127500.00,13120
33500,0000010020,400.00,16000
34100,0000010020,817.12,05500
33200,0000010021,350.00,01800
33200,0000010021,1950.00,06100
34100,0000010021,3000.00,06101
33200,0000010022,400.00,01800
33200,0000010022,1750.00,02070
33200,0000010022,1800.00,06100
33200,0000010022,500.00,11000
34100,0000010022,5000.00,06101
33200,0000010024,1500.00,02300
33200,0000010024,1320.00,03300
33200,0000010024,17057.00,06100
33200,0000010024,1700.00,06170
34100,0000010024,17800.00,06101
33200,0000010029,6330.00,06100
33200,0000010029,3000.00,06170
34100,0000010029,7387.00,06101
33200,0000010031,2701.00,06100
34100,0000010031,2850.20,06101
33200,0000010032,1766.75,00400
33500,0000010032,6864.00,02070
33500,0000010032,7806.90,08000
33500,0000010032,2400.00,09610
33500,0000010032,6142.00,09910
33500,0000010032,16561.20,10600
33500,0000010032,11306.00,15001
33500,0000010032,600.00,15150
33500,0000010032,2600.00,15300
33500,0000010032,13950.00,15900
33500,0000010032,10263.78,16000
33500,0000010032,841.51,25002
33500,0000010032,605.93,25003
33500,0000010032,79.88,25004
33500,0000010032,1606.83,25005
33500,0000010032,455.33,25006
34100,0000010033,19404.00,06101
33200,0000010034,12249.50,00400
33200,0000010034,15976.65,05500
33200,0000010034,16004.00,06200
33200,0000010034,12000.14,07530
33200,0000010034,3375.69,08100
33200,0000010034,2142.88,08120
33200,0000010034,108257.76,08910
33200,0000010034,26940.92,25001
33200,0000010034,58102.94,25002
33200,0000010034,404.34,25003
33500,0000010034,870.00,02070
33500,0000010034,8586.00,02110
33500,0000010034,33800.00,04050
33500,0000010034,-3068.37,25004
34100,0000010034,12009.00,02070
34100,0000010034,23304.00,04930
34100,0000010034,21085.00,05500
34100,0000010034,14670.00,06200
34100,0000010034,10082.00,07530
34100,0000010034,770.00,08100
34100,0000010034,3973.75,08120
34100,0000010034,8500.00,08910
33200,0000010035,70.00,06100
33200,0000010035,100.00,11000
34100,0000010035,800.00,06101
33100,0000010036,4341.87,03000
33200,0000010036,57412.78,00400
33200,0000010036,529.50,05000
33200,0000010036,14323.94,06000
33200,0000010036,95853.69,09000
33200,0000010036,22117.07,12000
33200,0000010036,4215.91,25002
33200,0000010036,2232.66,25003
33200,0000010036,17915.30,25004
33200,0000010036,-1740.94,25005
33500,0000010036,29028.06,04000
33500,0000010036,95953.24,07000
33500,0000010036,169809.53,08000
33500,0000010036,-69172.75,25001
34100,0000010036,36217.56,02070
33200,0000010037,66028.77,00400
33200,0000010037,3000.00,01800
33200,0000010037,22926.95,02070
33200,0000010037,56329.00,06000
33200,0000010037,14400.00,07000
33200,0000010037,38622.90,07400
33200,0000010037,77247.21,08000
33200,0000010037,33287.00,09900
33200,0000010037,6892.30,25004
33500,0000010037,35000.00,04000
33500,0000010037,176688.00,07469
33500,0000010037,3120.00,16000
33500,0000010037,24895.00,25001
33500,0000010037,193045.80,25002
33500,0000010037,35022.00,25003
33200,0000010038,200.00,00400
33200,0000010038,440.00,06100
34100,0000010038,1630.00,06101
33200,0000010040,2000.00,06100
33500,0000010040,1080.00,09310
33500,0000010040,10040.00,09640
34100,0000010040,2000.00,06101
33200,0000010041,8753.89,00400
33200,0000010041,7730.29,00401
33200,0000010041,15110.00,02070
33200,0000010041,11070.00,03100
33200,0000010041,4131.96,03110
33200,0000010041,981.00,06100
33200,0000010041,1732.50,07220
33200,0000010041,4500.00,07760
33200,0000010041,10500.00,08120
33200,0000010041,5180.00,08210
33200,0000010041,44860.75,08500
33200,0000010041,763.21,25002
33200,0000010041,254.40,25003
33200,0000010041,2843.67,25004
33200,0000010041,315.90,25006
33200,0000010041,-3451.02,25009
33200,0000010041,147.26,25012
33200,0000010041,-134.94,25015
33200,0000010041,1557.38,25018
33200,0000010041,1557.38,25019
33200,0000010041,1946.73,25020
33200,0000010041,310.59,25025
33500,0000010041,22114.00,02630
33500,0000010041,39500.00,04050
33500,0000010041,80979.10,05500
33500,0000010041,52120.00,06400
33500,0000010041,88700.00,07610
33500,0000010041,28300.00,09600
33500,0000010041,21195.00,09910
33500,0000010041,16860.00,15001
33500,0000010041,34995.00,15401
33500,0000010041,6440.00,16000
33500,0000010041,795.73,25010
33500,0000010041,9018.24,25025
34100,0000010041,25830.00,03100
34100,0000010041,16527.84,03110
34100,0000010041,2289.00,06100
34100,0000010041,2117.50,07220
34100,0000010041,1500.00,07760
34100,0000010041,3500.00,08120
34100,0000010041,5180.00,08210
34100,0000010041,36704.25,08500
33200,0000010043,200.00,01800
33200,0000010043,17113.00,06100
34100,0000010043,13850.00,06101
33200,0000010044,500.00,01800
33200,0000010044,400.00,06100
33500,0000010044,300.00,15400
33500,0000010044,500.00,16000
34100,0000010044,4000.00,06101
33200,0000010045,2500.00,00400
33200,0000010045,300.00,01800
33200,0000010045,1500.00,05000
33500,0000010045,1000.00,03300
34100,0000010045,6254.00,06101
33200,0000010046,2673.95,00400
33200,0000010046,1289.94,07200
33200,0000010046,26187.22,08520
33200,0000010046,2244.64,09000
34100,0000010046,5090.25,02050
34100,0000010046,484.84,06200
34100,0000010046,3869.81,07200
34100,0000010046,4621.27,08520
34100,0000010046,396.11,09000
33200,0000010049,10000.00,00400
33200,0000010049,2655.00,00401
33200,0000010049,180.00,01800
33200,0000010049,15130.00,02000
33200,0000010049,55989.96,06100
33200,0000010049,21456.84,07200
33200,0000010049,4450.00,08000
33200,0000010049,2000.00,09000
33200,0000010049,-69728.47,25001
33200,0000010049,38836.12,25002
33200,0000010049,4628.56,25003
33500,0000010049,19062.10,05000
33500,0000010049,65000.00,13930
34100,0000010049,3570.00,00100
34100,0000010049,1120.00,01800
34100,0000010049,3080.00,02000
33200,0000010057,350.00,01800
33200,0000010057,450.00,05000
33200,0000010057,14196.00,08000
33200,0000010057,120.00,09000
33200,0000010057,550.00,11000
33200,0000010057,1047.32,25001
33200,0000010057,608.93,25002
33200,0000010057,39.29,25003
33500,0000010057,22965.00,07000
33500,0000010057,10844.00,09000
33500,0000010057,1790.00,15001
33500,0000010057,8800.00,15401
33500,0000010057,16395.00,16200
34100,0000010057,740.00,00100
34100,0000010057,800.00,01800
34100,0000010057,1350.00,05000
34100,0000010057,10670.00,08000
34100,0000010057,490.00,11000
34100,0000010057,11600.00,12000
34100,0000010057,300.00,15001
33200,0000010058,200.00,01800
33200,0000010058,2880.00,06100
34100,0000010058,6820.00,06101
33200,0000010060,1037.00,06100
33200,0000010060,500.00,06170
34100,0000010060,2700.00,06101
33200,0000010061,500.00,01800
33200,0000010061,3025.00,03300
33200,0000010061,8260.00,06100
33200,0000010061,1300.00,06170
33200,0000010061,7000.00,07400
33200,0000010061,950.00,08000
33200,0000010061,121.86,25001
33200,0000010061,4970.25,25002
33500,0000010061,2300.00,03100
33500,0000010061,2500.00,15401
33500,0000010061,3500.00,16000
34100,0000010061,900.00,03300
34100,0000010061,28773.00,06101
33200,0000010062,2000.00,00100
33200,0000010062,250.00,00400
33200,0000010062,1125.00,00401
33200,0000010062,700.00,01800
33200,0000010062,1352.91,02000
33200,0000010062,60.00,08000
33200,0000010062,4495.00,13000
33200,0000010062,1314.78,25002
33200,0000010062,1605.91,25003
33500,0000010062,21843.00,09000
33500,0000010062,22400.00,12000
33500,0000010062,3725.00,15001
33500,0000010062,7864.44,16200
33500,0000010062,9271.30,25001
34100,0000010062,1120.00,00400
34100,0000010062,750.00,01800
34100,0000010062,6160.00,02000
34100,0000010062,440.00,08000
34100,0000010062,1320.00,13000
33200,0000010065,114814.00,06100
33200,0000010065,-344.43,25001
34100,0000010065,114814.00,06100
33200,0000010069,280.00,00100
33200,0000010069,1290.00,00400
33200,0000010069,1725.00,00401
33200,0000010069,700.00,01800
33200,0000010069,32633.00,09660
33200,0000010069,284.10,09990
33200,0000010069,2124.78,25001
33500,0000010069,2160.00,04000
33500,0000010069,6226.00,09990
34100,0000010069,26750.00,09660
34100,0000010069,2400.00,09990
33200,0000010071,70.00,00100
33200,0000010071,826.23,03100
33200,0000010071,100.00,06100
34100,0000010071,1059.35,03100
34100,0000010071,495.90,06100
33200,0000010072,280.00,00100
33200,0000010072,250.00,00400
33200,0000010072,1125.00,00401
33200,0000010072,210.00,07000
33200,0000010072,260.00,16200
33500,0000010072,66300.00,02070
33500,0000010072,2000.00,07000
33500,0000010072,750.00,16200
33500,0000010072,-15285.33,25001
33500,0000010072,7703.81,25002
34100,0000010072,990.00,07000
33200,0000010074,1462.50,00401
33200,0000010074,350.00,01800
33200,0000010074,2860.00,02000
33200,0000010074,10945.37,03000
33200,0000010074,5136.00,05000
33200,0000010074,10729.14,06100
33200,0000010074,35069.39,08000
33200,0000010074,2676.31,09000
33200,0000010074,2008.70,25001
33200,0000010074,2245.97,25002
33500,0000010074,3600.00,02000
34100,0000010074,740.00,00100
34100,0000010074,1600.00,02000
34100,0000010074,3811.80,02070
34100,0000010074,4400.00,03000
34100,0000010074,1600.00,05000
34100,0000010074,6000.00,06100
34100,0000010074,8800.00,08000
34100,0000010074,4200.00,09000
33200,0000010075,1173.00,00400
33200,0000010075,750.00,02000
33200,0000010075,900.00,06100
33200,0000010075,15025.47,07460
33200,0000010075,1264.02,25002
33500,0000010075,23136.24,02480
33500,0000010075,2250.00,16000
33500,0000010075,7593.74,25001
33200,0000010078,2200.00,02000
33200,0000010078,5400.00,03050
33200,0000010078,3200.00,03200
33200,0000010078,20000.00,03300
33200,0000010078,33809.00,06100
33200,0000010078,25100.00,06170
33200,0000010078,12000.00,07000
33500,0000010078,7200.00,03100
33500,0000010078,900.00,03300
33500,0000010078,2500.00,06170
33500,0000010078,6100.00,08000
34100,0000010078,5400.00,03300
34100,0000010078,50000.00,06100
33200,0000010080,2013.78,06100
33200,0000010081,4453.29,00400
33200,0000010081,1700.00,00401
33200,0000010081,24930.00,06100
33200,0000010081,11495.00,08000
33200,0000010081,46499.00,09000
33200,0000010081,580.13,25001
33500,0000010081,47462.00,02000
33500,0000010081,11800.00,15001
33500,0000010081,5100.00,15401
33500,0000010081,5400.00,16200
33200,0000010083,255.00,06100
33200,0000010083,50.00,09900
34100,0000010083,500.00,06101
33200,0000010084,8024.00,06100
33500,0000010084,600.00,02455
33500,0000010084,2200.00,07400
34100,0000010084,12640.00,06100
33200,0000010085,8914.79,00400
33200,0000010085,18416.90,02070
33200,0000010085,23250.58,06100
33200,0000010085,32930.22,06200
33200,0000010085,10056.40,07000
33200,0000010085,9584.27,07300
33200,0000010085,81905.37,08000
33200,0000010085,130526.40,09000
33200,0000010085,3206.72,10810
33200,0000010085,30686.50,25001
33200,0000010085,2370.37,25002
33200,0000010085,23335.27,25003
33200,0000010085,3117.58,25004
33200,0000010085,71812.76,25005
33200,0000010085,2946.69,25006
33200,0000010085,85770.25,25008
33200,0000010085,8628.83,25009
33200,0000010085,15208.89,25010
33500,0000010085,51832.48,02110
33500,0000010085,21499.92,04000
33500,0000010085,4182.14,05000
33500,0000010085,8707.99,05100
33500,0000010085,123223.47,15000
33500,0000010085,54850.34,16000
33500,0000010085,6252.22,25007
33200,0000011001,1185.00,00400
33200,0000011001,1807.14,06200
33200,0000011001,2458.00,06430
33200,0000011001,2769.80,08000
33200,0000011001,1451.72,25001
33500,0000011001,10463.43,06400
33500,0000011001,5590.00,09000
33500,0000011001,3540.60,09900
33500,0000011001,454.55,15001
33500,0000011001,8934.00,15401
33500,0000011001,4670.00,16000
34100,0000011001,2750.25,02070
34100,0000011001,5046.63,06200
34100,0000011001,4685.00,06430
34100,0000011001,2137.50,08000
33200,0000011002,400.00,06100
34100,0000011002,3266.78,06101
33200,0000011007,320.00,00400
33200,0000011007,652.38,00401
33200,0000011007,350.00,01800
33200,0000011007,1812.40,06100
33200,0000011007,858.96,08000
33200,0000011007,950.00,10000
33500,0000011007,16186.00,09000
33500,0000011007,11400.00,12000
33500,0000011007,3000.00,15001
33500,0000011007,5550.00,15401
33500,0000011007,2935.00,16200
33500,0000011007,727.27,25001
34100,0000011007,140.00,00400
34100,0000011007,4180.00,02070
34100,0000011007,4400.00,06100
34100,0000011007,880.00,08000
34100,0000011007,1320.00,10000
33100,0000011012,525.00,00400
33200,0000011012,945.00,09000
33500,0000011012,75120.00,08000
33200,0000011014,4232.33,07200
33200,0000011014,102926.00,08500
33200,0000011014,10910.00,09000
33200,0000011014,849.36,25001
33200,0000011014,-385.58,25002
33200,0000011014,-44.94,25003
34100,0000011014,6110.00,00400
34100,0000011014,7200.00,02050
34100,0000011014,3600.00,07200
34100,0000011014,15600.00,08500
34100,0000011014,7200.00,09000
33200,0000011015,4852.50,00400
33200,0000011015,3200.00,04000
33200,0000011015,2966.97,06100
33200,0000011015,811.58,07200
33200,0000011015,28101.38,08500
33200,0000011015,1671.00,09000
33500,0000011015,5980.00,16000
34100,0000011015,2760.00,02050
34100,0000011015,8065.15,06100
34100,0000011015,1056.00,07200
34100,0000011015,10176.00,08500
34100,0000011015,4008.00,09000
33200,0000011016,1600.00,00400
33200,0000011016,729.78,00401
33200,0000011016,37728.29,08000
33200,0000011016,-39.29,25001
34100,0000011016,279.04,00100
34100,0000011016,9810.00,08000
33200,0000011017,1476.74,07200
33200,0000011017,38292.82,08500
33200,0000011017,4614.45,09000
34100,0000011017,2390.00,00400
34100,0000011017,1560.00,02050
34100,0000011017,2808.00,07200
34100,0000011017,6489.60,08500
34100,0000011017,1560.00,09000
33200,0000011018,1293.63,00400
33200,0000011018,726.68,00401
33200,0000011018,40530.87,08000
34100,0000011018,560.00,00100
34100,0000011018,15254.00,08000
33200,0000011019,194.00,09000
33200,0000011019,260.00,15001
33500,0000011019,455.00,09000
33500,0000011019,8425.00,16000
34100,0000011019,140.00,00400
34100,0000011019,689.00,02000
34100,0000011019,803.22,09000
34100,0000011019,1033.50,15001
33200,0000011021,2848.83,06100
34100,0000011021,2848.83,06101
33200,0000011022,1600.00,00400
33200,0000011022,213.70,00401
33200,0000011022,952.26,07000
33200,0000011022,8200.00,08000
33200,0000011022,510.00,09000
33200,0000011022,598.65,25001
34100,0000011022,279.04,00100
34100,0000011022,6624.00,08000
34100,0000011022,393.00,09000
33200,0000011023,1600.00,00400
33200,0000011023,358.31,00401
33200,0000011023,1991.43,07000
33200,0000011023,15350.00,08000
33200,0000011023,1500.00,09000
34100,0000011023,279.04,00100
34100,0000011023,10080.00,08000
34100,0000011023,245.00,09000
33200,0000011024,1600.00,00400
33200,0000011024,615.99,00401
33200,0000011024,3135.46,07000
33200,0000011024,30944.00,08000
33200,0000011024,1410.90,09000
33200,0000011024,7352.91,25001
33200,0000011024,205.71,25002
34100,0000011024,218.75,00100
34100,0000011024,15667.20,08000
34100,0000011024,315.00,09000
33200,0000011025,210.00,00100
33200,0000011025,1600.00,00400
33200,0000011025,1286.10,00401
33200,0000011025,8021.95,07000
33200,0000011025,63892.88,08000
33200,0000011025,3041.10,09000
33200,0000011025,4060.72,25001
34100,0000011025,29952.00,08000
34100,0000011025,4435.00,09000
33200,0000011026,800.00,01800
33200,0000011026,7500.00,04000
33200,0000011026,10000.00,06100
34100,0000011026,7985.00,06101
33200,0000011028,199.50,00401
33200,0000011028,524.22,07200
33200,0000011028,9653.24,08500
33200,0000011028,63.61,09000
34100,0000011028,1546.00,00400
34100,0000011028,504.00,02050
34100,0000011028,1051.20,07200
34100,0000011028,1764.00,08500
34100,0000011028,1566.80,09000
33200,0000011029,1371.00,00401
33200,0000011029,500.50,02050
33200,0000011029,16464.09,25001
33500,0000011029,6476.59,04000
33500,0000011029,82705.00,07200
33500,0000011029,-696.70,25002
34100,0000011029,2819.00,00400
34100,0000011029,2297.10,02050
33200,0000011030,450.00,03300
33200,0000011030,4066.00,06100
33200,0000011030,900.00,09900
33200,0000011030,1767.16,25001
33500,0000011030,22950.00,14200
33500,0000011030,1200.00,16000
34100,0000011030,2900.00,02070
34100,0000011030,12680.00,06100
33200,0000011031,1400.00,06100
34100,0000011031,4200.00,06100
33200,0000011032,1342.14,06100
33200,0000011032,3140.98,08100
33200,0000011032,6395.00,10170
33200,0000011032,321.00,15000
33200,0000011032,314.00,16000
33200,0000011032,2403.27,25001
33500,0000011032,6787.00,08120
33500,0000011032,11745.00,09310
33500,0000011032,3021.00,09900
33500,0000011032,1985.00,16000
34100,0000011032,2775.00,00400
34100,0000011032,2409.50,02070
34100,0000011032,1816.02,06100
34100,0000011032,530.00,08100
34100,0000011032,2679.00,10170
34100,0000011032,684.00,15000
33200,0000011033,600.00,00400
33200,0000011033,928.69,00401
33200,0000011033,257.60,01800
33200,0000011033,636.85,06100
33200,0000011033,2150.00,08000
33200,0000011033,-3705.85,25001
33200,0000011033,192.27,25002
33500,0000011033,17624.00,09000
33500,0000011033,25425.00,12000
33500,0000011033,1000.00,15001
33500,0000011033,2300.00,15401
33500,0000011033,21375.00,16200
34100,0000011033,420.00,00100
34100,0000011033,696.00,01800
34100,0000011033,928.00,02070
34100,0000011033,2784.00,06100
34100,0000011033,232.00,08000
34100,0000011033,464.00,09000
33200,0000011036,2690.00,00400
33200,0000011036,3705.98,00401
33200,0000011036,4464.28,06100
33200,0000011036,26080.00,11000
33200,0000011036,569.45,25001
33200,0000011036,3982.84,25002
33200,0000011036,304.90,25003
33200,0000011036,160.93,25005
33500,0000011036,235000.00,08000
33500,0000011036,2321.11,25004
34100,0000011036,560.00,00100
34100,0000011036,13382.90,02070
34100,0000011036,13392.86,06100
34100,0000011036,18958.39,09000
34100,0000011036,3363.00,11000
33200,0000011037,950.00,00400
33200,0000011037,15393.75,00401
33200,0000011037,48837.60,10000
33200,0000011037,3601.29,25003
33200,0000011037,13398.67,25005
33200,0000011037,-91.87,25006
33200,0000011037,5478.07,25007
33200,0000011037,2151.03,25008
33200,0000011037,4364.87,25011
33200,0000011037,2935.55,25012
33500,0000011037,26000.00,02070
33500,0000011037,26795.00,04000
33500,0000011037,25300.00,08000
33500,0000011037,40750.00,09250
33500,0000011037,98500.00,09600
33500,0000011037,26815.00,09900
33500,0000011037,25837.22,10000
33500,0000011037,7600.00,12000
33500,0000011037,19750.00,15001
33500,0000011037,6900.00,15080
33500,0000011037,65700.00,15401
33500,0000011037,11400.00,15750
33500,0000011037,51000.00,16200
33500,0000011037,3187.65,25001
33500,0000011037,1106.11,25002
33500,0000011037,1904.49,25003
33500,0000011037,6549.24,25004
33500,0000011037,9798.19,25009
33500,0000011037,4572.82,25010
34100,0000011037,840.00,00100
34100,0000011037,6441.00,08000
34100,0000011037,456.00,09250
33200,0000011040,2500.00,00400
33200,0000011040,1947.50,00401
33200,0000011040,2203.27,25001
33500,0000011040,12064.00,02050
33500,0000011040,18095.00,07270
33500,0000011040,130875.00,07620
33500,0000011040,600.00,07920
33200,0000011042,3145.00,00400
33200,0000011042,26700.00,06100
33200,0000011042,7400.00,08000
33200,0000011042,5665.73,25001
33200,0000011042,9685.47,25002
33200,0000011042,12314.21,25003
33500,0000011042,12800.00,09000
33500,0000011042,11600.00,09600
33500,0000011042,2600.00,09900
33500,0000011042,23400.00,15000
33500,0000011042,17800.00,16000
34100,0000011042,6355.00,02070
33200,0000011043,4188.00,00400
33200,0000011043,4892.74,03000
33200,0000011043,407.00,05500
33200,0000011043,498.39,06100
33200,0000011043,7004.00,08100
33200,0000011043,873.20,09910
33200,0000011043,4982.41,25001
33200,0000011043,1998.66,25002
33200,0000011043,462.05,25003
33200,0000011043,1095.09,25004
33500,0000011043,3400.00,04000
33500,0000011043,33400.00,04200
33500,0000011043,4228.00,04930
33500,0000011043,549.00,07760
33500,0000011043,2116.00,16000
34100,0000011043,3855.00,02050
34100,0000011043,5073.00,03000
34100,0000011043,1254.00,05500
34100,0000011043,814.72,06100
34100,0000011043,1638.75,08100
34100,0000011043,1189.25,09910
33200,0000011044,1730.00,00400
33200,0000011044,4263.35,06200
33200,0000011044,2023.50,08100
33200,0000011044,2545.76,25001
33200,0000011044,6237.21,25002
33200,0000011044,577.10,25003
33500,0000011044,3776.94,06400
33500,0000011044,1033.00,08500
33500,0000011044,1848.00,09650
33500,0000011044,4704.00,09910
33500,0000011044,5228.00,16000
34100,0000011044,5365.76,02050
34100,0000011044,7917.65,06200
34100,0000011044,7727.16,08100
33200,0000011048,1500.00,03100
33200,0000011048,1080.00,03300
33200,0000011048,1000.00,06100
33200,0000011048,1400.00,08000
33500,0000011048,1820.00,04000
33500,0000011048,400.00,16000
34100,0000011048,3829.00,06101
33200,0000011049,32290.00,00400
33200,0000011049,41388.30,06100
33200,0000011049,17827.63,08100
33200,0000011049,7492.00,08510
33200,0000011049,2406.19,08520
33200,0000011049,1240.99,25004
33200,0000011049,420.86,25005
33200,0000011049,1972.36,25006
33200,0000011049,3633.43,25008
33200,0000011049,5466.56,25009
33500,0000011049,2475.00,03110
33500,0000011049,1500.00,04000
33500,0000011049,82600.00,05510
33500,0000011049,5664.00,07200
33500,0000011049,75000.00,07500
33500,0000011049,250000.00,07610
33500,0000011049,21090.80,08120
33500,0000011049,31636.20,08520
33500,0000011049,1500.00,16000
33500,0000011049,1629.12,25001
33500,0000011049,8886.10,25002
33500,0000011049,11717.08,25003
33500,0000011049,11653.29,25007
34100,0000011049,14275.00,02070
34100,0000011049,46809.24,06100
34100,0000011049,4517.25,08100
34100,0000011049,11314.50,08510
34100,0000011049,11314.50,08520
33200,0000011050,790.00,00400
33200,0000011050,17265.32,06100
33200,0000011050,5238.51,08000
33200,0000011050,674.09,25001
33500,0000011050,5000.00,09900
34100,0000011050,19878.52,06100
34100,0000011050,940.50,08000
34100,0000011050,3326.91,12300
33200,0000011052,770.00,00100
33200,0000011052,600.00,00400
33200,0000011052,1229.70,00401
33200,0000011052,3450.00,06100
33200,0000011052,11250.00,08000
33500,0000011052,12000.00,02070
33500,0000011052,1400.00,09500
33500,0000011052,3063.00,09600
33500,0000011052,7420.00,09700
33500,0000011052,12983.00,09910
33500,0000011052,30606.00,15001
33500,0000011052,14000.00,16200
33500,0000011052,145.00,25001
34100,0000011052,456.00,02000
34100,0000011052,456.00,06100
34100,0000011052,3990.00,08000
33200,0000011053,660.00,00100
33200,0000011053,350.00,00400
33200,0000011053,565.32,00401
33200,0000011053,398.50,02000
33500,0000011053,19000.00,15001
33500,0000011053,18866.00,15210
33500,0000011053,7400.00,16200
33500,0000011053,9381.72,25001
33500,0000011053,1944.70,25002
33500,0000011053,2193.24,25003
33500,0000011053,904.45,25004
33500,0000011053,321.44,25005
34100,0000011053,1560.00,02000
33200,0000011054,26825.00,00401
33200,0000011054,9695.00,03110
33200,0000011054,4757.44,03360
33200,0000011054,30000.00,05100
33200,0000011054,7510.00,05700
33200,0000011054,8964.20,06100
33200,0000011054,8500.00,06910
33200,0000011054,5256.09,07200
33200,0000011054,60834.00,08210
33200,0000011054,15801.84,08890
33200,0000011054,21000.00,09000
33200,0000011054,14694.00,09660
33200,0000011054,7504.02,14430
33200,0000011054,3320.07,25001
33200,0000011054,15400.37,25002
33200,0000011054,4018.00,25003
33200,0000011054,2115.91,25004
33200,0000011054,2951.32,25005
33200,0000011054,39358.46,25007
33200,0000011054,5811.91,25008
33200,0000011054,8475.60,25009
33200,0000011054,-473.59,25010
33500,0000011054,92000.00,01300
33500,0000011054,45000.00,02070
33500,0000011054,5600.00,03360
33500,0000011054,1500.00,04000
33500,0000011054,44256.00,06400
33500,0000011054,38500.00,06910
33500,0000011054,45280.00,08890
33500,0000011054,42823.72,09000
33500,0000011054,26140.00,09660
33500,0000011054,14812.50,09690
33500,0000011054,48633.50,09910
33500,0000011054,80000.00,14430
33500,0000011054,254425.00,15000
33500,0000011054,270929.00,16000
33500,0000011054,39879.49,25006
34100,0000011054,25480.00,00400
34100,0000011054,16435.00,02070
34100,0000011054,5841.15,03110
34100,0000011054,29812.00,05100
34100,0000011054,2195.00,05700
34100,0000011054,35640.00,06100
34100,0000011054,21725.20,06910
34100,0000011054,2000.00,07200
34100,0000011054,13759.57,08210
34100,0000011054,15048.00,08890
34100,0000011054,39511.82,09000
34100,0000011054,20000.00,09660
34100,0000011054,6270.00,14430
33200,0000011056,250.00,01800
33200,0000011056,1565.00,06100
34100,0000011056,3378.00,06101
33200,0000011057,643.00,06100
34100,0000011057,2500.00,06101
33200,0000011063,350.00,01800
33200,0000011063,1968.00,06100
34100,0000011063,2750.00,06101
33200,0000011064,500.00,00400
33200,0000011064,350.00,01800
33200,0000011064,1825.00,06100
34100,0000011064,4125.00,06101
33200,0000011065,10250.00,06100
33200,0000011065,1500.00,07460
33200,0000011065,1450.00,08000
33200,0000011065,800.00,09200
33200,0000011065,800.00,09900
33200,0000011065,710.48,25001
34100,0000011065,11400.00,06101
33200,0000011066,3818.00,00400
33200,0000011066,750.50,00401
33200,0000011066,862.16,07200
33200,0000011066,22723.39,08500
33200,0000011066,1247.69,09000
33200,0000011066,2478.35,25001
33200,0000011066,802.16,25002
34100,0000011066,2112.00,02050
34100,0000011066,1584.00,07200
34100,0000011066,3696.00,08500
34100,0000011066,1320.00,09000
33200,0000011067,100.00,01800
33200,0000011067,425.00,03300
33200,0000011067,578.00,05500
33200,0000011067,750.00,06100
34100,0000011067,2272.00,06101
33200,0000011068,800.00,01800
33200,0000011068,3039.00,06100
33200,0000011068,200.00,07000
33500,0000011068,4800.00,04000
34100,0000011068,11115.00,06101
33200,0000011069,805.00,06100
34100,0000011069,456.00,06101
33200,0000011074,6610.00,06100
34100,0000011074,5340.00,06101
33200,0000011075,4342.00,06100
34100,0000011075,3960.00,06101
33200,0000011077,2802.50,00400
33200,0000011077,30792.00,02000
33200,0000011077,68072.45,07920
33200,0000011078,500.00,00400
33200,0000011078,400.00,01800
33200,0000011078,6279.00,06100
33200,0000011078,2300.00,06170
34100,0000011078,11000.00,06101
33200,0000011081,455.00,00400
33500,0000011081,14246.00,02000
33500,0000011081,5200.00,02820
33500,0000011081,26119.50,03000
33500,0000011081,14900.00,16200
33500,0000011081,1136.16,25001
33500,0000011081,1446.30,25002
33500,0000011082,11800.00,02070
34100,0000011082,23200.00,06101
33200,0000011083,300.00,06100
34100,0000011083,1823.91,06101
33200,0000011084,1050.00,00400
33200,0000011084,17016.92,00401
33200,0000011084,20655.00,06100
33200,0000011084,67976.39,08000
33200,0000011084,4130.75,25001
33200,0000011084,4277.70,25002
33200,0000011084,57126.91,25003
33200,0000011084,814.01,25004
33200,0000011084,36420.91,25005
33200,0000011084,-8.46,25010
33500,0000011084,128613.33,04000
33500,0000011084,480040.84,08000
33500,0000011084,5825.00,09000
34100,0000011084,8890.00,00100
34100,0000011084,19520.00,06100
34100,0000011084,145850.00,08000
33200,0000011085,4195.63,00401
33200,0000011085,20655.00,06100
33200,0000011085,44876.71,08000
33500,0000011085,128613.33,04000
33500,0000011085,5825.00,09000
34100,0000011085,2940.00,00100
34100,0000011085,19520.00,06100
34100,0000011085,18910.00,08000
33200,0000012001,2330.00,00400
33200,0000012001,6838.52,06100
33200,0000012001,292.66,25001
33200,0000012001,3710.26,25002
33200,0000012001,441.38,25003
33200,0000012001,64.55,25004
33500,0000012001,9328.00,16000
34100,0000012001,1824.00,02050
34100,0000012001,8092.72,06100
33200,0000012002,8948.82,06100
33200,0000012002,1.00,25002
34100,0000012002,4845.58,06101
34100,0000012002,646.87,25001
33200,0000012004,2030.00,00400
33200,0000012004,3506.48,06100
33200,0000012004,100.00,06400
33200,0000012004,1235.00,08100
33200,0000012004,100.00,09310
33200,0000012004,1665.00,10170
33200,0000012004,494.00,10800
33200,0000012004,2113.91,25001
33200,0000012004,807.43,25002
33200,0000012004,2209.26,25003
33200,0000012004,415.55,25004
33200,0000012004,392.89,25005
33200,0000012004,3040.20,25006
33500,0000012004,2650.00,06400
33500,0000012004,3500.00,08460
33500,0000012004,4875.00,09310
33500,0000012004,2500.00,09910
33500,0000012004,3448.00,14410
33500,0000012004,3848.00,15001
33500,0000012004,10670.00,15401
33500,0000012004,2553.00,16000
34100,0000012004,6356.00,02070
34100,0000012004,2979.00,06100
34100,0000012004,228.00,06400
34100,0000012004,1596.00,08100
34100,0000012004,456.00,09310
34100,0000012004,855.00,10170
34100,0000012004,1596.00,10800
33200,0000012008,320.00,00400
33200,0000012008,145.41,02050
33200,0000012008,1333.99,06100
33200,0000012008,2847.20,09000
33500,0000012008,2450.00,09000
33500,0000012008,3326.00,10000
34100,0000012008,2451.00,02050
34100,0000012008,2892.75,06100
34100,0000012008,5840.50,09000
33200,0000012009,6578.00,00400
33200,0000012009,1956.00,03110
33200,0000012009,6708.97,08110
33200,0000012009,1672.00,09000
33200,0000012009,5302.44,25001
33500,0000012009,46000.00,03110
33500,0000012009,56411.00,05100
33500,0000012009,1430.00,06400
33500,0000012009,30078.00,09110
33500,0000012009,13994.00,09910
33500,0000012009,6499.00,12660
33500,0000012009,4850.00,16000
34100,0000012009,7685.51,02070
34100,0000012009,1656.42,08110
34100,0000012009,1083.00,09000
33200,0000012011,2185.00,00400
33200,0000012011,748.50,00401
33200,0000012011,4404.76,06100
33200,0000012011,31755.12,08000
34100,0000012011,9915.67,06100
33200,0000012012,29654.04,00400
33200,0000012012,22041.00,02050
33200,0000012012,3410.00,02210
33200,0000012012,2975.00,03300
33200,0000012012,11962.00,06100
33200,0000012012,7377.70,07200
33200,0000012012,623.00,07900
33200,0000012012,12300.00,08100
33200,0000012012,8200.00,08710
33200,0000012012,8250.00,08800
33200,0000012012,9000.00,15050
33200,0000012012,314.47,25001
33200,0000012012,5647.54,25002
33200,0000012012,-476.46,25003
33200,0000012012,6638.59,25004
33200,0000012012,2578.46,25005
33200,0000012012,2800.65,25006
33200,0000012012,1342.67,25007
33200,0000012012,6858.20,25008
33200,0000012012,1248.09,25009
33200,0000012012,238.23,25010
33200,0000012012,262.05,25011
33200,0000012012,729.85,25012
33200,0000012012,518.39,25013
33200,0000012012,1091.28,25014
33200,0000012012,1024.63,25015
33200,0000012012,821.21,25016
33200,0000012012,915.05,25017
33500,0000012012,15503.00,02315
33500,0000012012,7694.00,02770
33500,0000012012,8235.00,02795
33500,0000012012,16520.00,03100
33500,0000012012,17184.00,03200
33500,0000012012,2425.00,03350
33500,0000012012,55410.00,04200
33500,0000012012,65510.00,05120
33500,0000012012,10000.00,05540
33500,0000012012,9415.00,06400
33500,0000012012,8250.00,07210
33500,0000012012,12700.00,07550
33500,0000012012,19880.00,07620
33500,0000012012,3000.00,07810
33500,0000012012,71000.00,08970
33500,0000012012,46873.00,09110
33500,0000012012,2780.00,09130
33500,0000012012,15407.00,09250
33500,0000012012,3840.00,09400
33500,0000012012,6130.00,09660
33500,0000012012,13996.00,09790
33500,0000012012,5570.00,09900
33500,0000012012,12780.00,10000
33500,0000012012,78550.00,14200
33500,0000012012,2995.00,15300
33500,0000012012,28000.00,15400
33500,0000012012,7500.00,15800
33500,0000012012,13211.00,15900
33500,0000012012,47900.00,16000
33200,0000012013,79852.53,06100
34100,0000012013,120000.00,06100
33200,0000012014,3105.00,00400
33200,0000012014,2130.00,00401
33200,0000012014,6272.53,06100
33200,0000012014,1392.89,08500
33200,0000012014,11653.40,25001
33500,0000012014,7500.00,04000
33500,0000012014,7220.00,06100
33500,0000012014,2875.00,06400
33500,0000012014,1025.00,07000
33500,0000012014,57540.00,08500
33500,0000012014,450.00,09650
33500,0000012014,2981.00,09900
33500,0000012014,2735.00,16200
34100,0000012014,6000.00,02000
34100,0000012014,7489.00,06100
34100,0000012014,3790.50,08500
33200,0000012016,623.23,07200
33200,0000012016,14712.13,08500
33200,0000012016,1269.77,09000
33200,0000012016,2579.31,25001
34100,0000012016,1800.00,02050
34100,0000012016,720.00,07200
34100,0000012016,4050.00,08500
34100,0000012016,2430.00,09000
33200,0000012019,9520.00,00100
33200,0000012019,987.83,00400
33200,0000012019,15516.77,00401
33200,0000012019,500.00,01800
33200,0000012019,65912.28,03000
33200,0000012019,200.00,05000
33200,0000012019,13750.00,08000
33200,0000012019,26130.47,09110
33200,0000012019,500.00,09600
33200,0000012019,50805.19,09700
33200,0000012019,28072.24,10000
33200,0000012019,10790.79,11000
33200,0000012019,944.00,12000
33200,0000012019,25598.57,25001
33200,0000012019,-8241.50,25002
33200,0000012019,3915.66,25003
33500,0000012019,5500.00,02070
33500,0000012019,15628.00,04000
33500,0000012019,4540.00,05000
33500,0000012019,97050.00,08000
33500,0000012019,89780.00,09500
33500,0000012019,8305.00,09600
33500,0000012019,64771.00,09910
33500,0000012019,8875.00,12000
33500,0000012019,28900.00,14000
33500,0000012019,127800.00,15001
33500,0000012019,48500.00,15401
33500,0000012019,112000.00,16200
34100,0000012019,5358.00,03000
34100,0000012019,1368.00,05000
34100,0000012019,18433.99,06220
34100,0000012019,7239.00,08000
34100,0000012019,17420.31,09110
34100,0000012019,114.00,09600
34100,0000012019,33870.13,09700
34100,0000012019,5771.25,10000
33200,0000012020,560.00,00100
33200,0000012020,950.00,00400
33200,0000012020,3636.04,00401
33200,0000012020,4645.98,08000
33200,0000012020,11397.39,25001
33200,0000012020,787.17,25002
33500,0000012020,63730.00,08000
34100,0000012020,8208.00,08000
33200,0000012021,2240.00,00100
33200,0000012021,250.00,00400
33200,0000012021,3481.06,00401
33200,0000012021,6704.00,02000
33200,0000012021,15227.00,05000
33200,0000012021,15499.91,06000
33200,0000012021,7528.20,09000
33200,0000012021,487497.06,25001
33200,0000012021,21689.46,25002
33500,0000012021,29560.00,02070
33500,0000012021,108000.00,04000
33500,0000012021,47873.30,07000
34100,0000012021,24300.00,02000
34100,0000012021,5280.00,05000
34100,0000012021,19628.00,06000
34100,0000012021,16497.74,09000
33200,0000012022,1279.00,00400
33200,0000012022,980.00,00401
33200,0000012022,2396.02,06100
33200,0000012022,206.00,09000
33200,0000012022,736.19,25001
33500,0000012022,405.00,05000
33500,0000012022,19900.00,09600
33500,0000012022,1544.00,09900
34100,0000012022,1483.00,02050
34100,0000012022,4691.00,06100
34100,0000012022,333.00,09000
33200,0000012023,125.00,01800
33200,0000012023,150.00,03210
33200,0000012023,425.00,03300
33200,0000012023,500.00,06100
34100,0000012023,1824.00,06101
33200,0000012025,1882.80,00400
33200,0000012025,526.96,06100
33200,0000012025,410.00,09910
33200,0000012025,1995.10,10240
33200,0000012025,648.00,25001
33200,0000012025,1160.25,25002
33200,0000012025,2161.03,25003
33200,0000012025,-234.13,25004
33500,0000012025,3569.06,06400
33500,0000012025,18500.00,09650
34100,0000012025,7198.48,02070
34100,0000012025,2509.63,06100
34100,0000012025,714.80,09910
34100,0000012025,1194.75,10240
33200,0000012026,2075.00,00400
33200,0000012026,1619.39,00401
33200,0000012026,8680.00,01800
33200,0000012026,427.00,02000
33200,0000012026,11324.00,08000
33200,0000012026,7826.58,25001
33200,0000012026,1784.20,25002
33500,0000012026,13888.00,02070
33500,0000012026,11332.00,09250
33500,0000012026,8000.00,09500
33500,0000012026,8402.00,09910
33500,0000012026,17788.00,12000
33500,0000012026,6100.00,15001
33500,0000012026,17980.00,15401
33500,0000012026,19800.00,16200
34100,0000012026,944.00,02000
34100,0000012026,6962.00,08000
33200,0000012028,3984.00,00400
33200,0000012028,8158.50,00401
33200,0000012028,4902.56,08000
33200,0000012028,315.00,09000
33200,0000012028,2804.41,25001
33200,0000012028,10648.46,25002
33200,0000012028,1270.26,25003
33200,0000012028,913.98,25004
33500,0000012028,88100.00,04000
33500,0000012028,8386.00,07000
33500,0000012028,134010.00,08000
33500,0000012028,7313.50,12000
33500,0000012028,5885.00,16200
34100,0000012028,5948.38,02050
34100,0000012028,826.00,09000
33200,0000012029,1645.77,00400
33200,0000012029,500.00,00401
33200,0000012029,1939.29,06100
33200,0000012029,12249.56,08000
34100,0000012029,4625.75,06100
33200,0000012030,3607.19,00400
33200,0000012030,7192.46,02000
33200,0000012030,906.53,05000
33200,0000012030,4172.49,06100
33200,0000012030,4462.95,10000
33200,0000012030,313.51,25001
33200,0000012030,-474.07,25003
33500,0000012030,21256.28,09600
33500,0000012030,854.27,09900
33500,0000012030,947.88,16200
33500,0000012030,11504.15,25002
33200,0000012031,9049.94,00400
33200,0000012031,1200.00,06100
33200,0000012031,2000.00,06400
33200,0000012031,500.00,09310
33200,0000012031,8025.00,10170
33200,0000012031,3241.00,10800
33200,0000012031,50.00,15401
33200,0000012031,959.15,25001
33200,0000012031,855.38,25002
33200,0000012031,457.17,25003
33200,0000012031,168.06,25004
33200,0000012031,368.36,25005
33200,0000012031,110.51,25006
33200,0000012031,255.74,25007
33500,0000012031,4800.00,04000
33500,0000012031,15938.00,06400
33500,0000012031,17000.00,09310
33500,0000012031,18650.00,09500
33500,0000012031,2829.00,09900
33500,0000012031,500.00,13935
33500,0000012031,1150.00,15001
33500,0000012031,42910.00,15401
33500,0000012031,9613.75,16000
34100,0000012031,9244.69,02070
34100,0000012031,1156.09,06100
34100,0000012031,4392.45,06400
34100,0000012031,472.00,09310
34100,0000012031,4200.00,10170
34100,0000012031,4601.25,10800
34100,0000012031,472.00,15001
34100,0000012031,236.00,15401
34100,0000012031,236.00,16000
33200,0000012032,5360.25,00400
33200,0000012032,921.50,00401
33200,0000012032,100.00,02050
33200,0000012032,4125.80,06100
33200,0000012032,4433.68,08000
33200,0000012032,596.17,09000
33200,0000012032,150.00,09600
33200,0000012032,300.00,09910
33200,0000012032,610.00,15401
33200,0000012032,2908.14,25001
33200,0000012032,1304.08,25002
33200,0000012032,960.84,25003
33200,0000012032,742.15,25004
33500,0000012032,1140.00,06400
33500,0000012032,1963.00,09000
33500,0000012032,9624.00,09600
33500,0000012032,7818.00,09910
33500,0000012032,5200.00,15001
33500,0000012032,13900.00,15401
33500,0000012032,4417.70,16200
34100,0000012032,2891.00,02050
34100,0000012032,7684.00,06101
34100,0000012032,2006.00,08000
34100,0000012032,1362.50,09000
34100,0000012032,1330.00,15401
33200,0000012035,1500.00,01800
33200,0000012035,350.00,03210
33200,0000012035,2000.00,03300
33200,0000012035,7018.00,06100
33200,0000012035,7000.00,06170
33200,0000012035,12400.00,07400
33200,0000012035,5200.00,08000
34100,0000012035,33700.00,06101
33200,0000012036,26650.00,00400
33200,0000012036,26568.00,00401
33200,0000012036,9000.00,04000
33200,0000012036,10084.00,06100
33200,0000012036,112500.00,07000
33200,0000012036,11800.00,08100
33200,0000012036,2000.00,09000
33200,0000012036,130.00,10000
33200,0000012036,15870.91,25001
33200,0000012036,1059.73,25002
33200,0000012036,481.70,25003
33200,0000012036,210.49,25004
33200,0000012036,5337.09,25005
33200,0000012036,2657.54,25006
33200,0000012036,1741.44,25007
33200,0000012036,17580.78,25008
33200,0000012036,10885.43,25009
33200,0000012036,17836.32,25010
33200,0000012036,15174.08,25011
33200,0000012036,-409.07,25012
33200,0000012036,1487.35,25013
33200,0000012036,13571.30,25014
33200,0000012036,-4901.73,25015
33200,0000012036,953.76,25016
33200,0000012036,-606.94,25017
33200,0000012036,-1105.97,25018
33500,0000012036,35350.00,02070
33500,0000012036,18782.00,05100
33500,0000012036,13039.00,06100
33500,0000012036,34681.00,06400
33500,0000012036,7900.00,07330
33500,0000012036,257700.00,09000
33500,0000012036,45950.00,09600
33500,0000012036,59974.00,09900
33500,0000012036,162700.00,15001
33500,0000012036,22500.00,15080
33500,0000012036,18950.00,15400
33500,0000012036,22500.00,15900
33500,0000012036,149580.00,16000
34100,0000012036,8360.00,04000
34100,0000012036,27050.00,08100
34100,0000012036,2500.00,09000
34100,0000012036,295.00,10000
33200,0000012037,40000.00,06100
34100,0000012037,40157.50,06101
33200,0000012038,800.00,01800
33200,0000012038,4785.00,02000
33200,0000012038,4400.00,03100
33200,0000012038,4200.00,03210
33200,0000012038,13360.00,03300
33200,0000012038,47224.00,06100
33200,0000012038,21015.00,07400
33200,0000012038,8700.00,07460
33200,0000012038,5500.00,08000
33200,0000012038,7470.00,16000
33500,0000012038,4000.00,03100
33500,0000012038,3200.00,07200
33500,0000012038,950.00,07760
33500,0000012038,7000.00,08000
33500,0000012038,6400.00,15000
34100,0000012038,49932.00,06100
33200,0000012042,1660.00,00400
33200,0000012042,817.00,00401
33200,0000012042,720.00,02070
33200,0000012042,200.00,09650
33500,0000012042,51900.00,09650
33500,0000012042,800.00,16000
34100,0000012042,11000.00,02070
34100,0000012042,400.00,09650
33200,0000012045,600.00,01800
33200,0000012045,9148.00,07300
33200,0000012045,812.75,25001
33500,0000012045,4200.00,07300
34100,0000012045,10260.00,06101
33200,0000012047,1543.00,00400
33200,0000012047,4525.00,06100
33200,0000012047,600.00,09910
33200,0000012047,1728.60,10000
33200,0000012047,229.28,25001
33500,0000012047,300.00,02050
33500,0000012047,1480.00,06400
33500,0000012047,210.00,10000
34100,0000012047,118.00,02050
34100,0000012047,215.59,06100
34100,0000012047,379.00,06400
34100,0000012047,1908.50,09910
34100,0000012047,383.50,10000
33200,0000012048,79223.25,06100
33200,0000012048,7841.00,08000
33200,0000012048,14172.05,25001
33200,0000012048,8242.81,25002
33200,0000012048,2455.36,25003
33200,0000012048,11246.52,25004
33200,0000012048,3506.47,25006
33200,0000012048,904.55,25008
33500,0000012048,7204.60,04000
34100,0000012048,44021.53,06101
33200,0000012051,6512.00,00400
33200,0000012051,2110.00,00401
33200,0000012051,12235.49,06100
33200,0000012051,88250.00,08000
34100,0000012051,35211.00,06101
33200,0000012055,400.00,01800
33200,0000012055,1438.00,06100
33200,0000012055,98.07,25001
34100,0000012055,2280.00,06101
33200,0000012058,75.00,00100
33200,0000012058,2280.00,00400
33200,0000012058,1653.00,00401
33200,0000012058,4500.00,02070
33200,0000012058,2632.50,03000
33200,0000012058,1084.80,05000
33200,0000012058,40873.83,06100
33200,0000012058,2172.00,07000
33200,0000012058,4067.88,08000
33200,0000012058,4065.00,09000
33200,0000012058,723.95,25001
33200,0000012058,650.14,25002
33500,0000012058,2865.00,15001
33500,0000012058,750.00,16200
34100,0000012058,70560.00,06101
33200,0000012060,500.00,01800
33200,0000012060,742.71,09000
34100,0000012060,2101.60,06101
33200,0000012061,3583.00,00400
33200,0000012061,1016.50,00401
33200,0000012061,15061.39,02050
33200,0000012061,5355.28,07000
33200,0000012061,12421.00,08000
33200,0000012061,1703.16,09000
33500,0000012061,4700.00,07000
33500,0000012061,4840.00,16200
34100,0000012061,28537.78,06101
33200,0000012062,503.05,00400
33200,0000012062,3733.00,00401
33200,0000012062,7550.70,06100
33200,0000012062,2727.64,07000
33200,0000012062,6678.00,08000
33200,0000012062,851.58,09000
33200,0000012062,69.16,25001
33500,0000012062,2800.00,07000
33500,0000012062,2420.00,16000
34100,0000012062,14268.89,06101
33200,0000012063,390.00,00400
33200,0000012063,2743.04,09000
34100,0000012063,5150.40,06101
33200,0000012064,21127.00,00400
33200,0000012064,4189.00,00401
33200,0000012064,1200.00,02070
33200,0000012064,150.00,09310
33200,0000012064,3327.01,10000
33200,0000012064,2186.47,12000
33200,0000012064,3179.42,15401
33500,0000012064,116560.00,09000
33500,0000012064,1000.00,09310
33500,0000012064,41894.00,09910
33500,0000012064,10800.00,15001
33500,0000012064,31200.00,15401
33500,0000012064,90000.00,16000
34100,0000012064,32555.00,06101
33200,0000012066,150.00,02000
33500,0000012066,500.00,15001
33500,0000012066,320.00,15401
33500,0000012066,1900.00,16200
34100,0000012066,6036.00,06101
33200,0000012067,600.00,00400
33200,0000012067,3795.00,06100
33200,0000012067,2351.06,25001
34100,0000012067,7485.00,06101
33200,0000012068,350.00,06100
33200,0000012068,1400.00,08000
34100,0000012068,1440.00,06101
33200,0000012069,300.00,01800
33200,0000012069,1385.00,06100
34100,0000012069,2990.00,06101
33200,0000012070,540.00,06100
34100,0000012070,1104.00,06101
33200,0000012073,3629.00,00400
33200,0000012073,4710.00,00401
33200,0000012073,2872.01,06100
33200,0000012073,593.52,10000
33200,0000012073,400.00,12000
33200,0000012073,-3736.27,25001
33200,0000012073,717.80,25002
33200,0000012073,-171.01,25003
33200,0000012073,-411.01,25004
33200,0000012073,440.97,25005
33200,0000012073,1768.31,25006
33500,0000012073,68671.60,09000
33500,0000012073,13090.00,10000
33500,0000012073,105113.00,12000
33500,0000012073,25500.00,15001
33500,0000012073,46450.00,15401
33500,0000012073,17340.10,16200
34100,0000012073,25270.00,06101
33200,0000012075,947.92,00400
33200,0000012075,3697.39,06100
33500,0000012075,655.20,07000
33500,0000012075,3415.00,15001
33500,0000012075,9350.00,16200
34100,0000012075,6488.57,06101
33200,0000012081,300.00,01800
33200,0000012081,3683.00,06100
33200,0000012081,3275.00,07400
33500,0000012081,2100.00,03340
33500,0000012081,6976.00,09900
34100,0000012081,10500.00,06101
33200,0000013003,1030.00,00100
33200,0000013003,2548.00,00401
33200,0000013003,4432.69,06200
33200,0000013003,7883.37,25001
33500,0000013003,22140.25,06400
33500,0000013003,32016.00,09130
33500,0000013003,8827.00,09250
33500,0000013003,5744.00,09910
33500,0000013003,18855.00,16200
34100,0000013003,719.59,02070
34100,0000013003,3009.00,06200
34100,0000013003,236.00,15001
33200,0000013004,525.00,00100
33200,0000013004,400.00,00400
33200,0000013004,1170.00,02070
33200,0000013004,3481.00,03000
33200,0000013004,16993.00,05000
33200,0000013004,5946.00,25001
33500,0000013004,900.00,02070
34100,0000013004,3840.00,02070
34100,0000013004,8448.00,03000
34100,0000013004,3072.00,05000
33200,0000013005,670.00,00400
33200,0000013005,925.00,02000
33500,0000013005,2220.56,05000
33500,0000013005,1000.00,10000
34100,0000013005,515.04,02000
33200,0000013006,670.00,00400
33500,0000013006,3600.00,05000
33500,0000013006,3600.00,07000
34100,0000013006,515.04,05000
33200,0000013007,670.00,00400
33200,0000013007,1025.00,02000
33500,0000013007,1350.00,05000
33500,0000013007,750.00,10000
34100,0000013007,515.04,02000
33200,0000013008,750.40,00400
33500,0000013008,7200.00,05000
33500,0000013008,4800.00,07000
34100,0000013008,257.52,05000
33200,0000013012,635.00,00100
33200,0000013012,75.00,02070
33200,0000013012,462.88,07000
33200,0000013012,734.16,09000
34100,0000013012,564.00,02070
34100,0000013012,531.00,07000
34100,0000013012,944.00,09000
33200,0000013013,10526.00,00400
33200,0000013013,2679.00,00401
33200,0000013013,6775.00,03300
33200,0000013013,13488.01,06100
33200,0000013013,10569.09,07000
33200,0000013013,635.00,08000
33200,0000013013,1549.38,09000
33200,0000013013,2400.00,10000
33200,0000013013,377.00,15401
33200,0000013013,1373.97,25001
33200,0000013013,692.49,25003
33200,0000013013,1486.29,25004
33200,0000013013,8517.62,25005
33200,0000013013,3539.68,25007
33200,0000013013,570.45,25008
33200,0000013013,30499.33,25009
33200,0000013013,8854.67,25010
33200,0000013013,1250.86,25011
33200,0000013013,14718.10,25012
33200,0000013013,3115.93,25013
33500,0000013013,16021.88,02000
33500,0000013013,5988.19,03300
33500,0000013013,12044.00,06200
33500,0000013013,16869.79,08000
33500,0000013013,18754.00,09000
33500,0000013013,4380.00,10000
33500,0000013013,33000.00,15001
33500,0000013013,18850.00,15401
33500,0000013013,19995.00,16200
34100,0000013013,536.00,02000
34100,0000013013,2869.66,02070
34100,0000013013,826.00,03300
34100,0000013013,13860.73,06101
34100,0000013013,13482.47,07000
34100,0000013013,206.50,08000
34100,0000013013,3362.22,09000
34100,0000013013,1475.00,10000
34100,0000013013,472.00,15001
34100,0000013013,472.00,15401
34100,0000013013,354.00,16200
33200,0000013015,590.00,00400
33200,0000013015,800.00,01800
33200,0000013015,5794.80,06100
33200,0000013015,44347.00,08000
33500,0000013015,14300.00,02070
33500,0000013015,4400.00,13000
34100,0000013015,10148.00,06100
34100,0000013015,8968.00,08000
33200,0000013021,1051.00,06100
33200,0000013021,250.00,07400
33200,0000013021,1000.00,08000
33500,0000013021,3000.00,04000
33200,0000013022,400.00,01800
33200,0000013022,1250.00,06100
34100,0000013022,7121.00,06101
33200,0000013023,20638.00,00400
33200,0000013023,18718.00,00401
33200,0000013023,500.00,02070
33200,0000013023,13183.08,03110
33200,0000013023,1900.00,05700
33200,0000013023,39827.30,06100
33200,0000013023,500.00,06400
33200,0000013023,445.52,07000
33200,0000013023,6316.00,07240
33200,0000013023,74.68,08000
33200,0000013023,2400.00,08400
33200,0000013023,2775.00,10200
33200,0000013023,675.00,16000
33200,0000013023,13540.17,25001
33200,0000013023,18816.66,25002
33200,0000013023,12020.83,25003
33200,0000013023,6382.88,25004
33200,0000013023,-9392.22,25005
33200,0000013023,-2615.07,25006
33500,0000013023,28500.00,02070
33500,0000013023,3650.00,03000
33500,0000013023,2064.00,03360
33500,0000013023,58000.00,04000
33500,0000013023,26495.00,05700
33500,0000013023,13704.79,06400
33500,0000013023,40280.00,07000
33500,0000013023,43740.00,07240
33500,0000013023,35651.81,08000
33500,0000013023,22640.00,08400
33500,0000013023,3800.00,09660
33500,0000013023,47906.00,09910
33500,0000013023,26295.00,15000
33500,0000013023,52500.00,16000
34100,0000013023,7491.00,02070
34100,0000013023,5575.00,03000
34100,0000013023,14742.50,03110
34100,0000013023,9616.00,05700
34100,0000013023,45037.24,06100
34100,0000013023,2655.36,06400
34100,0000013023,944.00,07000
34100,0000013023,1104.70,07240
34100,0000013023,2315.19,08000
34100,0000013023,5062.00,08400
34100,0000013023,20536.61,09690
34100,0000013023,526.00,09910
34100,0000013023,885.00,10200
34100,0000013023,531.00,15000
34100,0000013023,1003.00,16000
33200,0000013024,385.00,00100
33200,0000013024,600.00,00400
33200,0000013024,494.00,00401
33200,0000013024,2000.00,09000
33200,0000013024,2504.95,25001
33200,0000013024,5222.77,25002
33500,0000013024,12950.00,01800
33500,0000013024,10125.60,09000
34100,0000013024,14400.00,09000
33200,0000013025,250.00,00100
33200,0000013025,3748.50,00401
33200,0000013025,500.00,01800
33200,0000013025,1150.00,02000
33200,0000013025,2240.00,02070
33200,0000013025,6894.00,06100
33200,0000013025,880.00,07330
33200,0000013025,2285.00,08000
33200,0000013025,2790.00,09000
33200,0000013025,14394.10,25001
33200,0000013025,216.18,25010
33500,0000013025,1610.00,02000
33500,0000013025,7800.00,04000
33500,0000013025,30100.00,05000
33500,0000013025,32446.00,07330
33500,0000013025,4323.40,09000
33500,0000013025,4000.00,16200
33500,0000013025,-1942.02,25002
34100,0000013025,800.00,00100
34100,0000013025,1920.00,02000
34100,0000013025,6900.00,02070
34100,0000013025,11040.00,06100
34100,0000013025,360.00,07330
34100,0000013025,960.00,08000
34100,0000013025,2880.00,09000
33200,0000013026,600.00,00400
33200,0000013026,1339.50,00401
33200,0000013026,3980.00,05000
33200,0000013026,2087.74,06100
33200,0000013026,5792.99,07000
33200,0000013026,1142.50,08000
33200,0000013026,2194.00,09000
33200,0000013026,4885.89,25001
33500,0000013026,83400.00,07000
33500,0000013026,4250.00,09000
34100,0000013026,12565.34,06101
33200,0000013028,1787.00,00400
33200,0000013028,1913.50,00401
33200,0000013028,983.95,06100
33200,0000013028,38875.63,25001
33200,0000013028,7727.03,25002
33200,0000013028,273.51,25003
33200,0000013028,-934.49,25010
33200,0000013028,934.49,25011
33500,0000013028,19995.00,06101
33500,0000013028,2910.00,07000
34100,0000013028,2419.00,06101
33200,0000013030,5315.00,06100
34100,0000013030,11460.00,06101
33200,0000013031,1102.00,00400
33200,0000013031,1831.73,06100
34100,0000013031,4800.00,06101
33200,0000013032,4300.00,00400
33200,0000013032,1330.00,00401
33200,0000013032,17193.77,06100
33200,0000013032,68666.83,08000
33200,0000013032,81.48,25001
34100,0000013032,19564.94,06101
33200,0000013033,1450.00,00400
33200,0000013033,3676.50,00401
33200,0000013033,450.00,02070
33200,0000013033,3388.89,06100
33200,0000013033,2146.40,07000
33200,0000013033,850.00,09000
33200,0000013033,1954.16,25001
33200,0000013033,1353.10,25002
33500,0000013033,10700.00,04000
33500,0000013033,14500.00,07000
33500,0000013033,72200.00,08000
33500,0000013033,6369.00,09000
33500,0000013033,5037.80,10000
34100,0000013033,9510.00,02070
34100,0000013033,6090.00,06100
34100,0000013033,1710.00,07000
34100,0000013033,480.00,08000
34100,0000013033,2400.00,09000
33200,0000013034,1957.00,00400
33200,0000013034,500.00,00401
33200,0000013034,2833.08,06100
33200,0000013034,10171.04,08000
34100,0000013034,5575.50,06100
33200,0000013038,15930.00,00400
33200,0000013038,1482.00,00401
33500,0000013038,90666.00,05500
33500,0000013038,1400.00,09900
33500,0000013038,10915.00,15000
33500,0000013038,7300.00,16000
33200,0000013039,900.23,00400
33200,0000013039,1683.88,00401
33200,0000013039,5280.00,02070
33200,0000013039,1186.00,06100
33200,0000013039,2080.00,09000
33500,0000013039,42564.46,08000
34100,0000013039,7200.00,06100
34100,0000013039,2280.00,09000
33200,0000013040,721.50,00400
33200,0000013040,1349.56,00401
33200,0000013040,172.08,06100
33500,0000013040,40833.21,08000
34100,0000013040,1800.00,02070
34100,0000013040,5400.00,06100
33200,0000013041,1378.27,00400
33200,0000013041,2578.06,00401
33200,0000013041,686.80,06100
33200,0000013041,2158.00,09000
33500,0000013041,75330.81,08000
34100,0000013041,2460.00,02070
34100,0000013041,9300.00,06100
34100,0000013041,4241.28,09000
33200,0000013042,3740.00,03300
33200,0000013042,1730.00,06100
33500,0000013042,800.00,03360
34100,0000013042,2273.00,06100
33200,0000013044,420.00,00100
33200,0000013044,600.00,00400
33200,0000013044,2356.00,00401
33200,0000013044,1925.00,08000
33200,0000013044,600.00,12000
33200,0000013044,442.21,25001
33200,0000013044,179.27,25002
33200,0000013044,987.30,25003
33200,0000013044,974.06,25004
33200,0000013044,1195.17,25005
33200,0000013044,1813.83,25006
33200,0000013044,1751.17,25007
33200,0000013044,1922.64,25008
33200,0000013044,833.03,25009
33200,0000013044,116.92,25010
33200,0000013044,3310.89,25011
33200,0000013044,1183.34,25012
33200,0000013044,93.53,25013
33200,0000013044,236.96,25014
33200,0000013044,445.24,25015
33200,0000013044,1149.76,25016
33200,0000013044,487.50,25017
33200,0000013044,605.54,25018
33500,0000013044,5000.00,02070
33500,0000013044,2675.00,04000
33500,0000013044,8100.00,09050
33500,0000013044,7315.04,09600
33500,0000013044,2244.00,09910
33500,0000013044,90422.00,10000
33500,0000013044,2125.00,11000
33500,0000013044,44545.00,12000
33500,0000013044,5125.00,15001
33500,0000013044,1500.00,15401
33500,0000013044,19007.52,16200
33500,0000013044,2670.00,16700
34100,0000013044,300.40,02070
34100,0000013044,2188.92,08000
34100,0000013044,1030.08,09050
34100,0000013044,515.04,10000
34100,0000013044,1030.08,12000
33200,0000013047,3290.00,00400
33200,0000013047,823.91,06100
34100,0000013047,7200.00,06101
33200,0000013048,615.00,00400
33500,0000013048,16300.00,02070
33500,0000013048,10967.66,09000
33500,0000013048,3550.00,09900
33200,0000013049,77725.00,00400
33200,0000013049,19992.00,00401
33200,0000013049,181300.00,02000
33200,0000013049,51710.40,02220
33200,0000013049,96806.35,06100
33200,0000013049,37530.00,07400
33200,0000013049,73484.80,08000
33200,0000013049,87186.24,09000
33200,0000013049,4595.40,10000
33200,0000013049,18882.16,25001
33200,0000013049,3821.71,25002
33200,0000013049,14730.81,25003
33200,0000013049,22007.39,25004
33200,0000013049,14705.69,25005
33200,0000013049,41601.03,25007
33500,0000013049,77760.00,04000
33500,0000013049,233189.36,05000
33500,0000013049,52556.00,07530
33500,0000013049,54074.80,13850
33500,0000013049,23816.00,15000
33500,0000013049,26839.28,15401
33500,0000013049,137280.00,16000
33500,0000013049,53398.62,25006
33500,0000013049,51842.93,25008
33200,0000013051,1690.00,00400
33200,0000013051,788.50,00401
33200,0000013051,2457.60,03300
33200,0000013051,7209.22,06100
33500,0000013051,1446.50,02000
33500,0000013051,4250.00,03300
33500,0000013051,29803.00,05000
33500,0000013051,1120.00,09000
34100,0000013051,300.00,02000
34100,0000013051,1121.00,03300
34100,0000013051,300.00,05000
34100,0000013051,11505.00,06101
33200,0000013052,5990.00,00400
33200,0000013052,1111.54,00401
33200,0000013052,981.24,06100
33200,0000013052,647.36,09000
33200,0000013052,1186.73,25001
33200,0000013052,346.51,25002
33200,0000013052,350.16,25003
33500,0000013052,6038.50,04000
33500,0000013052,5067.24,07100
33500,0000013052,27651.00,07400
33500,0000013052,41560.00,08500
33500,0000013052,2675.00,09900
33500,0000013052,1955.00,12000
34100,0000013052,6840.00,02000
34100,0000013052,2520.00,06100
34100,0000013052,1640.00,09000
33200,0000013055,2771.70,00400
33200,0000013055,450.80,03300
33200,0000013055,386.40,06100
33500,0000013055,11555.00,02000
33500,0000013055,1080.00,06100
33500,0000013055,431.25,15401
33500,0000013055,3300.00,16200
34100,0000013055,425.00,02000
34100,0000013055,840.00,03300
34100,0000013055,3000.00,06100
34100,0000013055,125.00,15401
34100,0000013055,125.00,16200
33200,0000013066,375.00,00400
33200,0000013066,200.00,01800
33200,0000013066,200.00,06100
33200,0000013066,2208.09,07330
34100,0000013066,4875.00,06100
33200,0000013068,3828.66,00400
33200,0000013068,7755.00,00401
33200,0000013068,542.00,02000
33200,0000013068,20630.32,07310
33200,0000013068,174788.38,09000
33200,0000013068,91274.39,25002
33200,0000013068,2545.63,25003
33200,0000013068,1238.26,25004
33500,0000013068,4235.00,15001
33500,0000013068,3700.00,15401
33500,0000013068,8350.00,16200
34100,0000013068,6160.00,02000
34100,0000013068,21230.00,07310
34100,0000013068,174018.35,09000
33200,0000013070,340.00,00400
33200,0000013070,165.00,00401
33200,0000013070,150.00,02000
33200,0000013070,585.00,02070
33200,0000013070,2439.50,06100
33200,0000013070,12248.89,25001
33500,0000013070,6030.00,15401
33500,0000013070,2661.40,25002
33200,0000013071,1200.00,00400
33200,0000013071,3384.00,00401
33200,0000013071,750.00,07800
33200,0000013071,3812.14,09000
33500,0000013071,26519.18,06400
33500,0000013071,1100.00,09900
33500,0000013071,22350.00,15001
33500,0000013071,36900.00,15401
33500,0000013071,9950.00,16200
33500,0000013071,947.36,25001
34100,0000013071,11230.00,00400
33200,0000013073,250.00,00400
33200,0000013073,1149.50,00401
33200,0000013073,900.00,01800
33200,0000013073,1700.00,03000
33200,0000013073,1200.00,06100
33200,0000013073,1700.00,08000
33200,0000013073,2285.36,09000
33500,0000013073,2400.00,02070
33500,0000013073,715.00,03000
33500,0000013073,240.00,06100
33500,0000013073,3593.00,08000
33500,0000013073,6148.00,09000
33500,0000013073,21530.56,10000
33500,0000013073,4550.00,15001
33500,0000013073,32320.00,15401
33500,0000013073,6400.00,16200
34100,0000013073,1185.00,06100
34100,0000013073,3480.00,08000
34100,0000013073,960.00,09000
34100,0000013073,3360.00,10000
34100,0000013073,720.00,15001
34100,0000013073,720.00,15401
33200,0000013074,700.00,00400
33200,0000013074,570.00,00401
33200,0000013074,772.56,03000
33200,0000013074,988.88,06100
33200,0000013074,22776.00,08000
33200,0000013074,2786.28,10000
33200,0000013074,2083.12,25001
33200,0000013074,237.56,25002
33500,0000013074,1550.00,09000
33500,0000013074,10900.00,16200
34100,0000013074,1802.64,06100
34100,0000013074,4635.36,08000
33200,0000013075,2250.00,00400
33200,0000013075,9075.00,00401
33200,0000013075,350.00,01800
33200,0000013075,875.00,03300
33200,0000013075,895.00,05530
33200,0000013075,13244.22,06060
33200,0000013075,494.40,07200
33200,0000013075,119.00,07900
33200,0000013075,13535.00,08110
33200,0000013075,735.00,10810
33200,0000013075,-56884.63,25001
33200,0000013075,3198.03,25002
33200,0000013075,8824.91,25003
33200,0000013075,3217.87,25004
33200,0000013075,12920.12,25005
33200,0000013075,24197.44,25006
33500,0000013075,19314.00,02070
33500,0000013075,14070.00,03100
33500,0000013075,7000.00,03210
33500,0000013075,500.00,03350
33500,0000013075,7840.00,04800
33500,0000013075,2000.00,05520
33500,0000013075,3025.00,06170
33500,0000013075,1000.00,06200
33500,0000013075,12895.00,06400
33500,0000013075,4056.00,07210
33500,0000013075,33500.00,07460
33500,0000013075,7035.00,07530
33500,0000013075,31200.00,08900
33500,0000013075,33903.29,09110
33500,0000013075,31000.00,09600
33500,0000013075,15900.00,09910
33500,0000013075,2240.00,10240
33500,0000013075,42500.00,14200
33500,0000013075,83200.00,15001
33500,0000013075,16180.00,15401
33500,0000013075,44650.00,16500
34100,0000013075,25020.00,06060
34100,0000013075,720.00,07200
34100,0000013075,2400.00,07900
34100,0000013075,23760.00,08110
34100,0000013075,720.00,10810
33200,0000013076,6720.00,00100
33200,0000013076,5567.54,00400
33200,0000013076,27085.50,00401
33200,0000013076,1840.00,01800
33200,0000013076,1745.00,02070
33200,0000013076,4200.00,02920
33200,0000013076,17530.00,03050
33200,0000013076,28256.00,03300
33200,0000013076,425.00,03350
33200,0000013076,21945.00,05500
33200,0000013076,1465.00,05530
33200,0000013076,53629.00,06060
33200,0000013076,2385.00,07200
33200,0000013076,500.00,07530
33200,0000013076,22750.00,08110
33200,0000013076,310.00,10260
33200,0000013076,95.00,10420
33200,0000013076,1480.00,10810
33200,0000013076,10898.92,25001
33200,0000013076,712.54,25002
33200,0000013076,2902.22,25003
33200,0000013076,4539.90,25004
33200,0000013076,1321.45,25005
33200,0000013076,961.79,25006
33200,0000013076,973.56,25007
33200,0000013076,37905.09,25008
33200,0000013076,1232.78,25010
33200,0000013076,4802.95,25011
33200,0000013076,-2507.72,25012
33200,0000013076,389.43,25013
33500,0000013076,40000.00,00100
33500,0000013076,4730.00,00400
33500,0000013076,1100.00,02070
33500,0000013076,42285.00,02315
33500,0000013076,7950.00,02740
33500,0000013076,2100.00,02820
33500,0000013076,20035.00,03100
33500,0000013076,19723.00,03210
33500,0000013076,7000.00,03350
33500,0000013076,3600.00,03370
33500,0000013076,1000.00,05090
33500,0000013076,86000.00,06170
33500,0000013076,10088.46,06400
33500,0000013076,4600.00,07210
33500,0000013076,110560.00,07460
33500,0000013076,7000.00,07469
33500,0000013076,74625.00,07530
33500,0000013076,3715.00,07710
33500,0000013076,2790.00,08370
33500,0000013076,2355.00,08520
33500,0000013076,20770.00,08900
33500,0000013076,24925.00,09110
33500,0000013076,36700.00,09310
33500,0000013076,53850.00,09640
33500,0000013076,15044.00,09910
33500,0000013076,5125.00,10170
33500,0000013076,2395.00,10500
33500,0000013076,1350.00,10520
33500,0000013076,41798.00,11480
33500,0000013076,12500.00,13850
33500,0000013076,74995.00,15001
33500,0000013076,9380.00,15070
33500,0000013076,31747.00,15401
33500,0000013076,63000.00,16500
33500,0000013076,1500.00,16700
33500,0000013076,3532.17,25009
34100,0000013076,7300.00,00400
34100,0000013076,2750.00,02070
34100,0000013076,11250.00,03050
34100,0000013076,500.00,03350
34100,0000013076,7750.00,05500
34100,0000013076,500.00,05530
34100,0000013076,69544.00,06060
34100,0000013076,3500.00,06170
34100,0000013076,800.00,07530
34100,0000013076,7500.00,08110
34100,0000013076,1500.00,10170
34100,0000013076,250.00,10260
34100,0000013076,62.50,10420
34100,0000013076,500.00,10810
34100,0000013076,1500.00,15401
33200,0000013078,150.00,01800
33200,0000013078,350.00,03300
33200,0000013078,1175.00,06100
34100,0000013078,4001.00,06101
33200,0000013079,380.00,00400
33200,0000013079,3451.50,00401
33200,0000013079,850.00,02050
33200,0000013079,7838.00,06000
33200,0000013079,1050.00,08100
33200,0000013079,455.00,09900
33200,0000013079,29997.19,25001
33200,0000013079,455.88,25002
33500,0000013079,12004.72,05000
33500,0000013079,112500.00,07550
33500,0000013079,3900.00,15000
33500,0000013079,725.00,16000
33200,0000013081,280.00,00100
33200,0000013081,700.00,00400
33200,0000013081,1300.00,06100
33200,0000013081,8454.76,25001
33500,0000013081,2130.00,02000
33500,0000013081,8375.00,03000
33500,0000013081,1300.00,09000
34100,0000013081,250.00,02000
34100,0000013081,2437.50,02070
33200,0000013082,7840.00,00400
33200,0000013082,35600.00,02220
33200,0000013082,21256.50,06100
33500,0000013082,34600.00,02130
33500,0000013082,1700.00,02300
33500,0000013082,12880.00,15000
33500,0000013082,19435.00,16000
33500,0000013082,-2945.63,25001
33200,0000014001,18045.90,00400
33200,0000014001,25200.00,02000
33200,0000014001,2000.00,02300
33200,0000014001,40500.00,03000
33200,0000014001,38000.00,06100
33200,0000014001,50000.00,07000
33200,0000014001,27500.00,07400
33200,0000014001,22500.00,08000
33200,0000014001,11124.36,25001
33500,0000014001,15000.00,06400
33500,0000014001,22500.00,09000
33500,0000014001,9500.00,09600
33500,0000014001,10500.00,09910
33500,0000014001,4500.00,13000
33500,0000014001,15000.00,15001
33500,0000014001,23000.00,15401
33500,0000014001,31950.00,16000
33200,0000014003,12000.00,02000
33200,0000014003,7295.00,06100
33200,0000014003,2600.00,06170
33200,0000014003,3700.00,07400
33200,0000014003,8350.00,08000
33500,0000014003,5450.00,07000
33500,0000014003,2500.00,07330
34100,0000014003,30600.00,06101
33200,0000014004,660.00,00400
33200,0000014004,503.50,00401
33200,0000014004,34000.00,04000
33200,0000014004,2858.24,25001
33200,0000014004,1392.30,25002
33200,0000014005,200.00,01800
33200,0000014005,2400.00,03000
33200,0000014005,300.00,03200
33200,0000014005,11414.09,06100
33200,0000014005,1700.00,07400
33500,0000014005,3100.00,02000
33500,0000014005,1000.00,03000
33500,0000014005,1500.00,07330
34100,0000014005,22490.00,06101
33200,0000014011,3390.04,00400
33200,0000014011,2565.00,00401
33200,0000014011,10549.28,06100
33200,0000014011,1175.00,08000
33200,0000014011,300.00,09910
33200,0000014011,4109.00,10000
33200,0000014011,11673.18,25001
33200,0000014011,919.13,25002
33200,0000014011,146.86,25003
33500,0000014011,35400.00,02050
33500,0000014011,3414.75,06100
33500,0000014011,3474.00,06400
33500,0000014011,28600.00,09600
33500,0000014011,3824.00,09910
33500,0000014011,10635.00,10000
33500,0000014011,21100.00,15001
33500,0000014011,68850.00,15401
33500,0000014011,11400.00,16200
34100,0000014011,6096.79,06101
34100,0000014011,1223.22,08000
34100,0000014011,1464.65,10000
34100,0000014011,200.00,15001
33200,0000014012,3642.50,00400
33200,0000014012,7005.00,00401
33200,0000014012,3480.00,03000
33200,0000014012,1238.19,06100
33200,0000014012,1350.00,07200
33200,0000014012,8180.00,08000
33200,0000014012,2737.00,10820
33200,0000014012,23848.29,15401
33200,0000014012,169.92,25001
33200,0000014012,1076.49,25002
33200,0000014012,768.31,25003
33200,0000014012,1224.23,25004
33200,0000014012,416.87,25005
33200,0000014012,306.06,25006
33200,0000014012,991.00,25007
33200,0000014012,2332.37,25008
33200,0000014012,263.85,25009
33200,0000014012,295.50,25010
33200,0000014012,832.28,25011
33200,0000014012,122.42,25012
33200,0000014012,1391.66,25013
33500,0000014012,34505.00,02220
33500,0000014012,1880.00,04000
33500,0000014012,19360.00,09000
33500,0000014012,15276.00,09600
33500,0000014012,2760.00,09910
33500,0000014012,25075.00,11730
33500,0000014012,12070.00,12000
33500,0000014012,15700.00,15001
33500,0000014012,49621.72,15300
33500,0000014012,22800.00,16000
33200,0000014013,6421.00,00400
33200,0000014013,10477.00,02070
33200,0000014013,29838.00,06200
33200,0000014013,143746.00,08520
33200,0000014013,73.00,10000
33200,0000014013,125.00,25001
33200,0000014013,696.90,25002
33500,0000014013,6195.00,09910
33200,0000014014,1200.00,00400
33200,0000014014,4050.00,00401
33200,0000014014,143326.28,08520
33200,0000014014,57371.85,25001
33200,0000014014,842.10,25002
33200,0000014015,3550.00,00400
33200,0000014015,2589.78,00401
33200,0000014015,33385.00,02000
33200,0000014015,10455.00,08000
33200,0000014015,26199.68,09000
33200,0000014015,22643.00,10810
33200,0000014015,10806.81,25001
33200,0000014015,1923.85,25002
33200,0000014015,292.87,25003
33500,0000014015,3480.00,06400
33500,0000014015,12860.00,09600
33500,0000014015,3040.00,09910
33500,0000014015,23850.00,15001
33500,0000014015,39350.00,15401
33500,0000014015,11100.00,15900
33500,0000014015,6750.00,16000
33200,0000014016,1980.00,00400
33200,0000014016,503.50,00401
33200,0000014016,2660.00,05500
33200,0000014016,2196.59,06100
33200,0000014016,856.03,07000
33200,0000014016,359.18,09000
33200,0000014016,-511.05,25001
33500,0000014016,10663.46,05500
33500,0000014016,3404.00,07000
34100,0000014016,3480.00,02050
34100,0000014016,2436.00,05500
34100,0000014016,2784.00,06101
34100,0000014016,2078.95,07000
34100,0000014016,658.30,09000
33200,0000014017,7019.00,00400
33200,0000014017,13215.00,02070
33200,0000014017,851.00,03930
33200,0000014017,41500.00,06200
33200,0000014017,151917.00,08000
33200,0000014017,65.28,25001
33200,0000014017,1415.98,25002
33500,0000014017,6373.00,09910
33200,0000014020,1635.00,00401
33200,0000014020,5556.00,08110
33200,0000014020,2005.16,25001
33200,0000014020,8759.48,25002
33200,0000014020,673.94,25003
33500,0000014020,17500.00,02070
33500,0000014020,5300.00,09000
33500,0000014020,14500.00,09600
33500,0000014020,1200.00,09910
33500,0000014020,10190.00,10810
33500,0000014020,1775.00,12000
33500,0000014020,539.00,15001
33500,0000014020,30400.00,15401
33200,0000014021,1340.00,00401
33200,0000014021,8995.35,02070
33200,0000014021,12512.91,25001
33200,0000014021,1725.40,25002
33200,0000014021,1781.75,25003
33500,0000014021,2474.00,08110
33500,0000014021,770.00,09000
33500,0000014021,12400.00,09600
33500,0000014021,1100.00,09910
33500,0000014021,8190.00,10810
33500,0000014021,1818.00,12000
33500,0000014021,19194.00,15401
33200,0000014022,1110.00,00401
33200,0000014022,2631.49,25001
33500,0000014022,7880.00,02070
33500,0000014022,55971.00,08110
33500,0000014022,13150.00,09000
33500,0000014022,2980.00,09910
33500,0000014022,9000.00,16000
33200,0000014023,1665.00,00401
33200,0000014023,481.99,25001
33200,0000014023,2255.18,25002
33500,0000014023,6130.00,02070
33500,0000014023,1260.00,04050
33500,0000014023,3958.00,08110
33500,0000014023,6200.00,09000
33500,0000014023,14444.00,09600
33500,0000014023,2291.00,09910
33500,0000014023,1226.00,12000
33500,0000014023,11000.00,16000
33200,0000014027,850.00,02070
33200,0000014027,450.00,03000
33200,0000014027,120.00,03200
34100,0000014027,1422.00,06101
33200,0000014028,5400.00,03000
33200,0000014028,2000.00,03210
33200,0000014028,2000.00,03370
33200,0000014028,9600.00,06100
33500,0000014028,4500.00,02220
33500,0000014028,1500.00,03360
34100,0000014028,22600.00,06101
33200,0000014029,240.00,03200
33200,0000014029,1000.00,03300
33200,0000014029,2000.00,06100
34100,0000014029,6107.00,06101
33200,0000014030,1200.00,00400
33200,0000014030,955.43,00401
33200,0000014030,250.00,06100
33200,0000014030,85.00,06400
33200,0000014030,415.00,08100
33200,0000014030,1310.00,10160
33200,0000014030,776.57,25001
33200,0000014030,2792.86,25002
33200,0000014030,205.84,25003
33200,0000014030,844.91,25004
33500,0000014030,4800.00,02070
33500,0000014030,1225.00,06400
33500,0000014030,3250.00,09200
33500,0000014030,12853.00,09600
33500,0000014030,3224.00,09910
33500,0000014030,5795.00,10810
33500,0000014030,10550.00,15401
34100,0000014030,2210.00,06100
34100,0000014030,130.00,06400
34100,0000014030,95.00,08100
34100,0000014030,780.00,10160
34100,0000014030,520.00,15401
33200,0000014033,795.00,00400
33200,0000014033,540.36,00401
33200,0000014033,6940.00,06100
33200,0000014033,135.00,07200
33200,0000014033,-52.38,25001
33200,0000014033,904.85,25002
33500,0000014033,4890.00,02000
33500,0000014033,21250.00,03300
33500,0000014033,8515.00,05500
33500,0000014033,2150.00,09000
33200,0000014034,755.00,00400
33200,0000014034,100.00,00401
33200,0000014034,200.00,02300
33500,0000014034,14448.00,02000
33500,0000014034,500.00,02750
33500,0000014034,3058.00,02820
33200,0000014039,3688.00,00400
33200,0000014039,28591.00,02315
33200,0000014039,99491.19,06100
33200,0000014039,24786.00,08000
33200,0000014039,-16297.81,25001
33200,0000014039,8196.72,25002
33200,0000014039,11206.74,25003
33200,0000014039,-5009.11,25004
33200,0000014039,7468.12,25005
33200,0000014039,637.52,25006
33200,0000014039,2568.31,25007
33200,0000014039,1571.04,25008
33200,0000014039,3055.56,25009
33200,0000014039,1684.88,25010
33200,0000014039,1183.97,25011
33200,0000014039,-1275.05,25029
33500,0000014039,52910.54,03100
33500,0000014039,2470.00,06200
33500,0000014039,89270.51,07410
33500,0000014039,9334.15,09200
33500,0000014039,7515.00,09600
33500,0000014039,4000.00,09900
33500,0000014039,4591.00,10000
33500,0000014039,18931.00,15001
33500,0000014039,10850.00,15401
33500,0000014039,27000.00,16000
33200,0000014040,6400.00,00400
33200,0000014040,1000.00,01800
33200,0000014040,5200.00,02000
33200,0000014040,9400.00,03000
33200,0000014040,86637.00,06100
33200,0000014040,11000.00,07400
33200,0000014040,23530.00,08000
33200,0000014040,2000.00,09000
33200,0000014040,27770.37,25001
33500,0000014040,1900.00,02000
33500,0000014040,13900.00,03100
33500,0000014040,2500.00,07000
33500,0000014040,12500.00,09200
33500,0000014040,20100.00,09600
33500,0000014040,12500.00,09900
33500,0000014040,33500.00,13930
33500,0000014040,59200.00,14200
33500,0000014040,15500.00,15300
33500,0000014040,43000.00,15401
33500,0000014040,2800.00,15700
33500,0000014040,15000.00,16000
34100,0000014040,99300.00,06100
33200,0000014043,10090.00,00400
33200,0000014043,1251.95,00401
33200,0000014043,850.00,02000
33200,0000014043,4650.00,02070
33200,0000014043,7478.06,03300
33200,0000014043,8651.18,06100
33200,0000014043,16091.03,07460
33200,0000014043,18117.65,25001
33200,0000014043,5882.62,25002
33200,0000014043,6274.69,25003
33200,0000014043,2436.91,25004
33200,0000014043,973.19,25005
33200,0000014043,14968.44,25006
33200,0000014043,399.09,25007
33500,0000014043,5600.00,07300
33500,0000014043,11716.00,08000
33500,0000014043,24000.00,09900
33500,0000014043,5395.00,15000
33500,0000014043,6700.00,16000
33200,0000014044,2200.00,00400
33200,0000014044,1086.00,00401
33200,0000014044,600.00,02000
33200,0000014044,1025.31,25001
33200,0000014044,-746.97,25002
33200,0000014044,3393.78,25003
33500,0000014044,2886.00,03300
33500,0000014044,26745.20,05000
33500,0000014044,3375.00,07330
33500,0000014044,813.84,13850
33500,0000014044,4225.00,15000
33500,0000014044,37950.00,15001
33500,0000014044,11445.00,15080
33200,0000014049,800.00,25001
33200,0000014050,13409.84,00400
33200,0000014050,2771.55,00401
33200,0000014050,13086.00,02000
33200,0000014050,3664.00,06100
33200,0000014050,8296.00,08210
33200,0000014050,-14484.11,25001
33200,0000014050,1613.04,25002
33500,0000014050,11980.00,06200
33500,0000014050,50000.00,08450
33500,0000014050,19985.00,09000
33500,0000014050,44962.00,09310
33500,0000014050,1400.00,09510
33500,0000014050,4500.00,09650
33500,0000014050,6462.00,09900
33500,0000014050,27989.00,15000
33500,0000014050,19325.00,16000
33200,0000014052,3005.00,00400
33200,0000014052,541.76,00401
33200,0000014052,2110.50,06100
33200,0000014052,27064.00,08000
34100,0000014052,11690.00,06100
33200,0000014053,5460.00,00400
33200,0000014053,447.23,00401
33200,0000014053,12674.97,06100
33200,0000014053,363.34,25001
34100,0000014053,18609.92,06100
33200,0000014054,10930.00,00400
33200,0000014054,65239.00,03100
33200,0000014054,9584.00,06100
33200,0000014054,45116.00,07400
33200,0000014054,12514.00,08000
33200,0000014054,1523.47,25001
33200,0000014054,295.30,25002
33200,0000014054,399.65,25003
33200,0000014054,823.64,25004
33500,0000014054,40105.00,02315
33500,0000014054,79058.00,05200
33500,0000014054,31084.00,07600
33500,0000014054,502.00,09900
33200,0000014057,33978.50,00400
33200,0000014057,5774.38,00401
33200,0000014057,32000.00,02000
33200,0000014057,22785.00,02070
33200,0000014057,8269.00,03300
33200,0000014057,27727.08,25001
33500,0000014057,22467.00,04000
33500,0000014057,11985.00,05500
33500,0000014057,3732.00,07330
33500,0000014057,59630.00,08000
33500,0000014057,57576.01,09000
33500,0000014057,22125.00,09600
33500,0000014057,11985.00,09900
33500,0000014057,44098.00,12000
33500,0000014057,103358.58,15000
33500,0000014057,63850.00,16000
33200,0000014060,4476.94,00400
33200,0000014060,948.57,00401
33200,0000014060,225.00,05500
33200,0000014060,5171.17,06100
33200,0000014060,2385.35,06200
33200,0000014060,3844.88,07330
33200,0000014060,5629.90,07460
33200,0000014060,450.00,07900
33200,0000014060,599.33,08000
33200,0000014060,-1259.33,25001
33200,0000014060,-5505.26,25002
33200,0000014060,-899.52,25003
33200,0000014060,-869.60,25010
33500,0000014060,6616.00,05500
33500,0000014060,1783.57,06400
33500,0000014060,2433.50,07330
33500,0000014060,4597.50,07460
33500,0000014060,5771.00,08000
33500,0000014060,7916.00,09900
34100,0000014060,1742.00,05500
34100,0000014060,5213.25,06100
34100,0000014060,3350.00,06200
34100,0000014060,4053.50,07330
34100,0000014060,7303.00,07460
34100,0000014060,1500.00,07900
34100,0000014060,2110.50,08000
33200,0000014065,29868.04,00400
33200,0000014065,2786.78,00401
33200,0000014065,20778.00,02070
33200,0000014065,29214.50,06100
33200,0000014065,2458.00,07270
33200,0000014065,47545.00,07450
33200,0000014065,23020.00,07460
33200,0000014065,25292.00,07620
33200,0000014065,4050.00,08120
33200,0000014065,21725.00,08450
33200,0000014065,10910.00,08800
33200,0000014065,7078.50,09000
33200,0000014065,7960.55,25001
33200,0000014065,10981.85,25002
33200,0000014065,5089.76,25003
33500,0000014065,1450.00,04000
33500,0000014065,5716.00,07120
33500,0000014065,6975.00,16000
33200,0000015002,12018.86,00400
33200,0000015002,4566.98,00401
33200,0000015002,14663.20,02000
33200,0000015002,16933.96,02070
33200,0000015002,2900.94,05500
33200,0000015002,9716.98,06100
33200,0000015002,7469.81,09000
33200,0000015002,18066.03,12000
33200,0000015002,-1478.30,25001
33200,0000015002,10953.47,25002
33200,0000015002,25402.75,25003
33200,0000015002,4270.28,25004
33500,0000015002,849.05,04000
33500,0000015002,6012.26,08000
33500,0000015002,38596.22,09600
33500,0000015002,11948.11,09900
33500,0000015002,2924.52,15000
33500,0000015002,18849.05,16000
33200,0000015003,30619.54,00400
33200,0000015003,5000.00,06200
33200,0000015003,10000.00,08800
33200,0000015003,-48329.12,25001
33200,0000015003,-2108.70,25002
33200,0000015003,48329.12,99999
33500,0000015003,9265.00,07200
33500,0000015003,10000.00,09250
33500,0000015003,25400.00,09910
33500,0000015003,13800.00,15001
34100,0000015003,11615.00,06200
34100,0000015003,7500.00,08800
33200,0000015008,700.00,01800
33200,0000015008,2200.00,06100
33200,0000015008,4000.00,09900
33500,0000015008,2000.00,09600
34100,0000015008,11400.00,06100
33200,0000015009,8235.00,00400
33200,0000015009,1843.30,00401
33200,0000015009,300.00,02200
33200,0000015009,875.00,02315
33200,0000015009,8325.23,03100
33200,0000015009,3441.09,06100
33200,0000015009,4156.75,07400
33200,0000015009,286.00,07600
33200,0000015009,395.00,08000
33200,0000015009,5813.60,09200
33200,0000015009,25.00,09300
33200,0000015009,17836.38,25001
33500,0000015009,250.00,02200
33500,0000015009,8661.50,03100
33500,0000015009,8580.00,05500
33500,0000015009,4560.00,06100
33500,0000015009,1500.00,07400
33500,0000015009,5548.75,07600
33500,0000015009,15709.00,08000
33500,0000015009,9025.00,09200
33500,0000015009,15470.00,09300
33500,0000015009,9000.00,09900
33500,0000015009,730.00,10000
34100,0000015009,9514.00,02200
34100,0000015009,3020.00,02315
34100,0000015009,2814.00,03100
34100,0000015009,7973.00,06100
34100,0000015009,6968.00,07400
34100,0000015009,871.00,07600
34100,0000015009,3866.00,08000
34100,0000015009,8713.00,09200
34100,0000015009,268.00,09300
34100,0000015009,268.00,10000
33200,0000015018,26770.00,00400
33200,0000015018,6837.26,00401
33200,0000015018,10820.20,06100
33200,0000015018,192.71,06200
33200,0000015018,9703.46,07600
33200,0000015018,538.00,08000
33200,0000015018,9243.48,09200
33200,0000015018,899.00,09300
33200,0000015018,1722.16,10000
33200,0000015018,200.00,10800
33200,0000015018,256.52,25001
33200,0000015018,1321.79,25002
33200,0000015018,-1224.91,25010
33500,0000015018,2650.00,04200
33500,0000015018,185952.00,06200
33500,0000015018,1957.00,08000
33500,0000015018,79800.00,09300
33500,0000015018,19975.00,09900
33500,0000015018,34295.00,10800
33500,0000015018,72285.00,15400
33500,0000015018,34000.00,15700
33500,0000015018,33202.00,16000
33500,0000015018,0.19,25001
34100,0000015018,30504.00,02200
34100,0000015018,4588.00,06100
34100,0000015018,1240.00,06200
34100,0000015018,9920.00,07600
34100,0000015018,3100.00,08000
34100,0000015018,992.00,09200
34100,0000015018,2356.00,09300
34100,0000015018,1488.00,10000
34100,0000015018,4588.00,10800
33200,0000015019,400.00,00400
33200,0000015019,6800.00,06100
33200,0000015019,925.00,07400
34100,0000015019,42150.00,06101
33200,0000015021,3650.00,00400
33200,0000015021,3769.85,00401
33200,0000015021,4683.00,07600
33200,0000015021,2430.00,08000
33200,0000015021,4051.97,25001
33200,0000015021,4329.04,25002
33500,0000015021,10500.00,02200
33500,0000015021,19460.00,04200
33500,0000015021,6400.00,05500
33500,0000015021,33020.00,08000
33500,0000015021,7945.00,09200
33500,0000015021,33000.00,09300
33500,0000015021,9200.00,09900
33200,0000015022,1970.00,00400
33200,0000015022,4191.35,00401
33200,0000015022,300.00,03100
33200,0000015022,9575.77,06100
33200,0000015022,150.00,06200
33200,0000015022,260.00,08000
33200,0000015022,628.54,09200
33200,0000015022,-448.04,25001
33200,0000015022,877.23,25002
33200,0000015022,10450.41,25003
33200,0000015022,1222.17,25004
33500,0000015022,18765.00,02200
33500,0000015022,9669.30,06200
33500,0000015022,3270.00,08000
33500,0000015022,73686.00,09300
33500,0000015022,12100.00,09900
33500,0000015022,3180.00,15400
33500,0000015022,1000.00,16000
34100,0000015022,3484.00,02200
34100,0000015022,268.00,03100
34100,0000015022,4958.00,06100
34100,0000015022,268.00,06200
34100,0000015022,938.00,08000
34100,0000015022,1213.00,09200
33200,0000015023,17681.50,00400
33200,0000015023,5552.67,00401
33200,0000015023,9825.00,06100
33200,0000015023,3169.31,25001
33200,0000015023,1906.38,25002
33200,0000015023,1709.52,25003
33200,0000015023,310.82,25004
33200,0000015023,-186.97,25005
33500,0000015023,2500.00,03100
33500,0000015023,125087.50,04200
33500,0000015023,1340.00,05500
33500,0000015023,19515.00,07600
33500,0000015023,8825.00,08000
33500,0000015023,5644.00,09900
33500,0000015023,600.00,15700
33500,0000015023,1200.00,16000
33200,0000015028,21237.00,00400
33200,0000015028,1753.17,00401
33200,0000015028,9855.00,02220
33200,0000015028,750.00,03300
33200,0000015028,8682.50,09000
33200,0000015028,1730.50,25001
33500,0000015028,4730.00,04000
33500,0000015028,3981.00,05500
33500,0000015028,5130.00,06400
33500,0000015028,31830.00,09600
33500,0000015028,1075.00,09900
33500,0000015028,40425.00,15000
33500,0000015028,19300.00,16000
33200,0000015032,6365.00,00400
33200,0000015032,9886.24,00401
33200,0000015032,2500.00,03100
33200,0000015032,18940.00,06100
33200,0000015032,152230.00,08000
33200,0000015032,45862.00,10000
33200,0000015032,24331.21,25001
33200,0000015032,5872.40,25002
33500,0000015032,2200.00,04200
33500,0000015032,14400.00,09200
33500,0000015032,5400.00,09300
33500,0000015032,4000.00,09900
33500,0000015032,61495.00,15000
33500,0000015032,29697.00,16000
33200,0000015033,8592.22,00400
33200,0000015033,4799.07,00401
33200,0000015033,8109.00,06100
33200,0000015033,7244.13,25001
33500,0000015033,50000.00,07600
33500,0000015033,8800.00,09200
33500,0000015033,658.00,09900
33500,0000015033,83494.73,15000
33500,0000015033,8825.00,16000
33200,0000015035,3610.00,00400
33200,0000015035,2929.49,00401
33200,0000015035,970.00,02315
33200,0000015035,3470.00,06100
33200,0000015035,9584.00,08000
33200,0000015035,7224.00,09300
33200,0000015035,665.23,25001
33200,0000015035,1886.14,25002
33200,0000015035,767.97,25003
33200,0000015035,1792.95,25004
33500,0000015035,14595.00,03100
33500,0000015035,13425.00,04200
33500,0000015035,39560.00,05500
33500,0000015035,1485.00,06200
33500,0000015035,3400.00,09900
33500,0000015035,2020.00,15400
33500,0000015035,750.00,16000
33200,0000015039,150.00,01800
33200,0000015039,1454.00,06100
34100,0000015039,2680.00,06101
33200,0000015041,1725.00,06100
33500,0000015041,800.00,04000
33500,0000015041,3500.00,09900
34100,0000015041,12661.00,06101
33200,0000015042,4225.30,00400
33200,0000015042,500.00,00401
33200,0000015042,3421.00,02050
33200,0000015042,2170.00,06200
33200,0000015042,1868.00,08200
33200,0000015042,212.34,25001
33200,0000015042,-137.88,25002
33200,0000015042,487.36,25003
33500,0000015042,3117.00,05000
33500,0000015042,4085.00,09000
33500,0000015042,17995.00,14200
33500,0000015042,1775.00,16000
33200,0000015045,732.50,00400
33200,0000015045,1164.70,00401
33200,0000015045,270.00,06100
33200,0000015045,5729.28,25001
33500,0000015045,6700.00,02070
33500,0000015045,32000.00,09300
33200,0000015047,200.00,01800
33200,0000015047,500.00,03300
33200,0000015047,11965.00,06100
33200,0000015047,2250.00,07400
33200,0000015047,2250.00,08000
33500,0000015047,7435.00,02000
33500,0000015047,800.00,03360
33500,0000015047,3500.00,07330
33500,0000015047,2600.00,09000
33500,0000015047,2000.00,09300
34100,0000015047,21500.00,06101
33200,0000015050,35191.35,00400
33200,0000015050,6104.00,00401
33200,0000015050,34986.00,02070
33200,0000015050,14619.00,06100
33200,0000015050,13844.00,07000
33200,0000015050,40967.00,08000
33200,0000015050,69115.00,09000
33200,0000015050,3444.20,25001
33200,0000015050,914.74,25002
33200,0000015050,20503.45,25003
33200,0000015050,4501.87,25004
33200,0000015050,10915.39,25005
33200,0000015050,4343.03,25006
33200,0000015050,11386.32,25007
33200,0000015050,4152.43,25008
33200,0000015050,1292.72,25009
33500,0000015050,36034.00,06400
33500,0000015050,34457.00,09600
33500,0000015050,28050.00,09900
33500,0000015050,112800.00,15001
33500,0000015050,8400.00,15401
33500,0000015050,89800.00,16000
33200,0000015053,5985.00,06101
33200,0000015053,410.00,25001
33200,0000015054,1300.00,00400
33200,0000015054,281.04,00401
33200,0000015054,1205.00,05500
33200,0000015054,325.25,06100
33200,0000015054,1900.00,08000
33200,0000015054,568.50,25001
33500,0000015054,1428.52,09200
33500,0000015054,3115.00,09300
33500,0000015054,2087.00,09900
33500,0000015054,8995.00,16000
34100,0000015054,1512.00,02200
34100,0000015054,630.00,06100
34100,0000015054,756.00,08000
33200,0000015057,3764.00,00400
33200,0000015057,1147.96,00401
33200,0000015057,800.00,02050
33200,0000015057,1322.00,07400
33200,0000015057,67590.00,08000
33200,0000015057,433.70,09200
33200,0000015057,240.00,09900
33200,0000015057,-29.27,25001
33500,0000015057,2163.10,06200
34100,0000015057,6345.00,02200
34100,0000015057,1072.00,07400
34100,0000015057,9450.00,08000
34100,0000015057,1072.00,09200
34100,0000015057,2278.00,09900
33200,0000015058,2980.00,00400
33200,0000015058,3303.29,00401
33200,0000015058,20414.00,02200
33200,0000015058,637.00,02820
33200,0000015058,4761.00,06100
33200,0000015058,114.04,06200
33200,0000015058,1110.00,07600
33200,0000015058,1971.70,09200
33200,0000015058,651.70,10000
33200,0000015058,2180.00,10800
33200,0000015058,157.94,25001
33200,0000015058,5169.28,25002
33200,0000015058,1971.31,25003
33200,0000015058,2157.67,25004
33200,0000015058,438.35,25005
33200,0000015058,1100.76,25006
33200,0000015058,691.81,25007
33200,0000015058,2115.16,25008
33200,0000015058,384.13,25009
33200,0000015058,534.89,25010
33200,0000015058,276.69,25011
33200,0000015058,1547.01,25012
33200,0000015058,205.11,25013
33200,0000015058,-102.79,25025
33500,0000015058,72315.53,06200
33500,0000015058,55000.00,09300
33500,0000015058,17415.00,09900
33500,0000015058,16435.00,10800
33500,0000015058,29450.00,15400
33500,0000015058,19990.00,15700
33500,0000015058,19431.00,16000
34100,0000015058,472.00,02820
34100,0000015058,4720.00,06100
34100,0000015058,2124.00,07600
34100,0000015058,2655.00,09200
34100,0000015058,708.00,10000
34100,0000015058,1652.00,10800
33200,0000015059,2015.00,00400
33200,0000015059,577.97,00401
33200,0000015059,530.00,10650
33200,0000015059,1098.36,25001
33200,0000015059,199.64,25002
33200,0000015059,343.09,25003
33200,0000015059,1405.17,25004
33200,0000015059,-128.04,25005
33200,0000015059,463.12,25006
33200,0000015059,574.65,25007
33200,0000015059,171.55,25008
33500,0000015059,9784.00,06200
33500,0000015059,3257.00,08000
33500,0000015059,5842.33,09200
33500,0000015059,2423.00,09300
33500,0000015059,3244.00,09900
33500,0000015059,7125.00,10650
33500,0000015059,620.00,15400
33500,0000015059,2690.00,15700
33500,0000015059,7535.00,16000
34100,0000015059,2733.75,02070
34100,0000015059,675.00,08000
34100,0000015059,135.00,10650
33200,0000015060,64303.28,00400
33200,0000015060,38522.04,00401
33200,0000015060,9072.00,01800
33200,0000015060,25620.00,02200
33200,0000015060,90805.06,06100
33200,0000015060,214743.20,07530
33200,0000015060,43462.00,08000
33200,0000015060,345.41,25001
33200,0000015060,1993.83,25002
33200,0000015060,459.67,25003
33200,0000015060,-799.80,25004
33200,0000015060,6284.89,25005
33200,0000015060,6001.50,25006
33200,0000015060,1543.80,25007
33200,0000015060,2326.66,25008
33200,0000015060,1370.75,25009
33200,0000015060,598.89,25010
33200,0000015060,46297.69,25011
33500,0000015060,72300.00,04000
33500,0000015060,14274.00,05500
33500,0000015060,94497.86,09200
33500,0000015060,63808.00,09300
33500,0000015060,86544.00,09900
33500,0000015060,86600.00,12300
33500,0000015060,352660.00,15400
33500,0000015060,80700.00,15700
33500,0000015060,49450.00,16000
33200,0000015064,3795.00,00400
33200,0000015064,1172.39,00401
33200,0000015064,2417.04,02200
33200,0000015064,298.38,03100
33200,0000015064,9415.75,06100
33200,0000015064,1043.87,09200
33200,0000015064,-79.75,25001
33200,0000015064,-411.67,25002
33200,0000015064,-2001.46,25003
33200,0000015064,-196.92,25004
33200,0000015064,1291.20,25005
33200,0000015064,1336.60,25006
33500,0000015064,833.85,06200
33500,0000015064,2849.00,08000
33500,0000015064,4200.00,09300
33500,0000015064,1700.00,09900
33500,0000015064,6700.00,13700
33500,0000015064,4600.00,16000
34100,0000015064,337.50,03100
34100,0000015064,1721.25,09200
33200,0000015066,2177.50,00400
33200,0000015066,455.03,00401
33200,0000015066,604.35,06100
33200,0000015066,1623.25,07400
33200,0000015066,21766.61,08000
33200,0000015066,608.09,25001
33200,0000015066,189.17,25002
33500,0000015066,805.00,09900
34100,0000015066,3000.00,02070
34100,0000015066,6300.00,06100
34100,0000015066,1380.00,09900
33200,0000015069,457.00,00400
33200,0000015069,542.50,02200
33200,0000015069,375.71,06200
33200,0000015069,534.27,09200
33200,0000015069,155.80,09900
33500,0000015069,484.50,09200
33500,0000015069,135.00,16000
34100,0000015069,742.50,02200
34100,0000015069,202.50,06100
34100,0000015069,1080.00,06200
34100,0000015069,2115.00,09200
34100,0000015069,1181.25,09900
33200,0000015074,4690.00,00400
33200,0000015074,2944.08,00401
33200,0000015074,800.00,08000
33200,0000015074,760.00,09200
33200,0000015074,1945.74,25001
33200,0000015074,-35.75,25002
33200,0000015074,1387.17,25004
33200,0000015074,1571.82,25005
33200,0000015074,237.79,25006
33200,0000015074,4718.77,25007
33500,0000015074,3200.00,04200
33500,0000015074,1050.00,09200
33500,0000015074,88510.00,14200
33500,0000015074,4270.00,15400
33500,0000015074,6235.00,15700
33500,0000015074,7180.00,16000
34100,0000015074,536.00,08000
34100,0000015074,2680.00,09200
33200,0000015075,3240.00,00400
33200,0000015075,1614.04,00401
33200,0000015075,6245.00,02200
33200,0000015075,44276.58,06100
33200,0000015075,12900.00,07000
33200,0000015075,1400.00,09200
33200,0000015075,6925.54,25001
33200,0000015075,13780.72,25002
33200,0000015075,509.70,25003
33500,0000015075,1400.00,05500
33500,0000015075,65538.21,07460
33500,0000015075,1063.40,15400
33500,0000015075,1820.00,16000
33500,0000015076,13010.00,08000
33200,0000015077,1033.00,00400
33200,0000015077,487.74,00401
33200,0000015077,210.00,02315
33200,0000015077,4107.00,05200
33200,0000015077,125.00,06100
33200,0000015077,717.49,25001
33200,0000015077,451.75,25002
33200,0000015077,159.44,25003
33500,0000015077,1250.00,02315
33500,0000015077,650.00,06100
33500,0000015077,30370.00,15000
33500,0000015077,1300.00,16000
34100,0000015077,268.00,02315
34100,0000015077,1206.00,05200
34100,0000015077,268.00,06100
33200,0000015080,480.00,00400
33200,0000015080,914.27,00401
33200,0000015080,4218.00,08000
33200,0000015080,2981.83,25001
33200,0000015080,301.37,25002
33200,0000015080,816.72,25003
33200,0000015080,125.50,25004
33200,0000015080,232.84,25005
33500,0000015080,3580.00,06200
33500,0000015080,4160.00,09200
33500,0000015080,720.00,09300
33500,0000015080,1794.00,09900
33500,0000015080,3865.00,10000
33500,0000015080,1800.00,13850
33500,0000015080,1725.81,15000
33500,0000015080,3207.58,15700
33500,0000015080,3660.00,16000
34100,0000015080,1181.25,02200
34100,0000015080,810.00,08000
33200,0000015081,1855.45,00400
33200,0000015081,2956.68,25001
33500,0000015081,1500.00,09900
34100,0000015081,2025.00,06100
34100,0000015081,1485.00,07400
34100,0000015081,2531.25,09200
33200,0000015087,1360.00,00400
33200,0000015087,2281.94,00401
33200,0000015087,60.00,08000
33200,0000015087,-1383.00,25001
33200,0000015087,26.20,25002
33200,0000015087,1207.51,25003
33200,0000015087,-506.54,25004
33200,0000015087,1916.02,25005
33200,0000015087,797.81,25006
33200,0000015087,224.08,25007
33500,0000015087,2500.00,02200
33500,0000015087,8420.00,06200
33500,0000015087,1300.00,07000
33500,0000015087,5517.63,08000
33500,0000015087,5400.00,09200
33500,0000015087,1485.00,09300
33500,0000015087,2800.00,09900
33500,0000015087,2100.00,15300
33500,0000015087,3450.00,15400
33500,0000015087,15750.00,15700
33500,0000015087,11186.00,15925
33500,0000015087,12305.00,16000
34100,0000015087,4117.50,02200
34100,0000015087,1215.00,08000
33200,0000015088,2160.00,05100
33200,0000015088,1300.00,06100
33500,0000015088,37100.00,05100
34100,0000015088,10176.00,06100
33200,0000016002,1739.14,00400
33200,0000016002,679.80,06100
33200,0000016002,21305.22,08000
33500,0000016002,13235.66,06200
33500,0000016002,217.40,09900
33200,0000016009,1545.99,06100
34100,0000016009,7297.00,06100
33200,0000016010,540.00,00400
33200,0000016010,305.76,00401
33200,0000016010,2450.55,06100
33200,0000016010,320.00,08000
33200,0000016010,1020.00,10000
33200,0000016010,1163.96,25001
33500,0000016010,2360.00,02200
33500,0000016010,2530.44,09200
33500,0000016010,10420.00,09300
33500,0000016010,1450.00,09900
33500,0000016010,1985.00,15400
33500,0000016010,2800.00,16000
33200,0000016011,2500.00,00400
33200,0000016011,2853.27,00401
33200,0000016011,1490.00,05500
33200,0000016011,3173.41,06100
33200,0000016011,8209.93,07620
33200,0000016011,175.00,07920
33200,0000016011,1195.00,08000
33200,0000016011,-162.02,25001
33200,0000016011,707.68,25003
33200,0000016011,365.93,25004
33200,0000016011,831.08,25005
33200,0000016011,143.00,25006
33200,0000016011,330.13,25008
33200,0000016011,2053.72,25009
33200,0000016011,-1045.53,25010
33200,0000016011,335.79,25011
33200,0000016011,391.84,25012
33500,0000016011,5220.00,04200
33500,0000016011,59200.00,07550
33500,0000016011,750.00,07920
33500,0000016011,225.00,09900
33500,0000016011,1100.00,15400
33500,0000016011,1500.00,16000
34100,0000016011,4463.78,02220
34100,0000016011,135.00,05500
34100,0000016011,2700.00,06100
34100,0000016011,7425.00,07620
34100,0000016011,236.25,07920
33200,0000016012,6010.00,00400
33200,0000016012,2544.90,00401
33200,0000016012,13790.00,02200
33200,0000016012,47003.60,03300
33200,0000016012,26380.36,06100
33200,0000016012,26537.09,06200
33200,0000016012,5115.40,07600
33200,0000016012,9553.39,08000
33200,0000016012,11581.00,10000
33200,0000016012,4833.00,10800
33200,0000016012,7597.38,25001
33500,0000016012,8741.00,09200
33500,0000016012,11697.00,09300
33500,0000016012,2645.00,09900
33500,0000016012,14875.00,15400
33500,0000016012,13362.90,15700
33500,0000016012,17350.00,16000
33200,0000016013,89611.79,00400
33200,0000016013,38236.50,00401
33200,0000016013,47053.00,01800
33200,0000016013,39669.00,02070
33200,0000016013,27838.20,07400
33200,0000016013,54936.22,08000
33200,0000016013,2566.59,25001
33200,0000016013,1856.73,25002
33200,0000016013,3227.44,25003
33200,0000016013,455.89,25004
33200,0000016013,2852.06,25005
33200,0000016013,4217.52,25006
33200,0000016013,4790.53,25007
33200,0000016013,229.13,25008
33200,0000016013,328.65,25009
33200,0000016013,768.04,25010
33200,0000016013,-1501.72,25011
33200,0000016013,156.13,25012
33500,0000016013,33466.86,02315
33500,0000016013,22919.00,02820
33500,0000016013,4239.00,03100
33500,0000016013,62100.00,04200
33500,0000016013,92806.04,06100
33500,0000016013,14274.00,07200
33500,0000016013,172105.70,07530
33500,0000016013,123130.00,09200
33500,0000016013,61400.00,09300
33500,0000016013,66412.00,09900
33500,0000016013,16410.34,10800
33500,0000016013,68647.00,12300
33500,0000016013,30645.00,15260
33500,0000016013,177938.00,15400
33500,0000016013,84000.00,15800
33500,0000016013,45800.00,16000
33200,0000016014,2670.00,00400
33200,0000016014,3226.44,00401
33200,0000016014,5629.25,02200
33200,0000016014,301.00,02820
33200,0000016014,135.00,05500
33200,0000016014,5247.13,06100
33200,0000016014,500.00,07400
33200,0000016014,76330.81,08000
33200,0000016014,13950.00,10000
33200,0000016014,806.48,25001
33500,0000016014,1056.88,06200
33500,0000016014,740.00,09200
33500,0000016014,4360.00,09900
33200,0000016015,2520.00,00400
33200,0000016015,2877.15,00401
33200,0000016015,1890.00,02200
33200,0000016015,2828.85,06100
33200,0000016015,299.45,07400
33200,0000016015,89670.39,08000
33200,0000016015,1980.00,09900
33200,0000016015,375.66,25001
33200,0000016015,3756.77,25002
33200,0000016015,166.79,25003
33200,0000016015,3998.65,25004
33200,0000016015,6378.72,25005
33200,0000016015,339.36,25006
33200,0000016015,1956.57,25007
33200,0000016015,1249.70,25008
33500,0000016015,2810.00,00400
33500,0000016015,3936.64,00401
33500,0000016015,10547.50,02200
33500,0000016015,4281.70,05500
33500,0000016015,5411.58,06100
33500,0000016015,108402.80,08000
33500,0000016015,1342.03,09200
33500,0000016015,1950.00,09900
33500,0000016015,742.50,15700
33200,0000016016,2810.00,00400
33200,0000016016,3936.64,00401
33200,0000016016,10457.50,02200
33200,0000016016,5411.58,06100
33200,0000016016,108402.80,08000
33500,0000016016,4281.70,05500
33500,0000016016,1341.99,09200
33500,0000016016,1980.00,09900
33500,0000016016,742.50,15700
33200,0000016018,2260.00,00400
33200,0000016018,2088.34,00401
33200,0000016018,600.00,02315
33200,0000016018,795.00,05500
33200,0000016018,690.00,08000
33200,0000016018,103.62,09200
33200,0000016018,-390.12,25001
33200,0000016018,885.41,25002
33200,0000016018,2147.69,25003
33500,0000016018,7900.00,02315
33500,0000016018,2100.00,04200
33500,0000016018,2335.00,07200
33500,0000016018,1100.00,09900
33500,0000016018,5350.00,15400
33500,0000016018,38750.00,15700
33500,0000016018,9400.00,16000
34100,0000016018,236.25,05500
34100,0000016018,438.75,08000
34100,0000016018,270.00,09200
33200,0000016019,2220.00,00400
33200,0000016019,1515.89,00401
33200,0000016019,272.00,02200
33200,0000016019,190.91,03100
33200,0000016019,2515.20,05200
33200,0000016019,836.71,06100
33200,0000016019,40.00,08000
33200,0000016019,447.13,25001
33200,0000016019,3978.15,25002
33500,0000016019,1150.00,02200
33500,0000016019,11000.00,07200
33500,0000016019,600.00,08000
33500,0000016019,300.00,09900
33500,0000016019,3100.00,15400
33500,0000016019,17701.00,15700
33500,0000016019,3600.00,16000
34100,0000016019,2430.00,02200
34100,0000016019,270.00,03100
34100,0000016019,3240.00,05200
34100,0000016019,2801.25,06100
34100,0000016019,405.00,08000
33200,0000016020,63563.15,00400
33200,0000016020,9007.17,00401
33200,0000016020,39500.00,02200
33200,0000016020,67450.01,06100
33200,0000016020,41419.00,08000
33200,0000016020,35324.56,25001
33200,0000016020,34120.18,25002
33500,0000016020,35126.00,02315
33500,0000016020,57979.10,03100
33500,0000016020,22850.00,04200
33500,0000016020,10000.00,07200
33500,0000016020,34218.86,07530
33500,0000016020,53750.00,09200
33500,0000016020,61833.00,09300
33500,0000016020,18093.90,09900
33500,0000016020,3440.00,12300
33500,0000016020,81184.00,15001
33500,0000016020,63692.98,15400
33500,0000016020,95900.00,16000
33200,0000016021,3040.00,00400
33200,0000016021,586.11,00401
33200,0000016021,30.00,02200
33200,0000016021,5561.77,05500
33200,0000016021,1148.91,06100
33200,0000016021,3598.38,07400
33200,0000016021,1432.65,08000
33200,0000016021,300.00,16000
33200,0000016021,3075.06,25001
33200,0000016021,1279.98,25002
33200,0000016021,655.60,25003
33500,0000016021,3200.00,05200
33500,0000016021,572.00,05500
33500,0000016021,12300.00,07600
33500,0000016021,4540.00,09900
34100,0000016021,3250.00,02200
34100,0000016021,2500.00,05500
34100,0000016021,3625.00,06100
34100,0000016021,2937.50,07400
34100,0000016021,593.75,08000
34100,0000016021,312.50,16000
33200,0000016022,700.00,00400
33200,0000016022,1395.97,00401
33200,0000016022,36.59,03100
33200,0000016022,3782.57,06100
33200,0000016022,150.00,09900
33200,0000016022,9140.41,25001
33200,0000016022,4004.73,25002
33200,0000016022,1423.13,25003
33500,0000016022,2250.00,02070
33500,0000016022,27900.00,09650
33500,0000016022,4840.00,09900
34100,0000016022,2295.00,02070
34100,0000016022,67.50,03100
34100,0000016022,5737.50,06100
34100,0000016022,540.00,09900
33200,0000016023,140.00,00400
33200,0000016023,735.27,00401
33200,0000016023,299.35,06100
33500,0000016023,1350.00,02070
33500,0000016023,17000.00,09650
33500,0000016023,2350.00,09900
34100,0000016023,3273.75,02070
34100,0000016023,1012.50,06100
33200,0000016024,575.00,00400
33200,0000016024,2439.54,00401
33200,0000016024,1721.25,02070
33200,0000016024,924.02,03100
33200,0000016024,2789.75,06100
33200,0000016024,1271.98,08000
33500,0000016024,200.00,03100
33500,0000016024,1245.00,05500
33500,0000016024,9965.00,08000
33500,0000016024,46656.00,09650
33500,0000016024,3315.00,09900
33500,0000016024,4217.00,10000
33500,0000016024,450.00,15400
34100,0000016024,1620.00,03100
34100,0000016024,573.75,05500
34100,0000016024,6412.50,06100
34100,0000016024,2430.00,08000
33200,0000016026,2846.00,00400
33200,0000016026,1931.19,00401
33200,0000016026,575.00,02200
33200,0000016026,440.16,03100
33200,0000016026,585.00,05500
33200,0000016026,1073.00,08000
33200,0000016026,337.94,09200
33200,0000016026,366.28,25001
33200,0000016026,368.66,25002
33500,0000016026,900.00,03100
33500,0000016026,2640.00,04200
33500,0000016026,5946.00,08000
33500,0000016026,7902.00,09900
33500,0000016026,1300.00,13930
33500,0000016026,17500.00,15400
33500,0000016026,8800.00,15700
33500,0000016026,7465.00,16000
34100,0000016026,1282.50,02200
34100,0000016026,1417.50,03100
34100,0000016026,168.75,04200
34100,0000016026,270.00,05500
34100,0000016026,1417.50,08000
34100,0000016026,1788.75,09200
33200,0000016029,1380.00,00400
33200,0000016029,709.40,00401
33200,0000016029,152.31,06100
33200,0000016029,1374.47,07400
33200,0000016029,1089.68,08000
33200,0000016029,126.61,09200
33200,0000016029,4059.77,25001
33500,0000016029,5200.00,04200
33500,0000016029,40.00,07400
33500,0000016029,10000.00,07600
33500,0000016029,590.00,09900
34100,0000016029,1620.00,02200
34100,0000016029,540.00,06100
34100,0000016029,1417.50,07400
34100,0000016029,202.50,08000
34100,0000016029,135.00,09200
33200,0000016030,1965.00,00400
33200,0000016030,775.38,00401
33200,0000016030,300.00,02050
33200,0000016030,14348.45,08000
33200,0000016030,4282.20,25001
33500,0000016030,1980.00,08000
34100,0000016030,1080.00,02050
34100,0000016030,6277.50,08000
33200,0000016031,2800.00,00400
33200,0000016031,708.91,00401
33200,0000016031,150.00,02050
33200,0000016031,10386.30,08000
33200,0000016031,3346.70,25001
33500,0000016031,2560.00,08000
34100,0000016031,1080.00,02050
34100,0000016031,6750.00,08000
33200,0000016032,2713.00,00400
33200,0000016032,3015.18,00401
33200,0000016032,405.00,02200
33200,0000016032,203.30,06100
33200,0000016032,240.00,08000
33200,0000016032,739.54,09200
33200,0000016032,6043.18,25001
33200,0000016032,12787.94,25002
33500,0000016032,56650.23,02315
33500,0000016032,1550.00,15400
33500,0000016032,23900.00,15700
33500,0000016032,9115.00,16000
34100,0000016032,1012.50,06100
34100,0000016032,168.75,08000
34100,0000016032,573.75,09200
33200,0000016033,8390.00,00400
33200,0000016033,2663.09,00401
33200,0000016033,302.00,07200
33200,0000016033,1487.00,08000
33200,0000016033,430.00,09200
33200,0000016033,5009.31,25001
33200,0000016033,-755.52,25002
33500,0000016033,11210.00,02200
33500,0000016033,93000.00,03100
33500,0000016033,3500.00,05500
33500,0000016033,1420.00,07200
33500,0000016033,2295.00,09900
33500,0000016033,12250.00,15400
33500,0000016033,38890.00,15700
33500,0000016033,10200.00,16000
34100,0000016033,675.00,07200
34100,0000016033,405.00,08000
34100,0000016033,270.00,09200
33200,0000016034,3110.00,00400
33200,0000016034,1819.89,00401
33200,0000016034,200.00,02050
33200,0000016034,400.00,06100
33200,0000016034,31116.43,08000
33200,0000016034,1474.36,25001
33200,0000016034,5396.37,25002
33500,0000016034,2700.00,02200
33500,0000016034,8706.88,04200
33500,0000016034,625.00,05500
33500,0000016034,1800.00,07200
33500,0000016034,2000.00,09200
33500,0000016034,1700.00,09900
34100,0000016034,270.00,02050
34100,0000016034,1080.00,06100
34100,0000016034,5130.00,08000
33200,0000016035,3940.00,00400
33200,0000016035,4447.51,00401
33200,0000016035,15710.00,05500
33200,0000016035,12587.00,05510
33200,0000016035,26480.38,07400
33200,0000016035,512.73,07600
33200,0000016035,8815.04,25001
33500,0000016035,19999.00,07400
33500,0000016035,31200.00,07600
33500,0000016035,6200.00,09900
33500,0000016035,8750.00,16000
34100,0000016035,540.00,01800
34100,0000016035,1890.00,05500
34100,0000016035,1147.50,05510
34100,0000016035,21667.50,07400
33200,0000016038,6470.00,00400
33200,0000016038,5237.31,00401
33200,0000016038,6856.51,05500
33200,0000016038,10644.43,06100
33200,0000016038,61189.04,08000
33200,0000016038,-547.08,25001
33200,0000016038,737.84,25002
33200,0000016038,555.57,25003
33200,0000016038,-644.01,25004
33200,0000016038,-195.64,25005
33200,0000016038,430.76,25006
33200,0000016038,6904.89,25007
33500,0000016038,18650.00,02200
33500,0000016038,20900.00,04200
33500,0000016038,6840.00,05500
33500,0000016038,16195.00,09900
34100,0000016038,8092.00,02200
34100,0000016038,2040.00,05500
34100,0000016038,9418.00,06100
34100,0000016038,13328.00,08000
33200,0000016039,1800.00,00400
33200,0000016039,12129.00,02000
33200,0000016039,17348.00,05500
33200,0000016039,7433.00,06100
33200,0000016039,2991.00,06200
33200,0000016039,57161.00,07000
33200,0000016039,571.92,25001
33200,0000016040,4700.00,00400
33200,0000016040,1367.10,00401
33200,0000016040,3105.00,06100
33200,0000016040,125.00,07200
33200,0000016040,9782.00,08000
33200,0000016040,20277.51,25001
33200,0000016040,18565.90,25002
33500,0000016040,10117.00,06200
33500,0000016040,12504.00,08000
33500,0000016040,15850.00,09200
33500,0000016040,12545.00,09300
33500,0000016040,2094.00,09900
33500,0000016040,10217.00,15400
33500,0000016040,8402.00,15700
33500,0000016040,14670.00,16000
34100,0000016040,990.00,02200
34100,0000016040,3726.00,06100
34100,0000016040,2208.00,08000
33200,0000016042,4870.00,00400
33200,0000016042,4072.19,00401
33200,0000016042,600.00,06100
33200,0000016042,150.00,06200
33200,0000016042,2561.78,25001
33200,0000016042,5867.89,25002
33200,0000016042,5905.06,25003
33200,0000016042,-386.73,25004
33500,0000016042,149305.00,06200
33500,0000016042,62250.00,09300
33500,0000016042,3300.00,09900
33500,0000016042,12800.00,15400
33500,0000016042,4900.00,15700
33500,0000016042,64200.00,16000
34100,0000016042,35167.50,02200
34100,0000016042,1620.00,06100
34100,0000016042,1080.00,06200
33200,0000016044,8985.00,06100
33200,0000016045,7614.42,00400
33200,0000016045,250.00,02200
33200,0000016045,10443.54,03100
33200,0000016045,12509.58,06100
33500,0000016045,2500.00,03100
34100,0000016045,1360.00,02200
34100,0000016045,7888.00,03100
34100,0000016045,17000.00,06100
33200,0000016046,2354.24,06100
33200,0000016047,8560.00,00400
33200,0000016047,2991.67,00401
33200,0000016047,3676.60,02070
33200,0000016047,50.00,05500
33200,0000016047,3533.80,06100
33200,0000016047,139185.66,08000
33200,0000016047,559.85,25001
33200,0000016047,372.33,25002
33200,0000016047,679.93,25003
33200,0000016047,4147.49,25004
33200,0000016047,6178.50,25005
33200,0000016047,353.18,25006
33200,0000016047,1781.55,25007
33200,0000016047,361.67,25008
33200,0000016047,-450.03,25009
33500,0000016047,17200.00,04200
33500,0000016047,2700.00,07600
33500,0000016047,7200.00,09200
33500,0000016047,15204.00,09900
33500,0000016047,4050.00,15700
33500,0000016047,5980.00,16000
34100,0000016047,7548.00,02070
34100,0000016047,3400.00,06100
34100,0000016047,33184.00,08000
33200,0000016048,1337.50,00400
33200,0000016048,31095.00,06101
33500,0000016048,3700.00,09900
33200,0000016049,8541.00,00400
33200,0000016049,12841.36,00401
33200,0000016049,33728.00,02200
33200,0000016049,35094.80,06100
33200,0000016049,2269.90,08000
33200,0000016049,5183.70,25001
33200,0000016049,180.39,25002
33200,0000016049,980.64,25003
33200,0000016049,186.91,25004
33200,0000016049,-6509.44,25005
33200,0000016049,471.88,25007
33200,0000016049,288.62,25008
33200,0000016049,179.41,25009
33200,0000016049,438.70,25010
33200,0000016049,1137.97,25011
33200,0000016049,-360.77,25012
33200,0000016049,-679.37,25013
33500,0000016049,75500.00,09300
33500,0000016049,15970.00,09900
33500,0000016049,143290.27,12300
33500,0000016049,72089.00,15400
33500,0000016049,51440.00,16000
33200,0000016051,4099.87,00400
33200,0000016051,2180.11,00401
33200,0000016051,2244.00,04200
33200,0000016051,15300.00,05500
33200,0000016051,37012.34,25001
33500,0000016051,47616.95,02315
33500,0000016051,86155.00,04200
33500,0000016051,12954.00,09900
34100,0000016051,1326.00,02315
34100,0000016051,340.00,05500
33200,0000016052,35720.28,00400
33200,0000016052,36275.52,00401
33200,0000016052,9072.00,01800
33200,0000016052,45519.00,02200
33200,0000016052,46591.73,02315
33200,0000016052,102272.26,06100
33200,0000016052,55008.20,08000
33200,0000016052,1810.72,25002
33200,0000016052,1189.92,25003
33200,0000016052,10470.57,25004
33500,0000016052,23665.00,02820
33500,0000016052,71316.00,04200
33500,0000016052,7020.00,07000
33500,0000016052,201393.20,07530
33500,0000016052,95985.00,09200
33500,0000016052,61250.00,09300
33500,0000016052,73822.00,09900
33500,0000016052,67155.00,12300
33500,0000016052,259238.00,15400
33500,0000016052,185776.00,15700
33500,0000016052,66368.00,16000
33200,0000016056,4225.00,06100
33200,0000016062,2530.00,00400
33200,0000016062,2200.00,03100
33200,0000016062,9960.00,05200
33200,0000016062,3110.30,08000
33500,0000016062,39500.00,04200
33500,0000016062,4800.00,05200
33500,0000016062,9748.00,09900
34100,0000016062,700.00,03100
34100,0000016062,560.00,08000
33200,0000016065,3990.68,00400
33200,0000016065,1493.24,00401
33200,0000016065,2888.49,02220
33200,0000016065,3173.13,03300
33200,0000016065,1445.64,05120
33200,0000016065,82788.58,06100
33200,0000016065,6350.94,07310
33200,0000016065,1905.75,07620
33200,0000016065,5861.74,25001
33200,0000016065,15837.23,25002
33200,0000016065,5095.88,25004
33200,0000016065,-5181.75,25010
33500,0000016065,653.29,02300
33500,0000016065,9799.39,02315
33500,0000016065,373.31,02520
33500,0000016065,2656.10,02820
33500,0000016065,9528.74,03100
33500,0000016065,3266.46,03200
33500,0000016065,10396.68,05500
33500,0000016065,7545.53,07460
33500,0000016065,5599.65,07469
33200,0000017001,86878.09,00400
33200,0000017001,5700.00,00401
33200,0000017001,2500.00,02000
33200,0000017001,9000.00,02315
33200,0000017001,975.00,02820
33200,0000017001,21561.42,03100
33200,0000017001,11686.00,06100
33200,0000017001,9137.21,06200
33200,0000017001,12528.00,07400
33200,0000017001,1950.00,07600
33200,0000017001,529.00,08000
33200,0000017001,500.00,09200
33200,0000017001,100.00,10000
33200,0000017001,850.00,10800
33200,0000017001,105.00,13000
33500,0000017001,145960.00,02000
33500,0000017001,8000.00,02200
33500,0000017001,14295.00,03100
33500,0000017001,23400.00,06100
33500,0000017001,31700.00,06200
33500,0000017001,1500.00,07400
33500,0000017001,21350.00,07600
33500,0000017001,23500.00,08000
33500,0000017001,22600.00,09200
33500,0000017001,15100.00,09300
33500,0000017001,4050.00,09900
33500,0000017001,1630.00,10000
33500,0000017001,267182.00,13000
33500,0000017001,21567.00,15400
33500,0000017001,96425.00,15700
33500,0000017001,46029.85,16000
34100,0000017001,536.00,02820
34100,0000017001,3618.00,03100
34100,0000017001,17420.00,06100
34100,0000017001,3484.00,06200
34100,0000017001,21440.00,07400
34100,0000017001,1608.00,07600
34100,0000017001,3283.00,08000
34100,0000017001,402.00,10000
34100,0000017001,536.00,10800
34100,0000017001,67.00,13000
45200,0000017001,4600.00,02000
45200,0000017001,300.00,02200
45200,0000017001,270.00,02315
45200,0000017001,35.00,02820
45200,0000017001,1200.00,03100
45200,0000017001,1600.00,06100
45200,0000017001,1300.00,06200
45200,0000017001,1100.00,07400
45200,0000017001,700.00,07600
45200,0000017001,800.00,08000
45200,0000017001,700.00,09200
45200,0000017001,400.00,09300
45200,0000017001,150.00,09900
45200,0000017001,50.00,10000
45200,0000017001,50.00,10800
45200,0000017001,8066.37,13000
45200,0000017001,800.00,15400
45200,0000017001,7121.91,15700
45200,0000017001,2300.00,16000
33200,0000017003,2727.64,00400
33200,0000017003,500.00,02050
33200,0000017003,992.98,02200
33200,0000017003,1719.62,06100
33200,0000017003,2606.99,08000
33200,0000017003,4463.42,10000
33200,0000017003,376.38,10800
33200,0000017003,625.59,25001
33500,0000017003,318.82,09200
33500,0000017003,370.85,09300
33500,0000017003,1505.52,09900
33500,0000017003,2263.82,16000
33200,0000017004,44354.25,00400
33200,0000017004,5117.72,00401
33200,0000017004,8110.00,02200
33200,0000017004,51208.78,06100
33200,0000017004,22997.22,07400
33200,0000017004,30211.00,08000
33200,0000017004,8547.01,25001
33200,0000017004,5937.89,25002
33200,0000017004,4090.45,25003
33200,0000017004,14350.90,25004
33500,0000017004,65847.50,03100
33500,0000017004,56294.00,04200
33500,0000017004,10940.00,06200
33500,0000017004,5467.20,07200
33500,0000017004,71061.00,07600
33500,0000017004,23125.00,09200
33500,0000017004,15250.00,09300
33500,0000017004,7500.00,09900
33500,0000017004,56319.00,15400
33500,0000017004,44650.00,15700
33500,0000017004,39125.00,16000
33200,0000017005,1785.53,00400
33200,0000017005,505.28,00401
33200,0000017005,221.10,06100
33200,0000017005,13466.00,08000
33200,0000017005,-782.29,25001
33200,0000017005,365.39,25002
33200,0000017005,1567.40,25003
33200,0000017005,714.74,25004
33500,0000017005,10975.31,08000
33500,0000017005,1530.00,09900
34100,0000017005,1360.00,02200
34100,0000017005,816.00,06100
34100,0000017005,2680.00,08000
33200,0000017006,4133.00,00400
33200,0000017006,4491.10,00401
33200,0000017006,5784.00,02220
33200,0000017006,8456.25,06100
33200,0000017006,128077.00,08520
33200,0000017006,6950.00,09910
33200,0000017006,5192.97,25001
33200,0000017008,4596.00,00400
33200,0000017008,4653.23,00401
33200,0000017008,14668.00,06100
33200,0000017008,122219.00,08000
33200,0000017008,6765.65,25001
33200,0000017008,-239.29,25002
33200,0000017008,741.84,25003
33200,0000017008,3619.21,25004
33200,0000017008,166.80,25005
33200,0000017008,250.02,25006
33200,0000017008,-621.06,25007
33200,0000017008,-248.42,25008
33500,0000017008,11370.00,02220
33500,0000017008,5350.00,09650
33500,0000017008,13510.00,09910
33500,0000017008,2150.00,15001
33500,0000017008,1800.00,16000
33200,0000017009,4360.00,00400
33200,0000017009,7046.10,00401
33200,0000017009,15045.00,06100
33200,0000017009,3597.00,08000
33200,0000017009,3205.00,10000
33200,0000017009,2684.39,25001
33200,0000017009,5636.05,25003
33200,0000017009,1534.59,25004
33200,0000017009,1721.97,25005
33200,0000017009,495.05,25006
33500,0000017009,33673.00,02220
33500,0000017009,13450.00,03530
33500,0000017009,21754.00,06400
33500,0000017009,14220.00,09200
33500,0000017009,26086.00,09650
33500,0000017009,10214.00,09910
33500,0000017009,5250.00,15001
33500,0000017009,79500.00,15400
33500,0000017009,28946.00,15900
33500,0000017009,11300.00,16000
33200,0000017010,3600.00,00400
33200,0000017010,5047.51,00401
33200,0000017010,430.00,02820
33200,0000017010,3000.00,04200
33200,0000017010,27645.09,06100
33200,0000017010,2001.56,07600
33200,0000017010,150.00,09900
33200,0000017010,2547.40,25001
33200,0000017010,1010.15,25002
33200,0000017010,1514.74,25003
33200,0000017010,4456.21,25004
33500,0000017010,1860.00,04200
33500,0000017010,16980.00,05500
33500,0000017010,113465.00,07600
33500,0000017010,4610.00,15700
33500,0000017010,1550.00,16000
34100,0000017010,4322.50,02200
34100,0000017010,13020.00,06100
34100,0000017010,980.00,09900
33200,0000017011,5540.00,00400
33200,0000017011,5427.39,00401
33200,0000017011,1469.15,06100
33200,0000017011,750.00,10800
33200,0000017011,3000.00,15700
33200,0000017011,-4033.12,25001
33200,0000017011,9852.28,25002
33200,0000017011,979.89,25003
33200,0000017011,169.47,25004
33500,0000017011,17150.00,02200
33500,0000017011,20477.00,06200
33500,0000017011,8350.00,09200
33500,0000017011,41900.00,09300
33500,0000017011,9850.00,09900
33500,0000017011,875.00,10800
33500,0000017011,43130.00,15700
33500,0000017011,26989.00,16000
34100,0000017011,15680.00,02200
34100,0000017011,3080.00,06100
34100,0000017011,1680.00,10800
33200,0000017013,45265.00,00400
33200,0000017013,65490.62,00401
33200,0000017013,28600.00,02200
33200,0000017013,19152.00,02820
33200,0000017013,44742.12,04200
33200,0000017013,40604.98,06100
33200,0000017013,11895.00,08000
33200,0000017013,9750.00,09300
33200,0000017013,16970.00,10800
33200,0000017013,5800.00,15700
33200,0000017013,8589.93,25001
33200,0000017013,2719.15,25002
33200,0000017013,20260.33,25003
33500,0000017013,270647.18,02050
33500,0000017013,7624.00,02820
33500,0000017013,95953.23,03100
33500,0000017013,62500.00,04200
33500,0000017013,3123.00,06100
33500,0000017013,65500.00,06200
33500,0000017013,2575.00,07200
33500,0000017013,185500.00,07600
33500,0000017013,39425.80,08000
33500,0000017013,104762.22,09200
33500,0000017013,34900.00,09300
33500,0000017013,88632.00,09900
33500,0000017013,290750.00,15400
33500,0000017013,169600.00,15700
33500,0000017013,58580.00,16000
34100,0000017013,1170.00,02820
34100,0000017013,67080.00,06100
34100,0000017013,2340.00,10800
33200,0000017016,1800.00,00400
33200,0000017016,2645.00,02220
33200,0000017016,3985.00,06100
33200,0000017016,1682.50,25001
33500,0000017016,2675.00,02315
33500,0000017016,350.00,16000
33200,0000017017,2170.00,00400
33200,0000017017,624.27,00401
33200,0000017017,2039.00,02200
33200,0000017017,50.00,03100
33200,0000017017,50.00,06100
33200,0000017017,3196.05,08000
33200,0000017017,50.00,10800
33200,0000017017,150.00,16000
33200,0000017017,2681.81,25001
33500,0000017017,3785.00,06200
33500,0000017017,7674.19,09200
33500,0000017017,2165.00,09300
33500,0000017017,1793.00,09900
33500,0000017017,4990.00,15400
33500,0000017017,35381.00,16000
34100,0000017017,3337.50,02200
34100,0000017017,300.00,03100
34100,0000017017,150.00,06100
34100,0000017017,600.00,08000
34100,0000017017,75.00,10000
34100,0000017017,225.00,10800
34100,0000017017,150.00,15700
34100,0000017017,600.00,16000
33200,0000017018,18370.00,00400
33200,0000017018,114708.73,06100
33200,0000017018,1704.00,08000
33200,0000017018,389.00,08310
33500,0000017018,125200.20,03490
33500,0000017018,7096.00,05500
33500,0000017018,27763.88,07200
33500,0000017018,249070.10,07460
33500,0000017018,13537.00,08360
33500,0000017019,3130.44,06100
33200,0000017020,16227.83,06100
33200,0000017021,4675.00,00400
33200,0000017021,1356.05,00401
33200,0000017021,9710.12,08000
33200,0000017021,582.53,25001
33200,0000017021,-922.73,25002
33200,0000017021,2667.66,25003
33200,0000017021,433.03,25004
33500,0000017021,7500.00,07600
33500,0000017021,112151.00,08000
33500,0000017021,3500.00,09900
34100,0000017021,10710.00,02200
34100,0000017021,8260.00,08000
33200,0000017022,4013.00,00400
33200,0000017022,937.56,00401
33200,0000017022,387.00,02820
33200,0000017022,7255.60,06100
33200,0000017022,548.00,07400
33200,0000017022,479.99,25001
33200,0000017022,12688.66,25002
33200,0000017022,4587.55,25003
33200,0000017022,1616.19,25004
33200,0000017022,2038.63,25005
33500,0000017022,5204.00,06100
33500,0000017022,10500.00,07400
33500,0000017022,8040.40,07600
33500,0000017022,11160.00,08000
33500,0000017022,7680.00,09200
33500,0000017022,3340.00,09900
33500,0000017022,21360.00,15400
33500,0000017022,8900.00,16000
34100,0000017022,6256.00,02200
34100,0000017022,12240.00,06100
34100,0000017022,408.00,07400
33200,0000017023,10470.00,00400
33200,0000017023,2181.87,00401
33200,0000017023,190.00,05500
33200,0000017023,4835.72,06100
33200,0000017023,855.00,08000
33200,0000017023,3260.54,10800
33200,0000017023,1724.64,25001
33200,0000017023,760.31,25002
33500,0000017023,600.00,05500
33500,0000017023,47793.91,06200
33500,0000017023,2350.00,08000
33500,0000017023,1050.00,09200
33500,0000017023,35599.00,09300
33500,0000017023,10665.00,09900
33500,0000017023,64875.00,15400
33500,0000017023,13900.00,15700
33500,0000017023,31700.00,16000
34100,0000017023,13202.00,02200
34100,0000017023,1008.00,05500
34100,0000017023,5922.00,06100
34100,0000017023,1150.00,08000
34100,0000017023,378.00,09200
34100,0000017023,2205.00,10800
33200,0000017024,1864.00,00400
33200,0000017024,432.35,00401
33200,0000017024,436.80,02050
33200,0000017024,100.00,02200
33200,0000017024,1747.93,03100
33200,0000017024,2466.79,06100
33200,0000017024,1507.75,08000
33200,0000017024,1806.95,25001
33200,0000017024,373.25,25002
33500,0000017024,22646.00,06100
34100,0000017024,1008.00,02050
34100,0000017024,4914.00,02200
34100,0000017024,2268.00,03100
34100,0000017024,9149.00,06100
34100,0000017024,504.00,08000
33200,0000017026,15915.00,00400
33200,0000017026,2874.32,00401
33200,0000017026,1100.00,02200
33200,0000017026,22356.98,06100
33200,0000017026,150.00,06200
33200,0000017026,1200.00,07200
33200,0000017026,29090.00,07400
33200,0000017026,2500.20,07600
33200,0000017026,6820.00,08000
33200,0000017026,500.00,09200
33200,0000017026,13600.00,10000
33200,0000017026,1100.00,10800
33200,0000017026,1424.05,25001
33200,0000017026,38054.73,25002
33500,0000017026,1120.00,02200
33500,0000017026,24000.00,04200
33500,0000017026,11400.00,06200
33500,0000017026,2090.00,07400
33500,0000017026,5000.00,07600
33500,0000017026,20740.00,09200
33500,0000017026,7050.00,09300
33500,0000017026,7667.00,09900
33500,0000017026,12450.00,15400
33500,0000017026,1200.00,15700
33500,0000017026,8100.00,16000
34100,0000017026,20020.00,02200
34100,0000017026,38430.00,06100
34100,0000017026,560.00,06200
34100,0000017026,39480.00,07400
34100,0000017026,1260.00,07600
34100,0000017026,2240.00,08000
34100,0000017026,1680.00,09200
34100,0000017026,29820.00,10000
34100,0000017026,560.00,10800
33200,0000017027,53435.00,00400
33200,0000017027,16482.73,00401
33200,0000017027,2050.00,02820
33200,0000017027,17135.00,03100
33200,0000017027,25518.22,06100
33200,0000017027,916.00,06200
33200,0000017027,7911.20,07200
33200,0000017027,3000.00,07400
33200,0000017027,9412.50,07600
33200,0000017027,3520.20,08000
33200,0000017027,250.32,10800
33200,0000017027,250.00,14200
33200,0000017027,-625.30,25001
33200,0000017027,5388.06,25002
33200,0000017027,4269.35,25003
33200,0000017027,2613.92,25004
33200,0000017027,2589.89,25005
33200,0000017027,1073.35,25006
33200,0000017027,751.19,25007
33200,0000017027,-12541.55,25008
33200,0000017027,380.42,25009
33200,0000017027,-653.92,25010
33200,0000017027,395.00,25011
33200,0000017027,562.71,25012
33200,0000017027,1787.17,25013
33200,0000017027,1680.05,25014
33200,0000017027,3321.18,25016
33200,0000017027,1012.11,25017
33200,0000017027,5714.34,25018
33200,0000017027,546.47,25019
33200,0000017027,275.92,25020
33200,0000017027,-1411.76,25021
33200,0000017027,1893.78,25022
33200,0000017027,620.81,25023
33200,0000017027,2656.20,26001
33200,0000017027,150.24,26002
33200,0000017027,1694.67,26003
33200,0000017027,3461.47,26004
33200,0000017027,229.30,26005
33200,0000017027,373.48,27001
33200,0000017027,2782.19,27002
33200,0000017027,1326.07,27003
33200,0000017027,1723.85,27004
33200,0000017027,730.35,27005
33200,0000017027,719.30,27006
33200,0000017027,1188.68,27007
33200,0000017027,1846.32,27008
33200,0000017027,1234.91,27009
33200,0000017027,447.49,27010
33200,0000017027,1613.84,27011
33200,0000017027,-800.00,28001
33200,0000017027,2812.64,28002
33200,0000017027,3011.07,28003
33200,0000017027,1881.23,28004
33200,0000017027,1201.90,28005
33200,0000017027,412.83,28006
33200,0000017027,1383.76,28007
33200,0000017027,1561.42,28008
33200,0000017027,2204.99,28009
33200,0000017027,1058.62,28010
33200,0000017027,992.87,28012
33200,0000017027,3030.89,28013
33200,0000017027,7078.66,28014
33200,0000017027,7587.64,29001
33200,0000017027,-258.82,29002
33200,0000017027,-4716.35,99999
33500,0000017027,8277.50,02200
33500,0000017027,67825.00,02315
33500,0000017027,43937.75,03100
33500,0000017027,8962.00,04200
33500,0000017027,62890.00,05500
33500,0000017027,34564.00,06100
33500,0000017027,10650.00,06200
33500,0000017027,56700.00,07200
33500,0000017027,115750.00,07400
33500,0000017027,11510.40,07600
33500,0000017027,96691.00,08000
33500,0000017027,86405.00,09200
33500,0000017027,59389.00,09300
33500,0000017027,11800.00,09900
33500,0000017027,6838.00,10800
33500,0000017027,67000.00,14200
33500,0000017027,64825.00,15400
33500,0000017027,74850.00,15700
33500,0000017027,120900.00,16000
34100,0000017027,33864.00,02200
34100,0000017027,1360.00,03100
34100,0000017027,18424.00,06100
34100,0000017027,442.00,06200
34100,0000017027,5440.00,07200
34100,0000017027,1632.00,07400
34100,0000017027,8780.00,07600
34100,0000017027,2720.00,10800
34100,0000017027,272.00,14200
33200,0000017028,3360.00,00400
33200,0000017028,542.78,00401
33200,0000017028,550.00,06100
33200,0000017028,310.00,15700
33200,0000017028,450.00,16000
33200,0000017028,1020.83,25001
33500,0000017028,37914.13,06200
33500,0000017028,1000.00,09200
33500,0000017028,2649.60,09300
33500,0000017028,1862.00,09900
33500,0000017028,4900.00,15400
33500,0000017028,1500.00,15700
33500,0000017028,1500.00,16000
34100,0000017028,3465.00,02200
34100,0000017028,630.00,06100
33200,0000017029,260.00,00400
33200,0000017029,500.00,00401
33200,0000017029,15870.00,06100
33200,0000017030,7460.00,00400
33200,0000017030,1306.07,00401
33200,0000017030,4464.12,06100
33200,0000017030,3850.50,09200
33200,0000017030,7934.00,10800
33200,0000017030,1608.84,25001
33200,0000017030,-685.71,25002
33200,0000017030,273.66,25003
33500,0000017030,21893.87,06200
33500,0000017030,28500.00,09300
33500,0000017030,4662.00,09900
33500,0000017030,25850.00,15400
33500,0000017030,7800.00,15700
33500,0000017030,23600.00,16000
34100,0000017030,7413.00,02200
34100,0000017030,3150.00,06100
34100,0000017030,441.00,10800
33200,0000017031,7510.00,00400
33200,0000017031,1484.59,00401
33200,0000017031,3490.40,06100
33200,0000017031,655.75,08000
33200,0000017031,3070.80,09200
33200,0000017031,2010.85,25001
33500,0000017031,10192.00,02200
33500,0000017031,33561.00,06200
33500,0000017031,25850.00,09300
33500,0000017031,4149.00,09900
33500,0000017031,11430.00,10800
33500,0000017031,37425.00,15400
33500,0000017031,5475.00,15700
33500,0000017031,17980.00,16000
34100,0000017031,4284.00,06100
34100,0000017031,756.00,08000
34100,0000017031,252.00,09200
34100,0000017031,945.00,10800
33200,0000017032,5630.00,00400
33200,0000017032,670.72,00401
33200,0000017032,3232.80,06100
33200,0000017032,1022.00,09200
33200,0000017032,4275.00,10800
33200,0000017032,1114.10,25001
33200,0000017032,-922.76,25002
33200,0000017032,-643.20,25003
33500,0000017032,16230.57,06200
33500,0000017032,4770.00,09300
33500,0000017032,3496.00,09900
33500,0000017032,17465.00,15400
33500,0000017032,4515.00,15700
33500,0000017032,3600.00,16000
34100,0000017032,3150.00,02200
34100,0000017032,2205.00,06100
34100,0000017032,504.00,10800
33200,0000017033,22700.00,00400
33200,0000017033,3469.75,00401
33200,0000017033,3724.00,06100
33200,0000017033,2738.00,08000
33200,0000017033,27.79,25001
33200,0000017033,5918.31,25002
33200,0000017033,-1446.06,25003
33200,0000017033,-2640.99,25004
33500,0000017033,22831.00,02220
33500,0000017033,22500.00,03350
33500,0000017033,76354.00,04000
33500,0000017033,33111.50,05500
33500,0000017033,26900.00,07400
33500,0000017033,1174.00,09200
33500,0000017033,1380.00,09650
33500,0000017033,1350.00,09900
33500,0000017033,500.00,16000
33200,0000017034,3497.00,00400
33200,0000017034,410.38,00401
33200,0000017034,150.00,02050
33200,0000017034,4063.90,06100
33200,0000017034,10382.88,25001
33500,0000017034,23775.00,06100
34100,0000017034,2016.00,02000
34100,0000017034,315.00,02050
34100,0000017034,11718.00,06100
33200,0000017036,3021.74,06100
33200,0000017037,5500.00,00400
33200,0000017037,1433.19,00401
33200,0000017037,4153.50,02220
33200,0000017037,9989.00,03300
33200,0000017037,3003.00,05500
33200,0000017037,24166.64,06100
33200,0000017037,3263.00,07400
33200,0000017037,8338.00,08000
33200,0000017037,2442.00,10800
33200,0000017037,3581.44,25001
33200,0000017037,1188.77,25002
33200,0000017037,3183.97,25003
33200,0000017037,528.38,25005
33500,0000017037,24060.00,02315
33500,0000017037,7050.00,09650
33500,0000017037,10046.00,09720
33500,0000017037,7642.00,09900
33500,0000017037,8810.00,15001
33500,0000017037,28589.00,15401
33500,0000017037,17350.00,16000
33200,0000018001,946.00,25001
33200,0000018002,14011.00,00400
33200,0000018002,1001.48,00401
33200,0000018002,8500.00,02220
33200,0000018002,524.02,25001
33200,0000018002,535.76,25002
33200,0000018002,611.50,25003
33200,0000018002,-190.42,25004
33500,0000018002,15000.00,09120
33500,0000018002,10000.00,09910
33500,0000018002,47250.00,15300
33500,0000018002,7200.00,15401
33500,0000018002,7200.00,16000
33200,0000018006,19457.00,00400
33200,0000018006,2092.77,00401
33200,0000018006,288.00,02200
33200,0000018006,1397.34,03100
33200,0000018006,644.86,06100
33200,0000018006,1200.32,07200
33200,0000018006,1000.00,09200
33200,0000018006,1239.30,25001
33200,0000018006,3677.76,25002
33200,0000018006,14032.29,25003
33200,0000018006,338.75,25004
33500,0000018006,6525.00,02200
33500,0000018006,9800.00,04200
33500,0000018006,2200.00,06200
33500,0000018006,55272.00,08000
33500,0000018006,17200.00,09300
33500,0000018006,3260.00,09900
33500,0000018006,11085.00,10800
33500,0000018006,71655.00,15400
33500,0000018006,10800.00,15700
33500,0000018006,6860.00,16000
34100,0000018006,10741.18,02200
34100,0000018006,210.00,02315
34100,0000018006,1704.85,03100
34100,0000018006,2181.20,06100
34100,0000018006,925.00,06200
34100,0000018006,1877.92,07200
34100,0000018006,1120.00,08000
34100,0000018006,1600.00,09200
34100,0000018006,1175.00,10800
33200,0000018007,6790.00,00400
33200,0000018007,2255.69,00401
33200,0000018007,111.98,02200
33200,0000018007,1046.00,07400
33200,0000018007,7150.65,08000
33200,0000018007,566.98,10000
33200,0000018007,706.10,25001
33200,0000018007,2939.66,25002
33200,0000018007,1328.39,25003
33200,0000018007,4915.26,25004
33200,0000018007,1847.37,25005
33500,0000018007,1320.00,06200
33500,0000018007,207152.00,08000
33500,0000018007,800.00,09300
33500,0000018007,850.00,09900
33500,0000018007,311.00,10000
33500,0000018007,260.00,16000
34100,0000018007,1413.50,02200
34100,0000018007,2044.00,06200
34100,0000018007,630.00,07400
34100,0000018007,28089.93,08000
34100,0000018007,315.00,10000
33200,0000018008,5615.00,00400
33200,0000018008,1224.80,00401
33200,0000018008,3156.00,05500
33200,0000018008,1667.36,07400
33200,0000018008,800.00,14200
33200,0000018008,16459.94,25001
33200,0000018008,-1382.34,25002
33200,0000018008,5280.02,25003
33200,0000018008,7413.54,25004
33200,0000018008,-415.49,25005
33500,0000018008,650.00,02200
33500,0000018008,91620.46,02315
33500,0000018008,6395.40,05500
33500,0000018008,6000.00,07400
33500,0000018008,1280.00,14200
33500,0000018008,13800.00,15400
33500,0000018008,1450.00,16000
34100,0000018008,400.00,02200
34100,0000018008,320.00,05500
34100,0000018008,2349.80,07400
34100,0000018008,2240.00,14200
33200,0000018009,3392.40,00400
33200,0000018009,481.08,00401
33200,0000018009,1621.49,07200
33200,0000018009,296.94,08000
33200,0000018009,494.77,09200
33200,0000018009,8847.59,25001
33500,0000018009,1939.00,06200
33500,0000018009,6185.00,08000
33500,0000018009,15845.00,09200
33500,0000018009,4500.00,09900
33500,0000018009,11950.00,16000
34100,0000018009,727.40,02200
34100,0000018009,5010.63,07200
34100,0000018009,2330.50,08000
34100,0000018009,384.00,09200
33200,0000018012,13032.20,00400
33200,0000018012,3810.80,00401
33200,0000018012,65.00,02200
33200,0000018012,740.00,06200
33200,0000018012,150.00,07200
33200,0000018012,510.77,08000
33200,0000018012,1713.02,25001
33200,0000018012,2417.21,25002
33200,0000018012,3279.53,25003
33200,0000018012,17664.54,25004
33200,0000018012,18220.76,25005
33500,0000018012,825.00,02200
33500,0000018012,3700.00,04200
33500,0000018012,2360.00,08000
33500,0000018012,17070.00,09200
33500,0000018012,8750.00,09300
33500,0000018012,2400.00,09900
33500,0000018012,3950.00,10000
33500,0000018012,232145.00,15700
33500,0000018012,143085.00,16000
34100,0000018012,4885.04,02200
34100,0000018012,852.00,06200
34100,0000018012,213.00,07200
34100,0000018012,864.00,08000
34100,0000018012,260.50,10000
33200,0000018013,7285.00,00400
33200,0000018013,1595.92,00401
33200,0000018013,215.00,02220
33200,0000018013,1610.62,05500
33200,0000018013,850.00,06200
33200,0000018013,73.13,07200
33200,0000018013,673.79,08000
33200,0000018013,992.00,10800
33200,0000018013,158.29,25001
33200,0000018013,10566.37,25002
33200,0000018013,-929.07,25003
33500,0000018013,3475.00,02220
33500,0000018013,4724.00,05500
33500,0000018013,1801.20,06200
33500,0000018013,28995.00,08000
33500,0000018013,19408.00,09200
33500,0000018013,24860.00,09300
33500,0000018013,12094.00,09900
33500,0000018013,3000.00,15700
33500,0000018013,48725.00,16000
34100,0000018013,14175.07,02220
34100,0000018013,1520.60,05500
34100,0000018013,497.00,06100
34100,0000018013,213.00,06200
34100,0000018013,64.50,07200
34100,0000018013,5380.39,08000
34100,0000018013,426.00,10800
33200,0000018014,134312.00,00400
33200,0000018014,42320.72,00401
33200,0000018014,236240.00,02220
33200,0000018014,57110.00,06100
33200,0000018014,55006.00,07620
33200,0000018014,2130.00,08520
33200,0000018014,2545.00,08710
33200,0000018014,471093.00,14800
33200,0000018014,-3133.19,25001
33200,0000018014,6973.29,25002
33200,0000018014,137.11,25003
33200,0000018014,4133.08,25004
33200,0000018014,8986.21,25005
33200,0000018014,13294.30,25006
33200,0000018014,161256.09,25007
33200,0000018014,-6015.15,25008
33200,0000018014,3796.67,25009
33200,0000018014,-636.31,25010
33500,0000018014,92800.00,04000
33500,0000018014,73640.00,05400
33500,0000018014,131611.00,05500
33500,0000018014,343900.00,07000
33500,0000018014,3500.00,07220
33500,0000018014,19000.00,07270
33500,0000018014,409428.00,07450
33500,0000018014,630646.00,07469
33500,0000018014,54770.00,07530
33500,0000018014,38270.00,07920
33500,0000018014,64444.00,09910
33500,0000018014,7970.00,15001
33500,0000018014,1875.00,15401
33500,0000018014,10600.00,16000
33200,0000018018,967.00,00400
33200,0000018018,500.00,00401
33200,0000018018,25.00,06100
33200,0000018018,2702.77,08000
33200,0000018018,100.00,09300
33200,0000018018,-309.61,25001
33200,0000018018,210.91,25002
33200,0000018018,325.76,25003
33200,0000018018,-229.17,25004
33500,0000018018,2925.00,09200
33500,0000018018,255.36,09300
33500,0000018018,700.00,09900
33500,0000018018,8525.00,15700
33500,0000018018,11965.00,16000
34100,0000018018,1023.59,02200
34100,0000018018,266.25,06100
34100,0000018018,742.92,08000
34100,0000018018,71.00,09300
33200,0000018022,149808.39,00400
33200,0000018022,42953.15,00401
33200,0000018022,13286.00,02820
33200,0000018022,404250.58,06100
33200,0000018022,215278.30,08000
33200,0000018022,9854.75,10000
33200,0000018022,2103.50,25001
33200,0000018022,798.80,25003
33200,0000018022,-1962.75,25004
33200,0000018022,-217.94,25005
33200,0000018022,8541.77,25006
33200,0000018022,-735.28,25007
33200,0000018022,2321.22,25008
33200,0000018022,1386.91,25009
33200,0000018022,985.98,25010
33500,0000018022,191000.00,02315
33500,0000018022,159635.20,03100
33500,0000018022,95759.93,04200
33500,0000018022,41339.53,05200
33500,0000018022,140573.28,06200
33500,0000018022,41256.95,07200
33500,0000018022,115850.00,07400
33500,0000018022,38648.09,07600
33500,0000018022,211000.00,09200
33500,0000018022,114806.00,09300
33500,0000018022,45944.00,09900
33500,0000018022,30585.25,10800
33500,0000018022,43650.00,14200
33500,0000018022,147644.00,15400
33500,0000018022,152375.00,15700
33500,0000018022,342000.00,16000
33200,0000018027,14010.00,00400
33200,0000018027,4009.25,00401
33200,0000018027,1816.65,02200
33200,0000018027,465.72,06100
33200,0000018027,895.96,07600
33200,0000018027,2131.45,09200
33200,0000018027,160.00,10000
33200,0000018027,2005.21,25001
33200,0000018027,1057.48,25002
33500,0000018027,3725.00,02200
33500,0000018027,6450.00,07600
33500,0000018027,650.00,09200
33500,0000018027,1500.00,09900
33500,0000018027,5725.00,15400
33500,0000018027,80825.00,15700
33500,0000018027,34000.00,16000
34100,0000018027,5472.00,02200
34100,0000018027,576.00,06100
34100,0000018027,1440.00,07600
34100,0000018027,6120.00,09200
34100,0000018027,576.00,10000
33200,0000018028,16340.00,00400
33200,0000018028,3411.64,00401
33200,0000018028,75284.00,02220
33200,0000018028,39480.00,06100
33200,0000018028,6542.36,25001
33200,0000018028,1787.52,25003
33200,0000018028,1857.97,26001
33200,0000018028,645.13,26002
33200,0000018028,10720.62,27001
33200,0000018028,479.56,27002
33500,0000018028,193976.00,07530
33500,0000018028,7800.00,09000
33500,0000018028,4100.00,09910
33500,0000018028,35000.00,15001
33500,0000018028,16900.00,16000
33200,0000018029,28063.00,00400
33200,0000018029,3037.00,00401
33200,0000018029,18500.00,02070
33200,0000018029,7000.00,02130
33200,0000018029,9000.00,06100
33200,0000018029,12000.00,08120
33200,0000018029,11000.00,08210
33200,0000018029,9500.00,08520
33200,0000018029,25000.00,09930
33200,0000018029,4000.00,10810
33200,0000018029,1068.50,25001
33200,0000018029,17291.72,25002
33200,0000018029,7536.41,25003
33200,0000018029,3213.24,25004
33200,0000018029,2711.72,25005
33500,0000018029,10500.00,02315
33500,0000018029,1500.00,02465
33500,0000018029,3000.00,02520
33500,0000018029,4500.00,03100
33500,0000018029,4000.00,03900
33500,0000018029,6000.00,06200
33500,0000018029,5000.00,06220
33500,0000018029,22000.00,06400
33500,0000018029,1000.00,07200
33500,0000018029,32000.00,07330
33500,0000018029,2000.00,07450
33500,0000018029,12000.00,07460
33500,0000018029,4000.00,07620
33500,0000018029,1000.00,07920
33500,0000018029,8000.00,09310
33500,0000018029,4000.00,09610
33500,0000018029,21000.00,09670
33500,0000018029,3000.00,09790
33500,0000018029,12000.00,09900
33500,0000018029,40000.00,15001
33500,0000018029,20000.00,15400
33500,0000018029,35000.00,16000
33200,0000018033,16045.00,00400
33200,0000018033,1717.25,00401
33200,0000018033,18297.65,02220
33200,0000018033,17507.33,06100
33200,0000018033,10116.62,08000
33200,0000018033,1988.02,25001
33500,0000018033,9814.60,03300
33500,0000018033,8344.17,06400
33500,0000018033,5698.73,09310
33500,0000018033,18275.61,09650
33500,0000018033,13156.68,09720
33500,0000018033,11760.10,09910
33500,0000018033,7919.80,15001
33500,0000018033,17470.95,15400
33500,0000018033,21593.44,16000
33200,0000018034,12123.00,00400
33200,0000018034,1630.47,00401
33200,0000018034,816.75,06100
33200,0000018034,15586.46,08000
33200,0000018034,1599.60,09200
33200,0000018034,7600.00,10800
33200,0000018034,17766.84,25001
33200,0000018034,2111.05,25002
33500,0000018034,25189.68,06200
33500,0000018034,3110.00,09200
33500,0000018034,17250.00,09300
33500,0000018034,14474.00,09900
33500,0000018034,938.00,10800
33500,0000018034,24138.00,15400
33500,0000018034,4400.00,15700
33500,0000018034,37999.98,16000
34100,0000018034,12444.00,02200
34100,0000018034,3978.00,06100
34100,0000018034,4743.00,08000
34100,0000018034,578.00,10800
33200,0000018036,70459.84,00400
33200,0000018036,8897.94,00401
33200,0000018036,64700.00,02220
33200,0000018036,7424.00,06100
33200,0000018036,64935.00,08120
33200,0000018036,606.00,08210
33200,0000018036,2900.00,08710
33200,0000018036,1530.00,10810
33200,0000018036,152878.00,16000
33200,0000018036,259.61,25001
33200,0000018036,-2651.30,25002
33200,0000018036,-2342.14,25003
33200,0000018036,-406.50,25004
33200,0000018036,14077.43,25006
33200,0000018036,2111.07,25007
33200,0000018036,4350.38,25010
33200,0000018036,1111.07,25011
33200,0000018036,240.88,25012
33200,0000018036,192.46,25014
33200,0000018036,3365.48,25015
33200,0000018036,426.23,25016
33200,0000018036,2144.13,25018
33200,0000018036,-125.87,25019
33200,0000018036,1370.15,25020
33200,0000018036,1071.54,25021
33200,0000018036,908.21,25023
33200,0000018036,660.61,25024
33200,0000018036,410.93,25025
33200,0000018036,3192.64,25026
33200,0000018036,401.56,25027
33200,0000018036,2417.65,25030
33200,0000018036,1377.32,25031
33500,0000018036,6294.00,05500
33500,0000018036,74025.00,06400
33500,0000018036,11124.00,08130
33500,0000018036,13128.00,08160
33500,0000018036,44920.00,09250
33500,0000018036,5975.00,09310
33500,0000018036,30000.00,09510
33500,0000018036,7910.00,09650
33500,0000018036,10050.00,09680
33500,0000018036,33358.00,09910
33500,0000018036,36750.00,15001
33500,0000018036,29950.00,15400
33500,0000018036,51295.00,15900
33200,0000018037,9608.16,00400
33200,0000018037,1213.36,00401
33200,0000018037,5394.00,02220
33200,0000018037,43479.00,08520
33200,0000018037,-800.45,25013
33200,0000018037,-753.37,25028
33500,0000018037,8000.00,04000
33500,0000018037,9540.00,05500
33500,0000018037,19860.00,09910
33500,0000018037,2500.00,15400
33500,0000018037,8600.00,16000
33200,0000018038,11140.00,00400
33200,0000018038,1197.73,00401
33200,0000018038,285.74,06100
33200,0000018038,5000.00,09200
33200,0000018038,5576.86,25001
33500,0000018038,1325.00,05500
33500,0000018038,20600.00,06200
33500,0000018038,5998.00,08000
33500,0000018038,13575.00,09200
33500,0000018038,16974.32,09300
33500,0000018038,6160.00,09900
33500,0000018038,4390.00,10800
33500,0000018038,19692.00,15400
33500,0000018038,5900.00,15700
33500,0000018038,15700.00,16000
34100,0000018038,7200.00,02200
34100,0000018038,432.00,05500
34100,0000018038,1152.00,06100
34100,0000018038,2304.00,08000
34100,0000018038,864.00,10800
33200,0000019006,12405.00,00400
33200,0000019006,1768.46,00401
33200,0000019006,1323.00,02050
33200,0000019006,10740.59,02200
33200,0000019006,24.00,02630
33200,0000019006,808.00,05080
33200,0000019006,5256.84,06100
33200,0000019006,4050.00,07200
33200,0000019006,14826.68,25001
33200,0000019006,5282.90,25002
33500,0000019006,1323.00,02300
33500,0000019006,2250.00,02630
33500,0000019006,48000.00,05080
33500,0000019006,48000.00,05100
33500,0000019006,19000.00,07200
33500,0000019006,28500.00,07500
34100,0000019006,432.00,02630
34100,0000019006,1895.40,04000
34100,0000019006,2880.00,05080
34100,0000019006,15984.00,06100
34100,0000019006,2880.00,07200
34100,0000019006,576.00,07500
33200,0000019008,69420.94,00400
33200,0000019008,24363.73,00401
33200,0000019008,500.00,02050
33200,0000019008,1338.75,02200
33200,0000019008,14356.00,02315
33200,0000019008,16413.35,03100
33200,0000019008,1693.90,06100
33200,0000019008,1902.50,07200
33200,0000019008,150.70,08000
33200,0000019008,575.00,10000
33200,0000019008,605.00,10800
33200,0000019008,77448.43,25001
33200,0000019008,49988.89,25002
33200,0000019008,8548.85,25003
33200,0000019008,31351.37,25004
33200,0000019008,-9538.34,25005
33500,0000019008,26216.67,02200
33500,0000019008,66825.00,02315
33500,0000019008,1800.00,02820
33500,0000019008,73821.35,03100
33500,0000019008,79265.00,04200
33500,0000019008,114780.00,05200
33500,0000019008,28780.00,05500
33500,0000019008,9929.63,06200
33500,0000019008,9840.00,07200
33500,0000019008,81185.00,07400
33500,0000019008,24900.00,07600
33500,0000019008,119789.00,08000
33500,0000019008,65000.00,09200
33500,0000019008,48665.00,09300
33500,0000019008,56010.00,09900
33500,0000019008,38444.00,10000
33500,0000019008,11005.00,10800
33500,0000019008,181453.00,11000
33500,0000019008,112350.00,14200
33500,0000019008,964000.00,15400
33500,0000019008,274800.00,15700
33500,0000019008,302000.00,16000
34100,0000019008,730.00,02050
34100,0000019008,33097.76,02200
34100,0000019008,6693.11,03100
34100,0000019008,13261.66,06100
34100,0000019008,1136.71,07200
34100,0000019008,8352.42,08000
34100,0000019008,144.00,10000
34100,0000019008,1927.20,10800
33200,0000019018,29509.99,00400
33200,0000019018,5187.19,00401
33200,0000019018,430.00,02820
33200,0000019018,11424.00,06100
33200,0000019018,130472.00,08000
33200,0000019018,40766.00,10000
33200,0000019018,1670.00,10800
33200,0000019018,93893.10,25001
33200,0000019018,693.39,25002
33200,0000019018,11511.96,25003
33200,0000019018,8925.68,25004
33200,0000019018,573.14,25005
33200,0000019018,-1617.25,25006
33200,0000019018,7273.84,25007
33200,0000019018,4397.66,25008
33200,0000019018,1848.72,25009
33200,0000019018,1735.46,25010
33200,0000019018,5818.22,25011
33200,0000019018,-5818.22,25012
33200,0000019018,-5501.37,25013
33500,0000019018,3230.00,03100
33500,0000019018,4787.00,05500
33500,0000019018,89298.20,06200
33500,0000019018,69500.00,09200
33500,0000019018,53935.00,09300
33500,0000019018,15500.00,09900
33500,0000019018,8531.00,10240
33500,0000019018,31067.00,15400
33500,0000019018,90202.00,15700
33500,0000019018,126668.00,16000
33200,0000019023,42133.26,00400
33200,0000019023,4710.09,00401
33200,0000019023,4750.00,02220
33200,0000019023,1950.00,02315
33200,0000019023,3100.50,03300
33200,0000019023,7665.07,06200
33200,0000019023,-1153.45,25002
33200,0000019023,5584.27,25003
33200,0000019023,220.59,25004
33200,0000019023,1297.03,25005
33200,0000019023,2384.32,25006
33200,0000019023,236.90,25007
33500,0000019023,54490.00,02196
33500,0000019023,50362.50,02620
33500,0000019023,13500.00,05510
33500,0000019023,13903.50,07200
33500,0000019023,1044.00,09900
33500,0000019023,5780.00,15080
33500,0000019023,8800.00,15400
33500,0000019023,20100.00,15800
33500,0000019023,10950.00,15900
33500,0000019023,16800.00,16000
33200,0000019026,21860.00,00400
33200,0000019026,2500.00,00401
33200,0000019026,8949.80,02220
33200,0000019026,740.00,03300
33200,0000019026,1349.25,25001
33200,0000019026,2734.17,25002
33500,0000019026,1590.00,02220
33500,0000019026,250.00,03300
33500,0000019026,37749.00,05500
33500,0000019026,3993.00,09900
33500,0000019026,84236.00,10000
34100,0000019026,433.13,03300
34100,0000019026,1630.33,05500
34100,0000019026,876.00,10000
33200,0000019027,20925.00,00400
33200,0000019027,1029.42,00401
33200,0000019027,5125.00,03300
33200,0000019027,4567.15,06100
33200,0000019027,350.00,07400
33200,0000019027,28000.00,08000
33200,0000019027,2151.93,25001
33200,0000019027,4949.23,25002
33200,0000019027,9223.74,25003
33200,0000019027,-700.68,25004
33200,0000019027,1563.69,25005
33200,0000019027,852.51,25006
33200,0000019027,859.60,25007
33200,0000019027,1674.23,25008
33200,0000019027,-207.86,25009
33200,0000019027,1756.80,25010
33500,0000019027,7902.25,02070
33500,0000019027,12425.00,05100
33500,0000019027,4436.00,09200
33500,0000019027,9000.00,09300
33500,0000019027,6777.00,09900
33500,0000019027,1599.00,15401
33500,0000019027,3750.00,15905
33500,0000019027,22800.00,16000
34100,0000019027,3504.00,06100
34100,0000019027,146.00,07400
33200,0000019030,31823.71,00400
33200,0000019030,3178.00,00401
33200,0000019030,356.32,07510
33200,0000019030,1810.00,09200
33200,0000019030,3320.67,25001
33200,0000019030,12474.59,25002
33500,0000019030,5900.00,07510
33500,0000019030,1444.00,09200
33500,0000019030,1194.00,10000
33500,0000019030,199195.00,15001
33500,0000019030,12030.00,15401
33500,0000019030,42380.00,15900
33500,0000019030,68000.00,16000
34100,0000019030,730.00,07510
34100,0000019030,5183.00,09200
34100,0000019030,365.00,15401
34100,0000019030,292.00,16000
33200,0000019031,20608.84,00400
33200,0000019031,7777.00,00401
33200,0000019031,3085.52,02200
33200,0000019031,200.00,03300
33200,0000019031,9380.00,05100
33200,0000019031,1942.00,06100
33200,0000019031,150.00,07200
33200,0000019031,100.00,08000
33200,0000019031,300.00,09300
33200,0000019031,520.00,10000
33200,0000019031,8420.41,25001
33200,0000019031,13100.34,25002
33200,0000019031,5229.96,25003
33200,0000019031,6706.17,25004
33200,0000019031,9147.28,25005
33200,0000019031,2845.73,25006
33200,0000019031,-976.96,25007
33500,0000019031,8500.00,06400
33500,0000019031,6000.00,07200
33500,0000019031,56381.30,08000
33500,0000019031,99500.00,09200
33500,0000019031,75000.00,09300
33500,0000019031,50144.00,09900
33500,0000019031,162050.00,15000
33500,0000019031,18323.74,15260
33500,0000019031,52935.00,15401
33500,0000019031,2296.25,15800
33500,0000019031,39900.00,15935
33500,0000019031,281759.00,16000
34100,0000019031,4234.00,02200
34100,0000019031,584.00,03300
34100,0000019031,6424.00,05100
34100,0000019031,7592.00,06100
34100,0000019031,584.00,07200
34100,0000019031,4380.00,08000
34100,0000019031,292.00,09300
34100,0000019031,730.00,10000
33200,0000019032,33730.00,00400
33200,0000019032,5927.26,00401
33200,0000019032,16058.00,02070
33200,0000019032,69812.00,06100
33200,0000019032,20453.00,08110
33200,0000019032,4907.00,08210
33200,0000019032,2494.00,10800
33200,0000019032,38289.50,25001
33200,0000019032,1432.11,25002
33200,0000019032,-1971.38,25003
33200,0000019032,5372.90,25004
33200,0000019032,12192.70,25005
33200,0000019032,18487.37,25006
33200,0000019032,10590.79,25007
33200,0000019032,1434.91,25008
33200,0000019032,3513.60,25009
33500,0000019032,50838.00,02315
33500,0000019032,94412.00,03100
33500,0000019032,20000.00,04000
33500,0000019032,5501.00,05500
33500,0000019032,58364.00,06400
33500,0000019032,13931.00,07200
33500,0000019032,18358.00,07460
33500,0000019032,60000.00,07610
33500,0000019032,24363.00,08520
33500,0000019032,10319.20,09200
33500,0000019032,13130.00,09310
33500,0000019032,8750.00,09620
33500,0000019032,3465.00,09670
33500,0000019032,12668.00,09910
33500,0000019032,38400.00,15400
33500,0000019032,33000.00,15700
33500,0000019032,72000.00,16000
33200,0000019034,36339.82,00400
33200,0000019034,8890.00,00401
33200,0000019034,650.00,02070
33200,0000019034,18500.00,02315
33200,0000019034,25435.00,03300
33200,0000019034,225.00,05500
33200,0000019034,18207.59,06100
33200,0000019034,5818.74,07200
33200,0000019034,21040.49,07460
33200,0000019034,300.00,08000
33200,0000019034,8046.44,09200
33200,0000019034,9948.00,10000
33200,0000019034,150.00,13930
33200,0000019034,150.00,15001
33200,0000019034,150.00,15401
33200,0000019034,150.00,16000
33200,0000019034,2036.95,25001
33200,0000019034,7869.65,25002
33200,0000019034,43767.16,25003
33500,0000019034,83325.00,03300
33500,0000019034,92000.00,06100
33500,0000019034,66215.44,06400
33500,0000019034,12000.00,07200
33500,0000019034,12350.00,07300
33500,0000019034,72290.18,08000
33500,0000019034,62087.00,09200
33500,0000019034,53900.00,09300
33500,0000019034,29575.00,09900
33500,0000019034,11925.40,10000
33500,0000019034,50776.00,13930
33500,0000019034,74225.00,15001
33500,0000019034,70240.00,15401
33500,0000019034,142000.00,16000
34100,0000019034,7300.00,02070
34100,0000019034,876.00,03300
34100,0000019034,876.00,05500
34100,0000019034,25842.00,06100
34100,0000019034,1898.00,07200
34100,0000019034,25404.00,07460
34100,0000019034,8760.00,08000
34100,0000019034,6570.00,09200
34100,0000019034,4453.00,10000
34100,0000019034,1168.00,13930
34100,0000019034,584.00,15001
34100,0000019034,584.00,15401
34100,0000019034,584.00,16000
33200,0000019037,11945.00,00400
33200,0000019037,700.00,00401
33200,0000019037,100.00,02200
33200,0000019037,75.00,05500
33200,0000019037,493.36,06100
33200,0000019037,200.00,07200
33200,0000019037,2668.00,08000
33200,0000019037,417.83,25001
33200,0000019037,1451.85,25002
33200,0000019037,1821.97,25003
33500,0000019037,1500.00,02200
33500,0000019037,8790.00,06400
33500,0000019037,1933.17,08000
33500,0000019037,6495.00,09200
33500,0000019037,3075.00,09300
33500,0000019037,2994.00,09900
33500,0000019037,2151.00,15000
33500,0000019037,9484.00,16000
34100,0000019037,1752.00,02200
34100,0000019037,146.00,05500
34100,0000019037,2190.00,06100
34100,0000019037,365.00,07200
34100,0000019037,949.00,08000
33200,0000019038,14222.00,00400
33200,0000019038,777.00,00401
33200,0000019038,3423.15,25001
33200,0000019038,-19.69,25010
33500,0000019038,6000.00,06100
33500,0000019038,5600.00,07400
33500,0000019038,1000.00,07500
33500,0000019038,32042.00,08000
33500,0000019038,4560.00,09200
33500,0000019038,2610.00,09300
33500,0000019038,3914.00,09900
33500,0000019038,2800.00,16000
34100,0000019038,4380.00,02200
34100,0000019038,3869.00,06100
34100,0000019038,5840.00,07400
33200,0000019042,3447.00,00400
33200,0000019042,7904.00,00401
33200,0000019042,25123.00,06100
33200,0000019042,5436.00,08110
33200,0000019042,2668.91,25001
33200,0000019042,10515.68,25002
33200,0000019042,1271.61,25003
33500,0000019042,5796.00,02070
33500,0000019042,9020.00,04000
33500,0000019042,38800.00,05400
33500,0000019042,15600.00,05510
33500,0000019042,9575.00,06400
33500,0000019042,15000.00,09200
33500,0000019042,4800.00,09910
33500,0000019042,18800.00,15700
33500,0000019042,44135.00,16000
33200,0000019046,3447.00,00400
33200,0000019046,7904.00,00401
33200,0000019046,5796.00,02070
33200,0000019046,25123.00,06100
33200,0000019046,5436.00,08110
33500,0000019046,9020.00,04000
33500,0000019046,38800.00,05400
33500,0000019046,15600.00,05510
33500,0000019046,9575.00,06400
33500,0000019046,15000.00,09200
33500,0000019046,4800.00,09910
33500,0000019046,18800.00,15700
33500,0000019046,44135.00,16000
33200,0000019047,11011.00,00400
33200,0000019047,2422.00,00401
33200,0000019047,26054.74,25001
33200,0000019047,3215.42,25002
33200,0000019047,903.51,25003
33500,0000019047,71851.00,02000
33500,0000019047,71025.00,12000
33500,0000019047,11795.00,15000
33500,0000019047,105600.00,16000
34100,0000019047,4380.00,06100
33200,0000019049,11410.00,00400
33200,0000019049,500.00,02200
33200,0000019049,1200.00,03300
33200,0000019049,5800.00,06100
33200,0000019049,4679.00,08000
33200,0000019049,1300.00,09200
33200,0000019049,250.00,09300
33200,0000019049,1270.00,10810
33200,0000019049,150.00,16000
33500,0000019049,400.00,08000
33500,0000019049,2303.00,09200
33500,0000019049,10100.00,09300
33500,0000019049,6000.00,15401
33500,0000019049,5400.00,16000
34100,0000019049,5840.00,02200
34100,0000019049,8176.00,06100
34100,0000019049,1460.00,08000
34100,0000019049,2920.00,09200
34100,0000019049,292.00,09300
34100,0000019049,438.00,10810
34100,0000019049,584.00,16000
33200,0000019051,18190.00,00400
33200,0000019051,2730.00,00401
33200,0000019051,2600.00,02196
33200,0000019051,200.00,02300
33200,0000019051,5000.00,06100
33200,0000019051,3884.75,07400
33200,0000019051,2580.00,07500
33200,0000019051,5291.02,25001
33200,0000019051,5131.80,25002
33200,0000019051,3033.37,25003
33500,0000019051,98777.00,02196
33500,0000019051,15400.00,04000
33500,0000019051,3640.00,05500
33500,0000019051,14480.00,07200
33500,0000019051,27500.00,07500
33500,0000019051,54786.00,08000
33500,0000019051,6935.00,09200
33500,0000019051,7200.00,15401
33500,0000019051,8000.00,16000
34100,0000019051,11680.00,02196
34100,0000019051,1752.00,02300
34100,0000019051,1168.00,05500
34100,0000019051,12264.00,06100
34100,0000019051,7300.00,07400
34100,0000019051,3504.00,07500
33200,0000020002,9870.00,00400
33200,0000020002,581.00,00401
33200,0000020002,1500.00,02220
33200,0000020002,800.00,05500
33200,0000020002,2192.00,08000
33200,0000020002,200.00,09210
33200,0000020002,1500.00,10000
33200,0000020002,2180.15,25001
33200,0000020002,205.03,25002
33500,0000020002,2500.00,09210
33500,0000020002,2564.00,09910
33500,0000020002,15000.00,10000
33500,0000020002,2284.00,13930
33500,0000020002,2400.00,15000
33500,0000020002,3415.00,15401
33500,0000020002,7950.00,16000
34100,0000020002,4380.00,02220
34100,0000020002,1168.00,05500
34100,0000020002,292.00,08000
34100,0000020002,1752.00,10000
34100,0000020002,584.00,13930
34100,0000020002,584.00,15000
34100,0000020002,584.00,15401
34100,0000020002,584.00,16000
33200,0000020003,190881.96,00400
33200,0000020003,30218.09,00401
33200,0000020003,32346.00,01800
33200,0000020003,1000.00,02220
33200,0000020003,28590.44,03000
33200,0000020003,245.00,05120
33200,0000020003,9109.31,06100
33200,0000020003,3055.00,06470
33200,0000020003,6000.00,07710
33200,0000020003,98000.00,08710
33200,0000020003,1850.00,10165
33200,0000020003,42000.00,10190
33200,0000020003,1454.00,10240
33200,0000020003,36000.00,10260
33200,0000020003,9725.00,10500
33200,0000020003,3225.00,10800
33200,0000020003,718.69,12660
33200,0000020003,4928.55,25001
33200,0000020003,834.25,25002
33200,0000020003,2027.44,25003
33200,0000020003,5883.16,25004
33200,0000020003,2324.12,25005
33200,0000020003,447.68,25006
33200,0000020003,2420.43,25007
33200,0000020003,7077.57,25008
33200,0000020003,1343.40,25009
33200,0000020003,2674.84,25010
33200,0000020003,633.81,25011
33200,0000020003,3278.23,25012
33200,0000020003,6800.39,25013
33200,0000020003,2107.73,25014
33200,0000020003,2929.74,25015
33200,0000020003,13628.50,25016
33200,0000020003,912.50,25017
33200,0000020003,1225.44,25018
33200,0000020003,6718.96,25019
33200,0000020003,1371.77,25020
33200,0000020003,9482.76,25021
33200,0000020003,2931.82,25022
33200,0000020003,-7451.98,25023
33200,0000020003,14878.08,25024
33200,0000020003,3371.09,25025
33200,0000020003,870.60,25027
33200,0000020003,297.88,25028
33200,0000020003,1935.35,25029
33200,0000020003,4993.08,25030
33200,0000020003,1709.88,25032
33200,0000020003,6281.91,25033
33200,0000020003,7660.24,25034
33200,0000020003,1000.00,25035
33200,0000020003,2077.16,25036
33200,0000020003,368.67,25037
33200,0000020003,923.53,25038
33200,0000020003,941.09,25039
33200,0000020003,4940.58,25040
33200,0000020003,19663.19,25041
33200,0000020003,637.31,25042
33200,0000020003,1369.18,25043
33200,0000020003,6703.51,25044
33200,0000020003,681.32,25045
33200,0000020003,401.79,25046
33200,0000020003,1297.19,25047
33200,0000020003,1187.52,25048
33200,0000020003,5524.93,25049
33200,0000020003,-173.73,25050
33200,0000020003,380.90,25051
33200,0000020003,1163.22,25052
33200,0000020003,309.01,25053
33200,0000020003,335.62,25054
33200,0000020003,921.86,25055
33200,0000020003,113.89,25056
33200,0000020003,771.46,25057
33200,0000020003,2274.56,25058
33200,0000020003,11880.02,25059
33200,0000020003,5594.90,25060
33200,0000020003,1033.06,25061
33200,0000020003,2951.28,25062
33200,0000020003,763.37,25063
33200,0000020003,903.66,25064
33200,0000020003,2242.92,25065
33200,0000020003,10537.28,25066
33200,0000020003,4214.17,25067
33200,0000020003,871.44,25068
33200,0000020003,1287.05,25069
33200,0000020003,1093.58,25070
33200,0000020003,2317.64,25071
33200,0000020003,958.57,25072
33200,0000020003,569.43,25073
33200,0000020003,1061.80,25075
33200,0000020003,949.67,25076
33200,0000020003,744.91,25077
33200,0000020003,3683.48,25078
33200,0000020003,817.27,25079
33200,0000020003,2249.24,25080
33200,0000020003,1675.00,25081
33200,0000020003,2563.60,25082
33200,0000020003,208.01,25083
33200,0000020003,3440.82,25084
33200,0000020003,1119.26,25085
33200,0000020003,2650.20,25086
33200,0000020003,269.82,25087
33500,0000020003,17530.82,02220
33500,0000020003,116000.00,02315
33500,0000020003,14536.71,02820
33500,0000020003,37532.29,03000
33500,0000020003,26081.31,04000
33500,0000020003,250239.79,05120
33500,0000020003,50662.67,05500
33500,0000020003,5100.00,05800
33500,0000020003,212491.85,06400
33500,0000020003,9362.82,07000
33500,0000020003,36000.00,07160
33500,0000020003,101323.00,07410
33500,0000020003,59022.00,07469
33500,0000020003,214288.42,07530
33500,0000020003,124649.63,08520
33500,0000020003,126000.00,09120
33500,0000020003,269858.32,09220
33500,0000020003,25431.94,09300
33500,0000020003,87001.00,09650
33500,0000020003,36575.16,09910
33500,0000020003,90552.22,13930
33500,0000020003,49438.31,14510
33500,0000020003,230360.54,15001
33500,0000020003,58900.00,15080
33500,0000020003,76000.00,15401
33500,0000020003,58828.66,15600
33500,0000020003,46280.00,15760
33500,0000020003,92037.45,15935
33500,0000020003,521369.52,16000
34100,0000020003,52885.46,02220
34100,0000020003,2808.07,03000
34100,0000020003,7117.50,05120
34100,0000020003,14259.05,06100
33200,0000020006,217637.66,00000
33200,0000020006,87961.92,00401
33200,0000020006,124595.00,03100
33200,0000020006,9763.00,05500
33200,0000020006,240000.00,06100
33200,0000020006,4200.00,06400
33200,0000020006,47388.00,07200
33200,0000020006,39605.00,07310
33200,0000020006,1820.00,07460
33200,0000020006,400.00,07920
33200,0000020006,45913.95,08100
33200,0000020006,152257.93,08210
33200,0000020006,44835.61,08560
33200,0000020006,14445.00,10800
33200,0000020006,15980.82,25002
33200,0000020006,4087.17,25003
33200,0000020006,16411.02,25004
33200,0000020006,38742.85,25005
33200,0000020006,7964.71,25006
33200,0000020006,16786.64,25007
33200,0000020006,13103.83,25008
33200,0000020006,137559.79,25009
33200,0000020006,6714.75,25010
33200,0000020006,2695.05,25011
33200,0000020006,157321.39,25012
33200,0000020006,12112.81,25013
33500,0000020006,263402.45,02315
33500,0000020006,371387.28,03100
33500,0000020006,70000.00,06100
33500,0000020006,297467.01,06400
33500,0000020006,448392.95,07460
33500,0000020006,191888.46,08900
33500,0000020006,336090.20,09200
33500,0000020006,85168.89,09310
33500,0000020006,44226.88,09510
33500,0000020006,85086.61,09600
33500,0000020006,107637.96,09910
33500,0000020006,396492.62,15400
33500,0000020006,224020.10,15700
33500,0000020006,31786.41,15900
33500,0000020006,359215.68,16000
33500,0000020006,53250.07,16500
34100,0000020006,5742.89,05500
34100,0000020006,264221.10,06100
34100,0000020006,5252.00,06400
34100,0000020006,39239.36,07200
34100,0000020006,40376.03,07310
34100,0000020006,2336.00,07460
34100,0000020006,1276.01,07920
34100,0000020006,6570.00,08100
34100,0000020006,25550.00,08210
34100,0000020006,5402.00,08560
34100,0000020006,7969.21,10800
34100,0000020006,1068.53,11400
33200,0000020007,4000.00,00400
33200,0000020007,434.09,00401
33200,0000020007,250.00,02220
33200,0000020007,80.00,06100
33200,0000020007,175.00,07200
33200,0000020007,800.00,08210
33200,0000020007,228.00,08710
33200,0000020007,1200.00,09200
33200,0000020007,750.00,09510
33200,0000020007,2573.00,10800
33200,0000020007,1042.65,25001
33200,0000020007,609.73,25002
33500,0000020007,2138.56,06400
33500,0000020007,2145.73,08710
33500,0000020007,3300.69,09310
33500,0000020007,1111.11,09910
33500,0000020007,2744.62,13930
33500,0000020007,9131.73,15400
33500,0000020007,2749.72,15700
33500,0000020007,7255.26,16000
34100,0000020007,2596.49,00400
34100,0000020007,2071.19,02220
34100,0000020007,154.67,06100
34100,0000020007,411.68,07200
34100,0000020007,708.01,08210
34100,0000020007,75.00,08710
34100,0000020007,4105.59,09200
34100,0000020007,1851.78,09510
34100,0000020007,894.00,10800
33200,0000020010,35242.14,00400
33200,0000020010,10206.00,00401
33200,0000020010,8680.00,02220
33200,0000020010,9480.00,03300
33200,0000020010,6013.86,06100
33200,0000020010,1945.80,07330
33200,0000020010,52751.68,25001
33200,0000020010,9097.66,25002
33200,0000020010,4966.67,25003
33500,0000020010,2500.00,02220
33500,0000020010,19150.00,02800
33500,0000020010,20895.00,03300
33500,0000020010,18800.00,04000
33500,0000020010,64230.00,05120
33500,0000020010,6000.00,06100
33500,0000020010,37102.00,06400
33500,0000020010,15389.00,07000
33500,0000020010,46800.00,07330
33500,0000020010,32376.00,08000
33500,0000020010,114538.33,09200
33500,0000020010,23250.00,09600
33500,0000020010,83760.00,09651
33500,0000020010,13624.00,09910
33500,0000020010,28960.00,13400
33500,0000020010,14316.00,13930
33500,0000020010,11800.00,15080
33500,0000020010,45000.00,15401
33500,0000020010,163480.00,15700
33500,0000020010,122900.00,16000
34100,0000020010,29200.00,02220
34100,0000020010,192720.00,06100
33200,0000020012,16515.00,00400
33200,0000020012,1379.70,02070
33200,0000020012,1012.90,06100
33200,0000020012,11091.49,08000
33500,0000020012,4644.00,06400
33500,0000020012,44590.00,09200
33500,0000020012,17175.00,09300
33500,0000020012,6794.00,09900
33500,0000020012,27900.00,15000
33500,0000020012,8855.00,15401
33500,0000020012,32550.00,16000
33200,0000020013,648.00,00400
33200,0000020013,11388.00,00401
33200,0000020013,1080.00,02200
33200,0000020013,6220.00,06100
33200,0000020013,1120.00,06400
33200,0000020013,6441.00,07460
33200,0000020013,11230.34,25001
33500,0000020013,3700.00,04000
33500,0000020013,5432.00,06400
33500,0000020013,100951.00,08520
33500,0000020013,5937.00,09910
33500,0000020013,5975.00,12000
34100,0000020013,17908.00,02200
34100,0000020013,13328.00,06100
34100,0000020013,2648.00,06400
34100,0000020013,8880.00,07460
33200,0000020017,6000.00,06100
33200,0000020018,5010.00,00400
33200,0000020018,8012.00,00401
33200,0000020018,200.00,06100
33200,0000020018,1400.20,25001
33200,0000020018,2245.70,25002
33500,0000020018,17580.00,07200
33500,0000020018,16400.00,09510
33500,0000020018,7104.00,12500
33500,0000020018,12985.00,16000
34100,0000020018,7904.00,02070
34100,0000020018,296.00,06100
34100,0000020018,1776.00,09900
33200,0000020020,38962.00,00400
33200,0000020020,7400.00,03000
33500,0000020020,34000.00,02220
33500,0000020020,38065.00,03000
33500,0000020020,31200.00,09300
33500,0000020020,83750.00,15401
33200,0000020025,1728.00,00400
33200,0000020025,362.00,00401
33200,0000020025,200.00,00402
33500,0000020025,5000.00,07469
34100,0000020025,1183.88,00402
34100,0000020025,2664.00,05120
33200,0000020026,6710.00,00400
33200,0000020026,4414.00,00401
33200,0000020026,800.00,02130
33200,0000020026,4277.00,06100
33200,0000020026,400.00,07800
33200,0000020026,8183.00,08110
33200,0000020026,7941.80,25001
33200,0000020026,3258.99,25002
33200,0000020026,1294.53,25003
33500,0000020026,14975.00,02130
33500,0000020026,33479.00,02315
33500,0000020026,2000.00,03100
33500,0000020026,11603.00,05500
33500,0000020026,7427.00,06400
33500,0000020026,1460.00,07200
33500,0000020026,850.00,07500
33500,0000020026,5522.00,08330
33500,0000020026,1875.00,09200
33500,0000020026,13000.00,09510
33500,0000020026,6100.00,09600
33500,0000020026,11438.00,09910
33500,0000020026,18500.00,16000
34100,0000020026,13010.00,02070
34100,0000020026,4200.00,02130
34100,0000020026,11840.00,06100
34100,0000020026,350.00,06400
34100,0000020026,800.00,07800
34100,0000020026,3318.00,08110
33200,0000020028,4230.00,00400
33200,0000020028,1586.55,00401
33200,0000020028,472.00,00403
33200,0000020028,2408.00,06100
33200,0000020028,975.00,07600
33200,0000020028,535.00,08110
33200,0000020028,275.00,09200
33200,0000020028,13682.54,25001
33200,0000020028,1341.48,25002
33500,0000020028,17960.00,02315
33500,0000020028,34120.00,03100
33500,0000020028,4500.00,04000
33500,0000020028,40160.00,05500
33500,0000020028,1709.00,07600
33500,0000020028,900.00,09200
33500,0000020028,985.00,09600
33500,0000020028,999.00,09910
33500,0000020028,43700.00,14200
33500,0000020028,6350.00,16000
34100,0000020028,2960.00,00403
34100,0000020028,5050.00,02070
34100,0000020028,3504.00,06100
34100,0000020028,1752.00,07600
34100,0000020028,438.00,08110
34100,0000020028,1679.00,09200
33200,0000020030,8130.00,00400
33200,0000020030,1319.50,00401
33200,0000020030,200.00,00403
33200,0000020030,250.00,06100
33200,0000020030,310.00,07920
33200,0000020030,2910.00,08110
33200,0000020030,750.00,09600
33200,0000020030,550.00,10260
33200,0000020030,555.00,10800
33200,0000020030,5226.29,25001
33200,0000020030,5397.60,25002
33500,0000020030,3200.00,04000
33500,0000020030,16565.00,06400
33500,0000020030,379.00,07200
33500,0000020030,695.00,09110
33500,0000020030,1562.00,09200
33500,0000020030,3435.00,09310
33500,0000020030,2680.00,09510
33500,0000020030,9235.00,09600
33500,0000020030,4500.00,09910
33500,0000020030,4200.00,15400
33500,0000020030,10590.00,15700
33500,0000020030,4405.00,15900
33500,0000020030,20281.69,16000
34100,0000020030,1480.00,00403
34100,0000020030,7362.00,02070
34100,0000020030,592.00,06100
34100,0000020030,444.00,07920
34100,0000020030,1776.00,08110
34100,0000020030,1776.00,09600
34100,0000020030,444.00,10260
34100,0000020030,370.00,10800
33200,0000020031,2160.00,06100
33200,0000020031,11800.00,07400
33200,0000020031,2800.00,08000
33200,0000020031,10000.00,09651
33500,0000020031,18500.00,02000
33500,0000020031,6450.00,09900
34100,0000020031,37400.00,06100
33200,0000020035,8768.00,00400
33500,0000020035,12500.00,02000
33500,0000020035,94225.00,16000
33200,0000020036,1950.00,00400
33200,0000020036,716.00,00401
33200,0000020036,8500.00,06100
33200,0000020036,3240.00,07310
33200,0000020036,625.00,07620
33500,0000020036,11742.00,07310
33500,0000020036,2946.00,07620
34100,0000020036,650.00,00400
34100,0000020036,7444.00,02070
34100,0000020036,6291.01,06100
34100,0000020036,1184.00,07310
34100,0000020036,592.00,07620
33200,0000020037,1650.00,00400
33200,0000020037,128.30,00401
33200,0000020037,2151.50,07330
34100,0000020037,7104.00,07330
34100,0000020041,21280.00,06101
33200,0000020042,7149.84,00400
33200,0000020042,440.00,02070
33200,0000020042,950.00,06100
33200,0000020042,5156.00,06400
33200,0000020042,5700.45,09210
33200,0000020042,2860.00,09300
33200,0000020042,2271.00,09910
33200,0000020042,584.00,10000
33200,0000020042,600.00,15401
33500,0000020042,26210.00,15401
33500,0000020042,8950.00,16000
34200,0000020042,1022.00,02070
34200,0000020042,2774.00,06100
34200,0000020042,2044.00,06400
34200,0000020042,3650.00,09210
34200,0000020042,1168.00,09300
34200,0000020042,1560.00,10000
34200,0000020042,146.00,15401
33200,0000021002,6375.00,00400
33200,0000021002,11404.10,00401
33200,0000021002,350.00,02070
33200,0000021002,888.00,06100
33200,0000021002,840.00,07600
33200,0000021002,6720.00,07810
33200,0000021002,3300.00,08110
33200,0000021002,100.00,09200
33200,0000021002,94639.61,25001
33200,0000021002,134772.62,25002
33200,0000021002,3142.00,25003
33200,0000021002,-3196.62,25004
33200,0000021002,2396.08,25005
33200,0000021002,15271.51,25006
33200,0000021002,2978.29,25007
33200,0000021002,12006.73,25008
33200,0000021002,8961.32,25009
33200,0000021002,3138.21,25010
33200,0000021002,-1563.83,25080
33200,0000021002,-387.91,25081
33500,0000021002,7800.00,02070
33500,0000021002,3750.00,02130
33500,0000021002,20000.00,02315
33500,0000021002,29000.00,03100
33500,0000021002,26855.00,03400
33500,0000021002,17100.00,04000
33500,0000021002,410.00,07600
33500,0000021002,1345.00,09600
33500,0000021002,17994.00,09910
33500,0000021002,517600.00,16000
34100,0000021002,17760.00,00400
34100,0000021002,5883.00,02070
34100,0000021002,2200.00,06100
34100,0000021002,1048.00,07600
34100,0000021002,1509.00,07810
34100,0000021002,888.00,08110
34100,0000021002,520.00,09200
33200,0000021006,2705.00,00400
33200,0000021006,1040.00,02070
33500,0000021006,23818.00,09600
34100,0000021006,4292.00,02070
33200,0000021008,750.00,00400
33200,0000021008,2556.80,25001
33500,0000021008,1500.00,02070
34200,0000021008,2864.00,02070
33200,0000021009,15200.00,00400
33200,0000021009,1036.00,00401
33200,0000021009,411.00,06100
33200,0000021009,150.00,07000
33200,0000021009,50.00,09651
33200,0000021009,1321.25,25001
33200,0000021009,5587.75,25002
33200,0000021009,-109.00,25003
33500,0000021009,1175.00,02220
33500,0000021009,29100.00,03000
33500,0000021009,3400.00,04000
33500,0000021009,44450.00,05500
33500,0000021009,5242.00,07000
33500,0000021009,7286.00,09910
33500,0000021009,3220.00,10000
33500,0000021009,2325.00,15000
34200,0000021009,2220.00,02220
34200,0000021009,296.00,03000
34200,0000021009,2220.00,06100
34200,0000021009,296.00,07000
34200,0000021009,592.00,09651
33200,0000021010,1565.00,00400
33200,0000021010,500.00,00401
33200,0000021010,244.50,03000
33200,0000021010,88.00,08000
33200,0000021010,35.50,09300
33200,0000021010,1489.31,25001
33200,0000021010,4257.78,25002
33500,0000021010,1195.00,02220
33500,0000021010,500.00,02315
33500,0000021010,12379.00,08000
33500,0000021010,4450.00,09200
33500,0000021010,300.00,09300
33500,0000021010,1574.00,09910
33500,0000021010,600.00,10000
33500,0000021010,12050.00,15000
33500,0000021010,4500.00,16000
34200,0000021010,730.00,02220
34200,0000021010,980.00,03000
34200,0000021010,1606.00,08000
34200,0000021010,292.00,09300
34200,0000021010,292.00,10000
33200,0000021011,12390.00,00400
33200,0000021011,2450.00,00401
33200,0000021011,575.00,06100
33200,0000021011,400.00,07330
33200,0000021011,625.00,12000
33200,0000021011,19779.21,25001
33200,0000021011,6943.47,25002
33200,0000021011,8812.64,25003
33200,0000021011,5946.16,25004
33200,0000021011,4756.84,25005
33500,0000021011,35000.00,02070
33500,0000021011,52983.00,07000
33500,0000021011,5000.00,07330
33500,0000021011,9745.00,08000
33500,0000021011,63500.00,09200
33500,0000021011,14416.00,09910
33500,0000021011,5028.00,10000
33500,0000021011,5550.00,15000
33500,0000021011,3450.00,15401
33500,0000021011,41500.00,16000
34200,0000021011,4440.00,02070
34200,0000021011,1184.00,06100
34200,0000021011,592.00,07330
34200,0000021011,1184.00,08000
34200,0000021011,2960.00,10000
34200,0000021011,74.00,12000
33200,0000021015,960.00,00400
33200,0000021015,2800.00,00401
33200,0000021015,500.00,04000
33200,0000021015,3211.12,06100
33200,0000021015,2824.40,06400
33200,0000021015,2422.60,07330
33200,0000021015,32478.00,08000
33200,0000021015,545.00,09510
33200,0000021015,5515.00,09600
33200,0000021015,5508.61,25001
33200,0000021015,16440.99,25002
33500,0000021015,23750.00,02220
33500,0000021015,1000.00,03000
33500,0000021015,19500.00,04000
33500,0000021015,68940.00,06400
33500,0000021015,2500.00,09510
33500,0000021015,35064.00,09600
33500,0000021015,19520.00,09651
33500,0000021015,28900.00,09910
33500,0000021015,11186.00,10000
33500,0000021015,1000.00,15401
33500,0000021015,12448.00,16000
33500,0000021015,3500.00,16300
33500,0000021015,19067.00,16500
34100,0000021015,1300.00,00400
34100,0000021015,1184.00,04000
34100,0000021015,1924.00,06100
34100,0000021015,1924.00,06400
34100,0000021015,1628.00,07330
34100,0000021015,2960.00,08000
34100,0000021015,1184.00,09510
34100,0000021015,592.00,10000
33200,0000021017,1660.00,00400
33200,0000021017,718.21,00401
33200,0000021017,-200.00,09210
33200,0000021017,2068.69,25001
33200,0000021017,350.84,25002
33200,0000021017,230.49,25003
33500,0000021017,1350.00,06100
33500,0000021017,5207.00,06400
33500,0000021017,7420.00,09210
33500,0000021017,990.00,09300
33500,0000021017,2200.00,09910
33500,0000021017,24990.00,15401
33500,0000021017,11500.00,16000
34200,0000021017,2368.00,02220
34200,0000021017,1184.00,06100
33200,0000021018,16000.00,00401
33200,0000021018,500.00,00403
33200,0000021018,1200.00,05500
33200,0000021018,27691.00,06200
33200,0000021018,1080.00,07000
33200,0000021018,51000.00,07460
33200,0000021018,10108.00,07469
33200,0000021018,18813.00,08000
33500,0000021018,15000.00,02070
33500,0000021018,281920.00,02315
33500,0000021018,252787.00,03100
33500,0000021018,177245.00,03210
33500,0000021018,12500.00,04000
33500,0000021018,656000.00,05500
33500,0000021018,4750.00,07000
33500,0000021018,137849.00,07330
33500,0000021018,14792.00,07469
33500,0000021018,48986.00,08370
33500,0000021018,5275.00,09910
33500,0000021018,40500.00,11160
33500,0000021018,19900.00,15401
34200,0000021018,69480.00,00400
34200,0000021018,1000.00,00403
34200,0000021018,23680.00,02070
34200,0000021018,2960.00,05500
34200,0000021018,20202.00,06200
34200,0000021018,1184.00,07000
34200,0000021018,135568.00,07460
34200,0000021018,2812.00,07469
34200,0000021018,5920.00,08000
33200,0000021021,3532.00,00401
33200,0000021021,100.00,00403
33200,0000021021,5508.00,03100
33200,0000021021,500.00,05400
33200,0000021021,66729.00,06100
33200,0000021021,200.00,07000
33200,0000021021,42247.00,07460
33200,0000021021,3970.00,08000
33200,0000021021,500.00,09910
33200,0000021021,6384.87,25001
33200,0000021021,19363.12,25002
33500,0000021021,13991.00,02315
33500,0000021021,10580.00,03100
33500,0000021021,5750.00,03210
33500,0000021021,63000.00,05400
33500,0000021021,87100.00,07330
33500,0000021021,11600.00,16000
34200,0000021021,12010.00,00400
34200,0000021021,400.00,00403
34200,0000021021,935.00,03100
34200,0000021021,1000.00,05400
34200,0000021021,48606.00,06100
34200,0000021021,296.00,07000
34200,0000021021,23532.00,07460
34200,0000021021,1776.00,08000
34200,0000021021,1000.00,09910
33200,0000021022,32500.00,00400
33200,0000021022,4600.00,00401
33200,0000021022,1600.00,03000
33200,0000021022,463.00,06100
33200,0000021022,6268.30,07330
33200,0000021022,986.92,25001
33200,0000021022,5071.13,25002
33200,0000021022,8969.10,25003
33200,0000021022,676.09,25004
33200,0000021022,2645.96,25005
33500,0000021022,2000.00,03000
33500,0000021022,49900.00,05120
33500,0000021022,34500.00,07330
33500,0000021022,37980.00,13800
33500,0000021022,66000.00,15001
33500,0000021022,9950.00,15080
33500,0000021022,7900.00,15401
33500,0000021022,45900.00,16000
34100,0000021022,7540.00,00400
34100,0000021022,2368.00,06100
34100,0000021022,7104.00,07330
33200,0000021026,27933.00,00400
33200,0000021026,8823.00,00401
33200,0000021026,8190.00,06100
33200,0000021026,17059.52,09200
33200,0000021026,5563.49,25001
33200,0000021026,13955.17,25002
33200,0000021026,5314.27,25003
33200,0000021026,3256.93,25004
33200,0000021026,7649.68,25005
33500,0000021026,16575.00,02220
33500,0000021026,17500.00,07330
33500,0000021026,36000.00,13800
33500,0000021026,235775.00,15000
33500,0000021026,106500.00,15401
33500,0000021026,25665.00,16000
34100,0000021026,38237.00,00400
34100,0000021026,5328.00,02220
34100,0000021026,28638.00,06100
34100,0000021026,11840.00,09200
33200,0000021027,3800.00,00400
33200,0000021027,2163.00,00401
33200,0000021027,2200.00,02220
33200,0000021027,4720.00,03000
33200,0000021027,800.00,06100
33200,0000021027,14175.00,06400
33200,0000021027,1351.14,07000
33200,0000021027,7370.00,08000
33200,0000021027,2885.00,09651
33200,0000021027,1720.00,15401
33200,0000021027,598.73,25001
33200,0000021027,6310.88,25002
33200,0000021027,1950.00,25003
33200,0000021027,3596.42,25004
33200,0000021027,60603.69,25005
33200,0000021027,4716.08,25006
33200,0000021027,704.26,25007
33200,0000021027,9201.49,25008
33500,0000021027,750.00,02220
33500,0000021027,14785.00,02300
33500,0000021027,13100.00,03000
33500,0000021027,43500.00,05500
33500,0000021027,7000.00,07000
33500,0000021027,7650.00,07330
33500,0000021027,25116.00,09200
33500,0000021027,8595.00,09300
33500,0000021027,1335.00,09651
33500,0000021027,3212.00,09910
33500,0000021027,12250.00,15000
33500,0000021027,5000.00,15401
33500,0000021027,21600.00,16000
34100,0000021027,9144.00,00400
34100,0000021027,7474.00,02220
34100,0000021027,296.00,03000
34100,0000021027,4736.00,06100
34100,0000021027,888.00,07000
34100,0000021027,17595.00,08000
34100,0000021027,4024.00,09651
34100,0000021027,296.00,15000
34100,0000021027,592.00,15401
33200,0000021028,12450.00,00400
33200,0000021028,13895.00,00401
33200,0000021028,42550.00,02300
33200,0000021028,11640.00,03000
33200,0000021028,6715.04,06100
33200,0000021028,6080.00,09200
33200,0000021028,1075.00,10000
33200,0000021028,6993.32,25001
33200,0000021028,5005.74,25002
33200,0000021028,92849.19,25003
33200,0000021028,126460.38,25004
33200,0000021028,9666.58,25005
33200,0000021028,-457.10,25006
33200,0000021028,-11266.29,25007
33500,0000021028,58000.00,02220
33500,0000021028,25000.00,02315
33500,0000021028,7400.00,03000
33500,0000021028,84650.00,05500
33500,0000021028,17903.00,07000
33500,0000021028,7365.00,08000
33500,0000021028,37820.19,09200
33500,0000021028,15072.00,09600
33500,0000021028,34334.00,09910
33500,0000021028,48756.10,10000
33500,0000021028,374580.00,15000
33500,0000021028,12500.00,15401
33500,0000021028,300902.30,16000
34100,0000021028,65680.00,00400
34100,0000021028,1776.00,02220
34100,0000021028,680.00,04000
34100,0000021028,18130.00,06100
34100,0000021028,592.00,08000
34100,0000021028,2220.00,09200
34100,0000021028,296.00,10000
33200,0000021029,40466.00,00400
33200,0000021029,20597.00,00401
33200,0000021029,600.00,00403
33200,0000021029,15168.00,03000
33200,0000021029,32208.00,06100
33200,0000021029,8750.00,06200
33200,0000021029,4100.00,07200
33200,0000021029,26690.00,08100
33200,0000021029,14688.00,08500
33200,0000021029,35000.00,10600
33200,0000021029,99203.16,25001
33200,0000021029,16517.78,25002
33200,0000021029,15935.44,25003
33200,0000021029,6890.63,25004
33200,0000021029,12319.11,25005
33200,0000021029,17353.71,25006
33200,0000021029,11178.56,25007
33500,0000021029,32985.00,02220
33500,0000021029,7000.00,02300
33500,0000021029,27958.00,02315
33500,0000021029,5000.00,02775
33500,0000021029,61660.00,03000
33500,0000021029,8600.00,04000
33500,0000021029,35883.00,05500
33500,0000021029,45335.00,06400
33500,0000021029,3742.00,07200
33500,0000021029,9150.00,07500
33500,0000021029,5000.00,07620
33500,0000021029,13918.00,08100
33500,0000021029,5225.00,08330
33500,0000021029,5225.00,09310
33500,0000021029,34500.00,09500
33500,0000021029,3500.00,09510
33500,0000021029,30900.00,09650
33500,0000021029,39000.00,09651
33500,0000021029,15503.00,09910
33500,0000021029,15580.00,13800
33500,0000021029,20000.00,13850
33500,0000021029,50000.00,15001
33500,0000021029,7840.00,15260
33500,0000021029,79800.00,15401
33500,0000021029,20000.00,16000
33500,0000021029,17000.00,16470
33500,0000021029,42551.00,16500
34100,0000021029,60000.00,00400
34100,0000021029,2600.00,00403
34100,0000021029,19136.00,02220
34100,0000021029,68696.00,06100
34100,0000021029,35890.00,06200
34100,0000021029,4218.00,07200
34100,0000021029,14800.00,08100
34100,0000021029,4810.00,08500
34100,0000021029,1000.00,15001
33200,0000021030,24080.00,00400
33200,0000021030,30035.80,00401
33200,0000021030,2176.00,02300
33200,0000021030,26875.00,03000
33200,0000021030,775.00,05500
33200,0000021030,10347.54,06100
33200,0000021030,6825.00,06400
33200,0000021030,3630.32,07000
33200,0000021030,91249.81,07330
33200,0000021030,48083.19,08000
33200,0000021030,2000.00,09600
33200,0000021030,16283.08,09651
33200,0000021030,2495.00,10000
33200,0000021030,20501.08,10901
33200,0000021030,4776.45,25001
33200,0000021030,4311.13,25002
33200,0000021030,8138.75,25003
33200,0000021030,19380.69,25004
33500,0000021030,170716.00,02300
33500,0000021030,206654.00,03000
33500,0000021030,21460.00,05500
33500,0000021030,100000.00,06400
33500,0000021030,1916.50,07000
33500,0000021030,16700.00,07330
33500,0000021030,48000.00,08000
33500,0000021030,81800.00,09200
33500,0000021030,21115.00,09600
33500,0000021030,100474.00,09651
33500,0000021030,11420.00,09910
33500,0000021030,113500.00,15000
33500,0000021030,59444.00,15401
33500,0000021030,76470.00,16000
34100,0000021030,87080.00,00400
34100,0000021030,74.00,03000
34100,0000021030,222.00,05500
34100,0000021030,7774.35,06100
34100,0000021030,1332.00,06400
34100,0000021030,41766.09,07330
34100,0000021030,8223.25,08000
34100,0000021030,4082.95,09600
34100,0000021030,18344.20,09651
34100,0000021030,370.00,10000
34100,0000021030,11000.00,10901
33200,0000021032,10810.00,00400
33200,0000021032,4413.00,00401
33200,0000021032,800.00,02070
33200,0000021032,5291.00,06200
33200,0000021032,1153.22,25001
33200,0000021032,3637.93,25002
33200,0000021032,4704.80,25003
33500,0000021032,20700.00,07330
33500,0000021032,2334.00,09910
33500,0000021032,29880.00,13800
33500,0000021032,61400.00,15000
33500,0000021032,21980.00,15080
33500,0000021032,6050.00,15401
33500,0000021032,16400.00,16000
34100,0000021032,4050.00,02070
34100,0000021032,10425.00,06200
33200,0000021034,18501.18,07460
33200,0000021034,9685.66,08000
33200,0000021034,7000.00,25001
33200,0000021034,2412.65,25002
33500,0000021034,1579.84,05500
33500,0000021034,16478.98,05510
33500,0000021034,4642.91,08500
33200,0000021041,47450.00,00400
33200,0000021041,7610.00,00401
33200,0000021041,23719.87,06100
33200,0000021041,4228.00,08000
33200,0000021041,-55490.94,25001
33200,0000021041,9040.64,25002
33200,0000021041,-2125.00,25003
33200,0000021041,293.50,25004
33500,0000021041,249950.00,02070
33500,0000021041,17908.00,03300
33500,0000021041,3710.00,05500
33500,0000021041,8229.00,09900
33500,0000021041,19660.00,15000
33500,0000021041,87595.00,15401
33500,0000021041,56850.00,15905
33500,0000021041,24895.00,16000
33200,0000022005,687766.00,00400
33200,0000022005,230120.00,00401
33200,0000022005,118274.87,03000
33200,0000022005,2322.00,05120
33200,0000022005,918.00,05500
33200,0000022005,246010.62,06100
33200,0000022005,207200.00,06110
33200,0000022005,15278.82,06200
33200,0000022005,281079.00,08000
33200,0000022005,236636.80,08500
33200,0000022005,6250.00,09200
33200,0000022005,107804.90,10000
33200,0000022005,36147.54,25001
33200,0000022005,7646.81,25002
33200,0000022005,15681.08,25003
33200,0000022005,-15652.20,25004
33200,0000022005,12065.45,25005
33200,0000022005,43980.54,25006
33200,0000022005,9566.45,25007
33200,0000022005,23625.52,25008
33200,0000022005,20925.43,25009
33200,0000022005,7652.60,25010
33200,0000022005,65516.70,25011
33200,0000022005,69123.59,25012
33200,0000022005,27835.03,25013
33200,0000022005,32961.84,25014
33200,0000022005,29865.65,25015
33200,0000022005,11426.05,25016
33500,0000022005,55800.00,02070
33500,0000022005,214376.00,02300
33500,0000022005,51300.00,02500
33500,0000022005,221235.25,02800
33500,0000022005,319820.00,03000
33500,0000022005,322500.00,03400
33500,0000022005,875000.00,04000
33500,0000022005,396000.00,05120
33500,0000022005,175426.00,05500
33500,0000022005,47980.01,06100
33500,0000022005,613622.00,06400
33500,0000022005,39383.10,07210
33500,0000022005,434471.93,07460
33500,0000022005,126200.00,07500
33500,0000022005,39580.00,07570
33500,0000022005,8880.00,07600
33500,0000022005,31525.00,08000
33500,0000022005,35065.00,08800
33500,0000022005,59632.00,08900
33500,0000022005,865800.00,09200
33500,0000022005,373000.00,09600
33500,0000022005,99900.00,09910
33500,0000022005,211537.00,14240
33500,0000022005,41000.00,15080
33500,0000022005,454250.00,15100
33500,0000022005,55000.00,15260
33500,0000022005,169600.00,15300
33500,0000022005,165250.00,15460
33500,0000022005,90000.00,15700
33500,0000022005,30000.00,15750
33500,0000022005,353500.00,15800
33500,0000022005,82000.00,15900
33500,0000022005,8500.00,15950
33500,0000022005,247445.00,16000
33500,0000022005,86475.00,16150
33500,0000022005,232500.00,16310
33500,0000022005,153425.00,16500
33500,0000022005,93500.00,16530
33500,0000022005,50300.00,16700
34100,0000022005,253554.61,06100
34100,0000022005,12801.15,06200
34100,0000022005,30232.50,08500
34100,0000022005,13068.00,10000
33200,0000022009,48144.00,00400
33200,0000022009,3620.00,00401
33500,0000022009,12276.00,09200
33500,0000022009,18125.00,09300
33500,0000022009,31439.00,09900
34100,0000022009,1860.00,09200
33200,0000022010,45670.00,00400
33200,0000022010,7110.00,00401
33200,0000022010,880.00,02070
33200,0000022010,550.00,03100
33200,0000022010,900.00,06100
33200,0000022010,720.00,09200
33200,0000022010,675.00,09910
33200,0000022010,30209.82,25001
33200,0000022010,11744.56,25002
33500,0000022010,11450.00,02130
33500,0000022010,3000.00,07530
33500,0000022010,2293.00,09910
33500,0000022010,99700.00,15001
33500,0000022010,23500.00,15080
33500,0000022010,93488.00,15401
33500,0000022010,45300.00,15900
33500,0000022010,59050.00,16000
34100,0000022010,6120.00,02070
34100,0000022010,2448.00,03100
34100,0000022010,2448.00,06100
34100,0000022010,15912.00,09200
34100,0000022010,3825.00,09910
33200,0000022020,19820.00,00400
33200,0000022020,5124.00,00401
33200,0000022020,1000.00,15001
33200,0000022020,-4076.42,25001
33200,0000022020,1569.91,25002
33500,0000022020,195038.00,14200
33500,0000022020,11600.00,15001
33500,0000022020,7850.00,15401
33500,0000022020,11560.00,16000
34100,0000022020,2500.00,15001
33200,0000022024,21942.06,00400
33200,0000022024,16460.34,00401
33200,0000022024,12599.17,03000
33200,0000022024,16790.00,06100
33200,0000022024,38605.99,25001
33500,0000022024,226982.50,02110
33500,0000022024,2000.00,03000
33500,0000022024,94500.00,07500
33500,0000022024,24816.00,09200
33500,0000022024,51460.00,09300
33500,0000022024,10544.00,09900
33500,0000022024,7620.00,15000
33500,0000022024,268840.00,15401
33500,0000022024,1750.00,16000
34100,0000022024,80732.00,00400
34100,0000022024,7827.68,03000
34100,0000022024,14541.60,06100
33200,0000022027,6236.80,00400
33200,0000022027,5760.40,02220
33500,0000022027,30733.84,06400
33500,0000022027,3000.00,09900
33200,0000022032,2160.00,02070
33200,0000022032,21040.00,06100
33200,0000022032,2500.00,07600
33500,0000022032,6000.00,07530
33500,0000022032,229005.00,07600
33500,0000022032,22344.00,09910
34100,0000022032,31910.00,00400
34100,0000022032,42780.00,02070
34100,0000022032,23560.00,06100
34100,0000022032,5000.00,07600
33200,0000022038,393.00,00400
33500,0000022038,10265.00,05500
33500,0000022038,2227.00,07500
33500,0000022038,1824.00,09900
33200,0000023007,55636.00,00400
33200,0000023007,8296.00,00401
33200,0000023007,56794.87,25001
33200,0000023007,16816.49,25002
33200,0000023007,12470.38,25003
33200,0000023007,4862.13,25004
33500,0000023007,72200.00,02220
33500,0000023007,149550.00,02315
33500,0000023007,7555.00,02480
33500,0000023007,29500.00,02620
33500,0000023007,77900.00,02740
33500,0000023007,92983.00,02775
33500,0000023007,2750.00,02820
33500,0000023007,23701.25,02900
33500,0000023007,1100.00,03920
33500,0000023007,7000.00,03930
33500,0000023007,16000.00,04000
33500,0000023007,8600.00,05500
33500,0000023007,45500.00,07120
33500,0000023007,28840.00,07469
33500,0000023007,43538.00,15401
33500,0000023007,14780.00,15900
33200,0000023009,16325.00,00400
33200,0000023009,12544.00,02070
33200,0000023009,6129.52,25001
33200,0000023009,13926.78,25002
33200,0000023009,1853.74,25003
33200,0000023009,1532.38,25004
33200,0000023009,532.67,25006
33500,0000023009,28670.91,06400
33500,0000023009,5800.00,09200
33500,0000023009,14115.00,09650
33500,0000023009,2144.00,09910
33500,0000023009,8950.00,15401
33500,0000023009,12250.00,16000
33200,0000023010,45614.60,00400
33200,0000023010,6005.00,00401
33200,0000023010,34900.00,03000
33200,0000023010,5266.00,06100
33200,0000023010,95251.00,08000
33200,0000023010,20790.00,10000
33200,0000023010,3626.13,25001
33200,0000023010,6961.49,25002
33200,0000023010,4261.02,25003
33500,0000023010,10123.53,02070
33500,0000023010,13800.00,04000
33500,0000023010,3108.00,05500
33500,0000023010,57319.48,06400
33500,0000023010,19800.00,09510
33500,0000023010,16994.00,09910
33500,0000023010,91500.00,15300
33500,0000023010,25916.00,15401
33500,0000023010,23185.00,16000
34100,0000023010,12160.00,08000
33200,0000023019,166147.50,00400
33200,0000023019,53050.10,00401
33200,0000023019,88927.89,03000
33200,0000023019,94031.13,06100
33200,0000023019,159187.56,08000
33200,0000023019,31309.00,10000
33200,0000023019,62995.15,25001
33200,0000023019,2121.26,25002
33200,0000023019,10667.58,25003
33200,0000023019,43391.20,25004
33200,0000023019,1815.50,25005
33200,0000023019,20941.66,25006
33500,0000023019,44000.00,02070
33500,0000023019,130710.00,02300
33500,0000023019,36400.00,05000
33500,0000023019,1520.00,05500
33500,0000023019,9420.00,06400
33500,0000023019,38037.86,07000
33500,0000023019,127546.53,07330
33500,0000023019,96520.57,07460
33500,0000023019,44110.00,09200
33500,0000023019,21415.00,09600
33500,0000023019,25457.19,09910
33500,0000023019,133000.00,15001
33500,0000023019,59403.00,15401
33500,0000023019,179125.00,16000
33200,0000023020,15000.00,00100
33200,0000023020,834091.00,00400
33200,0000023020,65114.00,00401
33200,0000023020,136465.51,06100
33200,0000023020,300000.00,06110
33200,0000023020,9862.00,10810
33200,0000023020,207584.73,25001
33200,0000023020,20606.01,25002
33200,0000023020,2646.53,25003
33200,0000023020,8235.03,25004
33200,0000023020,118716.58,25005
33200,0000023020,8749.65,25006
33200,0000023020,41431.58,25007
33200,0000023020,8801.04,25008
33200,0000023020,22724.85,25009
33200,0000023020,24153.33,25010
33200,0000023020,2451.39,25011
33200,0000023020,10337.00,25012
33200,0000023020,30362.55,25013
33200,0000023020,14591.80,25014
33500,0000023020,333589.35,02300
33500,0000023020,73163.84,02335
33500,0000023020,20258.77,02510
33500,0000023020,139899.31,02740
33500,0000023020,132082.82,02775
33500,0000023020,30446.81,02920
33500,0000023020,519900.03,03000
33500,0000023020,157699.82,03530
33500,0000023020,191076.59,05500
33500,0000023020,67744.54,06170
33500,0000023020,494026.06,06180
33500,0000023020,14283.74,06400
33500,0000023020,45304.85,07000
33500,0000023020,369102.70,07330
33500,0000023020,231052.10,07460
33500,0000023020,233495.98,08000
33500,0000023020,119025.00,08120
33500,0000023020,93093.63,08560
33500,0000023020,170800.00,09200
33500,0000023020,114795.00,09300
33500,0000023020,117538.00,09910
33500,0000023020,123795.20,12500
33500,0000023020,487800.00,15001
33500,0000023020,38020.00,15100
33500,0000023020,17015.00,15260
33500,0000023020,88160.00,15401
33500,0000023020,228930.00,15410
33500,0000023020,78815.00,15900
33500,0000023020,2875.00,15950
33500,0000023020,7500.00,16080
33500,0000023020,330000.00,16130
33500,0000023020,44000.00,16150
33500,0000023020,238500.00,16220
33500,0000023020,230000.00,16300
33500,0000023020,333000.00,16500
33500,0000023020,58500.00,16700
33500,0000023020,14500.00,16720
33500,0000023020,92000.00,16800
33200,0000023025,43559.50,00400
33200,0000023025,4249.00,00401
33200,0000023025,4114.62,03000
33200,0000023025,3442.75,06100
33200,0000023025,625.97,07000
33200,0000023025,2808.00,08000
33200,0000023025,1702.60,25001
33200,0000023025,2161.78,25002
33200,0000023025,14040.79,25003
33200,0000023025,3716.14,25004
33200,0000023025,550.77,25005
33200,0000023025,1204.98,25006
33200,0000023025,2233.45,25007
33500,0000023025,6864.67,02070
33500,0000023025,9255.00,04000
33500,0000023025,17932.00,09910
33500,0000023025,95000.00,15001
33500,0000023025,8900.00,15260
33500,0000023025,788.50,15300
33500,0000023025,35342.00,15401
33500,0000023025,30100.00,15950
33500,0000023025,209760.00,16000
33200,0000024008,12011.00,00400
33200,0000024008,3396.00,00401
33200,0000024008,2700.00,02070
33200,0000024008,1868.35,25001
33500,0000024008,76950.00,09650
33200,0000024009,9866.00,00400
33200,0000024009,18708.00,02070
33200,0000024009,4552.00,08000
33200,0000024009,7918.80,25001
33500,0000024009,7444.84,09200
33500,0000024009,4132.50,09910
33500,0000024009,2250.00,15401
33500,0000024009,10056.00,16000
33200,0000024013,30110.75,00400
33200,0000024013,4326.00,00401
33200,0000024013,22425.00,02070
33200,0000024013,4426.00,05500
33200,0000024013,5542.56,06100
33200,0000024013,15407.93,25001
33500,0000024013,62322.76,07330
33500,0000024013,8000.00,07500
33500,0000024013,14474.00,09910
33500,0000024013,118000.00,15001
33500,0000024013,239595.00,16000
33200,0000024014,231719.05,00400
33200,0000024014,48083.20,00401
33200,0000024014,21755.00,03000
33200,0000024014,3702.91,06100
33200,0000024014,4540.00,08110
33200,0000024014,8652.73,25001
33200,0000024014,28279.99,25002
33500,0000024014,39342.81,02070
33500,0000024014,23897.00,05120
33500,0000024014,194550.00,06400
33500,0000024014,16000.00,07500
33500,0000024014,235640.00,09200
33500,0000024014,11344.64,09600
33500,0000024014,84804.00,09910
33500,0000024014,983000.00,15001
33500,0000024014,166200.00,15260
33500,0000024014,810982.00,15401
33500,0000024014,293660.00,15900
33500,0000024014,577700.00,16000
33200,0000024015,63457.60,00400
33200,0000024015,7182.00,00401
33200,0000024015,35408.00,02070
33200,0000024015,4770.49,06100
33200,0000024015,4739.92,07210
33200,0000024015,21132.00,08000
33200,0000024015,91358.00,08580
33200,0000024015,8124.15,10000
33200,0000024015,21057.05,25001
33200,0000024015,22201.24,25002
33200,0000024015,20349.67,25003
33200,0000024015,14188.63,25004
33200,0000024015,3853.25,25005
33500,0000024015,27124.00,05500
33500,0000024015,50950.00,06400
33500,0000024015,27151.19,09200
33500,0000024015,8338.76,09510
33500,0000024015,39200.00,09600
33500,0000024015,12594.00,09910
33500,0000024015,8795.00,13930
33500,0000024015,72640.00,15001
33500,0000024015,154377.00,15401
33500,0000024015,75138.00,15950
33500,0000024015,129750.00,16000
33200,0000024020,97563.78,00400
33200,0000024020,17852.22,00401
33200,0000024020,25181.25,06100
33200,0000024020,741637.52,08000
33500,0000024020,38610.00,02070
33500,0000024020,54500.00,04000
33500,0000024020,2000.00,08000
33500,0000024020,55914.00,09900
34100,0000024020,24025.95,06100
34100,0000024020,71955.00,08000
33200,0000024022,10587.71,00400
33200,0000024022,1881.00,00401
33200,0000024022,400.00,05500
33200,0000024022,1599.50,06100
33200,0000024022,11757.18,06110
33200,0000024022,5100.00,07510
33200,0000024022,14340.00,09910
33200,0000024022,6743.85,25001
33500,0000024022,3000.00,02000
33500,0000024022,35000.00,04000
33500,0000024022,10890.00,05500
33500,0000024022,11265.00,07200
33500,0000024022,78400.00,07510
34100,0000024022,16457.14,00400
34100,0000024022,1248.00,05500
34100,0000024022,6675.00,06100
34100,0000024022,51511.20,06110
34100,0000024022,10344.70,07200
34100,0000024022,2496.00,07510
33200,0000024023,32293.15,00400
33200,0000024023,17940.00,02000
33200,0000024023,38215.08,02070
33200,0000024023,17439.85,03300
33200,0000024023,36847.52,06100
33200,0000024023,5817.79,07000
33200,0000024023,37025.40,07460
33200,0000024023,47690.50,08000
33200,0000024023,12339.50,10000
33200,0000024023,30808.92,25001
33500,0000024023,12923.70,07330
33500,0000024023,13298.60,09200
33500,0000024023,7360.00,09900
33200,0000024024,23643.75,00400
33200,0000024024,8908.00,02000
33200,0000024024,12417.30,03000
33200,0000024024,6084.34,07460
33200,0000024024,629.00,07480
33200,0000024024,3945.50,08000
33200,0000024024,2498.00,08210
33200,0000024024,3219.00,10820
33500,0000024024,6501.00,02300
33500,0000024024,19453.00,06400
33500,0000024024,4124.50,09200
33500,0000024024,11060.00,09600
33500,0000024024,2100.00,09910
33500,0000024024,2500.00,14430
33500,0000024024,8000.00,15401
33500,0000024024,7670.00,16000
33200,0000024025,32530.00,00400
33200,0000024025,14548.80,02070
33200,0000024025,127870.00,03000
33200,0000024025,659.10,06100
33200,0000024025,8532.20,07000
33200,0000024025,2940.40,07460
33200,0000024025,25039.64,08000
33200,0000024025,5162.00,10000
33500,0000024025,5950.00,04000
33500,0000024025,19829.50,07330
33500,0000024025,36265.00,09200
33500,0000024025,41442.00,09900
33200,0000024027,17575.00,00400
33200,0000024027,1130.00,00401
33200,0000024027,5322.00,02070
33200,0000024027,2168.88,06100
33200,0000024027,4686.00,08110
33200,0000024027,3048.00,10160
33200,0000024027,11741.04,25001
33500,0000024027,500.00,06400
33500,0000024027,19358.00,09200
33500,0000024027,7544.00,09900
33500,0000024027,7500.00,15401
33500,0000024027,9500.00,16000
33200,0000025005,112250.26,00400
33200,0000025005,44650.00,00401
33200,0000025005,269411.00,02000
33200,0000025005,197460.10,02070
33200,0000025005,48941.11,06100
33200,0000025005,45939.20,08000
33200,0000025005,5011.50,10000
33200,0000025005,5306.07,25001
33200,0000025005,22735.04,25002
33200,0000025005,-209782.36,25003
33200,0000025005,59509.36,25004
33200,0000025005,22725.03,25005
33200,0000025005,11169.11,25006
33200,0000025005,28723.28,25007
33200,0000025005,21934.19,25008
33500,0000025005,4095.00,02300
33500,0000025005,8340.41,03000
33500,0000025005,2600.00,04000
33500,0000025005,8893.00,05500
33500,0000025005,133200.00,06400
33500,0000025005,171592.75,07000
33500,0000025005,56344.00,07310
33500,0000025005,48359.20,07460
33500,0000025005,99670.00,09200
33500,0000025005,149991.68,09600
33500,0000025005,84664.00,09910
33500,0000025005,54000.00,15001
33500,0000025005,47500.00,15401
33500,0000025005,149880.00,16000
33200,0000025006,7125.00,00050
33200,0000025006,37800.00,00101
33200,0000025006,33000.00,00102
33200,0000025006,7000.00,02225
33500,0000025006,15000.00,02130
33200,0000025007,257930.87,00400
33200,0000025007,30160.00,00401
33200,0000025007,5366.24,02070
33200,0000025007,266280.36,06100
33200,0000025007,23551.91,07000
33200,0000025007,153283.84,08000
33200,0000025007,8151.92,10000
33200,0000025007,5765.60,25001
33500,0000025007,146831.59,02315
33500,0000025007,199655.43,03000
33500,0000025007,84382.00,04000
33500,0000025007,114267.52,05500
33500,0000025007,72703.39,06400
33500,0000025007,66191.96,07460
33500,0000025007,128146.22,07510
33500,0000025007,217400.00,09200
33500,0000025007,84900.00,09600
33500,0000025007,73722.00,09910
33500,0000025007,207505.00,15001
33500,0000025007,97995.00,15401
33500,0000025007,235875.00,16000
33200,0000025008,2000.00,00400
33200,0000025008,1739.37,25001
33500,0000025008,19955.00,02300
33500,0000025008,4235.00,04000
33200,0000025009,12144.00,06100
33200,0000025009,19722.02,25001
33500,0000025009,44000.00,09200
33500,0000025009,15177.00,09910
33500,0000025009,15320.00,15100
33500,0000025009,4185.00,15300
33500,0000025009,8000.00,15400
33500,0000025009,2000.00,15900
33500,0000025009,25000.00,16000
33200,0000025010,40237.84,00400
33200,0000025010,45701.97,06100
33200,0000025010,43867.77,08000
33200,0000025010,7510.38,10000
33200,0000025010,2090.00,12000
33500,0000025010,15400.00,04000
33500,0000025010,1500.00,05500
33500,0000025010,12119.65,06400
33500,0000025010,17470.08,07000
33500,0000025010,21491.82,07400
33500,0000025010,48931.55,07500
33500,0000025010,13040.00,09200
33500,0000025010,4230.00,09600
33500,0000025010,7667.00,09900
33500,0000025010,55300.00,15400
33500,0000025010,54040.00,15700
33500,0000025010,16000.00,16210
33500,0000025010,12000.00,16300
33500,0000025010,89145.00,16500
33500,0000025010,21000.00,16530
33200,0000025011,197604.56,00400
33200,0000025011,9284.00,00401
33200,0000025011,126456.44,02070
33200,0000025011,3200.10,03000
33200,0000025011,77692.65,06100
33200,0000025011,112160.60,08000
33200,0000025011,7525.91,10000
33200,0000025011,-7661.74,15401
33200,0000025011,58019.40,25001
33500,0000025011,14500.00,04000
33500,0000025011,39457.93,06200
33500,0000025011,99000.00,06400
33500,0000025011,633.33,07000
33500,0000025011,9320.79,07310
33500,0000025011,92631.75,07460
33500,0000025011,129080.00,09200
33500,0000025011,105919.50,09600
33500,0000025011,31950.00,09910
33500,0000025011,69739.00,15001
33500,0000025011,119900.00,15401
33500,0000025011,102019.00,16000
33200,0000025012,33188.80,00400
33200,0000025012,4488.00,00401
33200,0000025012,28695.21,06100
33200,0000025012,73721.19,25001
33500,0000025012,409171.00,02000
33500,0000025012,13660.00,02220
33500,0000025012,936.96,05500
33500,0000025012,4000.00,06400
33500,0000025012,7000.00,07500
33500,0000025012,22901.00,09250
33500,0000025012,5375.00,09650
33500,0000025012,17388.00,09910
33500,0000025012,74300.00,15410
33500,0000025012,23980.00,15935
33200,0000025015,80004.83,00400
33200,0000025015,289702.21,06100
33200,0000025015,105089.92,08000
33500,0000025015,137501.85,02315
33500,0000025015,78249.42,03000
33500,0000025015,54670.00,06400
33500,0000025015,38591.10,07000
33500,0000025015,78848.63,07460
33500,0000025015,82157.15,07500
33500,0000025015,75800.00,09200
33500,0000025015,55143.00,09600
33500,0000025015,29474.00,09910
33500,0000025015,67450.00,15001
33500,0000025015,86144.00,15401
33500,0000025015,78520.00,16000
33200,0000025017,31309.40,00400
33200,0000025017,2578.50,00401
33200,0000025017,3072.30,06100
33200,0000025017,196.00,08000
33500,0000025017,825.00,02220
33500,0000025017,600.00,07000
33500,0000025017,2500.00,07500
33500,0000025017,4454.00,09910
33500,0000025017,139000.00,14200
33500,0000025017,10750.00,15001
33500,0000025017,1250.00,15400
33500,0000025017,22805.00,16000
33200,0000025019,37548.62,00400
33200,0000025019,14818.47,00401
33200,0000025019,15091.50,03000
33200,0000025019,27577.07,06100
33200,0000025019,4311.74,08000
33200,0000025019,551.62,25001
33500,0000025019,18025.23,02220
33500,0000025019,39750.00,07000
33500,0000025019,24900.00,07500
33500,0000025019,2936.00,09910
33500,0000025019,920000.00,15001
33500,0000025019,20000.00,15002
33500,0000025019,105410.00,15090
33500,0000025019,305000.00,15400
33500,0000025019,141200.00,15900
33500,0000025019,10550.00,15950
33500,0000025019,68330.00,16000
33500,0000025019,4425.00,16001
33200,0000026004,164439.18,00400
33200,0000026004,10325.50,00401
33200,0000026004,6363.64,00501
33200,0000026004,10909.09,00502
33200,0000026004,13636.36,00503
33200,0000026004,1191.55,00610
33200,0000026004,924.78,00650
33200,0000026004,15538.08,07720
33200,0000026004,4545.45,10000
33200,0000026004,484830.69,25001
33500,0000026004,67755.91,02220
33500,0000026004,229081.24,07310
33500,0000026004,104205.86,07510
33500,0000026004,27960.00,07720
33500,0000026004,5624.00,09910
33500,0000026004,37970.00,09930
33500,0000026004,1300.00,15400
33500,0000026004,3000.00,16000
33200,00003006-1,959.00,06100
33500,00003016-1,3450.00,16000
33200,00023004-1,3959.00,00400
33200,00023004-1,424015.03,02070
33200,00023004-1,35896.36,07460
33200,00023004-1,46539.65,08000
33200,00023004-1,2550.88,10000
33500,00023004-1,63452.37,09200
33500,00023004-1,37450.00,09300
33500,00023004-1,12840.00,09910
33500,00023004-1,20972.00,15001
33500,00023004-1,23135.54,15401
33500,00023004-1,30816.00,16000